ISO-10303-21;
HEADER;
FILE_DESCRIPTION(('FreeCAD Model'),'2;1');
FILE_NAME('Open CASCADE Shape Model','2024-12-14T07:51:11',(''),(''),
  'Open CASCADE STEP processor 7.6','FreeCAD','Unknown');
FILE_SCHEMA(('AUTOMOTIVE_DESIGN { 1 0 10303 214 1 1 1 1 }'));
ENDSEC;
DATA;
#1 = APPLICATION_PROTOCOL_DEFINITION('international standard',
  'automotive_design',2000,#2);
#2 = APPLICATION_CONTEXT(
  'core data for automotive mechanical design processes');
#3 = SHAPE_DEFINITION_REPRESENTATION(#4,#10);
#4 = PRODUCT_DEFINITION_SHAPE('','',#5);
#5 = PRODUCT_DEFINITION('design','',#6,#9);
#6 = PRODUCT_DEFINITION_FORMATION('','',#7);
#7 = PRODUCT('E-SNAP-IN_D35_L50__VSN_SLEEVE_STRUCTURE',
  'E-SNAP-IN_D35_L50__VSN_SLEEVE_STRUCTURE','',(#8));
#8 = PRODUCT_CONTEXT('',#2,'mechanical');
#9 = PRODUCT_DEFINITION_CONTEXT('part definition',#2,'design');
#10 = SHAPE_REPRESENTATION('',(#11,#15,#19,#23),#27);
#11 = AXIS2_PLACEMENT_3D('',#12,#13,#14);
#12 = CARTESIAN_POINT('',(0.,0.,0.));
#13 = DIRECTION('',(0.,0.,1.));
#14 = DIRECTION('',(1.,0.,-0.));
#15 = AXIS2_PLACEMENT_3D('',#16,#17,#18);
#16 = CARTESIAN_POINT('',(0.,0.,0.));
#17 = DIRECTION('',(0.,0.,1.));
#18 = DIRECTION('',(1.,0.,0.));
#19 = AXIS2_PLACEMENT_3D('',#20,#21,#22);
#20 = CARTESIAN_POINT('',(-6.11995684667,5.13525353286,0.));
#21 = DIRECTION('',(0.,-0.,1.));
#22 = DIRECTION('',(2.26892608084E-03,0.999997425984,0.));
#23 = AXIS2_PLACEMENT_3D('',#24,#25,#26);
#24 = CARTESIAN_POINT('',(6.11995684667,-5.13525353286,0.));
#25 = DIRECTION('',(0.,-0.,1.));
#26 = DIRECTION('',(2.26892608084E-03,0.999997425984,0.));
#27 = ( GEOMETRIC_REPRESENTATION_CONTEXT(3) 
GLOBAL_UNCERTAINTY_ASSIGNED_CONTEXT((#31)) GLOBAL_UNIT_ASSIGNED_CONTEXT(
(#28,#29,#30)) REPRESENTATION_CONTEXT('Context #1',
  '3D Context with UNIT and UNCERTAINTY') );
#28 = ( LENGTH_UNIT() NAMED_UNIT(*) SI_UNIT(.MILLI.,.METRE.) );
#29 = ( NAMED_UNIT(*) PLANE_ANGLE_UNIT() SI_UNIT($,.RADIAN.) );
#30 = ( NAMED_UNIT(*) SI_UNIT($,.STERADIAN.) SOLID_ANGLE_UNIT() );
#31 = UNCERTAINTY_MEASURE_WITH_UNIT(LENGTH_MEASURE(2.E-04),#28,
  'distance_accuracy_value','confusion accuracy');
#32 = PRODUCT_RELATED_PRODUCT_CATEGORY('part',$,(#7));
#33 = SHAPE_DEFINITION_REPRESENTATION(#34,#40);
#34 = PRODUCT_DEFINITION_SHAPE('','',#35);
#35 = PRODUCT_DEFINITION('design','',#36,#39);
#36 = PRODUCT_DEFINITION_FORMATION('','',#37);
#37 = PRODUCT('E-SNAP-IN_D35_L50_ELEMENT','E-SNAP-IN_D35_L50_ELEMENT',''
  ,(#38));
#38 = PRODUCT_CONTEXT('',#2,'mechanical');
#39 = PRODUCT_DEFINITION_CONTEXT('part definition',#2,'design');
#40 = ADVANCED_BREP_SHAPE_REPRESENTATION('',(#11,#41),#4435);
#41 = MANIFOLD_SOLID_BREP('',#42);
#42 = CLOSED_SHELL('',(#43,#197,#501,#534,#559,#585,#609,#635,#662,#687,
    #714,#741,#766,#793,#819,#843,#869,#894,#913,#935,#952,#969,#986,
    #1003,#1020,#1037,#1054,#1071,#1088,#1105,#1122,#1139,#1156,#1173,
    #1185,#1245,#1441,#1595,#1626,#1652,#1679,#1704,#1731,#1758,#1783,
    #1810,#1836,#1860,#1886,#1911,#1936,#1961,#1986,#2005,#2179,#2213,
    #2238,#2265,#2291,#2315,#2341,#2366,#2392,#2418,#2443,#2469,#2493,
    #2519,#2546,#2571,#2591,#2633,#2676,#2715,#2749,#2783,#2809,#2841,
    #2873,#2907,#2932,#2963,#2989,#3015,#3040,#3090,#3108,#3139,#3165,
    #3191,#3216,#3260,#3292,#3326,#3360,#3399,#3431,#3465,#3497,#3523,
    #3557,#3583,#3609,#3656,#3681,#3721,#3759,#3795,#3813,#3870,#3900,
    #3929,#3954,#3980,#3997,#4014,#4031,#4059,#4084,#4106,#4128,#4140,
    #4171,#4196,#4220,#4249,#4274,#4302,#4328,#4356,#4381,#4403,#4419));
#43 = ADVANCED_FACE('',(#44),#192,.T.);
#44 = FACE_BOUND('',#45,.T.);
#45 = EDGE_LOOP('',(#46,#57,#66,#75,#84,#93,#103,#111,#121,#130,#139,
    #148,#157,#167,#175,#185));
#46 = ORIENTED_EDGE('',*,*,#47,.F.);
#47 = EDGE_CURVE('',#48,#50,#52,.T.);
#48 = VERTEX_POINT('',#49);
#49 = CARTESIAN_POINT('',(-0.461207809619,17.4939214402,30.73));
#50 = VERTEX_POINT('',#51);
#51 = CARTESIAN_POINT('',(-4.31438226223,16.9598380209,30.73));
#52 = CIRCLE('',#53,17.5);
#53 = AXIS2_PLACEMENT_3D('',#54,#55,#56);
#54 = CARTESIAN_POINT('',(0.,0.,30.73));
#55 = DIRECTION('',(0.,0.,1.));
#56 = DIRECTION('',(1.,0.,-0.));
#57 = ORIENTED_EDGE('',*,*,#58,.T.);
#58 = EDGE_CURVE('',#48,#59,#61,.T.);
#59 = VERTEX_POINT('',#60);
#60 = CARTESIAN_POINT('',(7.07089120091E-18,17.5,31.1169993029));
#61 = B_SPLINE_CURVE_WITH_KNOTS('',3,(#62,#63,#64,#65),.UNSPECIFIED.,.F.
  ,.F.,(4,4),(0.,0.851497753072),.PIECEWISE_BEZIER_KNOTS.);
#62 = CARTESIAN_POINT('',(-0.461207809619,17.4939214402,30.73));
#63 = CARTESIAN_POINT('',(-0.30749407671,17.4979739321,30.8589811366));
#64 = CARTESIAN_POINT('',(-0.153745077694,17.5,30.987991865));
#65 = CARTESIAN_POINT('',(2.08999484386E-14,17.5,31.1169993029));
#66 = ORIENTED_EDGE('',*,*,#67,.F.);
#67 = EDGE_CURVE('',#68,#59,#70,.T.);
#68 = VERTEX_POINT('',#69);
#69 = CARTESIAN_POINT('',(0.461207809619,17.4939214402,30.73));
#70 = B_SPLINE_CURVE_WITH_KNOTS('',3,(#71,#72,#73,#74),.UNSPECIFIED.,.F.
  ,.F.,(4,4),(0.,0.851497753072),.PIECEWISE_BEZIER_KNOTS.);
#71 = CARTESIAN_POINT('',(0.461207809619,17.4939214402,30.73));
#72 = CARTESIAN_POINT('',(0.30749407671,17.4979739321,30.8589811366));
#73 = CARTESIAN_POINT('',(0.153745077694,17.5,30.987991865));
#74 = CARTESIAN_POINT('',(2.09042521922E-14,17.5,31.1169993029));
#75 = ORIENTED_EDGE('',*,*,#76,.F.);
#76 = EDGE_CURVE('',#77,#68,#79,.T.);
#77 = VERTEX_POINT('',#78);
#78 = CARTESIAN_POINT('',(4.31438226223,16.9598380209,30.73));
#79 = CIRCLE('',#80,17.5);
#80 = AXIS2_PLACEMENT_3D('',#81,#82,#83);
#81 = CARTESIAN_POINT('',(0.,0.,30.73));
#82 = DIRECTION('',(0.,0.,1.));
#83 = DIRECTION('',(1.,0.,-0.));
#84 = ORIENTED_EDGE('',*,*,#85,.F.);
#85 = EDGE_CURVE('',#86,#77,#88,.T.);
#86 = VERTEX_POINT('',#87);
#87 = CARTESIAN_POINT('',(4.5024931889,16.9108709144,30.4131815972));
#88 = B_SPLINE_CURVE_WITH_KNOTS('',3,(#89,#90,#91,#92),.UNSPECIFIED.,.F.
  ,.F.,(4,4),(0.,0.52565690875),.PIECEWISE_BEZIER_KNOTS.);
#89 = CARTESIAN_POINT('',(4.5024931889,16.9108709144,30.4131815972));
#90 = CARTESIAN_POINT('',(4.43981459804,16.9275589922,30.5187455397));
#91 = CARTESIAN_POINT('',(4.37711043692,16.943880715,30.6243525479));
#92 = CARTESIAN_POINT('',(4.31438226223,16.9598380209,30.73));
#93 = ORIENTED_EDGE('',*,*,#94,.F.);
#94 = EDGE_CURVE('',#95,#86,#97,.T.);
#95 = VERTEX_POINT('',#96);
#96 = CARTESIAN_POINT('',(4.155,16.999587495,29.6022357132));
#97 = B_SPLINE_CURVE_WITH_KNOTS('',4,(#98,#99,#100,#101,#102),
  .UNSPECIFIED.,.F.,.F.,(5,5),(0.,1.29055102098),
  .PIECEWISE_BEZIER_KNOTS.);
#98 = CARTESIAN_POINT('',(4.155,16.999587495,29.6022357132));
#99 = CARTESIAN_POINT('',(4.155,16.999587495,29.8303750578));
#100 = CARTESIAN_POINT('',(4.21720757069,16.9844810375,30.0588928209));
#101 = CARTESIAN_POINT('',(4.34029338158,16.9540563619,30.2586701083));
#102 = CARTESIAN_POINT('',(4.5024931889,16.9108709144,30.4131815972));
#103 = ORIENTED_EDGE('',*,*,#104,.F.);
#104 = EDGE_CURVE('',#105,#95,#107,.T.);
#105 = VERTEX_POINT('',#106);
#106 = CARTESIAN_POINT('',(4.155,16.999587495,27.65));
#107 = LINE('',#108,#109);
#108 = CARTESIAN_POINT('',(4.155,16.999587495,24.75));
#109 = VECTOR('',#110,1.);
#110 = DIRECTION('',(0.,0.,1.));
#111 = ORIENTED_EDGE('',*,*,#112,.T.);
#112 = EDGE_CURVE('',#105,#113,#115,.T.);
#113 = VERTEX_POINT('',#114);
#114 = CARTESIAN_POINT('',(3.775,17.0879892029,27.27));
#115 = B_SPLINE_CURVE_WITH_KNOTS('',4,(#116,#117,#118,#119,#120),
  .UNSPECIFIED.,.F.,.F.,(5,5),(0.,0.854514853629),
  .PIECEWISE_BEZIER_KNOTS.);
#116 = CARTESIAN_POINT('',(4.155,16.999587495,27.65));
#117 = CARTESIAN_POINT('',(4.155,16.999587495,27.4989416881));
#118 = CARTESIAN_POINT('',(4.07163822999,17.0203174158,27.3459014015));
#119 = CARTESIAN_POINT('',(3.92250187445,17.0554037671,27.27));
#120 = CARTESIAN_POINT('',(3.775,17.0879892029,27.27));
#121 = ORIENTED_EDGE('',*,*,#122,.T.);
#122 = EDGE_CURVE('',#113,#123,#125,.T.);
#123 = VERTEX_POINT('',#124);
#124 = CARTESIAN_POINT('',(0.739509972887,17.4843680183,27.27));
#125 = CIRCLE('',#126,17.5);
#126 = AXIS2_PLACEMENT_3D('',#127,#128,#129);
#127 = CARTESIAN_POINT('',(0.,0.,27.27));
#128 = DIRECTION('',(0.,0.,1.));
#129 = DIRECTION('',(1.,0.,-0.));
#130 = ORIENTED_EDGE('',*,*,#131,.F.);
#131 = EDGE_CURVE('',#132,#123,#134,.T.);
#132 = VERTEX_POINT('',#133);
#133 = CARTESIAN_POINT('',(-2.44249065418E-15,17.5,26.9911450529));
#134 = B_SPLINE_CURVE_WITH_KNOTS('',3,(#135,#136,#137,#138),
  .UNSPECIFIED.,.F.,.F.,(4,4),(0.,1.14260306278),
  .PIECEWISE_BEZIER_KNOTS.);
#135 = CARTESIAN_POINT('',(-7.25197679685E-13,17.5,26.9911450529));
#136 = CARTESIAN_POINT('',(0.202260931791,17.5,27.1689669109));
#137 = CARTESIAN_POINT('',(0.470436414742,17.4957486172,27.27));
#138 = CARTESIAN_POINT('',(0.739509972889,17.4843680183,27.27));
#139 = ORIENTED_EDGE('',*,*,#140,.F.);
#140 = EDGE_CURVE('',#141,#132,#143,.T.);
#141 = VERTEX_POINT('',#142);
#142 = CARTESIAN_POINT('',(-0.739509972887,17.4843680183,27.27));
#143 = B_SPLINE_CURVE_WITH_KNOTS('',3,(#144,#145,#146,#147),
  .UNSPECIFIED.,.F.,.F.,(4,4),(0.,1.14260336516),
  .PIECEWISE_BEZIER_KNOTS.);
#144 = CARTESIAN_POINT('',(-0.739509972889,17.4843680183,27.27));
#145 = CARTESIAN_POINT('',(-0.470436343534,17.4957486202,27.27));
#146 = CARTESIAN_POINT('',(-0.202260985316,17.5,27.168966958));
#147 = CARTESIAN_POINT('',(1.94821936361E-12,17.5,26.9911450529));
#148 = ORIENTED_EDGE('',*,*,#149,.T.);
#149 = EDGE_CURVE('',#141,#150,#152,.T.);
#150 = VERTEX_POINT('',#151);
#151 = CARTESIAN_POINT('',(-3.775,17.0879892029,27.27));
#152 = CIRCLE('',#153,17.5);
#153 = AXIS2_PLACEMENT_3D('',#154,#155,#156);
#154 = CARTESIAN_POINT('',(0.,0.,27.27));
#155 = DIRECTION('',(0.,0.,1.));
#156 = DIRECTION('',(1.,0.,-0.));
#157 = ORIENTED_EDGE('',*,*,#158,.F.);
#158 = EDGE_CURVE('',#159,#150,#161,.T.);
#159 = VERTEX_POINT('',#160);
#160 = CARTESIAN_POINT('',(-4.155,16.999587495,27.65));
#161 = B_SPLINE_CURVE_WITH_KNOTS('',4,(#162,#163,#164,#165,#166),
  .UNSPECIFIED.,.F.,.F.,(5,5),(0.,0.854514853644),
  .PIECEWISE_BEZIER_KNOTS.);
#162 = CARTESIAN_POINT('',(-4.155,16.999587495,27.65));
#163 = CARTESIAN_POINT('',(-4.155,16.999587495,27.4989416881));
#164 = CARTESIAN_POINT('',(-4.07163823,17.0203174158,27.3459014015));
#165 = CARTESIAN_POINT('',(-3.92250187445,17.0554037671,27.27));
#166 = CARTESIAN_POINT('',(-3.775,17.0879892029,27.27));
#167 = ORIENTED_EDGE('',*,*,#168,.T.);
#168 = EDGE_CURVE('',#159,#169,#171,.T.);
#169 = VERTEX_POINT('',#170);
#170 = CARTESIAN_POINT('',(-4.155,16.999587495,29.6022357132));
#171 = LINE('',#172,#173);
#172 = CARTESIAN_POINT('',(-4.155,16.999587495,24.75));
#173 = VECTOR('',#174,1.);
#174 = DIRECTION('',(0.,0.,1.));
#175 = ORIENTED_EDGE('',*,*,#176,.T.);
#176 = EDGE_CURVE('',#169,#177,#179,.T.);
#177 = VERTEX_POINT('',#178);
#178 = CARTESIAN_POINT('',(-4.5024931889,16.9108709144,30.4131815972));
#179 = B_SPLINE_CURVE_WITH_KNOTS('',4,(#180,#181,#182,#183,#184),
  .UNSPECIFIED.,.F.,.F.,(5,5),(0.,1.290551021),
  .PIECEWISE_BEZIER_KNOTS.);
#180 = CARTESIAN_POINT('',(-4.155,16.999587495,29.6022357131));
#181 = CARTESIAN_POINT('',(-4.155,16.999587495,29.8303750578));
#182 = CARTESIAN_POINT('',(-4.21720757069,16.9844810375,30.0588928209));
#183 = CARTESIAN_POINT('',(-4.34029338158,16.9540563619,30.2586701083));
#184 = CARTESIAN_POINT('',(-4.50249318891,16.9108709144,30.4131815972));
#185 = ORIENTED_EDGE('',*,*,#186,.T.);
#186 = EDGE_CURVE('',#177,#50,#187,.T.);
#187 = B_SPLINE_CURVE_WITH_KNOTS('',3,(#188,#189,#190,#191),
  .UNSPECIFIED.,.F.,.F.,(4,4),(0.,0.52565690875),
  .PIECEWISE_BEZIER_KNOTS.);
#188 = CARTESIAN_POINT('',(-4.5024931889,16.9108709144,30.4131815972));
#189 = CARTESIAN_POINT('',(-4.43981459804,16.9275589922,30.5187455397));
#190 = CARTESIAN_POINT('',(-4.37711043692,16.943880715,30.6243525479));
#191 = CARTESIAN_POINT('',(-4.31438226223,16.9598380209,30.73));
#192 = CYLINDRICAL_SURFACE('',#193,17.5);
#193 = AXIS2_PLACEMENT_3D('',#194,#195,#196);
#194 = CARTESIAN_POINT('',(0.,0.,25.625));
#195 = DIRECTION('',(0.,0.,1.));
#196 = DIRECTION('',(-0.87758256189,-0.479425538604,0.));
#197 = ADVANCED_FACE('',(#198,#348),#496,.T.);
#198 = FACE_BOUND('',#199,.T.);
#199 = EDGE_LOOP('',(#200,#212,#221,#231,#239,#249,#258,#267,#276,#285,
    #294,#303,#313,#321,#331,#340));
#200 = ORIENTED_EDGE('',*,*,#201,.T.);
#201 = EDGE_CURVE('',#202,#204,#206,.T.);
#202 = VERTEX_POINT('',#203);
#203 = CARTESIAN_POINT('',(-2.33146835171E-15,17.495,26.275));
#204 = VERTEX_POINT('',#205);
#205 = CARTESIAN_POINT('',(-0.739509972887,17.4793635468,26.9));
#206 = B_SPLINE_CURVE_WITH_KNOTS('',4,(#207,#208,#209,#210,#211),
  .UNSPECIFIED.,.F.,.F.,(5,5),(0.,1.48887551448),
  .PIECEWISE_BEZIER_KNOTS.);
#207 = CARTESIAN_POINT('',(-1.02140518266E-14,17.495,26.275));
#208 = CARTESIAN_POINT('',(-4.38662413795E-02,17.495,26.5345161838));
#209 = CARTESIAN_POINT('',(-0.211084087645,17.4956357825,26.7755346885)
  );
#210 = CARTESIAN_POINT('',(-0.476584292082,17.4904873021,26.9));
#211 = CARTESIAN_POINT('',(-0.739509972887,17.4793635468,26.9));
#212 = ORIENTED_EDGE('',*,*,#213,.T.);
#213 = EDGE_CURVE('',#204,#214,#216,.T.);
#214 = VERTEX_POINT('',#215);
#215 = CARTESIAN_POINT('',(-3.775,17.0828686116,26.9));
#216 = CIRCLE('',#217,17.495);
#217 = AXIS2_PLACEMENT_3D('',#218,#219,#220);
#218 = CARTESIAN_POINT('',(0.,0.,26.9));
#219 = DIRECTION('',(0.,0.,1.));
#220 = DIRECTION('',(1.,0.,-0.));
#221 = ORIENTED_EDGE('',*,*,#222,.F.);
#222 = EDGE_CURVE('',#223,#214,#225,.T.);
#223 = VERTEX_POINT('',#224);
#224 = CARTESIAN_POINT('',(-4.525,16.8996863876,27.65));
#225 = B_SPLINE_CURVE_WITH_KNOTS('',4,(#226,#227,#228,#229,#230),
  .UNSPECIFIED.,.F.,.F.,(5,5),(0.,1.69008411765),
  .PIECEWISE_BEZIER_KNOTS.);
#226 = CARTESIAN_POINT('',(-4.525,16.8996863876,27.65));
#227 = CARTESIAN_POINT('',(-4.525,16.8996863876,27.3512325149));
#228 = CARTESIAN_POINT('',(-4.36075928495,16.9450596779,27.0510069693));
#229 = CARTESIAN_POINT('',(-4.06668770631,17.0184109894,26.9));
#230 = CARTESIAN_POINT('',(-3.775,17.0828686116,26.9));
#231 = ORIENTED_EDGE('',*,*,#232,.T.);
#232 = EDGE_CURVE('',#223,#233,#235,.T.);
#233 = VERTEX_POINT('',#234);
#234 = CARTESIAN_POINT('',(-4.525,16.8996863876,29.6022357132));
#235 = LINE('',#236,#237);
#236 = CARTESIAN_POINT('',(-4.525,16.8996863876,28.9375));
#237 = VECTOR('',#238,1.);
#238 = DIRECTION('',(0.,0.,1.));
#239 = ORIENTED_EDGE('',*,*,#240,.T.);
#240 = EDGE_CURVE('',#233,#241,#243,.T.);
#241 = VERTEX_POINT('',#242);
#242 = CARTESIAN_POINT('',(-5.,16.765292273,30.3));
#243 = B_SPLINE_CURVE_WITH_KNOTS('',4,(#244,#245,#246,#247,#248),
  .UNSPECIFIED.,.F.,.F.,(5,5),(0.,1.2860685936),
  .PIECEWISE_BEZIER_KNOTS.);
#244 = CARTESIAN_POINT('',(-4.525,16.8996863876,29.6022357132));
#245 = CARTESIAN_POINT('',(-4.525,16.8996863876,29.8295826691));
#246 = CARTESIAN_POINT('',(-4.61853295998,16.8750213546,30.0580976795));
#247 = CARTESIAN_POINT('',(-4.79621264084,16.8260688333,30.2196841615));
#248 = CARTESIAN_POINT('',(-5.,16.765292273,30.3));
#249 = ORIENTED_EDGE('',*,*,#250,.T.);
#250 = EDGE_CURVE('',#241,#251,#253,.T.);
#251 = VERTEX_POINT('',#252);
#252 = CARTESIAN_POINT('',(-4.525,16.8996863876,31.1));
#253 = B_SPLINE_CURVE_WITH_KNOTS('',3,(#254,#255,#256,#257),
  .UNSPECIFIED.,.F.,.F.,(4,4),(0.,1.32948450321),
  .PIECEWISE_BEZIER_KNOTS.);
#254 = CARTESIAN_POINT('',(-5.,16.765292273,30.3));
#255 = CARTESIAN_POINT('',(-4.84184540908,16.8124595363,30.5663656268));
#256 = CARTESIAN_POINT('',(-4.68350331906,16.8572461019,30.8330470416));
#257 = CARTESIAN_POINT('',(-4.525,16.8996863876,31.1));
#258 = ORIENTED_EDGE('',*,*,#259,.F.);
#259 = EDGE_CURVE('',#260,#251,#262,.T.);
#260 = VERTEX_POINT('',#261);
#261 = CARTESIAN_POINT('',(-0.595876796297,17.4848493229,31.1));
#262 = CIRCLE('',#263,17.495);
#263 = AXIS2_PLACEMENT_3D('',#264,#265,#266);
#264 = CARTESIAN_POINT('',(0.,0.,31.1));
#265 = DIRECTION('',(0.,0.,1.));
#266 = DIRECTION('',(1.,0.,-0.));
#267 = ORIENTED_EDGE('',*,*,#268,.T.);
#268 = EDGE_CURVE('',#260,#269,#271,.T.);
#269 = VERTEX_POINT('',#270);
#270 = CARTESIAN_POINT('',(-4.15932764881E-15,17.495,31.6));
#271 = B_SPLINE_CURVE_WITH_KNOTS('',3,(#272,#273,#274,#275),
  .UNSPECIFIED.,.F.,.F.,(4,4),(0.,1.10026442192),
  .PIECEWISE_BEZIER_KNOTS.);
#272 = CARTESIAN_POINT('',(-0.595876796297,17.4848493229,31.1));
#273 = CARTESIAN_POINT('',(-0.397299131156,17.4916167717,31.2666264456)
  );
#274 = CARTESIAN_POINT('',(-0.198645331809,17.495,31.4333167753));
#275 = CARTESIAN_POINT('',(-1.01585406753E-14,17.495,31.6));
#276 = ORIENTED_EDGE('',*,*,#277,.F.);
#277 = EDGE_CURVE('',#278,#269,#280,.T.);
#278 = VERTEX_POINT('',#279);
#279 = CARTESIAN_POINT('',(0.595876796297,17.4848493229,31.1));
#280 = B_SPLINE_CURVE_WITH_KNOTS('',3,(#281,#282,#283,#284),
  .UNSPECIFIED.,.F.,.F.,(4,4),(0.,1.10026442192),
  .PIECEWISE_BEZIER_KNOTS.);
#281 = CARTESIAN_POINT('',(0.595876796297,17.4848493229,31.1));
#282 = CARTESIAN_POINT('',(0.397299131156,17.4916167717,31.2666264456));
#283 = CARTESIAN_POINT('',(0.198645331809,17.495,31.4333167753));
#284 = CARTESIAN_POINT('',(-1.01585406753E-14,17.495,31.6));
#285 = ORIENTED_EDGE('',*,*,#286,.F.);
#286 = EDGE_CURVE('',#287,#278,#289,.T.);
#287 = VERTEX_POINT('',#288);
#288 = CARTESIAN_POINT('',(4.525,16.8996863876,31.1));
#289 = CIRCLE('',#290,17.495);
#290 = AXIS2_PLACEMENT_3D('',#291,#292,#293);
#291 = CARTESIAN_POINT('',(0.,0.,31.1));
#292 = DIRECTION('',(0.,0.,1.));
#293 = DIRECTION('',(1.,0.,-0.));
#294 = ORIENTED_EDGE('',*,*,#295,.F.);
#295 = EDGE_CURVE('',#296,#287,#298,.T.);
#296 = VERTEX_POINT('',#297);
#297 = CARTESIAN_POINT('',(5.,16.765292273,30.3));
#298 = B_SPLINE_CURVE_WITH_KNOTS('',3,(#299,#300,#301,#302),
  .UNSPECIFIED.,.F.,.F.,(4,4),(0.,1.32948450321),
  .PIECEWISE_BEZIER_KNOTS.);
#299 = CARTESIAN_POINT('',(5.,16.765292273,30.3));
#300 = CARTESIAN_POINT('',(4.84184540908,16.8124595363,30.5663656268));
#301 = CARTESIAN_POINT('',(4.68350331906,16.8572461019,30.8330470416));
#302 = CARTESIAN_POINT('',(4.525,16.8996863876,31.1));
#303 = ORIENTED_EDGE('',*,*,#304,.T.);
#304 = EDGE_CURVE('',#296,#305,#307,.T.);
#305 = VERTEX_POINT('',#306);
#306 = CARTESIAN_POINT('',(4.525,16.8996863876,29.6022357132));
#307 = B_SPLINE_CURVE_WITH_KNOTS('',4,(#308,#309,#310,#311,#312),
  .UNSPECIFIED.,.F.,.F.,(5,5),(0.,1.28605038172),
  .PIECEWISE_BEZIER_KNOTS.);
#308 = CARTESIAN_POINT('',(5.,16.765292273,30.3));
#309 = CARTESIAN_POINT('',(4.79621552666,16.8260679726,30.2196852989));
#310 = CARTESIAN_POINT('',(4.61873092246,16.8749661937,30.0583951784));
#311 = CARTESIAN_POINT('',(4.525,16.8996863876,29.8295794496));
#312 = CARTESIAN_POINT('',(4.525,16.8996863876,29.6022357132));
#313 = ORIENTED_EDGE('',*,*,#314,.F.);
#314 = EDGE_CURVE('',#315,#305,#317,.T.);
#315 = VERTEX_POINT('',#316);
#316 = CARTESIAN_POINT('',(4.525,16.8996863876,27.65));
#317 = LINE('',#318,#319);
#318 = CARTESIAN_POINT('',(4.525,16.8996863876,28.9375));
#319 = VECTOR('',#320,1.);
#320 = DIRECTION('',(0.,0.,1.));
#321 = ORIENTED_EDGE('',*,*,#322,.F.);
#322 = EDGE_CURVE('',#323,#315,#325,.T.);
#323 = VERTEX_POINT('',#324);
#324 = CARTESIAN_POINT('',(3.775,17.0828686116,26.9));
#325 = B_SPLINE_CURVE_WITH_KNOTS('',4,(#326,#327,#328,#329,#330),
  .UNSPECIFIED.,.F.,.F.,(5,5),(0.,1.69006048022),
  .PIECEWISE_BEZIER_KNOTS.);
#326 = CARTESIAN_POINT('',(3.775,17.0828686116,26.9));
#327 = CARTESIAN_POINT('',(4.06668362678,17.0184118909,26.9));
#328 = CARTESIAN_POINT('',(4.36077706333,16.9450553594,27.0510152192));
#329 = CARTESIAN_POINT('',(4.525,16.8996863876,27.3512366935));
#330 = CARTESIAN_POINT('',(4.525,16.8996863876,27.65));
#331 = ORIENTED_EDGE('',*,*,#332,.T.);
#332 = EDGE_CURVE('',#323,#333,#335,.T.);
#333 = VERTEX_POINT('',#334);
#334 = CARTESIAN_POINT('',(0.739509972887,17.4793635468,26.9));
#335 = CIRCLE('',#336,17.495);
#336 = AXIS2_PLACEMENT_3D('',#337,#338,#339);
#337 = CARTESIAN_POINT('',(0.,0.,26.9));
#338 = DIRECTION('',(0.,0.,1.));
#339 = DIRECTION('',(1.,0.,-0.));
#340 = ORIENTED_EDGE('',*,*,#341,.T.);
#341 = EDGE_CURVE('',#333,#202,#342,.T.);
#342 = B_SPLINE_CURVE_WITH_KNOTS('',4,(#343,#344,#345,#346,#347),
  .UNSPECIFIED.,.F.,.F.,(5,5),(0.,1.48887673599),
  .PIECEWISE_BEZIER_KNOTS.);
#343 = CARTESIAN_POINT('',(0.739509972887,17.4793635468,26.9));
#344 = CARTESIAN_POINT('',(0.47658407637,17.4904873112,26.9));
#345 = CARTESIAN_POINT('',(0.21108012556,17.4956358407,26.7755308436));
#346 = CARTESIAN_POINT('',(4.38662773687E-02,17.495,26.5345163967));
#347 = CARTESIAN_POINT('',(2.0872192863E-14,17.495,26.275));
#348 = FACE_BOUND('',#349,.T.);
#349 = EDGE_LOOP('',(#350,#361,#370,#380,#388,#398,#407,#416,#425,#434,
    #443,#452,#462,#470,#480,#489));
#350 = ORIENTED_EDGE('',*,*,#351,.F.);
#351 = EDGE_CURVE('',#352,#354,#356,.T.);
#352 = VERTEX_POINT('',#353);
#353 = CARTESIAN_POINT('',(0.739509972887,17.4793635468,27.27));
#354 = VERTEX_POINT('',#355);
#355 = CARTESIAN_POINT('',(-2.33146835171E-15,17.495,26.9911450529));
#356 = B_SPLINE_CURVE_WITH_KNOTS('',3,(#357,#358,#359,#360),
  .UNSPECIFIED.,.F.,.F.,(4,4),(0.,1.14274206401),
  .PIECEWISE_BEZIER_KNOTS.);
#357 = CARTESIAN_POINT('',(0.739509972887,17.4793635468,27.27));
#358 = CARTESIAN_POINT('',(0.470442270679,17.4907471563,27.27));
#359 = CARTESIAN_POINT('',(0.202269233016,17.495,27.1689742091));
#360 = CARTESIAN_POINT('',(-4.12685014382E-14,17.495,26.9911450529));
#361 = ORIENTED_EDGE('',*,*,#362,.F.);
#362 = EDGE_CURVE('',#363,#352,#365,.T.);
#363 = VERTEX_POINT('',#364);
#364 = CARTESIAN_POINT('',(3.775,17.0828686116,27.27));
#365 = CIRCLE('',#366,17.495);
#366 = AXIS2_PLACEMENT_3D('',#367,#368,#369);
#367 = CARTESIAN_POINT('',(0.,0.,27.27));
#368 = DIRECTION('',(0.,0.,1.));
#369 = DIRECTION('',(1.,0.,-0.));
#370 = ORIENTED_EDGE('',*,*,#371,.T.);
#371 = EDGE_CURVE('',#363,#372,#374,.T.);
#372 = VERTEX_POINT('',#373);
#373 = CARTESIAN_POINT('',(4.155,16.9944402673,27.65));
#374 = B_SPLINE_CURVE_WITH_KNOTS('',4,(#375,#376,#377,#378,#379),
  .UNSPECIFIED.,.F.,.F.,(5,5),(0.,0.855075642242),
  .PIECEWISE_BEZIER_KNOTS.);
#375 = CARTESIAN_POINT('',(3.775,17.0828686116,27.27));
#376 = CARTESIAN_POINT('',(3.92257552609,17.0502571326,27.27));
#377 = CARTESIAN_POINT('',(4.0718838378,17.0151174334,27.3462923433));
#378 = CARTESIAN_POINT('',(4.155,16.9944402673,27.4988425537));
#379 = CARTESIAN_POINT('',(4.155,16.9944402673,27.65));
#380 = ORIENTED_EDGE('',*,*,#381,.T.);
#381 = EDGE_CURVE('',#372,#382,#384,.T.);
#382 = VERTEX_POINT('',#383);
#383 = CARTESIAN_POINT('',(4.155,16.9944402673,29.6022357132));
#384 = LINE('',#385,#386);
#385 = CARTESIAN_POINT('',(4.155,16.9944402673,28.9375));
#386 = VECTOR('',#387,1.);
#387 = DIRECTION('',(0.,0.,1.));
#388 = ORIENTED_EDGE('',*,*,#389,.F.);
#389 = EDGE_CURVE('',#390,#382,#392,.T.);
#390 = VERTEX_POINT('',#391);
#391 = CARTESIAN_POINT('',(4.5024931889,16.9056966755,30.4131815972));
#392 = B_SPLINE_CURVE_WITH_KNOTS('',4,(#393,#394,#395,#396,#397),
  .UNSPECIFIED.,.F.,.F.,(5,5),(0.,1.29059608015),
  .PIECEWISE_BEZIER_KNOTS.);
#393 = CARTESIAN_POINT('',(4.5024931889,16.9056966755,30.4131815972));
#394 = CARTESIAN_POINT('',(4.3403020449,16.9488930332,30.258678361));
#395 = CARTESIAN_POINT('',(4.2172155122,16.979327334,30.0589132015));
#396 = CARTESIAN_POINT('',(4.155,16.9944402673,29.8303830232));
#397 = CARTESIAN_POINT('',(4.155,16.9944402673,29.6022357132));
#398 = ORIENTED_EDGE('',*,*,#399,.T.);
#399 = EDGE_CURVE('',#390,#400,#402,.T.);
#400 = VERTEX_POINT('',#401);
#401 = CARTESIAN_POINT('',(4.31438226223,16.9546787258,30.73));
#402 = B_SPLINE_CURVE_WITH_KNOTS('',3,(#403,#404,#405,#406),
  .UNSPECIFIED.,.F.,.F.,(4,4),(0.,0.525680239616),
  .PIECEWISE_BEZIER_KNOTS.);
#403 = CARTESIAN_POINT('',(4.5024931889,16.9056966755,30.4131815972));
#404 = CARTESIAN_POINT('',(4.43988200923,16.9223719073,30.5187880287));
#405 = CARTESIAN_POINT('',(4.37717484962,16.9387001732,30.6243935685));
#406 = CARTESIAN_POINT('',(4.31438226223,16.9546787258,30.73));
#407 = ORIENTED_EDGE('',*,*,#408,.T.);
#408 = EDGE_CURVE('',#400,#409,#411,.T.);
#409 = VERTEX_POINT('',#410);
#410 = CARTESIAN_POINT('',(0.461207809619,17.4889197024,30.73));
#411 = CIRCLE('',#412,17.495);
#412 = AXIS2_PLACEMENT_3D('',#413,#414,#415);
#413 = CARTESIAN_POINT('',(0.,0.,30.73));
#414 = DIRECTION('',(0.,0.,1.));
#415 = DIRECTION('',(1.,0.,-0.));
#416 = ORIENTED_EDGE('',*,*,#417,.T.);
#417 = EDGE_CURVE('',#409,#418,#420,.T.);
#418 = VERTEX_POINT('',#419);
#419 = CARTESIAN_POINT('',(7.7688038885E-17,17.495,31.1169993029));
#420 = B_SPLINE_CURVE_WITH_KNOTS('',3,(#421,#422,#423,#424),
  .UNSPECIFIED.,.F.,.F.,(4,4),(0.,0.851569200456),
  .PIECEWISE_BEZIER_KNOTS.);
#421 = CARTESIAN_POINT('',(0.461207809619,17.4889197024,30.73));
#422 = CARTESIAN_POINT('',(0.307494091658,17.4929733528,30.858981124));
#423 = CARTESIAN_POINT('',(0.153745084375,17.495,30.9879918594));
#424 = CARTESIAN_POINT('',(-1.01862962509E-14,17.495,31.1169993029));
#425 = ORIENTED_EDGE('',*,*,#426,.F.);
#426 = EDGE_CURVE('',#427,#418,#429,.T.);
#427 = VERTEX_POINT('',#428);
#428 = CARTESIAN_POINT('',(-0.461207809619,17.4889197024,30.73));
#429 = B_SPLINE_CURVE_WITH_KNOTS('',3,(#430,#431,#432,#433),
  .UNSPECIFIED.,.F.,.F.,(4,4),(0.,0.851569200456),
  .PIECEWISE_BEZIER_KNOTS.);
#430 = CARTESIAN_POINT('',(-0.461207809619,17.4889197024,30.73));
#431 = CARTESIAN_POINT('',(-0.307494091658,17.4929733528,30.858981124));
#432 = CARTESIAN_POINT('',(-0.153745084375,17.495,30.9879918594));
#433 = CARTESIAN_POINT('',(-1.01906000024E-14,17.495,31.1169993029));
#434 = ORIENTED_EDGE('',*,*,#435,.T.);
#435 = EDGE_CURVE('',#427,#436,#438,.T.);
#436 = VERTEX_POINT('',#437);
#437 = CARTESIAN_POINT('',(-4.31438226223,16.9546787258,30.73));
#438 = CIRCLE('',#439,17.495);
#439 = AXIS2_PLACEMENT_3D('',#440,#441,#442);
#440 = CARTESIAN_POINT('',(0.,0.,30.73));
#441 = DIRECTION('',(0.,0.,1.));
#442 = DIRECTION('',(1.,0.,-0.));
#443 = ORIENTED_EDGE('',*,*,#444,.T.);
#444 = EDGE_CURVE('',#436,#445,#447,.T.);
#445 = VERTEX_POINT('',#446);
#446 = CARTESIAN_POINT('',(-4.5024931889,16.9056966755,30.4131815972));
#447 = B_SPLINE_CURVE_WITH_KNOTS('',3,(#448,#449,#450,#451),
  .UNSPECIFIED.,.F.,.F.,(4,4),(0.,0.525680239616),
  .PIECEWISE_BEZIER_KNOTS.);
#448 = CARTESIAN_POINT('',(-4.31438226223,16.9546787258,30.73));
#449 = CARTESIAN_POINT('',(-4.37717484962,16.9387001732,30.6243935685));
#450 = CARTESIAN_POINT('',(-4.43988200923,16.9223719073,30.5187880287));
#451 = CARTESIAN_POINT('',(-4.5024931889,16.9056966755,30.4131815972));
#452 = ORIENTED_EDGE('',*,*,#453,.F.);
#453 = EDGE_CURVE('',#454,#445,#456,.T.);
#454 = VERTEX_POINT('',#455);
#455 = CARTESIAN_POINT('',(-4.155,16.9944402673,29.6022357132));
#456 = B_SPLINE_CURVE_WITH_KNOTS('',4,(#457,#458,#459,#460,#461),
  .UNSPECIFIED.,.F.,.F.,(5,5),(0.,1.29059319027),
  .PIECEWISE_BEZIER_KNOTS.);
#457 = CARTESIAN_POINT('',(-4.155,16.9944402673,29.6022357132));
#458 = CARTESIAN_POINT('',(-4.155,16.9944402673,29.8303825123));
#459 = CARTESIAN_POINT('',(-4.21721215036,16.9793281894,30.0589055745));
#460 = CARTESIAN_POINT('',(-4.34030240807,16.9488929365,30.258678707));
#461 = CARTESIAN_POINT('',(-4.5024931889,16.9056966755,30.4131815972));
#462 = ORIENTED_EDGE('',*,*,#463,.F.);
#463 = EDGE_CURVE('',#464,#454,#466,.T.);
#464 = VERTEX_POINT('',#465);
#465 = CARTESIAN_POINT('',(-4.155,16.9944402673,27.65));
#466 = LINE('',#467,#468);
#467 = CARTESIAN_POINT('',(-4.155,16.9944402673,28.9375));
#468 = VECTOR('',#469,1.);
#469 = DIRECTION('',(0.,0.,1.));
#470 = ORIENTED_EDGE('',*,*,#471,.T.);
#471 = EDGE_CURVE('',#464,#472,#474,.T.);
#472 = VERTEX_POINT('',#473);
#473 = CARTESIAN_POINT('',(-3.775,17.0828686116,27.27));
#474 = B_SPLINE_CURVE_WITH_KNOTS('',4,(#475,#476,#477,#478,#479),
  .UNSPECIFIED.,.F.,.F.,(5,5),(0.,0.855092354676),
  .PIECEWISE_BEZIER_KNOTS.);
#475 = CARTESIAN_POINT('',(-4.155,16.9944402673,27.65));
#476 = CARTESIAN_POINT('',(-4.155,16.9944402673,27.4988395994));
#477 = CARTESIAN_POINT('',(-4.07188789867,17.0151163529,27.3463194774));
#478 = CARTESIAN_POINT('',(-3.92257841045,17.0502564952,27.27));
#479 = CARTESIAN_POINT('',(-3.775,17.0828686116,27.27));
#480 = ORIENTED_EDGE('',*,*,#481,.F.);
#481 = EDGE_CURVE('',#482,#472,#484,.T.);
#482 = VERTEX_POINT('',#483);
#483 = CARTESIAN_POINT('',(-0.739509972887,17.4793635468,27.27));
#484 = CIRCLE('',#485,17.495);
#485 = AXIS2_PLACEMENT_3D('',#486,#487,#488);
#486 = CARTESIAN_POINT('',(0.,0.,27.27));
#487 = DIRECTION('',(0.,0.,1.));
#488 = DIRECTION('',(1.,0.,-0.));
#489 = ORIENTED_EDGE('',*,*,#490,.F.);
#490 = EDGE_CURVE('',#354,#482,#491,.T.);
#491 = B_SPLINE_CURVE_WITH_KNOTS('',3,(#492,#493,#494,#495),
  .UNSPECIFIED.,.F.,.F.,(4,4),(0.,1.14273994992),
  .PIECEWISE_BEZIER_KNOTS.);
#492 = CARTESIAN_POINT('',(-4.12447853648E-14,17.495,26.9911450529));
#493 = CARTESIAN_POINT('',(-0.202268858814,17.495,27.1689738801));
#494 = CARTESIAN_POINT('',(-0.470442768459,17.4907471352,27.27));
#495 = CARTESIAN_POINT('',(-0.739509972887,17.4793635468,27.27));
#496 = CYLINDRICAL_SURFACE('',#497,17.495);
#497 = AXIS2_PLACEMENT_3D('',#498,#499,#500);
#498 = CARTESIAN_POINT('',(0.,0.,25.625));
#499 = DIRECTION('',(0.,0.,1.));
#500 = DIRECTION('',(-0.87758256189,-0.479425538604,0.));
#501 = ADVANCED_FACE('',(#502),#529,.T.);
#502 = FACE_BOUND('',#503,.T.);
#503 = EDGE_LOOP('',(#504,#512,#513,#521));
#504 = ORIENTED_EDGE('',*,*,#505,.F.);
#505 = EDGE_CURVE('',#204,#506,#508,.T.);
#506 = VERTEX_POINT('',#507);
#507 = CARTESIAN_POINT('',(-0.739509972887,17.4843680183,26.9));
#508 = LINE('',#509,#510);
#509 = CARTESIAN_POINT('',(-0.739509972887,-1.26852228071E-03,26.9));
#510 = VECTOR('',#511,1.);
#511 = DIRECTION('',(0.,1.,0.));
#512 = ORIENTED_EDGE('',*,*,#201,.F.);
#513 = ORIENTED_EDGE('',*,*,#514,.T.);
#514 = EDGE_CURVE('',#202,#515,#517,.T.);
#515 = VERTEX_POINT('',#516);
#516 = CARTESIAN_POINT('',(-2.44249065418E-15,17.5,26.275));
#517 = LINE('',#518,#519);
#518 = CARTESIAN_POINT('',(-2.33146835171E-15,-1.26852228071E-03,26.275)
  );
#519 = VECTOR('',#520,1.);
#520 = DIRECTION('',(0.,1.,0.));
#521 = ORIENTED_EDGE('',*,*,#522,.F.);
#522 = EDGE_CURVE('',#506,#515,#523,.T.);
#523 = B_SPLINE_CURVE_WITH_KNOTS('',4,(#524,#525,#526,#527,#528),
  .UNSPECIFIED.,.F.,.F.,(5,5),(0.,1.48875234196),
  .PIECEWISE_BEZIER_KNOTS.);
#524 = CARTESIAN_POINT('',(-0.739509972889,17.4843680183,26.9));
#525 = CARTESIAN_POINT('',(-0.47656833797,17.4954892645,26.9));
#526 = CARTESIAN_POINT('',(-0.21104646448,17.5006357867,26.7755059184));
#527 = CARTESIAN_POINT('',(-4.386278652E-02,17.5,26.5344957446));
#528 = CARTESIAN_POINT('',(3.6926017799E-13,17.5,26.275));
#529 = CYLINDRICAL_SURFACE('',#530,0.75);
#530 = AXIS2_PLACEMENT_3D('',#531,#532,#533);
#531 = CARTESIAN_POINT('',(-0.739509972887,0.410000000283,26.15));
#532 = DIRECTION('',(0.,1.,-0.));
#533 = DIRECTION('',(-6.12323399574E-17,0.,1.));
#534 = ADVANCED_FACE('',(#535),#554,.T.);
#535 = FACE_BOUND('',#536,.T.);
#536 = EDGE_LOOP('',(#537,#545,#546,#547));
#537 = ORIENTED_EDGE('',*,*,#538,.T.);
#538 = EDGE_CURVE('',#539,#214,#541,.T.);
#539 = VERTEX_POINT('',#540);
#540 = CARTESIAN_POINT('',(-3.775,17.0879892029,26.9));
#541 = LINE('',#542,#543);
#542 = CARTESIAN_POINT('',(-3.775,17.0854289073,26.9));
#543 = VECTOR('',#544,1.);
#544 = DIRECTION('',(0.,-1.,0.));
#545 = ORIENTED_EDGE('',*,*,#213,.F.);
#546 = ORIENTED_EDGE('',*,*,#505,.T.);
#547 = ORIENTED_EDGE('',*,*,#548,.T.);
#548 = EDGE_CURVE('',#506,#539,#549,.T.);
#549 = CIRCLE('',#550,17.5);
#550 = AXIS2_PLACEMENT_3D('',#551,#552,#553);
#551 = CARTESIAN_POINT('',(0.,0.,26.9));
#552 = DIRECTION('',(0.,0.,1.));
#553 = DIRECTION('',(1.,0.,-0.));
#554 = PLANE('',#555);
#555 = AXIS2_PLACEMENT_3D('',#556,#557,#558);
#556 = CARTESIAN_POINT('',(0.739509972887,-18.,26.9));
#557 = DIRECTION('',(0.,0.,1.));
#558 = DIRECTION('',(1.,0.,-0.));
#559 = ADVANCED_FACE('',(#560),#580,.F.);
#560 = FACE_BOUND('',#561,.F.);
#561 = EDGE_LOOP('',(#562,#563,#564,#572));
#562 = ORIENTED_EDGE('',*,*,#538,.T.);
#563 = ORIENTED_EDGE('',*,*,#222,.F.);
#564 = ORIENTED_EDGE('',*,*,#565,.T.);
#565 = EDGE_CURVE('',#223,#566,#568,.T.);
#566 = VERTEX_POINT('',#567);
#567 = CARTESIAN_POINT('',(-4.525,16.9048624662,27.65));
#568 = LINE('',#569,#570);
#569 = CARTESIAN_POINT('',(-4.525,-1.26852228071E-03,27.65));
#570 = VECTOR('',#571,1.);
#571 = DIRECTION('',(0.,1.,0.));
#572 = ORIENTED_EDGE('',*,*,#573,.T.);
#573 = EDGE_CURVE('',#566,#539,#574,.T.);
#574 = B_SPLINE_CURVE_WITH_KNOTS('',4,(#575,#576,#577,#578,#579),
  .UNSPECIFIED.,.F.,.F.,(5,5),(0.,1.68992215042),
  .PIECEWISE_BEZIER_KNOTS.);
#575 = CARTESIAN_POINT('',(-4.525,16.9048624662,27.65));
#576 = CARTESIAN_POINT('',(-4.525,16.9048624662,27.3512611469));
#577 = CARTESIAN_POINT('',(-4.36085637383,16.9501971526,27.0510788833));
#578 = CARTESIAN_POINT('',(-4.0667055026,17.0235469646,26.9));
#579 = CARTESIAN_POINT('',(-3.775,17.0879892029,26.9));
#580 = CYLINDRICAL_SURFACE('',#581,0.75);
#581 = AXIS2_PLACEMENT_3D('',#582,#583,#584);
#582 = CARTESIAN_POINT('',(-3.775,0.410000000283,27.65));
#583 = DIRECTION('',(0.,1.,-0.));
#584 = DIRECTION('',(-8.69808717713E-15,0.,-1.));
#585 = ADVANCED_FACE('',(#586),#604,.T.);
#586 = FACE_BOUND('',#587,.T.);
#587 = EDGE_LOOP('',(#588,#596,#597,#598));
#588 = ORIENTED_EDGE('',*,*,#589,.T.);
#589 = EDGE_CURVE('',#590,#233,#592,.T.);
#590 = VERTEX_POINT('',#591);
#591 = CARTESIAN_POINT('',(-4.525,16.9048624662,29.6022357132));
#592 = LINE('',#593,#594);
#593 = CARTESIAN_POINT('',(-4.525,16.9022744269,29.6022357132));
#594 = VECTOR('',#595,1.);
#595 = DIRECTION('',(0.,-1.,0.));
#596 = ORIENTED_EDGE('',*,*,#232,.F.);
#597 = ORIENTED_EDGE('',*,*,#565,.T.);
#598 = ORIENTED_EDGE('',*,*,#599,.F.);
#599 = EDGE_CURVE('',#590,#566,#600,.T.);
#600 = LINE('',#601,#602);
#601 = CARTESIAN_POINT('',(-4.525,16.9048624662,28.6261178566));
#602 = VECTOR('',#603,1.);
#603 = DIRECTION('',(0.,0.,-1.));
#604 = PLANE('',#605);
#605 = AXIS2_PLACEMENT_3D('',#606,#607,#608);
#606 = CARTESIAN_POINT('',(-4.525,-18.,29.6022357132));
#607 = DIRECTION('',(1.,-0.,0.));
#608 = DIRECTION('',(0.,0.,-1.));
#609 = ADVANCED_FACE('',(#610),#630,.T.);
#610 = FACE_BOUND('',#611,.T.);
#611 = EDGE_LOOP('',(#612,#620,#621,#622));
#612 = ORIENTED_EDGE('',*,*,#613,.F.);
#613 = EDGE_CURVE('',#241,#614,#616,.T.);
#614 = VERTEX_POINT('',#615);
#615 = CARTESIAN_POINT('',(-5.,16.7705098312,30.3));
#616 = LINE('',#617,#618);
#617 = CARTESIAN_POINT('',(-5.,-1.26852228071E-03,30.3));
#618 = VECTOR('',#619,1.);
#619 = DIRECTION('',(0.,1.,0.));
#620 = ORIENTED_EDGE('',*,*,#240,.F.);
#621 = ORIENTED_EDGE('',*,*,#589,.F.);
#622 = ORIENTED_EDGE('',*,*,#623,.T.);
#623 = EDGE_CURVE('',#590,#614,#624,.T.);
#624 = B_SPLINE_CURVE_WITH_KNOTS('',4,(#625,#626,#627,#628,#629),
  .UNSPECIFIED.,.F.,.F.,(5,5),(0.,1.28614428271),
  .PIECEWISE_BEZIER_KNOTS.);
#625 = CARTESIAN_POINT('',(-4.525,16.9048624662,29.6022357132));
#626 = CARTESIAN_POINT('',(-4.525,16.9048624662,29.8295960491));
#627 = CARTESIAN_POINT('',(-4.61864859103,16.8801718587,30.0581959398));
#628 = CARTESIAN_POINT('',(-4.79617062585,16.8312800094,30.2196676027));
#629 = CARTESIAN_POINT('',(-5.,16.7705098312,30.3));
#630 = CYLINDRICAL_SURFACE('',#631,0.75);
#631 = AXIS2_PLACEMENT_3D('',#632,#633,#634);
#632 = CARTESIAN_POINT('',(-5.275,0.410000000283,29.6022357132));
#633 = DIRECTION('',(0.,1.,-0.));
#634 = DIRECTION('',(0.366666666667,0.,0.930352382463));
#635 = ADVANCED_FACE('',(#636),#657,.T.);
#636 = FACE_BOUND('',#637,.T.);
#637 = EDGE_LOOP('',(#638,#646,#647,#648));
#638 = ORIENTED_EDGE('',*,*,#639,.F.);
#639 = EDGE_CURVE('',#251,#640,#642,.T.);
#640 = VERTEX_POINT('',#641);
#641 = CARTESIAN_POINT('',(-4.525,16.9048624662,31.1));
#642 = LINE('',#643,#644);
#643 = CARTESIAN_POINT('',(-4.525,16.9022744269,31.1));
#644 = VECTOR('',#645,1.);
#645 = DIRECTION('',(0.,1.,0.));
#646 = ORIENTED_EDGE('',*,*,#250,.F.);
#647 = ORIENTED_EDGE('',*,*,#613,.T.);
#648 = ORIENTED_EDGE('',*,*,#649,.T.);
#649 = EDGE_CURVE('',#614,#640,#650,.T.);
#650 = B_SPLINE_CURVE_WITH_KNOTS('',5,(#651,#652,#653,#654,#655,#656),
  .UNSPECIFIED.,.F.,.F.,(6,6),(0.,1.32942371724),
  .PIECEWISE_BEZIER_KNOTS.);
#651 = CARTESIAN_POINT('',(-5.,16.7705098312,30.3));
#652 = CARTESIAN_POINT('',(-4.90510715341,16.798801412,30.4598195311));
#653 = CARTESIAN_POINT('',(-4.8101588,16.8263787155,30.6197325474));
#654 = CARTESIAN_POINT('',(-4.71515472196,16.8532462155,30.7797394156));
#655 = CARTESIAN_POINT('',(-4.62010190412,16.879406115,30.939828372));
#656 = CARTESIAN_POINT('',(-4.525,16.9048624662,31.1));
#657 = PLANE('',#658);
#658 = AXIS2_PLACEMENT_3D('',#659,#660,#661);
#659 = CARTESIAN_POINT('',(-4.525,-18.,31.1));
#660 = DIRECTION('',(0.859854743841,0.,-0.510538754155));
#661 = DIRECTION('',(-0.510538754155,0.,-0.859854743841));
#662 = ADVANCED_FACE('',(#663),#682,.F.);
#663 = FACE_BOUND('',#664,.T.);
#664 = EDGE_LOOP('',(#665,#674,#680,#681));
#665 = ORIENTED_EDGE('',*,*,#666,.F.);
#666 = EDGE_CURVE('',#667,#640,#669,.T.);
#667 = VERTEX_POINT('',#668);
#668 = CARTESIAN_POINT('',(-0.595876796297,17.4898522248,31.1));
#669 = CIRCLE('',#670,17.5);
#670 = AXIS2_PLACEMENT_3D('',#671,#672,#673);
#671 = CARTESIAN_POINT('',(0.,0.,31.1));
#672 = DIRECTION('',(0.,0.,1.));
#673 = DIRECTION('',(1.,0.,-0.));
#674 = ORIENTED_EDGE('',*,*,#675,.F.);
#675 = EDGE_CURVE('',#260,#667,#676,.T.);
#676 = LINE('',#677,#678);
#677 = CARTESIAN_POINT('',(-0.595876796297,17.4873507738,31.1));
#678 = VECTOR('',#679,1.);
#679 = DIRECTION('',(0.,1.,0.));
#680 = ORIENTED_EDGE('',*,*,#259,.T.);
#681 = ORIENTED_EDGE('',*,*,#639,.T.);
#682 = PLANE('',#683);
#683 = AXIS2_PLACEMENT_3D('',#684,#685,#686);
#684 = CARTESIAN_POINT('',(0.595876796297,-18.,31.1));
#685 = DIRECTION('',(0.,0.,1.));
#686 = DIRECTION('',(1.,0.,-0.));
#687 = ADVANCED_FACE('',(#688),#709,.T.);
#688 = FACE_BOUND('',#689,.T.);
#689 = EDGE_LOOP('',(#690,#698,#699,#700));
#690 = ORIENTED_EDGE('',*,*,#691,.F.);
#691 = EDGE_CURVE('',#269,#692,#694,.T.);
#692 = VERTEX_POINT('',#693);
#693 = CARTESIAN_POINT('',(-4.17787081889E-15,17.5,31.6));
#694 = LINE('',#695,#696);
#695 = CARTESIAN_POINT('',(-4.17787081889E-15,17.4975,31.6));
#696 = VECTOR('',#697,1.);
#697 = DIRECTION('',(0.,1.,0.));
#698 = ORIENTED_EDGE('',*,*,#268,.F.);
#699 = ORIENTED_EDGE('',*,*,#675,.T.);
#700 = ORIENTED_EDGE('',*,*,#701,.T.);
#701 = EDGE_CURVE('',#667,#692,#702,.T.);
#702 = B_SPLINE_CURVE_WITH_KNOTS('',5,(#703,#704,#705,#706,#707,#708),
  .UNSPECIFIED.,.F.,.F.,(6,6),(0.,1.10017207677),
  .PIECEWISE_BEZIER_KNOTS.);
#703 = CARTESIAN_POINT('',(-0.595876796298,17.4898522248,31.1));
#704 = CARTESIAN_POINT('',(-0.476730177858,17.4939115332,31.1999758836)
  );
#705 = CARTESIAN_POINT('',(-0.357563266061,17.4969557731,31.2999687953)
  );
#706 = CARTESIAN_POINT('',(-0.238374379952,17.4989853153,31.3999801457)
  );
#707 = CARTESIAN_POINT('',(-0.119187190437,17.5,31.4999900725));
#708 = CARTESIAN_POINT('',(-4.2868996756E-15,17.5,31.6));
#709 = PLANE('',#710);
#710 = AXIS2_PLACEMENT_3D('',#711,#712,#713);
#711 = CARTESIAN_POINT('',(-1.66613862748E-14,-18.,31.6));
#712 = DIRECTION('',(0.642787609687,0.,-0.766044443119));
#713 = DIRECTION('',(-0.766044443119,0.,-0.642787609687));
#714 = ADVANCED_FACE('',(#715),#736,.F.);
#715 = FACE_BOUND('',#716,.T.);
#716 = EDGE_LOOP('',(#717,#728,#734,#735));
#717 = ORIENTED_EDGE('',*,*,#718,.F.);
#718 = EDGE_CURVE('',#719,#692,#721,.T.);
#719 = VERTEX_POINT('',#720);
#720 = CARTESIAN_POINT('',(0.595876796297,17.4898522248,31.1));
#721 = B_SPLINE_CURVE_WITH_KNOTS('',5,(#722,#723,#724,#725,#726,#727),
  .UNSPECIFIED.,.F.,.F.,(6,6),(0.,1.10017207677),
  .PIECEWISE_BEZIER_KNOTS.);
#722 = CARTESIAN_POINT('',(0.595876796298,17.4898522248,31.1));
#723 = CARTESIAN_POINT('',(0.476730177858,17.4939115332,31.1999758836));
#724 = CARTESIAN_POINT('',(0.357563266061,17.4969557731,31.2999687953));
#725 = CARTESIAN_POINT('',(0.238374379952,17.4989853153,31.3999801457));
#726 = CARTESIAN_POINT('',(0.119187190437,17.5,31.4999900725));
#727 = CARTESIAN_POINT('',(-4.32398601576E-15,17.5,31.6));
#728 = ORIENTED_EDGE('',*,*,#729,.F.);
#729 = EDGE_CURVE('',#278,#719,#730,.T.);
#730 = LINE('',#731,#732);
#731 = CARTESIAN_POINT('',(0.595876796297,17.4873507738,31.1));
#732 = VECTOR('',#733,1.);
#733 = DIRECTION('',(0.,1.,0.));
#734 = ORIENTED_EDGE('',*,*,#277,.T.);
#735 = ORIENTED_EDGE('',*,*,#691,.T.);
#736 = PLANE('',#737);
#737 = AXIS2_PLACEMENT_3D('',#738,#739,#740);
#738 = CARTESIAN_POINT('',(8.26312062806E-15,-18.,31.6));
#739 = DIRECTION('',(0.642787609687,-0.,0.766044443119));
#740 = DIRECTION('',(0.766044443119,0.,-0.642787609687));
#741 = ADVANCED_FACE('',(#742),#761,.F.);
#742 = FACE_BOUND('',#743,.T.);
#743 = EDGE_LOOP('',(#744,#753,#759,#760));
#744 = ORIENTED_EDGE('',*,*,#745,.F.);
#745 = EDGE_CURVE('',#746,#719,#748,.T.);
#746 = VERTEX_POINT('',#747);
#747 = CARTESIAN_POINT('',(4.525,16.9048624662,31.1));
#748 = CIRCLE('',#749,17.5);
#749 = AXIS2_PLACEMENT_3D('',#750,#751,#752);
#750 = CARTESIAN_POINT('',(0.,0.,31.1));
#751 = DIRECTION('',(0.,0.,1.));
#752 = DIRECTION('',(1.,0.,-0.));
#753 = ORIENTED_EDGE('',*,*,#754,.F.);
#754 = EDGE_CURVE('',#287,#746,#755,.T.);
#755 = LINE('',#756,#757);
#756 = CARTESIAN_POINT('',(4.525,16.9022744269,31.1));
#757 = VECTOR('',#758,1.);
#758 = DIRECTION('',(0.,1.,0.));
#759 = ORIENTED_EDGE('',*,*,#286,.T.);
#760 = ORIENTED_EDGE('',*,*,#729,.T.);
#761 = PLANE('',#762);
#762 = AXIS2_PLACEMENT_3D('',#763,#764,#765);
#763 = CARTESIAN_POINT('',(0.595876796297,-18.,31.1));
#764 = DIRECTION('',(0.,0.,1.));
#765 = DIRECTION('',(1.,0.,-0.));
#766 = ADVANCED_FACE('',(#767),#788,.F.);
#767 = FACE_BOUND('',#768,.T.);
#768 = EDGE_LOOP('',(#769,#780,#786,#787));
#769 = ORIENTED_EDGE('',*,*,#770,.F.);
#770 = EDGE_CURVE('',#771,#746,#773,.T.);
#771 = VERTEX_POINT('',#772);
#772 = CARTESIAN_POINT('',(5.,16.7705098312,30.3));
#773 = B_SPLINE_CURVE_WITH_KNOTS('',5,(#774,#775,#776,#777,#778,#779),
  .UNSPECIFIED.,.F.,.F.,(6,6),(0.,1.32942371724),
  .PIECEWISE_BEZIER_KNOTS.);
#774 = CARTESIAN_POINT('',(5.,16.7705098312,30.3));
#775 = CARTESIAN_POINT('',(4.90510715341,16.798801412,30.4598195311));
#776 = CARTESIAN_POINT('',(4.8101588,16.8263787155,30.6197325474));
#777 = CARTESIAN_POINT('',(4.71515472196,16.8532462155,30.7797394156));
#778 = CARTESIAN_POINT('',(4.62010190412,16.879406115,30.939828372));
#779 = CARTESIAN_POINT('',(4.525,16.9048624662,31.1));
#780 = ORIENTED_EDGE('',*,*,#781,.F.);
#781 = EDGE_CURVE('',#296,#771,#782,.T.);
#782 = LINE('',#783,#784);
#783 = CARTESIAN_POINT('',(5.,16.7679010521,30.3));
#784 = VECTOR('',#785,1.);
#785 = DIRECTION('',(0.,1.,0.));
#786 = ORIENTED_EDGE('',*,*,#295,.T.);
#787 = ORIENTED_EDGE('',*,*,#754,.T.);
#788 = PLANE('',#789);
#789 = AXIS2_PLACEMENT_3D('',#790,#791,#792);
#790 = CARTESIAN_POINT('',(4.525,-18.,31.1));
#791 = DIRECTION('',(0.859854743841,-0.,0.510538754155));
#792 = DIRECTION('',(0.510538754155,0.,-0.859854743841));
#793 = ADVANCED_FACE('',(#794),#814,.T.);
#794 = FACE_BOUND('',#795,.T.);
#795 = EDGE_LOOP('',(#796,#804,#805,#806));
#796 = ORIENTED_EDGE('',*,*,#797,.F.);
#797 = EDGE_CURVE('',#305,#798,#800,.T.);
#798 = VERTEX_POINT('',#799);
#799 = CARTESIAN_POINT('',(4.525,16.9048624662,29.6022357132));
#800 = LINE('',#801,#802);
#801 = CARTESIAN_POINT('',(4.525,-1.26852228071E-03,29.6022357132));
#802 = VECTOR('',#803,1.);
#803 = DIRECTION('',(0.,1.,0.));
#804 = ORIENTED_EDGE('',*,*,#304,.F.);
#805 = ORIENTED_EDGE('',*,*,#781,.T.);
#806 = ORIENTED_EDGE('',*,*,#807,.F.);
#807 = EDGE_CURVE('',#798,#771,#808,.T.);
#808 = B_SPLINE_CURVE_WITH_KNOTS('',4,(#809,#810,#811,#812,#813),
  .UNSPECIFIED.,.F.,.F.,(5,5),(0.,1.2861442827),
  .PIECEWISE_BEZIER_KNOTS.);
#809 = CARTESIAN_POINT('',(4.525,16.9048624662,29.6022357132));
#810 = CARTESIAN_POINT('',(4.525,16.9048624662,29.8295960491));
#811 = CARTESIAN_POINT('',(4.61864859101,16.8801718587,30.0581959397));
#812 = CARTESIAN_POINT('',(4.79617062585,16.8312800094,30.2196676027));
#813 = CARTESIAN_POINT('',(5.,16.7705098312,30.3));
#814 = CYLINDRICAL_SURFACE('',#815,0.75);
#815 = AXIS2_PLACEMENT_3D('',#816,#817,#818);
#816 = CARTESIAN_POINT('',(5.275,0.410000000283,29.6022357132));
#817 = DIRECTION('',(0.,1.,-0.));
#818 = DIRECTION('',(-1.,0.,0.));
#819 = ADVANCED_FACE('',(#820),#838,.F.);
#820 = FACE_BOUND('',#821,.T.);
#821 = EDGE_LOOP('',(#822,#830,#836,#837));
#822 = ORIENTED_EDGE('',*,*,#823,.T.);
#823 = EDGE_CURVE('',#798,#824,#826,.T.);
#824 = VERTEX_POINT('',#825);
#825 = CARTESIAN_POINT('',(4.525,16.9048624662,27.65));
#826 = LINE('',#827,#828);
#827 = CARTESIAN_POINT('',(4.525,16.9048624662,28.6261178566));
#828 = VECTOR('',#829,1.);
#829 = DIRECTION('',(0.,0.,-1.));
#830 = ORIENTED_EDGE('',*,*,#831,.T.);
#831 = EDGE_CURVE('',#824,#315,#832,.T.);
#832 = LINE('',#833,#834);
#833 = CARTESIAN_POINT('',(4.525,16.9022744269,27.65));
#834 = VECTOR('',#835,1.);
#835 = DIRECTION('',(0.,-1.,0.));
#836 = ORIENTED_EDGE('',*,*,#314,.T.);
#837 = ORIENTED_EDGE('',*,*,#797,.T.);
#838 = PLANE('',#839);
#839 = AXIS2_PLACEMENT_3D('',#840,#841,#842);
#840 = CARTESIAN_POINT('',(4.525,-18.,29.6022357132));
#841 = DIRECTION('',(1.,-0.,0.));
#842 = DIRECTION('',(0.,0.,-1.));
#843 = ADVANCED_FACE('',(#844),#864,.F.);
#844 = FACE_BOUND('',#845,.F.);
#845 = EDGE_LOOP('',(#846,#847,#848,#856));
#846 = ORIENTED_EDGE('',*,*,#831,.T.);
#847 = ORIENTED_EDGE('',*,*,#322,.F.);
#848 = ORIENTED_EDGE('',*,*,#849,.T.);
#849 = EDGE_CURVE('',#323,#850,#852,.T.);
#850 = VERTEX_POINT('',#851);
#851 = CARTESIAN_POINT('',(3.775,17.0879892029,26.9));
#852 = LINE('',#853,#854);
#853 = CARTESIAN_POINT('',(3.775,-1.26852228071E-03,26.9));
#854 = VECTOR('',#855,1.);
#855 = DIRECTION('',(0.,1.,0.));
#856 = ORIENTED_EDGE('',*,*,#857,.F.);
#857 = EDGE_CURVE('',#824,#850,#858,.T.);
#858 = B_SPLINE_CURVE_WITH_KNOTS('',4,(#859,#860,#861,#862,#863),
  .UNSPECIFIED.,.F.,.F.,(5,5),(0.,1.68992215064),
  .PIECEWISE_BEZIER_KNOTS.);
#859 = CARTESIAN_POINT('',(4.525,16.9048624662,27.65));
#860 = CARTESIAN_POINT('',(4.525,16.9048624662,27.3512611469));
#861 = CARTESIAN_POINT('',(4.3608563739,16.9501971526,27.0510788835));
#862 = CARTESIAN_POINT('',(4.06670550264,17.0235469646,26.9));
#863 = CARTESIAN_POINT('',(3.775,17.0879892029,26.9));
#864 = CYLINDRICAL_SURFACE('',#865,0.75);
#865 = AXIS2_PLACEMENT_3D('',#866,#867,#868);
#866 = CARTESIAN_POINT('',(3.775,0.410000000283,27.65));
#867 = DIRECTION('',(0.,1.,-0.));
#868 = DIRECTION('',(1.,-0.,-9.20340872694E-15));
#869 = ADVANCED_FACE('',(#870),#889,.T.);
#870 = FACE_BOUND('',#871,.T.);
#871 = EDGE_LOOP('',(#872,#880,#881,#882));
#872 = ORIENTED_EDGE('',*,*,#873,.T.);
#873 = EDGE_CURVE('',#874,#333,#876,.T.);
#874 = VERTEX_POINT('',#875);
#875 = CARTESIAN_POINT('',(0.739509972887,17.4843680183,26.9));
#876 = LINE('',#877,#878);
#877 = CARTESIAN_POINT('',(0.739509972887,17.4818657825,26.9));
#878 = VECTOR('',#879,1.);
#879 = DIRECTION('',(0.,-1.,0.));
#880 = ORIENTED_EDGE('',*,*,#332,.F.);
#881 = ORIENTED_EDGE('',*,*,#849,.T.);
#882 = ORIENTED_EDGE('',*,*,#883,.T.);
#883 = EDGE_CURVE('',#850,#874,#884,.T.);
#884 = CIRCLE('',#885,17.5);
#885 = AXIS2_PLACEMENT_3D('',#886,#887,#888);
#886 = CARTESIAN_POINT('',(0.,0.,26.9));
#887 = DIRECTION('',(0.,0.,1.));
#888 = DIRECTION('',(1.,0.,-0.));
#889 = PLANE('',#890);
#890 = AXIS2_PLACEMENT_3D('',#891,#892,#893);
#891 = CARTESIAN_POINT('',(0.739509972887,-18.,26.9));
#892 = DIRECTION('',(0.,0.,1.));
#893 = DIRECTION('',(1.,0.,-0.));
#894 = ADVANCED_FACE('',(#895),#908,.T.);
#895 = FACE_BOUND('',#896,.T.);
#896 = EDGE_LOOP('',(#897,#898,#899,#900));
#897 = ORIENTED_EDGE('',*,*,#514,.F.);
#898 = ORIENTED_EDGE('',*,*,#341,.F.);
#899 = ORIENTED_EDGE('',*,*,#873,.F.);
#900 = ORIENTED_EDGE('',*,*,#901,.F.);
#901 = EDGE_CURVE('',#515,#874,#902,.T.);
#902 = B_SPLINE_CURVE_WITH_KNOTS('',4,(#903,#904,#905,#906,#907),
  .UNSPECIFIED.,.F.,.F.,(5,5),(0.,1.4887565383),
  .PIECEWISE_BEZIER_KNOTS.);
#903 = CARTESIAN_POINT('',(-2.33146835171E-14,17.5,26.275));
#904 = CARTESIAN_POINT('',(4.38629101568E-02,17.5,26.534496476));
#905 = CARTESIAN_POINT('',(0.211052107099,17.5006356688,26.7755094525));
#906 = CARTESIAN_POINT('',(0.476567596819,17.4954892959,26.9));
#907 = CARTESIAN_POINT('',(0.739509972889,17.4843680183,26.9));
#908 = CYLINDRICAL_SURFACE('',#909,0.75);
#909 = AXIS2_PLACEMENT_3D('',#910,#911,#912);
#910 = CARTESIAN_POINT('',(0.739509972887,0.410000000283,26.15));
#911 = DIRECTION('',(0.,1.,-0.));
#912 = DIRECTION('',(-0.986013297183,0.,0.166666666667));
#913 = ADVANCED_FACE('',(#914),#930,.F.);
#914 = FACE_BOUND('',#915,.F.);
#915 = EDGE_LOOP('',(#916,#922,#923,#929));
#916 = ORIENTED_EDGE('',*,*,#917,.F.);
#917 = EDGE_CURVE('',#354,#132,#918,.T.);
#918 = LINE('',#919,#920);
#919 = CARTESIAN_POINT('',(-2.44249065418E-15,-1.26852228071E-03,
    26.9911450529));
#920 = VECTOR('',#921,1.);
#921 = DIRECTION('',(0.,1.,0.));
#922 = ORIENTED_EDGE('',*,*,#351,.F.);
#923 = ORIENTED_EDGE('',*,*,#924,.T.);
#924 = EDGE_CURVE('',#352,#123,#925,.T.);
#925 = LINE('',#926,#927);
#926 = CARTESIAN_POINT('',(0.739509972887,-1.26852228071E-03,27.27));
#927 = VECTOR('',#928,1.);
#928 = DIRECTION('',(0.,1.,0.));
#929 = ORIENTED_EDGE('',*,*,#131,.F.);
#930 = CYLINDRICAL_SURFACE('',#931,1.12);
#931 = AXIS2_PLACEMENT_3D('',#932,#933,#934);
#932 = CARTESIAN_POINT('',(0.739509972887,0.410000000283,26.15));
#933 = DIRECTION('',(0.,1.,-0.));
#934 = DIRECTION('',(-0.660276761507,0.,0.751022368651));
#935 = ADVANCED_FACE('',(#936),#947,.F.);
#936 = FACE_BOUND('',#937,.T.);
#937 = EDGE_LOOP('',(#938,#939,#945,#946));
#938 = ORIENTED_EDGE('',*,*,#122,.F.);
#939 = ORIENTED_EDGE('',*,*,#940,.T.);
#940 = EDGE_CURVE('',#113,#363,#941,.T.);
#941 = LINE('',#942,#943);
#942 = CARTESIAN_POINT('',(3.775,17.0854289073,27.27));
#943 = VECTOR('',#944,1.);
#944 = DIRECTION('',(0.,-1.,0.));
#945 = ORIENTED_EDGE('',*,*,#362,.T.);
#946 = ORIENTED_EDGE('',*,*,#924,.T.);
#947 = PLANE('',#948);
#948 = AXIS2_PLACEMENT_3D('',#949,#950,#951);
#949 = CARTESIAN_POINT('',(0.739509972887,-18.,27.27));
#950 = DIRECTION('',(0.,0.,1.));
#951 = DIRECTION('',(1.,0.,-0.));
#952 = ADVANCED_FACE('',(#953),#964,.T.);
#953 = FACE_BOUND('',#954,.T.);
#954 = EDGE_LOOP('',(#955,#961,#962,#963));
#955 = ORIENTED_EDGE('',*,*,#956,.F.);
#956 = EDGE_CURVE('',#372,#105,#957,.T.);
#957 = LINE('',#958,#959);
#958 = CARTESIAN_POINT('',(4.155,-1.26852228071E-03,27.65));
#959 = VECTOR('',#960,1.);
#960 = DIRECTION('',(0.,1.,0.));
#961 = ORIENTED_EDGE('',*,*,#371,.F.);
#962 = ORIENTED_EDGE('',*,*,#940,.F.);
#963 = ORIENTED_EDGE('',*,*,#112,.F.);
#964 = CYLINDRICAL_SURFACE('',#965,0.38);
#965 = AXIS2_PLACEMENT_3D('',#966,#967,#968);
#966 = CARTESIAN_POINT('',(3.775,0.410000000283,27.65));
#967 = DIRECTION('',(0.,1.,-0.));
#968 = DIRECTION('',(1.,0.,5.66553889765E-16));
#969 = ADVANCED_FACE('',(#970),#981,.T.);
#970 = FACE_BOUND('',#971,.T.);
#971 = EDGE_LOOP('',(#972,#978,#979,#980));
#972 = ORIENTED_EDGE('',*,*,#973,.T.);
#973 = EDGE_CURVE('',#95,#382,#974,.T.);
#974 = LINE('',#975,#976);
#975 = CARTESIAN_POINT('',(4.155,16.9970138812,29.6022357132));
#976 = VECTOR('',#977,1.);
#977 = DIRECTION('',(0.,-1.,0.));
#978 = ORIENTED_EDGE('',*,*,#381,.F.);
#979 = ORIENTED_EDGE('',*,*,#956,.T.);
#980 = ORIENTED_EDGE('',*,*,#104,.T.);
#981 = PLANE('',#982);
#982 = AXIS2_PLACEMENT_3D('',#983,#984,#985);
#983 = CARTESIAN_POINT('',(4.155,-18.,29.6022357132));
#984 = DIRECTION('',(1.,-0.,0.));
#985 = DIRECTION('',(0.,0.,-1.));
#986 = ADVANCED_FACE('',(#987),#998,.F.);
#987 = FACE_BOUND('',#988,.F.);
#988 = EDGE_LOOP('',(#989,#990,#991,#997));
#989 = ORIENTED_EDGE('',*,*,#973,.T.);
#990 = ORIENTED_EDGE('',*,*,#389,.F.);
#991 = ORIENTED_EDGE('',*,*,#992,.T.);
#992 = EDGE_CURVE('',#390,#86,#993,.T.);
#993 = LINE('',#994,#995);
#994 = CARTESIAN_POINT('',(4.5024931889,-1.26852228071E-03,30.4131815972
    ));
#995 = VECTOR('',#996,1.);
#996 = DIRECTION('',(0.,1.,0.));
#997 = ORIENTED_EDGE('',*,*,#94,.F.);
#998 = CYLINDRICAL_SURFACE('',#999,1.12);
#999 = AXIS2_PLACEMENT_3D('',#1000,#1001,#1002);
#1000 = CARTESIAN_POINT('',(5.275,0.410000000283,29.6022357132));
#1001 = DIRECTION('',(0.,1.,-0.));
#1002 = DIRECTION('',(-1.,0.,0.));
#1003 = ADVANCED_FACE('',(#1004),#1015,.T.);
#1004 = FACE_BOUND('',#1005,.T.);
#1005 = EDGE_LOOP('',(#1006,#1012,#1013,#1014));
#1006 = ORIENTED_EDGE('',*,*,#1007,.F.);
#1007 = EDGE_CURVE('',#400,#77,#1008,.T.);
#1008 = LINE('',#1009,#1010);
#1009 = CARTESIAN_POINT('',(4.31438226223,16.9572583734,30.73));
#1010 = VECTOR('',#1011,1.);
#1011 = DIRECTION('',(0.,1.,0.));
#1012 = ORIENTED_EDGE('',*,*,#399,.F.);
#1013 = ORIENTED_EDGE('',*,*,#992,.T.);
#1014 = ORIENTED_EDGE('',*,*,#85,.T.);
#1015 = PLANE('',#1016);
#1016 = AXIS2_PLACEMENT_3D('',#1017,#1018,#1019);
#1017 = CARTESIAN_POINT('',(4.31438226223,-18.,30.73));
#1018 = DIRECTION('',(0.859854743841,-0.,0.510538754155));
#1019 = DIRECTION('',(0.510538754155,0.,-0.859854743841));
#1020 = ADVANCED_FACE('',(#1021),#1032,.T.);
#1021 = FACE_BOUND('',#1022,.T.);
#1022 = EDGE_LOOP('',(#1023,#1029,#1030,#1031));
#1023 = ORIENTED_EDGE('',*,*,#1024,.F.);
#1024 = EDGE_CURVE('',#409,#68,#1025,.T.);
#1025 = LINE('',#1026,#1027);
#1026 = CARTESIAN_POINT('',(0.461207809619,17.4914205713,30.73));
#1027 = VECTOR('',#1028,1.);
#1028 = DIRECTION('',(0.,1.,0.));
#1029 = ORIENTED_EDGE('',*,*,#408,.F.);
#1030 = ORIENTED_EDGE('',*,*,#1007,.T.);
#1031 = ORIENTED_EDGE('',*,*,#76,.T.);
#1032 = PLANE('',#1033);
#1033 = AXIS2_PLACEMENT_3D('',#1034,#1035,#1036);
#1034 = CARTESIAN_POINT('',(0.461207809619,-18.,30.73));
#1035 = DIRECTION('',(0.,0.,1.));
#1036 = DIRECTION('',(1.,0.,-0.));
#1037 = ADVANCED_FACE('',(#1038),#1049,.T.);
#1038 = FACE_BOUND('',#1039,.T.);
#1039 = EDGE_LOOP('',(#1040,#1046,#1047,#1048));
#1040 = ORIENTED_EDGE('',*,*,#1041,.F.);
#1041 = EDGE_CURVE('',#418,#59,#1042,.T.);
#1042 = LINE('',#1043,#1044);
#1043 = CARTESIAN_POINT('',(7.07089120091E-18,17.4975,31.1169993029));
#1044 = VECTOR('',#1045,1.);
#1045 = DIRECTION('',(0.,1.,0.));
#1046 = ORIENTED_EDGE('',*,*,#417,.F.);
#1047 = ORIENTED_EDGE('',*,*,#1024,.T.);
#1048 = ORIENTED_EDGE('',*,*,#67,.T.);
#1049 = PLANE('',#1050);
#1050 = AXIS2_PLACEMENT_3D('',#1051,#1052,#1053);
#1051 = CARTESIAN_POINT('',(-6.00324523837E-15,-18.,31.1169993029));
#1052 = DIRECTION('',(0.642787609687,-0.,0.766044443119));
#1053 = DIRECTION('',(0.766044443119,0.,-0.642787609687));
#1054 = ADVANCED_FACE('',(#1055),#1066,.F.);
#1055 = FACE_BOUND('',#1056,.T.);
#1056 = EDGE_LOOP('',(#1057,#1058,#1064,#1065));
#1057 = ORIENTED_EDGE('',*,*,#58,.F.);
#1058 = ORIENTED_EDGE('',*,*,#1059,.F.);
#1059 = EDGE_CURVE('',#427,#48,#1060,.T.);
#1060 = LINE('',#1061,#1062);
#1061 = CARTESIAN_POINT('',(-0.461207809619,17.4914205713,30.73));
#1062 = VECTOR('',#1063,1.);
#1063 = DIRECTION('',(0.,1.,0.));
#1064 = ORIENTED_EDGE('',*,*,#426,.T.);
#1065 = ORIENTED_EDGE('',*,*,#1041,.T.);
#1066 = PLANE('',#1067);
#1067 = AXIS2_PLACEMENT_3D('',#1068,#1069,#1070);
#1068 = CARTESIAN_POINT('',(-2.45053155957E-15,-18.,31.1169993029));
#1069 = DIRECTION('',(0.642787609687,0.,-0.766044443119));
#1070 = DIRECTION('',(-0.766044443119,0.,-0.642787609687));
#1071 = ADVANCED_FACE('',(#1072),#1083,.T.);
#1072 = FACE_BOUND('',#1073,.T.);
#1073 = EDGE_LOOP('',(#1074,#1080,#1081,#1082));
#1074 = ORIENTED_EDGE('',*,*,#1075,.F.);
#1075 = EDGE_CURVE('',#436,#50,#1076,.T.);
#1076 = LINE('',#1077,#1078);
#1077 = CARTESIAN_POINT('',(-4.31438226223,16.9572583734,30.73));
#1078 = VECTOR('',#1079,1.);
#1079 = DIRECTION('',(0.,1.,0.));
#1080 = ORIENTED_EDGE('',*,*,#435,.F.);
#1081 = ORIENTED_EDGE('',*,*,#1059,.T.);
#1082 = ORIENTED_EDGE('',*,*,#47,.T.);
#1083 = PLANE('',#1084);
#1084 = AXIS2_PLACEMENT_3D('',#1085,#1086,#1087);
#1085 = CARTESIAN_POINT('',(0.461207809619,-18.,30.73));
#1086 = DIRECTION('',(0.,0.,1.));
#1087 = DIRECTION('',(1.,0.,-0.));
#1088 = ADVANCED_FACE('',(#1089),#1100,.F.);
#1089 = FACE_BOUND('',#1090,.T.);
#1090 = EDGE_LOOP('',(#1091,#1092,#1098,#1099));
#1091 = ORIENTED_EDGE('',*,*,#186,.F.);
#1092 = ORIENTED_EDGE('',*,*,#1093,.F.);
#1093 = EDGE_CURVE('',#445,#177,#1094,.T.);
#1094 = LINE('',#1095,#1096);
#1095 = CARTESIAN_POINT('',(-4.5024931889,16.908283795,30.4131815972));
#1096 = VECTOR('',#1097,1.);
#1097 = DIRECTION('',(0.,1.,0.));
#1098 = ORIENTED_EDGE('',*,*,#444,.F.);
#1099 = ORIENTED_EDGE('',*,*,#1075,.T.);
#1100 = PLANE('',#1101);
#1101 = AXIS2_PLACEMENT_3D('',#1102,#1103,#1104);
#1102 = CARTESIAN_POINT('',(-4.31438226223,-18.,30.73));
#1103 = DIRECTION('',(0.859854743841,0.,-0.510538754155));
#1104 = DIRECTION('',(-0.510538754155,0.,-0.859854743841));
#1105 = ADVANCED_FACE('',(#1106),#1117,.F.);
#1106 = FACE_BOUND('',#1107,.F.);
#1107 = EDGE_LOOP('',(#1108,#1109,#1110,#1116));
#1108 = ORIENTED_EDGE('',*,*,#1093,.F.);
#1109 = ORIENTED_EDGE('',*,*,#453,.F.);
#1110 = ORIENTED_EDGE('',*,*,#1111,.T.);
#1111 = EDGE_CURVE('',#454,#169,#1112,.T.);
#1112 = LINE('',#1113,#1114);
#1113 = CARTESIAN_POINT('',(-4.155,-1.26852228071E-03,29.6022357132));
#1114 = VECTOR('',#1115,1.);
#1115 = DIRECTION('',(0.,1.,0.));
#1116 = ORIENTED_EDGE('',*,*,#176,.T.);
#1117 = CYLINDRICAL_SURFACE('',#1118,1.12);
#1118 = AXIS2_PLACEMENT_3D('',#1119,#1120,#1121);
#1119 = CARTESIAN_POINT('',(-5.275,0.410000000283,29.6022357132));
#1120 = DIRECTION('',(0.,1.,-0.));
#1121 = DIRECTION('',(0.689738224193,0.,0.724058825018));
#1122 = ADVANCED_FACE('',(#1123),#1134,.F.);
#1123 = FACE_BOUND('',#1124,.T.);
#1124 = EDGE_LOOP('',(#1125,#1126,#1132,#1133));
#1125 = ORIENTED_EDGE('',*,*,#168,.F.);
#1126 = ORIENTED_EDGE('',*,*,#1127,.T.);
#1127 = EDGE_CURVE('',#159,#464,#1128,.T.);
#1128 = LINE('',#1129,#1130);
#1129 = CARTESIAN_POINT('',(-4.155,16.9970138812,27.65));
#1130 = VECTOR('',#1131,1.);
#1131 = DIRECTION('',(0.,-1.,0.));
#1132 = ORIENTED_EDGE('',*,*,#463,.T.);
#1133 = ORIENTED_EDGE('',*,*,#1111,.T.);
#1134 = PLANE('',#1135);
#1135 = AXIS2_PLACEMENT_3D('',#1136,#1137,#1138);
#1136 = CARTESIAN_POINT('',(-4.155,-18.,29.6022357132));
#1137 = DIRECTION('',(1.,-0.,0.));
#1138 = DIRECTION('',(0.,0.,-1.));
#1139 = ADVANCED_FACE('',(#1140),#1151,.T.);
#1140 = FACE_BOUND('',#1141,.T.);
#1141 = EDGE_LOOP('',(#1142,#1148,#1149,#1150));
#1142 = ORIENTED_EDGE('',*,*,#1143,.F.);
#1143 = EDGE_CURVE('',#472,#150,#1144,.T.);
#1144 = LINE('',#1145,#1146);
#1145 = CARTESIAN_POINT('',(-3.775,-1.26852228071E-03,27.27));
#1146 = VECTOR('',#1147,1.);
#1147 = DIRECTION('',(0.,1.,0.));
#1148 = ORIENTED_EDGE('',*,*,#471,.F.);
#1149 = ORIENTED_EDGE('',*,*,#1127,.F.);
#1150 = ORIENTED_EDGE('',*,*,#158,.T.);
#1151 = CYLINDRICAL_SURFACE('',#1152,0.38);
#1152 = AXIS2_PLACEMENT_3D('',#1153,#1154,#1155);
#1153 = CARTESIAN_POINT('',(-3.775,0.410000000283,27.65));
#1154 = DIRECTION('',(0.,1.,-0.));
#1155 = DIRECTION('',(-1.59265981953E-15,0.,-1.));
#1156 = ADVANCED_FACE('',(#1157),#1168,.F.);
#1157 = FACE_BOUND('',#1158,.T.);
#1158 = EDGE_LOOP('',(#1159,#1160,#1166,#1167));
#1159 = ORIENTED_EDGE('',*,*,#149,.F.);
#1160 = ORIENTED_EDGE('',*,*,#1161,.T.);
#1161 = EDGE_CURVE('',#141,#482,#1162,.T.);
#1162 = LINE('',#1163,#1164);
#1163 = CARTESIAN_POINT('',(-0.739509972887,17.4818657825,27.27));
#1164 = VECTOR('',#1165,1.);
#1165 = DIRECTION('',(0.,-1.,0.));
#1166 = ORIENTED_EDGE('',*,*,#481,.T.);
#1167 = ORIENTED_EDGE('',*,*,#1143,.T.);
#1168 = PLANE('',#1169);
#1169 = AXIS2_PLACEMENT_3D('',#1170,#1171,#1172);
#1170 = CARTESIAN_POINT('',(0.739509972887,-18.,27.27));
#1171 = DIRECTION('',(0.,0.,1.));
#1172 = DIRECTION('',(1.,0.,-0.));
#1173 = ADVANCED_FACE('',(#1174),#1180,.F.);
#1174 = FACE_BOUND('',#1175,.F.);
#1175 = EDGE_LOOP('',(#1176,#1177,#1178,#1179));
#1176 = ORIENTED_EDGE('',*,*,#1161,.T.);
#1177 = ORIENTED_EDGE('',*,*,#490,.F.);
#1178 = ORIENTED_EDGE('',*,*,#917,.T.);
#1179 = ORIENTED_EDGE('',*,*,#140,.F.);
#1180 = CYLINDRICAL_SURFACE('',#1181,1.12);
#1181 = AXIS2_PLACEMENT_3D('',#1182,#1183,#1184);
#1182 = CARTESIAN_POINT('',(-0.739509972887,0.410000000283,26.15));
#1183 = DIRECTION('',(0.,1.,-0.));
#1184 = DIRECTION('',(-6.12323399574E-17,0.,1.));
#1185 = ADVANCED_FACE('',(#1186,#1222),#1240,.T.);
#1186 = FACE_BOUND('',#1187,.T.);
#1187 = EDGE_LOOP('',(#1188,#1199,#1207,#1216));
#1188 = ORIENTED_EDGE('',*,*,#1189,.F.);
#1189 = EDGE_CURVE('',#1190,#1192,#1194,.T.);
#1190 = VERTEX_POINT('',#1191);
#1191 = CARTESIAN_POINT('',(15.3576948331,8.38994692557,48.35));
#1192 = VERTEX_POINT('',#1193);
#1193 = CARTESIAN_POINT('',(-16.9115345253,4.5,48.35));
#1194 = CIRCLE('',#1195,17.5);
#1195 = AXIS2_PLACEMENT_3D('',#1196,#1197,#1198);
#1196 = CARTESIAN_POINT('',(0.,0.,48.35));
#1197 = DIRECTION('',(0.,0.,1.));
#1198 = DIRECTION('',(1.,0.,-0.));
#1199 = ORIENTED_EDGE('',*,*,#1200,.F.);
#1200 = EDGE_CURVE('',#1201,#1190,#1203,.T.);
#1201 = VERTEX_POINT('',#1202);
#1202 = CARTESIAN_POINT('',(15.3576948331,8.38994692557,8.33293894736));
#1203 = LINE('',#1204,#1205);
#1204 = CARTESIAN_POINT('',(15.3576948331,8.38994692557,24.75));
#1205 = VECTOR('',#1206,1.);
#1206 = DIRECTION('',(0.,0.,1.));
#1207 = ORIENTED_EDGE('',*,*,#1208,.T.);
#1208 = EDGE_CURVE('',#1201,#1209,#1211,.T.);
#1209 = VERTEX_POINT('',#1210);
#1210 = CARTESIAN_POINT('',(-16.9115345253,4.5,8.33293894736));
#1211 = CIRCLE('',#1212,17.5);
#1212 = AXIS2_PLACEMENT_3D('',#1213,#1214,#1215);
#1213 = CARTESIAN_POINT('',(0.,0.,8.33293894736));
#1214 = DIRECTION('',(0.,0.,1.));
#1215 = DIRECTION('',(1.,0.,-0.));
#1216 = ORIENTED_EDGE('',*,*,#1217,.T.);
#1217 = EDGE_CURVE('',#1209,#1192,#1218,.T.);
#1218 = LINE('',#1219,#1220);
#1219 = CARTESIAN_POINT('',(-16.9115345253,4.5,24.75));
#1220 = VECTOR('',#1221,1.);
#1221 = DIRECTION('',(0.,0.,1.));
#1222 = FACE_BOUND('',#1223,.T.);
#1223 = EDGE_LOOP('',(#1224,#1225,#1226,#1227,#1228,#1229,#1230,#1231,
    #1232,#1233,#1234,#1235,#1236,#1237,#1238,#1239));
#1224 = ORIENTED_EDGE('',*,*,#649,.F.);
#1225 = ORIENTED_EDGE('',*,*,#623,.F.);
#1226 = ORIENTED_EDGE('',*,*,#599,.T.);
#1227 = ORIENTED_EDGE('',*,*,#573,.T.);
#1228 = ORIENTED_EDGE('',*,*,#548,.F.);
#1229 = ORIENTED_EDGE('',*,*,#522,.T.);
#1230 = ORIENTED_EDGE('',*,*,#901,.T.);
#1231 = ORIENTED_EDGE('',*,*,#883,.F.);
#1232 = ORIENTED_EDGE('',*,*,#857,.F.);
#1233 = ORIENTED_EDGE('',*,*,#823,.F.);
#1234 = ORIENTED_EDGE('',*,*,#807,.T.);
#1235 = ORIENTED_EDGE('',*,*,#770,.T.);
#1236 = ORIENTED_EDGE('',*,*,#745,.T.);
#1237 = ORIENTED_EDGE('',*,*,#718,.T.);
#1238 = ORIENTED_EDGE('',*,*,#701,.F.);
#1239 = ORIENTED_EDGE('',*,*,#666,.T.);
#1240 = CYLINDRICAL_SURFACE('',#1241,17.5);
#1241 = AXIS2_PLACEMENT_3D('',#1242,#1243,#1244);
#1242 = CARTESIAN_POINT('',(0.,0.,25.625));
#1243 = DIRECTION('',(0.,0.,1.));
#1244 = DIRECTION('',(-0.87758256189,-0.479425538604,0.));
#1245 = ADVANCED_FACE('',(#1246,#1266,#1351),#1436,.F.);
#1246 = FACE_BOUND('',#1247,.T.);
#1247 = EDGE_LOOP('',(#1248,#1259));
#1248 = ORIENTED_EDGE('',*,*,#1249,.F.);
#1249 = EDGE_CURVE('',#1250,#1252,#1254,.T.);
#1250 = VERTEX_POINT('',#1251);
#1251 = CARTESIAN_POINT('',(-13.6025297093,-7.43109584837,1.35));
#1252 = VERTEX_POINT('',#1253);
#1253 = CARTESIAN_POINT('',(13.6025297093,7.43109584837,1.35));
#1254 = CIRCLE('',#1255,15.5);
#1255 = AXIS2_PLACEMENT_3D('',#1256,#1257,#1258);
#1256 = CARTESIAN_POINT('',(0.,0.,1.35));
#1257 = DIRECTION('',(0.,0.,1.));
#1258 = DIRECTION('',(1.,0.,-0.));
#1259 = ORIENTED_EDGE('',*,*,#1260,.F.);
#1260 = EDGE_CURVE('',#1252,#1250,#1261,.T.);
#1261 = CIRCLE('',#1262,15.5);
#1262 = AXIS2_PLACEMENT_3D('',#1263,#1264,#1265);
#1263 = CARTESIAN_POINT('',(0.,0.,1.35));
#1264 = DIRECTION('',(0.,0.,1.));
#1265 = DIRECTION('',(1.,0.,-0.));
#1266 = FACE_BOUND('',#1267,.T.);
#1267 = EDGE_LOOP('',(#1268,#1278,#1286,#1294,#1303,#1311,#1319,#1328,
    #1336,#1344));
#1268 = ORIENTED_EDGE('',*,*,#1269,.F.);
#1269 = EDGE_CURVE('',#1270,#1272,#1274,.T.);
#1270 = VERTEX_POINT('',#1271);
#1271 = CARTESIAN_POINT('',(-5.75334725468,0.462972135687,1.35));
#1272 = VERTEX_POINT('',#1273);
#1273 = CARTESIAN_POINT('',(-5.61023754328,1.04554864456,1.35));
#1274 = LINE('',#1275,#1276);
#1275 = CARTESIAN_POINT('',(-5.68179239898,0.754260390126,1.35));
#1276 = VECTOR('',#1277,1.);
#1277 = DIRECTION('',(0.238557347582,0.97112841165,0.));
#1278 = ORIENTED_EDGE('',*,*,#1279,.F.);
#1279 = EDGE_CURVE('',#1280,#1270,#1282,.T.);
#1280 = VERTEX_POINT('',#1281);
#1281 = CARTESIAN_POINT('',(-4.32320920459,-0.614714184166,1.35));
#1282 = LINE('',#1283,#1284);
#1283 = CARTESIAN_POINT('',(-5.03827822963,-7.58710242395E-02,1.35));
#1284 = VECTOR('',#1285,1.);
#1285 = DIRECTION('',(-0.798635510047,0.601815023152,0.));
#1286 = ORIENTED_EDGE('',*,*,#1287,.T.);
#1287 = EDGE_CURVE('',#1280,#1288,#1290,.T.);
#1288 = VERTEX_POINT('',#1289);
#1289 = CARTESIAN_POINT('',(-3.80264766616,-0.316568773733,1.35));
#1290 = LINE('',#1291,#1292);
#1291 = CARTESIAN_POINT('',(-4.06292843537,-0.46564147895,1.35));
#1292 = VECTOR('',#1293,1.);
#1293 = DIRECTION('',(0.867753227459,0.496995308061,0.));
#1294 = ORIENTED_EDGE('',*,*,#1295,.F.);
#1295 = EDGE_CURVE('',#1296,#1288,#1298,.T.);
#1296 = VERTEX_POINT('',#1297);
#1297 = CARTESIAN_POINT('',(-3.48138156792,-0.199883458258,1.35));
#1298 = CIRCLE('',#1299,1.);
#1299 = AXIS2_PLACEMENT_3D('',#1300,#1301,#1302);
#1300 = CARTESIAN_POINT('',(-3.3056523581,-1.18432200119,1.35));
#1301 = DIRECTION('',(0.,0.,1.));
#1302 = DIRECTION('',(1.,0.,-0.));
#1303 = ORIENTED_EDGE('',*,*,#1304,.F.);
#1304 = EDGE_CURVE('',#1305,#1296,#1307,.T.);
#1305 = VERTEX_POINT('',#1306);
#1306 = CARTESIAN_POINT('',(-1.77136706377,0.105366168304,1.35));
#1307 = LINE('',#1308,#1309);
#1308 = CARTESIAN_POINT('',(-2.62637431585,-4.7258644977E-02,1.35));
#1309 = VECTOR('',#1310,1.);
#1310 = DIRECTION('',(-0.984438542934,-0.175729209825,0.));
#1311 = ORIENTED_EDGE('',*,*,#1312,.F.);
#1312 = EDGE_CURVE('',#1313,#1305,#1315,.T.);
#1313 = VERTEX_POINT('',#1314);
#1314 = CARTESIAN_POINT('',(-0.169966161471,2.23049694304,1.35));
#1315 = LINE('',#1316,#1317);
#1316 = CARTESIAN_POINT('',(-0.970666612621,1.16793155567,1.35));
#1317 = VECTOR('',#1318,1.);
#1318 = DIRECTION('',(-0.601815023152,-0.798635510047,0.));
#1319 = ORIENTED_EDGE('',*,*,#1320,.T.);
#1320 = EDGE_CURVE('',#1313,#1321,#1323,.T.);
#1321 = VERTEX_POINT('',#1322);
#1322 = CARTESIAN_POINT('',(-4.16314371171,5.2395720588,1.35));
#1323 = CIRCLE('',#1324,2.8);
#1324 = AXIS2_PLACEMENT_3D('',#1325,#1326,#1327);
#1325 = CARTESIAN_POINT('',(-2.92541480648,2.72799344025,1.35));
#1326 = DIRECTION('',(0.,0.,1.));
#1327 = DIRECTION('',(1.,0.,-0.));
#1328 = ORIENTED_EDGE('',*,*,#1329,.F.);
#1329 = EDGE_CURVE('',#1330,#1321,#1332,.T.);
#1330 = VERTEX_POINT('',#1331);
#1331 = CARTESIAN_POINT('',(-5.76454461401,3.11444128406,1.35));
#1332 = LINE('',#1333,#1334);
#1333 = CARTESIAN_POINT('',(-4.96384416286,4.17700667143,1.35));
#1334 = VECTOR('',#1335,1.);
#1335 = DIRECTION('',(0.601815023152,0.798635510047,0.));
#1336 = ORIENTED_EDGE('',*,*,#1337,.F.);
#1337 = EDGE_CURVE('',#1338,#1330,#1340,.T.);
#1338 = VERTEX_POINT('',#1339);
#1339 = CARTESIAN_POINT('',(-5.58662535687,1.38653227082,1.35));
#1340 = LINE('',#1341,#1342);
#1341 = CARTESIAN_POINT('',(-5.67558487694,2.25048678861,1.35));
#1342 = VECTOR('',#1343,1.);
#1343 = DIRECTION('',(-0.102426278677,0.994740598064,0.));
#1344 = ORIENTED_EDGE('',*,*,#1345,.F.);
#1345 = EDGE_CURVE('',#1272,#1338,#1346,.T.);
#1346 = CIRCLE('',#1347,1.);
#1347 = AXIS2_PLACEMENT_3D('',#1348,#1349,#1350);
#1348 = CARTESIAN_POINT('',(-6.58136595493,1.28410599215,1.35));
#1349 = DIRECTION('',(0.,0.,1.));
#1350 = DIRECTION('',(1.,0.,-0.));
#1351 = FACE_BOUND('',#1352,.T.);
#1352 = EDGE_LOOP('',(#1353,#1363,#1371,#1380,#1388,#1396,#1405,#1413,
    #1421,#1430));
#1353 = ORIENTED_EDGE('',*,*,#1354,.F.);
#1354 = EDGE_CURVE('',#1355,#1357,#1359,.T.);
#1355 = VERTEX_POINT('',#1356);
#1356 = CARTESIAN_POINT('',(4.32320920459,0.614714184166,1.35));
#1357 = VERTEX_POINT('',#1358);
#1358 = CARTESIAN_POINT('',(5.75334725468,-0.462972135687,1.35));
#1359 = LINE('',#1360,#1361);
#1360 = CARTESIAN_POINT('',(5.03827822963,7.58710242395E-02,1.35));
#1361 = VECTOR('',#1362,1.);
#1362 = DIRECTION('',(0.798635510047,-0.601815023152,0.));
#1363 = ORIENTED_EDGE('',*,*,#1364,.T.);
#1364 = EDGE_CURVE('',#1355,#1365,#1367,.T.);
#1365 = VERTEX_POINT('',#1366);
#1366 = CARTESIAN_POINT('',(3.80264766616,0.316568773733,1.35));
#1367 = LINE('',#1368,#1369);
#1368 = CARTESIAN_POINT('',(4.06292843537,0.46564147895,1.35));
#1369 = VECTOR('',#1370,1.);
#1370 = DIRECTION('',(-0.867753227459,-0.496995308061,0.));
#1371 = ORIENTED_EDGE('',*,*,#1372,.F.);
#1372 = EDGE_CURVE('',#1373,#1365,#1375,.T.);
#1373 = VERTEX_POINT('',#1374);
#1374 = CARTESIAN_POINT('',(3.48138156792,0.199883458258,1.35));
#1375 = CIRCLE('',#1376,1.);
#1376 = AXIS2_PLACEMENT_3D('',#1377,#1378,#1379);
#1377 = CARTESIAN_POINT('',(3.3056523581,1.18432200119,1.35));
#1378 = DIRECTION('',(0.,0.,1.));
#1379 = DIRECTION('',(1.,0.,-0.));
#1380 = ORIENTED_EDGE('',*,*,#1381,.T.);
#1381 = EDGE_CURVE('',#1373,#1382,#1384,.T.);
#1382 = VERTEX_POINT('',#1383);
#1383 = CARTESIAN_POINT('',(1.77136706377,-0.105366168304,1.35));
#1384 = LINE('',#1385,#1386);
#1385 = CARTESIAN_POINT('',(2.62637431585,4.7258644977E-02,1.35));
#1386 = VECTOR('',#1387,1.);
#1387 = DIRECTION('',(-0.984438542934,-0.175729209825,0.));
#1388 = ORIENTED_EDGE('',*,*,#1389,.T.);
#1389 = EDGE_CURVE('',#1382,#1390,#1392,.T.);
#1390 = VERTEX_POINT('',#1391);
#1391 = CARTESIAN_POINT('',(0.169966161471,-2.23049694304,1.35));
#1392 = LINE('',#1393,#1394);
#1393 = CARTESIAN_POINT('',(0.970666612621,-1.16793155567,1.35));
#1394 = VECTOR('',#1395,1.);
#1395 = DIRECTION('',(-0.601815023152,-0.798635510047,0.));
#1396 = ORIENTED_EDGE('',*,*,#1397,.T.);
#1397 = EDGE_CURVE('',#1390,#1398,#1400,.T.);
#1398 = VERTEX_POINT('',#1399);
#1399 = CARTESIAN_POINT('',(4.16314371171,-5.2395720588,1.35));
#1400 = CIRCLE('',#1401,2.8);
#1401 = AXIS2_PLACEMENT_3D('',#1402,#1403,#1404);
#1402 = CARTESIAN_POINT('',(2.92541480648,-2.72799344025,1.35));
#1403 = DIRECTION('',(0.,0.,1.));
#1404 = DIRECTION('',(1.,0.,-0.));
#1405 = ORIENTED_EDGE('',*,*,#1406,.T.);
#1406 = EDGE_CURVE('',#1398,#1407,#1409,.T.);
#1407 = VERTEX_POINT('',#1408);
#1408 = CARTESIAN_POINT('',(5.76454461401,-3.11444128406,1.35));
#1409 = LINE('',#1410,#1411);
#1410 = CARTESIAN_POINT('',(4.96384416286,-4.17700667143,1.35));
#1411 = VECTOR('',#1412,1.);
#1412 = DIRECTION('',(0.601815023152,0.798635510047,0.));
#1413 = ORIENTED_EDGE('',*,*,#1414,.T.);
#1414 = EDGE_CURVE('',#1407,#1415,#1417,.T.);
#1415 = VERTEX_POINT('',#1416);
#1416 = CARTESIAN_POINT('',(5.58662551139,-1.3865316418,1.35));
#1417 = LINE('',#1418,#1419);
#1418 = CARTESIAN_POINT('',(5.6755850627,-2.25048646293,1.35));
#1419 = VECTOR('',#1420,1.);
#1420 = DIRECTION('',(-0.102426278677,0.994740598064,0.));
#1421 = ORIENTED_EDGE('',*,*,#1422,.F.);
#1422 = EDGE_CURVE('',#1423,#1415,#1425,.T.);
#1423 = VERTEX_POINT('',#1424);
#1424 = CARTESIAN_POINT('',(5.6102376978,-1.04554801554,1.35));
#1425 = CIRCLE('',#1426,1.);
#1426 = AXIS2_PLACEMENT_3D('',#1427,#1428,#1429);
#1427 = CARTESIAN_POINT('',(6.58136610945,-1.28410536312,1.35));
#1428 = DIRECTION('',(0.,0.,1.));
#1429 = DIRECTION('',(1.,0.,-0.));
#1430 = ORIENTED_EDGE('',*,*,#1431,.F.);
#1431 = EDGE_CURVE('',#1357,#1423,#1432,.T.);
#1432 = LINE('',#1433,#1434);
#1433 = CARTESIAN_POINT('',(5.68179247624,-0.754260075612,1.35));
#1434 = VECTOR('',#1435,1.);
#1435 = DIRECTION('',(-0.238557347582,-0.97112841165,0.));
#1436 = PLANE('',#1437);
#1437 = AXIS2_PLACEMENT_3D('',#1438,#1439,#1440);
#1438 = CARTESIAN_POINT('',(0.,0.,1.35));
#1439 = DIRECTION('',(0.,0.,1.));
#1440 = DIRECTION('',(1.,0.,-0.));
#1441 = ADVANCED_FACE('',(#1442),#1590,.T.);
#1442 = FACE_BOUND('',#1443,.T.);
#1443 = EDGE_LOOP('',(#1444,#1455,#1464,#1473,#1483,#1491,#1501,#1510,
    #1519,#1528,#1537,#1547,#1555,#1565,#1574,#1583));
#1444 = ORIENTED_EDGE('',*,*,#1445,.F.);
#1445 = EDGE_CURVE('',#1446,#1448,#1450,.T.);
#1446 = VERTEX_POINT('',#1447);
#1447 = CARTESIAN_POINT('',(-0.461207809619,-17.4939214402,30.73));
#1448 = VERTEX_POINT('',#1449);
#1449 = CARTESIAN_POINT('',(-2.45053155957E-15,-17.5,31.1169993029));
#1450 = B_SPLINE_CURVE_WITH_KNOTS('',3,(#1451,#1452,#1453,#1454),
  .UNSPECIFIED.,.F.,.F.,(4,4),(0.,0.851497753072),
  .PIECEWISE_BEZIER_KNOTS.);
#1451 = CARTESIAN_POINT('',(-0.461207809619,-17.4939214402,30.73));
#1452 = CARTESIAN_POINT('',(-0.30749407671,-17.4979739321,30.8589811366)
  );
#1453 = CARTESIAN_POINT('',(-0.153745077694,-17.5,30.987991865));
#1454 = CARTESIAN_POINT('',(-3.22395052509E-15,-17.5,31.1169993029));
#1455 = ORIENTED_EDGE('',*,*,#1456,.F.);
#1456 = EDGE_CURVE('',#1457,#1446,#1459,.T.);
#1457 = VERTEX_POINT('',#1458);
#1458 = CARTESIAN_POINT('',(-4.31438226223,-16.9598380209,30.73));
#1459 = CIRCLE('',#1460,17.5);
#1460 = AXIS2_PLACEMENT_3D('',#1461,#1462,#1463);
#1461 = CARTESIAN_POINT('',(0.,0.,30.73));
#1462 = DIRECTION('',(0.,0.,1.));
#1463 = DIRECTION('',(1.,0.,-0.));
#1464 = ORIENTED_EDGE('',*,*,#1465,.F.);
#1465 = EDGE_CURVE('',#1466,#1457,#1468,.T.);
#1466 = VERTEX_POINT('',#1467);
#1467 = CARTESIAN_POINT('',(-4.5024931889,-16.9108709144,30.4131815972)
  );
#1468 = B_SPLINE_CURVE_WITH_KNOTS('',3,(#1469,#1470,#1471,#1472),
  .UNSPECIFIED.,.F.,.F.,(4,4),(0.,0.52565690875),
  .PIECEWISE_BEZIER_KNOTS.);
#1469 = CARTESIAN_POINT('',(-4.5024931889,-16.9108709144,30.4131815972)
  );
#1470 = CARTESIAN_POINT('',(-4.43981459804,-16.9275589922,30.5187455397)
  );
#1471 = CARTESIAN_POINT('',(-4.37711043692,-16.943880715,30.6243525479)
  );
#1472 = CARTESIAN_POINT('',(-4.31438226223,-16.9598380209,30.73));
#1473 = ORIENTED_EDGE('',*,*,#1474,.F.);
#1474 = EDGE_CURVE('',#1475,#1466,#1477,.T.);
#1475 = VERTEX_POINT('',#1476);
#1476 = CARTESIAN_POINT('',(-4.155,-16.999587495,29.6022357132));
#1477 = B_SPLINE_CURVE_WITH_KNOTS('',4,(#1478,#1479,#1480,#1481,#1482),
  .UNSPECIFIED.,.F.,.F.,(5,5),(0.,1.29055102094),
  .PIECEWISE_BEZIER_KNOTS.);
#1478 = CARTESIAN_POINT('',(-4.155,-16.999587495,29.6022357131));
#1479 = CARTESIAN_POINT('',(-4.155,-16.999587495,29.8303750577));
#1480 = CARTESIAN_POINT('',(-4.21720757071,-16.9844810375,30.0588928209)
  );
#1481 = CARTESIAN_POINT('',(-4.34029338159,-16.9540563619,30.2586701083)
  );
#1482 = CARTESIAN_POINT('',(-4.50249318891,-16.9108709144,30.4131815972)
  );
#1483 = ORIENTED_EDGE('',*,*,#1484,.F.);
#1484 = EDGE_CURVE('',#1485,#1475,#1487,.T.);
#1485 = VERTEX_POINT('',#1486);
#1486 = CARTESIAN_POINT('',(-4.155,-16.999587495,27.65));
#1487 = LINE('',#1488,#1489);
#1488 = CARTESIAN_POINT('',(-4.155,-16.999587495,24.75));
#1489 = VECTOR('',#1490,1.);
#1490 = DIRECTION('',(0.,0.,1.));
#1491 = ORIENTED_EDGE('',*,*,#1492,.T.);
#1492 = EDGE_CURVE('',#1485,#1493,#1495,.T.);
#1493 = VERTEX_POINT('',#1494);
#1494 = CARTESIAN_POINT('',(-3.775,-17.0879892029,27.27));
#1495 = B_SPLINE_CURVE_WITH_KNOTS('',4,(#1496,#1497,#1498,#1499,#1500),
  .UNSPECIFIED.,.F.,.F.,(5,5),(0.,0.854514853652),
  .PIECEWISE_BEZIER_KNOTS.);
#1496 = CARTESIAN_POINT('',(-4.155,-16.999587495,27.65));
#1497 = CARTESIAN_POINT('',(-4.155,-16.999587495,27.4989416881));
#1498 = CARTESIAN_POINT('',(-4.07163822999,-17.0203174158,27.3459014015)
  );
#1499 = CARTESIAN_POINT('',(-3.92250187445,-17.0554037671,27.27));
#1500 = CARTESIAN_POINT('',(-3.775,-17.0879892029,27.27));
#1501 = ORIENTED_EDGE('',*,*,#1502,.T.);
#1502 = EDGE_CURVE('',#1493,#1503,#1505,.T.);
#1503 = VERTEX_POINT('',#1504);
#1504 = CARTESIAN_POINT('',(-0.739509972887,-17.4843680183,27.27));
#1505 = CIRCLE('',#1506,17.5);
#1506 = AXIS2_PLACEMENT_3D('',#1507,#1508,#1509);
#1507 = CARTESIAN_POINT('',(0.,0.,27.27));
#1508 = DIRECTION('',(0.,0.,1.));
#1509 = DIRECTION('',(1.,0.,-0.));
#1510 = ORIENTED_EDGE('',*,*,#1511,.T.);
#1511 = EDGE_CURVE('',#1503,#1512,#1514,.T.);
#1512 = VERTEX_POINT('',#1513);
#1513 = CARTESIAN_POINT('',(-2.10942374679E-15,-17.5,26.9911450529));
#1514 = B_SPLINE_CURVE_WITH_KNOTS('',3,(#1515,#1516,#1517,#1518),
  .UNSPECIFIED.,.F.,.F.,(4,4),(0.,1.14260336507),
  .PIECEWISE_BEZIER_KNOTS.);
#1515 = CARTESIAN_POINT('',(-0.739509972889,-17.4843680183,27.27));
#1516 = CARTESIAN_POINT('',(-0.470436343553,-17.4957486202,27.27));
#1517 = CARTESIAN_POINT('',(-0.202260985301,-17.5,27.168966958));
#1518 = CARTESIAN_POINT('',(1.92412752398E-12,-17.5,26.9911450529));
#1519 = ORIENTED_EDGE('',*,*,#1520,.T.);
#1520 = EDGE_CURVE('',#1512,#1521,#1523,.T.);
#1521 = VERTEX_POINT('',#1522);
#1522 = CARTESIAN_POINT('',(0.739509972887,-17.4843680183,27.27));
#1523 = B_SPLINE_CURVE_WITH_KNOTS('',3,(#1524,#1525,#1526,#1527),
  .UNSPECIFIED.,.F.,.F.,(4,4),(0.,1.14260306274),
  .PIECEWISE_BEZIER_KNOTS.);
#1524 = CARTESIAN_POINT('',(-7.18147763479E-13,-17.5,26.9911450529));
#1525 = CARTESIAN_POINT('',(0.202260931785,-17.5,27.1689669109));
#1526 = CARTESIAN_POINT('',(0.47043641475,-17.4957486172,27.27));
#1527 = CARTESIAN_POINT('',(0.739509972889,-17.4843680183,27.27));
#1528 = ORIENTED_EDGE('',*,*,#1529,.T.);
#1529 = EDGE_CURVE('',#1521,#1530,#1532,.T.);
#1530 = VERTEX_POINT('',#1531);
#1531 = CARTESIAN_POINT('',(3.775,-17.0879892029,27.27));
#1532 = CIRCLE('',#1533,17.5);
#1533 = AXIS2_PLACEMENT_3D('',#1534,#1535,#1536);
#1534 = CARTESIAN_POINT('',(0.,0.,27.27));
#1535 = DIRECTION('',(0.,0.,1.));
#1536 = DIRECTION('',(1.,0.,-0.));
#1537 = ORIENTED_EDGE('',*,*,#1538,.F.);
#1538 = EDGE_CURVE('',#1539,#1530,#1541,.T.);
#1539 = VERTEX_POINT('',#1540);
#1540 = CARTESIAN_POINT('',(4.155,-16.999587495,27.65));
#1541 = B_SPLINE_CURVE_WITH_KNOTS('',4,(#1542,#1543,#1544,#1545,#1546),
  .UNSPECIFIED.,.F.,.F.,(5,5),(0.,0.854514853638),
  .PIECEWISE_BEZIER_KNOTS.);
#1542 = CARTESIAN_POINT('',(4.155,-16.999587495,27.65));
#1543 = CARTESIAN_POINT('',(4.155,-16.999587495,27.4989416881));
#1544 = CARTESIAN_POINT('',(4.07163823,-17.0203174158,27.3459014015));
#1545 = CARTESIAN_POINT('',(3.92250187445,-17.0554037671,27.27));
#1546 = CARTESIAN_POINT('',(3.775,-17.0879892029,27.27));
#1547 = ORIENTED_EDGE('',*,*,#1548,.T.);
#1548 = EDGE_CURVE('',#1539,#1549,#1551,.T.);
#1549 = VERTEX_POINT('',#1550);
#1550 = CARTESIAN_POINT('',(4.155,-16.999587495,29.6022357132));
#1551 = LINE('',#1552,#1553);
#1552 = CARTESIAN_POINT('',(4.155,-16.999587495,24.75));
#1553 = VECTOR('',#1554,1.);
#1554 = DIRECTION('',(0.,0.,1.));
#1555 = ORIENTED_EDGE('',*,*,#1556,.T.);
#1556 = EDGE_CURVE('',#1549,#1557,#1559,.T.);
#1557 = VERTEX_POINT('',#1558);
#1558 = CARTESIAN_POINT('',(4.5024931889,-16.9108709144,30.4131815972));
#1559 = B_SPLINE_CURVE_WITH_KNOTS('',4,(#1560,#1561,#1562,#1563,#1564),
  .UNSPECIFIED.,.F.,.F.,(5,5),(0.,1.29055102095),
  .PIECEWISE_BEZIER_KNOTS.);
#1560 = CARTESIAN_POINT('',(4.155,-16.999587495,29.6022357132));
#1561 = CARTESIAN_POINT('',(4.155,-16.999587495,29.8303750577));
#1562 = CARTESIAN_POINT('',(4.21720757071,-16.9844810375,30.0588928209)
  );
#1563 = CARTESIAN_POINT('',(4.34029338159,-16.9540563619,30.2586701083)
  );
#1564 = CARTESIAN_POINT('',(4.5024931889,-16.9108709144,30.4131815972));
#1565 = ORIENTED_EDGE('',*,*,#1566,.T.);
#1566 = EDGE_CURVE('',#1557,#1567,#1569,.T.);
#1567 = VERTEX_POINT('',#1568);
#1568 = CARTESIAN_POINT('',(4.31438226223,-16.9598380209,30.73));
#1569 = B_SPLINE_CURVE_WITH_KNOTS('',3,(#1570,#1571,#1572,#1573),
  .UNSPECIFIED.,.F.,.F.,(4,4),(0.,0.52565690875),
  .PIECEWISE_BEZIER_KNOTS.);
#1570 = CARTESIAN_POINT('',(4.5024931889,-16.9108709144,30.4131815972));
#1571 = CARTESIAN_POINT('',(4.43981459804,-16.9275589922,30.5187455397)
  );
#1572 = CARTESIAN_POINT('',(4.37711043692,-16.943880715,30.6243525479));
#1573 = CARTESIAN_POINT('',(4.31438226223,-16.9598380209,30.73));
#1574 = ORIENTED_EDGE('',*,*,#1575,.F.);
#1575 = EDGE_CURVE('',#1576,#1567,#1578,.T.);
#1576 = VERTEX_POINT('',#1577);
#1577 = CARTESIAN_POINT('',(0.461207809619,-17.4939214402,30.73));
#1578 = CIRCLE('',#1579,17.5);
#1579 = AXIS2_PLACEMENT_3D('',#1580,#1581,#1582);
#1580 = CARTESIAN_POINT('',(0.,0.,30.73));
#1581 = DIRECTION('',(0.,0.,1.));
#1582 = DIRECTION('',(1.,0.,-0.));
#1583 = ORIENTED_EDGE('',*,*,#1584,.T.);
#1584 = EDGE_CURVE('',#1576,#1448,#1585,.T.);
#1585 = B_SPLINE_CURVE_WITH_KNOTS('',3,(#1586,#1587,#1588,#1589),
  .UNSPECIFIED.,.F.,.F.,(4,4),(0.,0.851497753072),
  .PIECEWISE_BEZIER_KNOTS.);
#1586 = CARTESIAN_POINT('',(0.461207809619,-17.4939214402,30.73));
#1587 = CARTESIAN_POINT('',(0.30749407671,-17.4979739321,30.8589811366)
  );
#1588 = CARTESIAN_POINT('',(0.153745077694,-17.5,30.987991865));
#1589 = CARTESIAN_POINT('',(-1.87584653625E-14,-17.5,31.1169993029));
#1590 = CYLINDRICAL_SURFACE('',#1591,17.5);
#1591 = AXIS2_PLACEMENT_3D('',#1592,#1593,#1594);
#1592 = CARTESIAN_POINT('',(0.,0.,25.625));
#1593 = DIRECTION('',(0.,0.,1.));
#1594 = DIRECTION('',(-0.87758256189,-0.479425538604,0.));
#1595 = ADVANCED_FACE('',(#1596),#1621,.T.);
#1596 = FACE_BOUND('',#1597,.T.);
#1597 = EDGE_LOOP('',(#1598,#1606,#1614,#1620));
#1598 = ORIENTED_EDGE('',*,*,#1599,.T.);
#1599 = EDGE_CURVE('',#1539,#1600,#1602,.T.);
#1600 = VERTEX_POINT('',#1601);
#1601 = CARTESIAN_POINT('',(4.155,-16.9944402673,27.65));
#1602 = LINE('',#1603,#1604);
#1603 = CARTESIAN_POINT('',(4.155,-16.9970138812,27.65));
#1604 = VECTOR('',#1605,1.);
#1605 = DIRECTION('',(0.,1.,0.));
#1606 = ORIENTED_EDGE('',*,*,#1607,.F.);
#1607 = EDGE_CURVE('',#1608,#1600,#1610,.T.);
#1608 = VERTEX_POINT('',#1609);
#1609 = CARTESIAN_POINT('',(4.155,-16.9944402673,29.6022357132));
#1610 = LINE('',#1611,#1612);
#1611 = CARTESIAN_POINT('',(4.155,-16.9944402673,28.6261178566));
#1612 = VECTOR('',#1613,1.);
#1613 = DIRECTION('',(0.,0.,-1.));
#1614 = ORIENTED_EDGE('',*,*,#1615,.F.);
#1615 = EDGE_CURVE('',#1549,#1608,#1616,.T.);
#1616 = LINE('',#1617,#1618);
#1617 = CARTESIAN_POINT('',(4.155,-16.9970138812,29.6022357132));
#1618 = VECTOR('',#1619,1.);
#1619 = DIRECTION('',(0.,1.,0.));
#1620 = ORIENTED_EDGE('',*,*,#1548,.F.);
#1621 = PLANE('',#1622);
#1622 = AXIS2_PLACEMENT_3D('',#1623,#1624,#1625);
#1623 = CARTESIAN_POINT('',(4.155,-18.,29.6022357132));
#1624 = DIRECTION('',(1.,-0.,0.));
#1625 = DIRECTION('',(0.,0.,-1.));
#1626 = ADVANCED_FACE('',(#1627),#1647,.F.);
#1627 = FACE_BOUND('',#1628,.F.);
#1628 = EDGE_LOOP('',(#1629,#1637,#1645,#1646));
#1629 = ORIENTED_EDGE('',*,*,#1630,.T.);
#1630 = EDGE_CURVE('',#1557,#1631,#1633,.T.);
#1631 = VERTEX_POINT('',#1632);
#1632 = CARTESIAN_POINT('',(4.5024931889,-16.9056966755,30.4131815972));
#1633 = LINE('',#1634,#1635);
#1634 = CARTESIAN_POINT('',(4.5024931889,-1.26852228071E-03,
    30.4131815972));
#1635 = VECTOR('',#1636,1.);
#1636 = DIRECTION('',(0.,1.,0.));
#1637 = ORIENTED_EDGE('',*,*,#1638,.F.);
#1638 = EDGE_CURVE('',#1608,#1631,#1639,.T.);
#1639 = B_SPLINE_CURVE_WITH_KNOTS('',4,(#1640,#1641,#1642,#1643,#1644),
  .UNSPECIFIED.,.F.,.F.,(5,5),(0.,1.2905918627),
  .PIECEWISE_BEZIER_KNOTS.);
#1640 = CARTESIAN_POINT('',(4.155,-16.9944402673,29.6022357132));
#1641 = CARTESIAN_POINT('',(4.155,-16.9944402673,29.8303822776));
#1642 = CARTESIAN_POINT('',(4.21721142023,-16.9793285625,30.0589078311)
  );
#1643 = CARTESIAN_POINT('',(4.34030257491,-16.9488928921,30.2586788659)
  );
#1644 = CARTESIAN_POINT('',(4.5024931889,-16.9056966755,30.4131815972));
#1645 = ORIENTED_EDGE('',*,*,#1615,.F.);
#1646 = ORIENTED_EDGE('',*,*,#1556,.T.);
#1647 = CYLINDRICAL_SURFACE('',#1648,1.12);
#1648 = AXIS2_PLACEMENT_3D('',#1649,#1650,#1651);
#1649 = CARTESIAN_POINT('',(5.275,0.410000000283,29.6022357132));
#1650 = DIRECTION('',(0.,1.,-0.));
#1651 = DIRECTION('',(-1.,0.,0.));
#1652 = ADVANCED_FACE('',(#1653),#1674,.T.);
#1653 = FACE_BOUND('',#1654,.T.);
#1654 = EDGE_LOOP('',(#1655,#1656,#1667,#1673));
#1655 = ORIENTED_EDGE('',*,*,#1630,.T.);
#1656 = ORIENTED_EDGE('',*,*,#1657,.T.);
#1657 = EDGE_CURVE('',#1631,#1658,#1660,.T.);
#1658 = VERTEX_POINT('',#1659);
#1659 = CARTESIAN_POINT('',(4.31438226223,-16.9546787258,30.73));
#1660 = B_SPLINE_CURVE_WITH_KNOTS('',5,(#1661,#1662,#1663,#1664,#1665,
    #1666),.UNSPECIFIED.,.F.,.F.,(6,6),(0.,0.525680239616),
  .PIECEWISE_BEZIER_KNOTS.);
#1661 = CARTESIAN_POINT('',(4.5024931889,-16.9056966755,30.4131815972));
#1662 = CARTESIAN_POINT('',(4.46487089766,-16.9154931131,30.4765454561)
  );
#1663 = CARTESIAN_POINT('',(4.42724860642,-16.9252895508,30.539909315));
#1664 = CARTESIAN_POINT('',(4.3896268447,-16.9350858505,30.6032722821));
#1665 = CARTESIAN_POINT('',(4.35200455346,-16.9448822882,30.6666361411)
  );
#1666 = CARTESIAN_POINT('',(4.31438226223,-16.9546787258,30.73));
#1667 = ORIENTED_EDGE('',*,*,#1668,.F.);
#1668 = EDGE_CURVE('',#1567,#1658,#1669,.T.);
#1669 = LINE('',#1670,#1671);
#1670 = CARTESIAN_POINT('',(4.31438226223,-16.9572583734,30.73));
#1671 = VECTOR('',#1672,1.);
#1672 = DIRECTION('',(0.,1.,0.));
#1673 = ORIENTED_EDGE('',*,*,#1566,.F.);
#1674 = PLANE('',#1675);
#1675 = AXIS2_PLACEMENT_3D('',#1676,#1677,#1678);
#1676 = CARTESIAN_POINT('',(4.31438226223,-18.,30.73));
#1677 = DIRECTION('',(0.859854743841,-0.,0.510538754155));
#1678 = DIRECTION('',(0.510538754155,0.,-0.859854743841));
#1679 = ADVANCED_FACE('',(#1680),#1699,.T.);
#1680 = FACE_BOUND('',#1681,.T.);
#1681 = EDGE_LOOP('',(#1682,#1683,#1692,#1698));
#1682 = ORIENTED_EDGE('',*,*,#1668,.T.);
#1683 = ORIENTED_EDGE('',*,*,#1684,.F.);
#1684 = EDGE_CURVE('',#1685,#1658,#1687,.T.);
#1685 = VERTEX_POINT('',#1686);
#1686 = CARTESIAN_POINT('',(0.461207809619,-17.4889197024,30.73));
#1687 = CIRCLE('',#1688,17.495);
#1688 = AXIS2_PLACEMENT_3D('',#1689,#1690,#1691);
#1689 = CARTESIAN_POINT('',(0.,0.,30.73));
#1690 = DIRECTION('',(0.,0.,1.));
#1691 = DIRECTION('',(1.,0.,-0.));
#1692 = ORIENTED_EDGE('',*,*,#1693,.F.);
#1693 = EDGE_CURVE('',#1576,#1685,#1694,.T.);
#1694 = LINE('',#1695,#1696);
#1695 = CARTESIAN_POINT('',(0.461207809619,-17.4914205713,30.73));
#1696 = VECTOR('',#1697,1.);
#1697 = DIRECTION('',(0.,1.,0.));
#1698 = ORIENTED_EDGE('',*,*,#1575,.T.);
#1699 = PLANE('',#1700);
#1700 = AXIS2_PLACEMENT_3D('',#1701,#1702,#1703);
#1701 = CARTESIAN_POINT('',(0.461207809619,-18.,30.73));
#1702 = DIRECTION('',(0.,0.,1.));
#1703 = DIRECTION('',(1.,0.,-0.));
#1704 = ADVANCED_FACE('',(#1705),#1726,.T.);
#1705 = FACE_BOUND('',#1706,.T.);
#1706 = EDGE_LOOP('',(#1707,#1708,#1719,#1725));
#1707 = ORIENTED_EDGE('',*,*,#1693,.T.);
#1708 = ORIENTED_EDGE('',*,*,#1709,.F.);
#1709 = EDGE_CURVE('',#1710,#1685,#1712,.T.);
#1710 = VERTEX_POINT('',#1711);
#1711 = CARTESIAN_POINT('',(5.83849674108E-17,-17.495,31.1169993029));
#1712 = B_SPLINE_CURVE_WITH_KNOTS('',5,(#1713,#1714,#1715,#1716,#1717,
    #1718),.UNSPECIFIED.,.F.,.F.,(6,6),(0.,0.851569200456),
  .PIECEWISE_BEZIER_KNOTS.);
#1713 = CARTESIAN_POINT('',(1.20212047817E-16,-17.495,31.1169993029));
#1714 = CARTESIAN_POINT('',(9.22470506249E-02,-17.495,31.0395948368));
#1715 = CARTESIAN_POINT('',(0.184494100697,-17.4943920035,30.9621903711)
  );
#1716 = CARTESIAN_POINT('',(0.276741935286,-17.4931759486,30.8847852471)
  );
#1717 = CARTESIAN_POINT('',(0.368979578842,-17.4913518926,30.8073886744)
  );
#1718 = CARTESIAN_POINT('',(0.461207809619,-17.4889197024,30.73));
#1719 = ORIENTED_EDGE('',*,*,#1720,.F.);
#1720 = EDGE_CURVE('',#1448,#1710,#1721,.T.);
#1721 = LINE('',#1722,#1723);
#1722 = CARTESIAN_POINT('',(-5.9819832339E-15,-17.4975,31.1169993029));
#1723 = VECTOR('',#1724,1.);
#1724 = DIRECTION('',(0.,1.,0.));
#1725 = ORIENTED_EDGE('',*,*,#1584,.F.);
#1726 = PLANE('',#1727);
#1727 = AXIS2_PLACEMENT_3D('',#1728,#1729,#1730);
#1728 = CARTESIAN_POINT('',(-6.00324523837E-15,-18.,31.1169993029));
#1729 = DIRECTION('',(0.642787609687,-0.,0.766044443119));
#1730 = DIRECTION('',(0.766044443119,0.,-0.642787609687));
#1731 = ADVANCED_FACE('',(#1732),#1753,.F.);
#1732 = FACE_BOUND('',#1733,.T.);
#1733 = EDGE_LOOP('',(#1734,#1735,#1736,#1747));
#1734 = ORIENTED_EDGE('',*,*,#1445,.T.);
#1735 = ORIENTED_EDGE('',*,*,#1720,.T.);
#1736 = ORIENTED_EDGE('',*,*,#1737,.T.);
#1737 = EDGE_CURVE('',#1710,#1738,#1740,.T.);
#1738 = VERTEX_POINT('',#1739);
#1739 = CARTESIAN_POINT('',(-0.461207809619,-17.4889197024,30.73));
#1740 = B_SPLINE_CURVE_WITH_KNOTS('',5,(#1741,#1742,#1743,#1744,#1745,
    #1746),.UNSPECIFIED.,.F.,.F.,(6,6),(0.,0.851569200456),
  .PIECEWISE_BEZIER_KNOTS.);
#1741 = CARTESIAN_POINT('',(1.5860958479E-17,-17.495,31.1169993029));
#1742 = CARTESIAN_POINT('',(-9.22470506249E-02,-17.495,31.0395948368));
#1743 = CARTESIAN_POINT('',(-0.184494100697,-17.4943920035,30.9621903711
    ));
#1744 = CARTESIAN_POINT('',(-0.276741935286,-17.4931759486,30.8847852471
    ));
#1745 = CARTESIAN_POINT('',(-0.368979578842,-17.4913518926,30.8073886744
    ));
#1746 = CARTESIAN_POINT('',(-0.461207809619,-17.4889197024,30.73));
#1747 = ORIENTED_EDGE('',*,*,#1748,.F.);
#1748 = EDGE_CURVE('',#1446,#1738,#1749,.T.);
#1749 = LINE('',#1750,#1751);
#1750 = CARTESIAN_POINT('',(-0.461207809619,-17.4914205713,30.73));
#1751 = VECTOR('',#1752,1.);
#1752 = DIRECTION('',(0.,1.,0.));
#1753 = PLANE('',#1754);
#1754 = AXIS2_PLACEMENT_3D('',#1755,#1756,#1757);
#1755 = CARTESIAN_POINT('',(-2.45053155957E-15,-18.,31.1169993029));
#1756 = DIRECTION('',(0.642787609687,0.,-0.766044443119));
#1757 = DIRECTION('',(-0.766044443119,0.,-0.642787609687));
#1758 = ADVANCED_FACE('',(#1759),#1778,.T.);
#1759 = FACE_BOUND('',#1760,.T.);
#1760 = EDGE_LOOP('',(#1761,#1762,#1771,#1777));
#1761 = ORIENTED_EDGE('',*,*,#1748,.T.);
#1762 = ORIENTED_EDGE('',*,*,#1763,.F.);
#1763 = EDGE_CURVE('',#1764,#1738,#1766,.T.);
#1764 = VERTEX_POINT('',#1765);
#1765 = CARTESIAN_POINT('',(-4.31438226223,-16.9546787258,30.73));
#1766 = CIRCLE('',#1767,17.495);
#1767 = AXIS2_PLACEMENT_3D('',#1768,#1769,#1770);
#1768 = CARTESIAN_POINT('',(0.,0.,30.73));
#1769 = DIRECTION('',(0.,0.,1.));
#1770 = DIRECTION('',(1.,0.,-0.));
#1771 = ORIENTED_EDGE('',*,*,#1772,.F.);
#1772 = EDGE_CURVE('',#1457,#1764,#1773,.T.);
#1773 = LINE('',#1774,#1775);
#1774 = CARTESIAN_POINT('',(-4.31438226223,-16.9572583734,30.73));
#1775 = VECTOR('',#1776,1.);
#1776 = DIRECTION('',(0.,1.,0.));
#1777 = ORIENTED_EDGE('',*,*,#1456,.T.);
#1778 = PLANE('',#1779);
#1779 = AXIS2_PLACEMENT_3D('',#1780,#1781,#1782);
#1780 = CARTESIAN_POINT('',(0.461207809619,-18.,30.73));
#1781 = DIRECTION('',(0.,0.,1.));
#1782 = DIRECTION('',(1.,0.,-0.));
#1783 = ADVANCED_FACE('',(#1784),#1805,.F.);
#1784 = FACE_BOUND('',#1785,.T.);
#1785 = EDGE_LOOP('',(#1786,#1787,#1788,#1799));
#1786 = ORIENTED_EDGE('',*,*,#1465,.T.);
#1787 = ORIENTED_EDGE('',*,*,#1772,.T.);
#1788 = ORIENTED_EDGE('',*,*,#1789,.T.);
#1789 = EDGE_CURVE('',#1764,#1790,#1792,.T.);
#1790 = VERTEX_POINT('',#1791);
#1791 = CARTESIAN_POINT('',(-4.5024931889,-16.9056966755,30.4131815972)
  );
#1792 = B_SPLINE_CURVE_WITH_KNOTS('',5,(#1793,#1794,#1795,#1796,#1797,
    #1798),.UNSPECIFIED.,.F.,.F.,(6,6),(0.,0.525680239616),
  .PIECEWISE_BEZIER_KNOTS.);
#1793 = CARTESIAN_POINT('',(-4.31438226223,-16.9546787258,30.73));
#1794 = CARTESIAN_POINT('',(-4.35200455346,-16.9448822882,30.6666361411)
  );
#1795 = CARTESIAN_POINT('',(-4.3896268447,-16.9350858505,30.6032722821)
  );
#1796 = CARTESIAN_POINT('',(-4.42724860642,-16.9252895508,30.539909315)
  );
#1797 = CARTESIAN_POINT('',(-4.46487089766,-16.9154931131,30.4765454561)
  );
#1798 = CARTESIAN_POINT('',(-4.5024931889,-16.9056966755,30.4131815972)
  );
#1799 = ORIENTED_EDGE('',*,*,#1800,.F.);
#1800 = EDGE_CURVE('',#1466,#1790,#1801,.T.);
#1801 = LINE('',#1802,#1803);
#1802 = CARTESIAN_POINT('',(-4.5024931889,-16.908283795,30.4131815972));
#1803 = VECTOR('',#1804,1.);
#1804 = DIRECTION('',(0.,1.,0.));
#1805 = PLANE('',#1806);
#1806 = AXIS2_PLACEMENT_3D('',#1807,#1808,#1809);
#1807 = CARTESIAN_POINT('',(-4.31438226223,-18.,30.73));
#1808 = DIRECTION('',(0.859854743841,0.,-0.510538754155));
#1809 = DIRECTION('',(-0.510538754155,0.,-0.859854743841));
#1810 = ADVANCED_FACE('',(#1811),#1831,.F.);
#1811 = FACE_BOUND('',#1812,.F.);
#1812 = EDGE_LOOP('',(#1813,#1821,#1829,#1830));
#1813 = ORIENTED_EDGE('',*,*,#1814,.T.);
#1814 = EDGE_CURVE('',#1475,#1815,#1817,.T.);
#1815 = VERTEX_POINT('',#1816);
#1816 = CARTESIAN_POINT('',(-4.155,-16.9944402673,29.6022357132));
#1817 = LINE('',#1818,#1819);
#1818 = CARTESIAN_POINT('',(-4.155,-1.26852228071E-03,29.6022357132));
#1819 = VECTOR('',#1820,1.);
#1820 = DIRECTION('',(0.,1.,0.));
#1821 = ORIENTED_EDGE('',*,*,#1822,.F.);
#1822 = EDGE_CURVE('',#1790,#1815,#1823,.T.);
#1823 = B_SPLINE_CURVE_WITH_KNOTS('',4,(#1824,#1825,#1826,#1827,#1828),
  .UNSPECIFIED.,.F.,.F.,(5,5),(0.,1.2905942219),
  .PIECEWISE_BEZIER_KNOTS.);
#1824 = CARTESIAN_POINT('',(-4.5024931889,-16.9056966755,30.4131815972)
  );
#1825 = CARTESIAN_POINT('',(-4.34030227843,-16.948892971,30.2586785835)
  );
#1826 = CARTESIAN_POINT('',(-4.21721405386,-16.9793276526,30.0589133496)
  );
#1827 = CARTESIAN_POINT('',(-4.155,-16.9944402673,29.8303826947));
#1828 = CARTESIAN_POINT('',(-4.155,-16.9944402673,29.6022357132));
#1829 = ORIENTED_EDGE('',*,*,#1800,.F.);
#1830 = ORIENTED_EDGE('',*,*,#1474,.F.);
#1831 = CYLINDRICAL_SURFACE('',#1832,1.12);
#1832 = AXIS2_PLACEMENT_3D('',#1833,#1834,#1835);
#1833 = CARTESIAN_POINT('',(-5.275,0.410000000283,29.6022357132));
#1834 = DIRECTION('',(0.,1.,-0.));
#1835 = DIRECTION('',(0.689738224193,0.,0.724058825018));
#1836 = ADVANCED_FACE('',(#1837),#1855,.F.);
#1837 = FACE_BOUND('',#1838,.T.);
#1838 = EDGE_LOOP('',(#1839,#1840,#1841,#1849));
#1839 = ORIENTED_EDGE('',*,*,#1484,.T.);
#1840 = ORIENTED_EDGE('',*,*,#1814,.T.);
#1841 = ORIENTED_EDGE('',*,*,#1842,.T.);
#1842 = EDGE_CURVE('',#1815,#1843,#1845,.T.);
#1843 = VERTEX_POINT('',#1844);
#1844 = CARTESIAN_POINT('',(-4.155,-16.9944402673,27.65));
#1845 = LINE('',#1846,#1847);
#1846 = CARTESIAN_POINT('',(-4.155,-16.9944402673,28.6261178566));
#1847 = VECTOR('',#1848,1.);
#1848 = DIRECTION('',(0.,0.,-1.));
#1849 = ORIENTED_EDGE('',*,*,#1850,.F.);
#1850 = EDGE_CURVE('',#1485,#1843,#1851,.T.);
#1851 = LINE('',#1852,#1853);
#1852 = CARTESIAN_POINT('',(-4.155,-16.9970138812,27.65));
#1853 = VECTOR('',#1854,1.);
#1854 = DIRECTION('',(0.,1.,0.));
#1855 = PLANE('',#1856);
#1856 = AXIS2_PLACEMENT_3D('',#1857,#1858,#1859);
#1857 = CARTESIAN_POINT('',(-4.155,-18.,29.6022357132));
#1858 = DIRECTION('',(1.,-0.,0.));
#1859 = DIRECTION('',(0.,0.,-1.));
#1860 = ADVANCED_FACE('',(#1861),#1881,.T.);
#1861 = FACE_BOUND('',#1862,.T.);
#1862 = EDGE_LOOP('',(#1863,#1864,#1874,#1880));
#1863 = ORIENTED_EDGE('',*,*,#1850,.T.);
#1864 = ORIENTED_EDGE('',*,*,#1865,.F.);
#1865 = EDGE_CURVE('',#1866,#1843,#1868,.T.);
#1866 = VERTEX_POINT('',#1867);
#1867 = CARTESIAN_POINT('',(-3.775,-17.0828686116,27.27));
#1868 = B_SPLINE_CURVE_WITH_KNOTS('',4,(#1869,#1870,#1871,#1872,#1873),
  .UNSPECIFIED.,.F.,.F.,(5,5),(0.,0.855155329882),
  .PIECEWISE_BEZIER_KNOTS.);
#1869 = CARTESIAN_POINT('',(-3.775,-17.0828686116,27.27));
#1870 = CARTESIAN_POINT('',(-3.9225892792,-17.0502540934,27.27));
#1871 = CARTESIAN_POINT('',(-4.07194455233,-17.0151029521,27.3463854633)
  );
#1872 = CARTESIAN_POINT('',(-4.155,-16.9944402673,27.4988284668));
#1873 = CARTESIAN_POINT('',(-4.155,-16.9944402673,27.65));
#1874 = ORIENTED_EDGE('',*,*,#1875,.F.);
#1875 = EDGE_CURVE('',#1493,#1866,#1876,.T.);
#1876 = LINE('',#1877,#1878);
#1877 = CARTESIAN_POINT('',(-3.775,-1.26852228071E-03,27.27));
#1878 = VECTOR('',#1879,1.);
#1879 = DIRECTION('',(0.,1.,0.));
#1880 = ORIENTED_EDGE('',*,*,#1492,.F.);
#1881 = CYLINDRICAL_SURFACE('',#1882,0.38);
#1882 = AXIS2_PLACEMENT_3D('',#1883,#1884,#1885);
#1883 = CARTESIAN_POINT('',(-3.775,0.410000000283,27.65));
#1884 = DIRECTION('',(0.,1.,-0.));
#1885 = DIRECTION('',(-1.59265981953E-15,0.,-1.));
#1886 = ADVANCED_FACE('',(#1887),#1906,.F.);
#1887 = FACE_BOUND('',#1888,.T.);
#1888 = EDGE_LOOP('',(#1889,#1890,#1891,#1900));
#1889 = ORIENTED_EDGE('',*,*,#1502,.F.);
#1890 = ORIENTED_EDGE('',*,*,#1875,.T.);
#1891 = ORIENTED_EDGE('',*,*,#1892,.T.);
#1892 = EDGE_CURVE('',#1866,#1893,#1895,.T.);
#1893 = VERTEX_POINT('',#1894);
#1894 = CARTESIAN_POINT('',(-0.739509972887,-17.4793635468,27.27));
#1895 = CIRCLE('',#1896,17.495);
#1896 = AXIS2_PLACEMENT_3D('',#1897,#1898,#1899);
#1897 = CARTESIAN_POINT('',(0.,0.,27.27));
#1898 = DIRECTION('',(0.,0.,1.));
#1899 = DIRECTION('',(1.,0.,-0.));
#1900 = ORIENTED_EDGE('',*,*,#1901,.F.);
#1901 = EDGE_CURVE('',#1503,#1893,#1902,.T.);
#1902 = LINE('',#1903,#1904);
#1903 = CARTESIAN_POINT('',(-0.739509972887,-17.4818657825,27.27));
#1904 = VECTOR('',#1905,1.);
#1905 = DIRECTION('',(0.,1.,0.));
#1906 = PLANE('',#1907);
#1907 = AXIS2_PLACEMENT_3D('',#1908,#1909,#1910);
#1908 = CARTESIAN_POINT('',(0.739509972887,-18.,27.27));
#1909 = DIRECTION('',(0.,0.,1.));
#1910 = DIRECTION('',(1.,0.,-0.));
#1911 = ADVANCED_FACE('',(#1912),#1931,.F.);
#1912 = FACE_BOUND('',#1913,.F.);
#1913 = EDGE_LOOP('',(#1914,#1922,#1929,#1930));
#1914 = ORIENTED_EDGE('',*,*,#1915,.T.);
#1915 = EDGE_CURVE('',#1512,#1916,#1918,.T.);
#1916 = VERTEX_POINT('',#1917);
#1917 = CARTESIAN_POINT('',(-2.6645352591E-15,-17.495,26.9911450529));
#1918 = LINE('',#1919,#1920);
#1919 = CARTESIAN_POINT('',(-2.6645352591E-15,-1.26852228071E-03,
    26.9911450529));
#1920 = VECTOR('',#1921,1.);
#1921 = DIRECTION('',(0.,1.,0.));
#1922 = ORIENTED_EDGE('',*,*,#1923,.F.);
#1923 = EDGE_CURVE('',#1893,#1916,#1924,.T.);
#1924 = B_SPLINE_CURVE_WITH_KNOTS('',3,(#1925,#1926,#1927,#1928),
  .UNSPECIFIED.,.F.,.F.,(4,4),(0.,1.14274023082),
  .PIECEWISE_BEZIER_KNOTS.);
#1925 = CARTESIAN_POINT('',(-0.739509972887,-17.4793635468,27.27));
#1926 = CARTESIAN_POINT('',(-0.47044270232,-17.490747138,27.27));
#1927 = CARTESIAN_POINT('',(-0.202268908534,-17.495,27.1689739238));
#1928 = CARTESIAN_POINT('',(-2.30775249452E-15,-17.495,26.9911450529));
#1929 = ORIENTED_EDGE('',*,*,#1901,.F.);
#1930 = ORIENTED_EDGE('',*,*,#1511,.T.);
#1931 = CYLINDRICAL_SURFACE('',#1932,1.12);
#1932 = AXIS2_PLACEMENT_3D('',#1933,#1934,#1935);
#1933 = CARTESIAN_POINT('',(-0.739509972887,0.410000000283,26.15));
#1934 = DIRECTION('',(0.,1.,-0.));
#1935 = DIRECTION('',(-6.12323399574E-17,0.,1.));
#1936 = ADVANCED_FACE('',(#1937),#1956,.F.);
#1937 = FACE_BOUND('',#1938,.F.);
#1938 = EDGE_LOOP('',(#1939,#1947,#1954,#1955));
#1939 = ORIENTED_EDGE('',*,*,#1940,.T.);
#1940 = EDGE_CURVE('',#1521,#1941,#1943,.T.);
#1941 = VERTEX_POINT('',#1942);
#1942 = CARTESIAN_POINT('',(0.739509972887,-17.4793635468,27.27));
#1943 = LINE('',#1944,#1945);
#1944 = CARTESIAN_POINT('',(0.739509972887,-1.26852228071E-03,27.27));
#1945 = VECTOR('',#1946,1.);
#1946 = DIRECTION('',(0.,1.,0.));
#1947 = ORIENTED_EDGE('',*,*,#1948,.F.);
#1948 = EDGE_CURVE('',#1916,#1941,#1949,.T.);
#1949 = B_SPLINE_CURVE_WITH_KNOTS('',3,(#1950,#1951,#1952,#1953),
  .UNSPECIFIED.,.F.,.F.,(4,4),(0.,1.14273701783),
  .PIECEWISE_BEZIER_KNOTS.);
#1950 = CARTESIAN_POINT('',(-2.55351295664E-15,-17.495,26.9911450529));
#1951 = CARTESIAN_POINT('',(0.202268339823,-17.495,27.1689734239));
#1952 = CARTESIAN_POINT('',(0.470443458844,-17.490747106,27.27));
#1953 = CARTESIAN_POINT('',(0.739509972887,-17.4793635468,27.27));
#1954 = ORIENTED_EDGE('',*,*,#1915,.F.);
#1955 = ORIENTED_EDGE('',*,*,#1520,.T.);
#1956 = CYLINDRICAL_SURFACE('',#1957,1.12);
#1957 = AXIS2_PLACEMENT_3D('',#1958,#1959,#1960);
#1958 = CARTESIAN_POINT('',(0.739509972887,0.410000000283,26.15));
#1959 = DIRECTION('',(0.,1.,-0.));
#1960 = DIRECTION('',(-0.660276761507,0.,0.751022368651));
#1961 = ADVANCED_FACE('',(#1962),#1981,.F.);
#1962 = FACE_BOUND('',#1963,.T.);
#1963 = EDGE_LOOP('',(#1964,#1965,#1966,#1975));
#1964 = ORIENTED_EDGE('',*,*,#1529,.F.);
#1965 = ORIENTED_EDGE('',*,*,#1940,.T.);
#1966 = ORIENTED_EDGE('',*,*,#1967,.T.);
#1967 = EDGE_CURVE('',#1941,#1968,#1970,.T.);
#1968 = VERTEX_POINT('',#1969);
#1969 = CARTESIAN_POINT('',(3.775,-17.0828686116,27.27));
#1970 = CIRCLE('',#1971,17.495);
#1971 = AXIS2_PLACEMENT_3D('',#1972,#1973,#1974);
#1972 = CARTESIAN_POINT('',(0.,0.,27.27));
#1973 = DIRECTION('',(0.,0.,1.));
#1974 = DIRECTION('',(1.,0.,-0.));
#1975 = ORIENTED_EDGE('',*,*,#1976,.F.);
#1976 = EDGE_CURVE('',#1530,#1968,#1977,.T.);
#1977 = LINE('',#1978,#1979);
#1978 = CARTESIAN_POINT('',(3.775,-17.0854289073,27.27));
#1979 = VECTOR('',#1980,1.);
#1980 = DIRECTION('',(0.,1.,0.));
#1981 = PLANE('',#1982);
#1982 = AXIS2_PLACEMENT_3D('',#1983,#1984,#1985);
#1983 = CARTESIAN_POINT('',(0.739509972887,-18.,27.27));
#1984 = DIRECTION('',(0.,0.,1.));
#1985 = DIRECTION('',(1.,0.,-0.));
#1986 = ADVANCED_FACE('',(#1987),#2000,.T.);
#1987 = FACE_BOUND('',#1988,.T.);
#1988 = EDGE_LOOP('',(#1989,#1990,#1998,#1999));
#1989 = ORIENTED_EDGE('',*,*,#1976,.T.);
#1990 = ORIENTED_EDGE('',*,*,#1991,.F.);
#1991 = EDGE_CURVE('',#1600,#1968,#1992,.T.);
#1992 = B_SPLINE_CURVE_WITH_KNOTS('',4,(#1993,#1994,#1995,#1996,#1997),
  .UNSPECIFIED.,.F.,.F.,(5,5),(0.,0.855004119995),
  .PIECEWISE_BEZIER_KNOTS.);
#1993 = CARTESIAN_POINT('',(4.155,-16.9944402673,27.65));
#1994 = CARTESIAN_POINT('',(4.155,-16.9944402673,27.4988551972));
#1995 = CARTESIAN_POINT('',(4.07184099985,-17.0151275927,27.3462383175)
  );
#1996 = CARTESIAN_POINT('',(3.92256318224,-17.0502598603,27.27));
#1997 = CARTESIAN_POINT('',(3.775,-17.0828686116,27.27));
#1998 = ORIENTED_EDGE('',*,*,#1599,.F.);
#1999 = ORIENTED_EDGE('',*,*,#1538,.T.);
#2000 = CYLINDRICAL_SURFACE('',#2001,0.38);
#2001 = AXIS2_PLACEMENT_3D('',#2002,#2003,#2004);
#2002 = CARTESIAN_POINT('',(3.775,0.410000000283,27.65));
#2003 = DIRECTION('',(0.,1.,-0.));
#2004 = DIRECTION('',(1.,0.,5.66553889765E-16));
#2005 = ADVANCED_FACE('',(#2006,#2156),#2174,.T.);
#2006 = FACE_BOUND('',#2007,.T.);
#2007 = EDGE_LOOP('',(#2008,#2020,#2028,#2038,#2047,#2056,#2065,#2074,
    #2083,#2092,#2102,#2110,#2120,#2129,#2139,#2149));
#2008 = ORIENTED_EDGE('',*,*,#2009,.F.);
#2009 = EDGE_CURVE('',#2010,#2012,#2014,.T.);
#2010 = VERTEX_POINT('',#2011);
#2011 = CARTESIAN_POINT('',(4.525,-16.8996863876,27.65));
#2012 = VERTEX_POINT('',#2013);
#2013 = CARTESIAN_POINT('',(3.775,-17.0828686116,26.9));
#2014 = B_SPLINE_CURVE_WITH_KNOTS('',4,(#2015,#2016,#2017,#2018,#2019),
  .UNSPECIFIED.,.F.,.F.,(5,5),(0.,1.6900841175),
  .PIECEWISE_BEZIER_KNOTS.);
#2015 = CARTESIAN_POINT('',(4.525,-16.8996863876,27.65));
#2016 = CARTESIAN_POINT('',(4.525,-16.8996863876,27.3512325149));
#2017 = CARTESIAN_POINT('',(4.36075928487,-16.9450596779,27.0510069692)
  );
#2018 = CARTESIAN_POINT('',(4.06668770628,-17.0184109894,26.9));
#2019 = CARTESIAN_POINT('',(3.775,-17.0828686116,26.9));
#2020 = ORIENTED_EDGE('',*,*,#2021,.T.);
#2021 = EDGE_CURVE('',#2010,#2022,#2024,.T.);
#2022 = VERTEX_POINT('',#2023);
#2023 = CARTESIAN_POINT('',(4.525,-16.8996863876,29.6022357132));
#2024 = LINE('',#2025,#2026);
#2025 = CARTESIAN_POINT('',(4.525,-16.8996863876,28.9375));
#2026 = VECTOR('',#2027,1.);
#2027 = DIRECTION('',(0.,0.,1.));
#2028 = ORIENTED_EDGE('',*,*,#2029,.T.);
#2029 = EDGE_CURVE('',#2022,#2030,#2032,.T.);
#2030 = VERTEX_POINT('',#2031);
#2031 = CARTESIAN_POINT('',(5.,-16.765292273,30.3));
#2032 = B_SPLINE_CURVE_WITH_KNOTS('',4,(#2033,#2034,#2035,#2036,#2037),
  .UNSPECIFIED.,.F.,.F.,(5,5),(0.,1.28606859365),
  .PIECEWISE_BEZIER_KNOTS.);
#2033 = CARTESIAN_POINT('',(4.525,-16.8996863876,29.6022357132));
#2034 = CARTESIAN_POINT('',(4.525,-16.8996863876,29.8295826691));
#2035 = CARTESIAN_POINT('',(4.61853295999,-16.8750213546,30.0580976795)
  );
#2036 = CARTESIAN_POINT('',(4.79621264084,-16.8260688333,30.2196841615)
  );
#2037 = CARTESIAN_POINT('',(5.,-16.765292273,30.3));
#2038 = ORIENTED_EDGE('',*,*,#2039,.F.);
#2039 = EDGE_CURVE('',#2040,#2030,#2042,.T.);
#2040 = VERTEX_POINT('',#2041);
#2041 = CARTESIAN_POINT('',(4.525,-16.8996863876,31.1));
#2042 = B_SPLINE_CURVE_WITH_KNOTS('',3,(#2043,#2044,#2045,#2046),
  .UNSPECIFIED.,.F.,.F.,(4,4),(0.,1.32948450321),
  .PIECEWISE_BEZIER_KNOTS.);
#2043 = CARTESIAN_POINT('',(4.525,-16.8996863876,31.1));
#2044 = CARTESIAN_POINT('',(4.68350331906,-16.8572461019,30.8330470416)
  );
#2045 = CARTESIAN_POINT('',(4.84184540908,-16.8124595363,30.5663656268)
  );
#2046 = CARTESIAN_POINT('',(5.,-16.765292273,30.3));
#2047 = ORIENTED_EDGE('',*,*,#2048,.F.);
#2048 = EDGE_CURVE('',#2049,#2040,#2051,.T.);
#2049 = VERTEX_POINT('',#2050);
#2050 = CARTESIAN_POINT('',(0.595876796297,-17.4848493229,31.1));
#2051 = CIRCLE('',#2052,17.495);
#2052 = AXIS2_PLACEMENT_3D('',#2053,#2054,#2055);
#2053 = CARTESIAN_POINT('',(0.,0.,31.1));
#2054 = DIRECTION('',(0.,0.,1.));
#2055 = DIRECTION('',(1.,0.,-0.));
#2056 = ORIENTED_EDGE('',*,*,#2057,.F.);
#2057 = EDGE_CURVE('',#2058,#2049,#2060,.T.);
#2058 = VERTEX_POINT('',#2059);
#2059 = CARTESIAN_POINT('',(-4.19641398896E-15,-17.495,31.6));
#2060 = B_SPLINE_CURVE_WITH_KNOTS('',3,(#2061,#2062,#2063,#2064),
  .UNSPECIFIED.,.F.,.F.,(4,4),(0.,1.10026442192),
  .PIECEWISE_BEZIER_KNOTS.);
#2061 = CARTESIAN_POINT('',(-3.16413562018E-15,-17.495,31.6));
#2062 = CARTESIAN_POINT('',(0.198645331809,-17.495,31.4333167753));
#2063 = CARTESIAN_POINT('',(0.397299131156,-17.4916167717,31.2666264456)
  );
#2064 = CARTESIAN_POINT('',(0.595876796297,-17.4848493229,31.1));
#2065 = ORIENTED_EDGE('',*,*,#2066,.T.);
#2066 = EDGE_CURVE('',#2058,#2067,#2069,.T.);
#2067 = VERTEX_POINT('',#2068);
#2068 = CARTESIAN_POINT('',(-0.595876796297,-17.4848493229,31.1));
#2069 = B_SPLINE_CURVE_WITH_KNOTS('',3,(#2070,#2071,#2072,#2073),
  .UNSPECIFIED.,.F.,.F.,(4,4),(0.,1.10026442192),
  .PIECEWISE_BEZIER_KNOTS.);
#2070 = CARTESIAN_POINT('',(-1.88182802674E-14,-17.495,31.6));
#2071 = CARTESIAN_POINT('',(-0.198645331809,-17.495,31.4333167753));
#2072 = CARTESIAN_POINT('',(-0.397299131156,-17.4916167717,31.2666264456
    ));
#2073 = CARTESIAN_POINT('',(-0.595876796297,-17.4848493229,31.1));
#2074 = ORIENTED_EDGE('',*,*,#2075,.F.);
#2075 = EDGE_CURVE('',#2076,#2067,#2078,.T.);
#2076 = VERTEX_POINT('',#2077);
#2077 = CARTESIAN_POINT('',(-4.525,-16.8996863876,31.1));
#2078 = CIRCLE('',#2079,17.495);
#2079 = AXIS2_PLACEMENT_3D('',#2080,#2081,#2082);
#2080 = CARTESIAN_POINT('',(0.,0.,31.1));
#2081 = DIRECTION('',(0.,0.,1.));
#2082 = DIRECTION('',(1.,0.,-0.));
#2083 = ORIENTED_EDGE('',*,*,#2084,.T.);
#2084 = EDGE_CURVE('',#2076,#2085,#2087,.T.);
#2085 = VERTEX_POINT('',#2086);
#2086 = CARTESIAN_POINT('',(-5.,-16.765292273,30.3));
#2087 = B_SPLINE_CURVE_WITH_KNOTS('',3,(#2088,#2089,#2090,#2091),
  .UNSPECIFIED.,.F.,.F.,(4,4),(0.,1.32948450321),
  .PIECEWISE_BEZIER_KNOTS.);
#2088 = CARTESIAN_POINT('',(-4.525,-16.8996863876,31.1));
#2089 = CARTESIAN_POINT('',(-4.68350331906,-16.8572461019,30.8330470416)
  );
#2090 = CARTESIAN_POINT('',(-4.84184540908,-16.8124595363,30.5663656268)
  );
#2091 = CARTESIAN_POINT('',(-5.,-16.765292273,30.3));
#2092 = ORIENTED_EDGE('',*,*,#2093,.T.);
#2093 = EDGE_CURVE('',#2085,#2094,#2096,.T.);
#2094 = VERTEX_POINT('',#2095);
#2095 = CARTESIAN_POINT('',(-4.525,-16.8996863876,29.6022357132));
#2096 = B_SPLINE_CURVE_WITH_KNOTS('',4,(#2097,#2098,#2099,#2100,#2101),
  .UNSPECIFIED.,.F.,.F.,(5,5),(0.,1.28605038167),
  .PIECEWISE_BEZIER_KNOTS.);
#2097 = CARTESIAN_POINT('',(-5.,-16.765292273,30.3));
#2098 = CARTESIAN_POINT('',(-4.79621552666,-16.8260679726,30.2196852989)
  );
#2099 = CARTESIAN_POINT('',(-4.61873092243,-16.8749661937,30.0583951783)
  );
#2100 = CARTESIAN_POINT('',(-4.525,-16.8996863876,29.8295794496));
#2101 = CARTESIAN_POINT('',(-4.525,-16.8996863876,29.6022357132));
#2102 = ORIENTED_EDGE('',*,*,#2103,.F.);
#2103 = EDGE_CURVE('',#2104,#2094,#2106,.T.);
#2104 = VERTEX_POINT('',#2105);
#2105 = CARTESIAN_POINT('',(-4.525,-16.8996863876,27.65));
#2106 = LINE('',#2107,#2108);
#2107 = CARTESIAN_POINT('',(-4.525,-16.8996863876,28.9375));
#2108 = VECTOR('',#2109,1.);
#2109 = DIRECTION('',(0.,0.,1.));
#2110 = ORIENTED_EDGE('',*,*,#2111,.F.);
#2111 = EDGE_CURVE('',#2112,#2104,#2114,.T.);
#2112 = VERTEX_POINT('',#2113);
#2113 = CARTESIAN_POINT('',(-3.775,-17.0828686116,26.9));
#2114 = B_SPLINE_CURVE_WITH_KNOTS('',4,(#2115,#2116,#2117,#2118,#2119),
  .UNSPECIFIED.,.F.,.F.,(5,5),(0.,1.69006048011),
  .PIECEWISE_BEZIER_KNOTS.);
#2115 = CARTESIAN_POINT('',(-3.775,-17.0828686116,26.9));
#2116 = CARTESIAN_POINT('',(-4.06668362676,-17.0184118909,26.9));
#2117 = CARTESIAN_POINT('',(-4.36077706331,-16.9450553594,27.0510152192)
  );
#2118 = CARTESIAN_POINT('',(-4.525,-16.8996863876,27.3512366935));
#2119 = CARTESIAN_POINT('',(-4.525,-16.8996863876,27.65));
#2120 = ORIENTED_EDGE('',*,*,#2121,.T.);
#2121 = EDGE_CURVE('',#2112,#2122,#2124,.T.);
#2122 = VERTEX_POINT('',#2123);
#2123 = CARTESIAN_POINT('',(-0.739509972887,-17.4793635468,26.9));
#2124 = CIRCLE('',#2125,17.495);
#2125 = AXIS2_PLACEMENT_3D('',#2126,#2127,#2128);
#2126 = CARTESIAN_POINT('',(0.,0.,26.9));
#2127 = DIRECTION('',(0.,0.,1.));
#2128 = DIRECTION('',(1.,0.,-0.));
#2129 = ORIENTED_EDGE('',*,*,#2130,.T.);
#2130 = EDGE_CURVE('',#2122,#2131,#2133,.T.);
#2131 = VERTEX_POINT('',#2132);
#2132 = CARTESIAN_POINT('',(-2.33146835171E-15,-17.495,26.275));
#2133 = B_SPLINE_CURVE_WITH_KNOTS('',4,(#2134,#2135,#2136,#2137,#2138),
  .UNSPECIFIED.,.F.,.F.,(5,5),(0.,1.48887673597),
  .PIECEWISE_BEZIER_KNOTS.);
#2134 = CARTESIAN_POINT('',(-0.739509972887,-17.4793635468,26.9));
#2135 = CARTESIAN_POINT('',(-0.476584076374,-17.4904873112,26.9));
#2136 = CARTESIAN_POINT('',(-0.211080125567,-17.4956358407,26.7755308435
    ));
#2137 = CARTESIAN_POINT('',(-4.38662773679E-02,-17.495,26.5345163967));
#2138 = CARTESIAN_POINT('',(1.22679644221E-14,-17.495,26.275));
#2139 = ORIENTED_EDGE('',*,*,#2140,.T.);
#2140 = EDGE_CURVE('',#2131,#2141,#2143,.T.);
#2141 = VERTEX_POINT('',#2142);
#2142 = CARTESIAN_POINT('',(0.739509972887,-17.4793635468,26.9));
#2143 = B_SPLINE_CURVE_WITH_KNOTS('',4,(#2144,#2145,#2146,#2147,#2148),
  .UNSPECIFIED.,.F.,.F.,(5,5),(0.,1.48887551451),
  .PIECEWISE_BEZIER_KNOTS.);
#2144 = CARTESIAN_POINT('',(-3.21964677141E-15,-17.495,26.275));
#2145 = CARTESIAN_POINT('',(4.38662413804E-02,-17.495,26.5345161838));
#2146 = CARTESIAN_POINT('',(0.211084087648,-17.4956357825,26.7755346885)
  );
#2147 = CARTESIAN_POINT('',(0.476584292076,-17.4904873021,26.9));
#2148 = CARTESIAN_POINT('',(0.739509972887,-17.4793635468,26.9));
#2149 = ORIENTED_EDGE('',*,*,#2150,.T.);
#2150 = EDGE_CURVE('',#2141,#2012,#2151,.T.);
#2151 = CIRCLE('',#2152,17.495);
#2152 = AXIS2_PLACEMENT_3D('',#2153,#2154,#2155);
#2153 = CARTESIAN_POINT('',(0.,0.,26.9));
#2154 = DIRECTION('',(0.,0.,1.));
#2155 = DIRECTION('',(1.,0.,-0.));
#2156 = FACE_BOUND('',#2157,.T.);
#2157 = EDGE_LOOP('',(#2158,#2159,#2160,#2161,#2162,#2163,#2164,#2165,
    #2166,#2167,#2168,#2169,#2170,#2171,#2172,#2173));
#2158 = ORIENTED_EDGE('',*,*,#1991,.T.);
#2159 = ORIENTED_EDGE('',*,*,#1967,.F.);
#2160 = ORIENTED_EDGE('',*,*,#1948,.F.);
#2161 = ORIENTED_EDGE('',*,*,#1923,.F.);
#2162 = ORIENTED_EDGE('',*,*,#1892,.F.);
#2163 = ORIENTED_EDGE('',*,*,#1865,.T.);
#2164 = ORIENTED_EDGE('',*,*,#1842,.F.);
#2165 = ORIENTED_EDGE('',*,*,#1822,.F.);
#2166 = ORIENTED_EDGE('',*,*,#1789,.F.);
#2167 = ORIENTED_EDGE('',*,*,#1763,.T.);
#2168 = ORIENTED_EDGE('',*,*,#1737,.F.);
#2169 = ORIENTED_EDGE('',*,*,#1709,.T.);
#2170 = ORIENTED_EDGE('',*,*,#1684,.T.);
#2171 = ORIENTED_EDGE('',*,*,#1657,.F.);
#2172 = ORIENTED_EDGE('',*,*,#1638,.F.);
#2173 = ORIENTED_EDGE('',*,*,#1607,.T.);
#2174 = CYLINDRICAL_SURFACE('',#2175,17.495);
#2175 = AXIS2_PLACEMENT_3D('',#2176,#2177,#2178);
#2176 = CARTESIAN_POINT('',(0.,0.,25.625));
#2177 = DIRECTION('',(0.,0.,1.));
#2178 = DIRECTION('',(-0.87758256189,-0.479425538604,0.));
#2179 = ADVANCED_FACE('',(#2180),#2208,.T.);
#2180 = FACE_BOUND('',#2181,.T.);
#2181 = EDGE_LOOP('',(#2182,#2190,#2191,#2199));
#2182 = ORIENTED_EDGE('',*,*,#2183,.T.);
#2183 = EDGE_CURVE('',#2184,#2067,#2186,.T.);
#2184 = VERTEX_POINT('',#2185);
#2185 = CARTESIAN_POINT('',(-0.595876796297,-17.4898522248,31.1));
#2186 = LINE('',#2187,#2188);
#2187 = CARTESIAN_POINT('',(-0.595876796297,-17.4873507738,31.1));
#2188 = VECTOR('',#2189,1.);
#2189 = DIRECTION('',(0.,1.,0.));
#2190 = ORIENTED_EDGE('',*,*,#2066,.F.);
#2191 = ORIENTED_EDGE('',*,*,#2192,.F.);
#2192 = EDGE_CURVE('',#2193,#2058,#2195,.T.);
#2193 = VERTEX_POINT('',#2194);
#2194 = CARTESIAN_POINT('',(-1.66613862748E-14,-17.5,31.6));
#2195 = LINE('',#2196,#2197);
#2196 = CARTESIAN_POINT('',(-1.66613862748E-14,-17.4975,31.6));
#2197 = VECTOR('',#2198,1.);
#2198 = DIRECTION('',(0.,1.,0.));
#2199 = ORIENTED_EDGE('',*,*,#2200,.F.);
#2200 = EDGE_CURVE('',#2184,#2193,#2201,.T.);
#2201 = B_SPLINE_CURVE_WITH_KNOTS('',5,(#2202,#2203,#2204,#2205,#2206,
    #2207),.UNSPECIFIED.,.F.,.F.,(6,6),(0.,1.10017207677),
  .PIECEWISE_BEZIER_KNOTS.);
#2202 = CARTESIAN_POINT('',(-0.595876796298,-17.4898522248,31.1));
#2203 = CARTESIAN_POINT('',(-0.476730177858,-17.4939115332,31.1999758836
    ));
#2204 = CARTESIAN_POINT('',(-0.357563266061,-17.4969557731,31.2999687953
    ));
#2205 = CARTESIAN_POINT('',(-0.238374379952,-17.4989853153,31.3999801457
    ));
#2206 = CARTESIAN_POINT('',(-0.119187190437,-17.5,31.4999900725));
#2207 = CARTESIAN_POINT('',(-4.2868996756E-15,-17.5,31.6));
#2208 = PLANE('',#2209);
#2209 = AXIS2_PLACEMENT_3D('',#2210,#2211,#2212);
#2210 = CARTESIAN_POINT('',(-1.66613862748E-14,-18.,31.6));
#2211 = DIRECTION('',(0.642787609687,0.,-0.766044443119));
#2212 = DIRECTION('',(-0.766044443119,0.,-0.642787609687));
#2213 = ADVANCED_FACE('',(#2214),#2233,.F.);
#2214 = FACE_BOUND('',#2215,.T.);
#2215 = EDGE_LOOP('',(#2216,#2225,#2231,#2232));
#2216 = ORIENTED_EDGE('',*,*,#2217,.F.);
#2217 = EDGE_CURVE('',#2218,#2184,#2220,.T.);
#2218 = VERTEX_POINT('',#2219);
#2219 = CARTESIAN_POINT('',(-4.525,-16.9048624662,31.1));
#2220 = CIRCLE('',#2221,17.5);
#2221 = AXIS2_PLACEMENT_3D('',#2222,#2223,#2224);
#2222 = CARTESIAN_POINT('',(0.,0.,31.1));
#2223 = DIRECTION('',(0.,0.,1.));
#2224 = DIRECTION('',(1.,0.,-0.));
#2225 = ORIENTED_EDGE('',*,*,#2226,.T.);
#2226 = EDGE_CURVE('',#2218,#2076,#2227,.T.);
#2227 = LINE('',#2228,#2229);
#2228 = CARTESIAN_POINT('',(-4.525,-16.9022744269,31.1));
#2229 = VECTOR('',#2230,1.);
#2230 = DIRECTION('',(0.,1.,0.));
#2231 = ORIENTED_EDGE('',*,*,#2075,.T.);
#2232 = ORIENTED_EDGE('',*,*,#2183,.F.);
#2233 = PLANE('',#2234);
#2234 = AXIS2_PLACEMENT_3D('',#2235,#2236,#2237);
#2235 = CARTESIAN_POINT('',(0.595876796297,-18.,31.1));
#2236 = DIRECTION('',(0.,0.,1.));
#2237 = DIRECTION('',(1.,0.,-0.));
#2238 = ADVANCED_FACE('',(#2239),#2260,.T.);
#2239 = FACE_BOUND('',#2240,.T.);
#2240 = EDGE_LOOP('',(#2241,#2249,#2250,#2251));
#2241 = ORIENTED_EDGE('',*,*,#2242,.T.);
#2242 = EDGE_CURVE('',#2243,#2085,#2245,.T.);
#2243 = VERTEX_POINT('',#2244);
#2244 = CARTESIAN_POINT('',(-5.,-16.7705098312,30.3));
#2245 = LINE('',#2246,#2247);
#2246 = CARTESIAN_POINT('',(-5.,-16.7679010521,30.3));
#2247 = VECTOR('',#2248,1.);
#2248 = DIRECTION('',(0.,1.,0.));
#2249 = ORIENTED_EDGE('',*,*,#2084,.F.);
#2250 = ORIENTED_EDGE('',*,*,#2226,.F.);
#2251 = ORIENTED_EDGE('',*,*,#2252,.F.);
#2252 = EDGE_CURVE('',#2243,#2218,#2253,.T.);
#2253 = B_SPLINE_CURVE_WITH_KNOTS('',5,(#2254,#2255,#2256,#2257,#2258,
    #2259),.UNSPECIFIED.,.F.,.F.,(6,6),(0.,1.32942371724),
  .PIECEWISE_BEZIER_KNOTS.);
#2254 = CARTESIAN_POINT('',(-5.,-16.7705098312,30.3));
#2255 = CARTESIAN_POINT('',(-4.90510715341,-16.798801412,30.4598195311)
  );
#2256 = CARTESIAN_POINT('',(-4.8101588,-16.8263787155,30.6197325474));
#2257 = CARTESIAN_POINT('',(-4.71515472196,-16.8532462155,30.7797394156)
  );
#2258 = CARTESIAN_POINT('',(-4.62010190412,-16.879406115,30.939828372));
#2259 = CARTESIAN_POINT('',(-4.525,-16.9048624662,31.1));
#2260 = PLANE('',#2261);
#2261 = AXIS2_PLACEMENT_3D('',#2262,#2263,#2264);
#2262 = CARTESIAN_POINT('',(-4.525,-18.,31.1));
#2263 = DIRECTION('',(0.859854743841,0.,-0.510538754155));
#2264 = DIRECTION('',(-0.510538754155,0.,-0.859854743841));
#2265 = ADVANCED_FACE('',(#2266),#2286,.T.);
#2266 = FACE_BOUND('',#2267,.T.);
#2267 = EDGE_LOOP('',(#2268,#2276,#2277,#2278));
#2268 = ORIENTED_EDGE('',*,*,#2269,.T.);
#2269 = EDGE_CURVE('',#2270,#2094,#2272,.T.);
#2270 = VERTEX_POINT('',#2271);
#2271 = CARTESIAN_POINT('',(-4.525,-16.9048624662,29.6022357132));
#2272 = LINE('',#2273,#2274);
#2273 = CARTESIAN_POINT('',(-4.525,-1.26852228071E-03,29.6022357132));
#2274 = VECTOR('',#2275,1.);
#2275 = DIRECTION('',(0.,1.,0.));
#2276 = ORIENTED_EDGE('',*,*,#2093,.F.);
#2277 = ORIENTED_EDGE('',*,*,#2242,.F.);
#2278 = ORIENTED_EDGE('',*,*,#2279,.F.);
#2279 = EDGE_CURVE('',#2270,#2243,#2280,.T.);
#2280 = B_SPLINE_CURVE_WITH_KNOTS('',4,(#2281,#2282,#2283,#2284,#2285),
  .UNSPECIFIED.,.F.,.F.,(5,5),(0.,1.28614428269),
  .PIECEWISE_BEZIER_KNOTS.);
#2281 = CARTESIAN_POINT('',(-4.525,-16.9048624662,29.6022357131));
#2282 = CARTESIAN_POINT('',(-4.525,-16.9048624662,29.8295960491));
#2283 = CARTESIAN_POINT('',(-4.618648591,-16.8801718587,30.0581959397));
#2284 = CARTESIAN_POINT('',(-4.79617062586,-16.8312800094,30.2196676027)
  );
#2285 = CARTESIAN_POINT('',(-5.,-16.7705098312,30.3));
#2286 = CYLINDRICAL_SURFACE('',#2287,0.75);
#2287 = AXIS2_PLACEMENT_3D('',#2288,#2289,#2290);
#2288 = CARTESIAN_POINT('',(-5.275,0.410000000283,29.6022357132));
#2289 = DIRECTION('',(0.,1.,-0.));
#2290 = DIRECTION('',(0.366666666667,0.,0.930352382463));
#2291 = ADVANCED_FACE('',(#2292),#2310,.T.);
#2292 = FACE_BOUND('',#2293,.T.);
#2293 = EDGE_LOOP('',(#2294,#2302,#2303,#2304));
#2294 = ORIENTED_EDGE('',*,*,#2295,.T.);
#2295 = EDGE_CURVE('',#2296,#2104,#2298,.T.);
#2296 = VERTEX_POINT('',#2297);
#2297 = CARTESIAN_POINT('',(-4.525,-16.9048624662,27.65));
#2298 = LINE('',#2299,#2300);
#2299 = CARTESIAN_POINT('',(-4.525,-16.9022744269,27.65));
#2300 = VECTOR('',#2301,1.);
#2301 = DIRECTION('',(0.,1.,0.));
#2302 = ORIENTED_EDGE('',*,*,#2103,.T.);
#2303 = ORIENTED_EDGE('',*,*,#2269,.F.);
#2304 = ORIENTED_EDGE('',*,*,#2305,.T.);
#2305 = EDGE_CURVE('',#2270,#2296,#2306,.T.);
#2306 = LINE('',#2307,#2308);
#2307 = CARTESIAN_POINT('',(-4.525,-16.9048624662,28.6261178566));
#2308 = VECTOR('',#2309,1.);
#2309 = DIRECTION('',(0.,0.,-1.));
#2310 = PLANE('',#2311);
#2311 = AXIS2_PLACEMENT_3D('',#2312,#2313,#2314);
#2312 = CARTESIAN_POINT('',(-4.525,-18.,29.6022357132));
#2313 = DIRECTION('',(1.,-0.,0.));
#2314 = DIRECTION('',(0.,0.,-1.));
#2315 = ADVANCED_FACE('',(#2316),#2336,.F.);
#2316 = FACE_BOUND('',#2317,.F.);
#2317 = EDGE_LOOP('',(#2318,#2319,#2320,#2328));
#2318 = ORIENTED_EDGE('',*,*,#2295,.T.);
#2319 = ORIENTED_EDGE('',*,*,#2111,.F.);
#2320 = ORIENTED_EDGE('',*,*,#2321,.F.);
#2321 = EDGE_CURVE('',#2322,#2112,#2324,.T.);
#2322 = VERTEX_POINT('',#2323);
#2323 = CARTESIAN_POINT('',(-3.775,-17.0879892029,26.9));
#2324 = LINE('',#2325,#2326);
#2325 = CARTESIAN_POINT('',(-3.775,-1.26852228071E-03,26.9));
#2326 = VECTOR('',#2327,1.);
#2327 = DIRECTION('',(0.,1.,0.));
#2328 = ORIENTED_EDGE('',*,*,#2329,.F.);
#2329 = EDGE_CURVE('',#2296,#2322,#2330,.T.);
#2330 = B_SPLINE_CURVE_WITH_KNOTS('',4,(#2331,#2332,#2333,#2334,#2335),
  .UNSPECIFIED.,.F.,.F.,(5,5),(0.,1.68992215059),
  .PIECEWISE_BEZIER_KNOTS.);
#2331 = CARTESIAN_POINT('',(-4.525,-16.9048624662,27.65));
#2332 = CARTESIAN_POINT('',(-4.525,-16.9048624662,27.3512611469));
#2333 = CARTESIAN_POINT('',(-4.36085637387,-16.9501971526,27.0510788834)
  );
#2334 = CARTESIAN_POINT('',(-4.06670550263,-17.0235469646,26.9));
#2335 = CARTESIAN_POINT('',(-3.775,-17.0879892029,26.9));
#2336 = CYLINDRICAL_SURFACE('',#2337,0.75);
#2337 = AXIS2_PLACEMENT_3D('',#2338,#2339,#2340);
#2338 = CARTESIAN_POINT('',(-3.775,0.410000000283,27.65));
#2339 = DIRECTION('',(0.,1.,-0.));
#2340 = DIRECTION('',(-8.69808717713E-15,0.,-1.));
#2341 = ADVANCED_FACE('',(#2342),#2361,.T.);
#2342 = FACE_BOUND('',#2343,.T.);
#2343 = EDGE_LOOP('',(#2344,#2352,#2353,#2354));
#2344 = ORIENTED_EDGE('',*,*,#2345,.T.);
#2345 = EDGE_CURVE('',#2346,#2122,#2348,.T.);
#2346 = VERTEX_POINT('',#2347);
#2347 = CARTESIAN_POINT('',(-0.739509972887,-17.4843680183,26.9));
#2348 = LINE('',#2349,#2350);
#2349 = CARTESIAN_POINT('',(-0.739509972887,-17.4818657825,26.9));
#2350 = VECTOR('',#2351,1.);
#2351 = DIRECTION('',(0.,1.,0.));
#2352 = ORIENTED_EDGE('',*,*,#2121,.F.);
#2353 = ORIENTED_EDGE('',*,*,#2321,.F.);
#2354 = ORIENTED_EDGE('',*,*,#2355,.T.);
#2355 = EDGE_CURVE('',#2322,#2346,#2356,.T.);
#2356 = CIRCLE('',#2357,17.5);
#2357 = AXIS2_PLACEMENT_3D('',#2358,#2359,#2360);
#2358 = CARTESIAN_POINT('',(0.,0.,26.9));
#2359 = DIRECTION('',(0.,0.,1.));
#2360 = DIRECTION('',(1.,0.,-0.));
#2361 = PLANE('',#2362);
#2362 = AXIS2_PLACEMENT_3D('',#2363,#2364,#2365);
#2363 = CARTESIAN_POINT('',(0.739509972887,-18.,26.9));
#2364 = DIRECTION('',(0.,0.,1.));
#2365 = DIRECTION('',(1.,0.,-0.));
#2366 = ADVANCED_FACE('',(#2367),#2387,.T.);
#2367 = FACE_BOUND('',#2368,.T.);
#2368 = EDGE_LOOP('',(#2369,#2377,#2378,#2379));
#2369 = ORIENTED_EDGE('',*,*,#2370,.T.);
#2370 = EDGE_CURVE('',#2371,#2131,#2373,.T.);
#2371 = VERTEX_POINT('',#2372);
#2372 = CARTESIAN_POINT('',(3.33066907388E-15,-17.5,26.275));
#2373 = LINE('',#2374,#2375);
#2374 = CARTESIAN_POINT('',(-8.21565038223E-15,-1.26852228071E-03,26.275
    ));
#2375 = VECTOR('',#2376,1.);
#2376 = DIRECTION('',(0.,1.,0.));
#2377 = ORIENTED_EDGE('',*,*,#2130,.F.);
#2378 = ORIENTED_EDGE('',*,*,#2345,.F.);
#2379 = ORIENTED_EDGE('',*,*,#2380,.T.);
#2380 = EDGE_CURVE('',#2346,#2371,#2381,.T.);
#2381 = B_SPLINE_CURVE_WITH_KNOTS('',4,(#2382,#2383,#2384,#2385,#2386),
  .UNSPECIFIED.,.F.,.F.,(5,5),(0.,1.4887523421),
  .PIECEWISE_BEZIER_KNOTS.);
#2382 = CARTESIAN_POINT('',(-0.739509972889,-17.4843680183,26.9));
#2383 = CARTESIAN_POINT('',(-0.476568337947,-17.4954892645,26.9));
#2384 = CARTESIAN_POINT('',(-0.211046464513,-17.5006357867,26.7755059184
    ));
#2385 = CARTESIAN_POINT('',(-4.3862786524E-02,-17.5,26.5344957446));
#2386 = CARTESIAN_POINT('',(3.69371200293E-13,-17.5,26.275));
#2387 = CYLINDRICAL_SURFACE('',#2388,0.75);
#2388 = AXIS2_PLACEMENT_3D('',#2389,#2390,#2391);
#2389 = CARTESIAN_POINT('',(-0.739509972887,0.410000000283,26.15));
#2390 = DIRECTION('',(0.,1.,-0.));
#2391 = DIRECTION('',(-6.12323399574E-17,0.,1.));
#2392 = ADVANCED_FACE('',(#2393),#2413,.T.);
#2393 = FACE_BOUND('',#2394,.T.);
#2394 = EDGE_LOOP('',(#2395,#2403,#2404,#2405));
#2395 = ORIENTED_EDGE('',*,*,#2396,.T.);
#2396 = EDGE_CURVE('',#2397,#2141,#2399,.T.);
#2397 = VERTEX_POINT('',#2398);
#2398 = CARTESIAN_POINT('',(0.739509972887,-17.4843680183,26.9));
#2399 = LINE('',#2400,#2401);
#2400 = CARTESIAN_POINT('',(0.739509972887,-1.26852228071E-03,26.9));
#2401 = VECTOR('',#2402,1.);
#2402 = DIRECTION('',(0.,1.,0.));
#2403 = ORIENTED_EDGE('',*,*,#2140,.F.);
#2404 = ORIENTED_EDGE('',*,*,#2370,.F.);
#2405 = ORIENTED_EDGE('',*,*,#2406,.T.);
#2406 = EDGE_CURVE('',#2371,#2397,#2407,.T.);
#2407 = B_SPLINE_CURVE_WITH_KNOTS('',4,(#2408,#2409,#2410,#2411,#2412),
  .UNSPECIFIED.,.F.,.F.,(5,5),(0.,1.48875653823),
  .PIECEWISE_BEZIER_KNOTS.);
#2408 = CARTESIAN_POINT('',(-2.33146835171E-14,-17.5,26.275));
#2409 = CARTESIAN_POINT('',(4.3862910155E-02,-17.5,26.534496476));
#2410 = CARTESIAN_POINT('',(0.21105210707,-17.5006356688,26.7755094525)
  );
#2411 = CARTESIAN_POINT('',(0.47656759683,-17.4954892959,26.9));
#2412 = CARTESIAN_POINT('',(0.739509972889,-17.4843680183,26.9));
#2413 = CYLINDRICAL_SURFACE('',#2414,0.75);
#2414 = AXIS2_PLACEMENT_3D('',#2415,#2416,#2417);
#2415 = CARTESIAN_POINT('',(0.739509972887,0.410000000283,26.15));
#2416 = DIRECTION('',(0.,1.,-0.));
#2417 = DIRECTION('',(-0.986013297183,0.,0.166666666667));
#2418 = ADVANCED_FACE('',(#2419),#2438,.T.);
#2419 = FACE_BOUND('',#2420,.T.);
#2420 = EDGE_LOOP('',(#2421,#2429,#2430,#2431));
#2421 = ORIENTED_EDGE('',*,*,#2422,.T.);
#2422 = EDGE_CURVE('',#2423,#2012,#2425,.T.);
#2423 = VERTEX_POINT('',#2424);
#2424 = CARTESIAN_POINT('',(3.775,-17.0879892029,26.9));
#2425 = LINE('',#2426,#2427);
#2426 = CARTESIAN_POINT('',(3.775,-17.0854289073,26.9));
#2427 = VECTOR('',#2428,1.);
#2428 = DIRECTION('',(0.,1.,0.));
#2429 = ORIENTED_EDGE('',*,*,#2150,.F.);
#2430 = ORIENTED_EDGE('',*,*,#2396,.F.);
#2431 = ORIENTED_EDGE('',*,*,#2432,.T.);
#2432 = EDGE_CURVE('',#2397,#2423,#2433,.T.);
#2433 = CIRCLE('',#2434,17.5);
#2434 = AXIS2_PLACEMENT_3D('',#2435,#2436,#2437);
#2435 = CARTESIAN_POINT('',(0.,0.,26.9));
#2436 = DIRECTION('',(0.,0.,1.));
#2437 = DIRECTION('',(1.,0.,-0.));
#2438 = PLANE('',#2439);
#2439 = AXIS2_PLACEMENT_3D('',#2440,#2441,#2442);
#2440 = CARTESIAN_POINT('',(0.739509972887,-18.,26.9));
#2441 = DIRECTION('',(0.,0.,1.));
#2442 = DIRECTION('',(1.,0.,-0.));
#2443 = ADVANCED_FACE('',(#2444),#2464,.F.);
#2444 = FACE_BOUND('',#2445,.F.);
#2445 = EDGE_LOOP('',(#2446,#2447,#2448,#2456));
#2446 = ORIENTED_EDGE('',*,*,#2422,.T.);
#2447 = ORIENTED_EDGE('',*,*,#2009,.F.);
#2448 = ORIENTED_EDGE('',*,*,#2449,.F.);
#2449 = EDGE_CURVE('',#2450,#2010,#2452,.T.);
#2450 = VERTEX_POINT('',#2451);
#2451 = CARTESIAN_POINT('',(4.525,-16.9048624662,27.65));
#2452 = LINE('',#2453,#2454);
#2453 = CARTESIAN_POINT('',(4.525,-1.26852228071E-03,27.65));
#2454 = VECTOR('',#2455,1.);
#2455 = DIRECTION('',(0.,1.,0.));
#2456 = ORIENTED_EDGE('',*,*,#2457,.T.);
#2457 = EDGE_CURVE('',#2450,#2423,#2458,.T.);
#2458 = B_SPLINE_CURVE_WITH_KNOTS('',4,(#2459,#2460,#2461,#2462,#2463),
  .UNSPECIFIED.,.F.,.F.,(5,5),(0.,1.6899221506),
  .PIECEWISE_BEZIER_KNOTS.);
#2459 = CARTESIAN_POINT('',(4.525,-16.9048624662,27.65));
#2460 = CARTESIAN_POINT('',(4.525,-16.9048624662,27.3512611469));
#2461 = CARTESIAN_POINT('',(4.36085637389,-16.9501971526,27.0510788835)
  );
#2462 = CARTESIAN_POINT('',(4.06670550263,-17.0235469646,26.9));
#2463 = CARTESIAN_POINT('',(3.775,-17.0879892029,26.9));
#2464 = CYLINDRICAL_SURFACE('',#2465,0.75);
#2465 = AXIS2_PLACEMENT_3D('',#2466,#2467,#2468);
#2466 = CARTESIAN_POINT('',(3.775,0.410000000283,27.65));
#2467 = DIRECTION('',(0.,1.,-0.));
#2468 = DIRECTION('',(1.,-0.,-9.20340872694E-15));
#2469 = ADVANCED_FACE('',(#2470),#2488,.F.);
#2470 = FACE_BOUND('',#2471,.T.);
#2471 = EDGE_LOOP('',(#2472,#2480,#2486,#2487));
#2472 = ORIENTED_EDGE('',*,*,#2473,.F.);
#2473 = EDGE_CURVE('',#2474,#2450,#2476,.T.);
#2474 = VERTEX_POINT('',#2475);
#2475 = CARTESIAN_POINT('',(4.525,-16.9048624662,29.6022357132));
#2476 = LINE('',#2477,#2478);
#2477 = CARTESIAN_POINT('',(4.525,-16.9048624662,28.6261178566));
#2478 = VECTOR('',#2479,1.);
#2479 = DIRECTION('',(0.,0.,-1.));
#2480 = ORIENTED_EDGE('',*,*,#2481,.T.);
#2481 = EDGE_CURVE('',#2474,#2022,#2482,.T.);
#2482 = LINE('',#2483,#2484);
#2483 = CARTESIAN_POINT('',(4.525,-16.9022744269,29.6022357132));
#2484 = VECTOR('',#2485,1.);
#2485 = DIRECTION('',(0.,1.,0.));
#2486 = ORIENTED_EDGE('',*,*,#2021,.F.);
#2487 = ORIENTED_EDGE('',*,*,#2449,.F.);
#2488 = PLANE('',#2489);
#2489 = AXIS2_PLACEMENT_3D('',#2490,#2491,#2492);
#2490 = CARTESIAN_POINT('',(4.525,-18.,29.6022357132));
#2491 = DIRECTION('',(1.,-0.,0.));
#2492 = DIRECTION('',(0.,0.,-1.));
#2493 = ADVANCED_FACE('',(#2494),#2514,.T.);
#2494 = FACE_BOUND('',#2495,.T.);
#2495 = EDGE_LOOP('',(#2496,#2504,#2505,#2506));
#2496 = ORIENTED_EDGE('',*,*,#2497,.T.);
#2497 = EDGE_CURVE('',#2498,#2030,#2500,.T.);
#2498 = VERTEX_POINT('',#2499);
#2499 = CARTESIAN_POINT('',(5.,-16.7705098312,30.3));
#2500 = LINE('',#2501,#2502);
#2501 = CARTESIAN_POINT('',(5.,-1.26852228071E-03,30.3));
#2502 = VECTOR('',#2503,1.);
#2503 = DIRECTION('',(0.,1.,0.));
#2504 = ORIENTED_EDGE('',*,*,#2029,.F.);
#2505 = ORIENTED_EDGE('',*,*,#2481,.F.);
#2506 = ORIENTED_EDGE('',*,*,#2507,.T.);
#2507 = EDGE_CURVE('',#2474,#2498,#2508,.T.);
#2508 = B_SPLINE_CURVE_WITH_KNOTS('',4,(#2509,#2510,#2511,#2512,#2513),
  .UNSPECIFIED.,.F.,.F.,(5,5),(0.,1.28614428268),
  .PIECEWISE_BEZIER_KNOTS.);
#2509 = CARTESIAN_POINT('',(4.525,-16.9048624662,29.6022357132));
#2510 = CARTESIAN_POINT('',(4.525,-16.9048624662,29.8295960491));
#2511 = CARTESIAN_POINT('',(4.618648591,-16.8801718587,30.0581959397));
#2512 = CARTESIAN_POINT('',(4.79617062586,-16.8312800094,30.2196676027)
  );
#2513 = CARTESIAN_POINT('',(5.,-16.7705098312,30.3));
#2514 = CYLINDRICAL_SURFACE('',#2515,0.75);
#2515 = AXIS2_PLACEMENT_3D('',#2516,#2517,#2518);
#2516 = CARTESIAN_POINT('',(5.275,0.410000000283,29.6022357132));
#2517 = DIRECTION('',(0.,1.,-0.));
#2518 = DIRECTION('',(-1.,0.,0.));
#2519 = ADVANCED_FACE('',(#2520),#2541,.F.);
#2520 = FACE_BOUND('',#2521,.T.);
#2521 = EDGE_LOOP('',(#2522,#2533,#2539,#2540));
#2522 = ORIENTED_EDGE('',*,*,#2523,.T.);
#2523 = EDGE_CURVE('',#2498,#2524,#2526,.T.);
#2524 = VERTEX_POINT('',#2525);
#2525 = CARTESIAN_POINT('',(4.525,-16.9048624662,31.1));
#2526 = B_SPLINE_CURVE_WITH_KNOTS('',5,(#2527,#2528,#2529,#2530,#2531,
    #2532),.UNSPECIFIED.,.F.,.F.,(6,6),(0.,1.32942371724),
  .PIECEWISE_BEZIER_KNOTS.);
#2527 = CARTESIAN_POINT('',(5.,-16.7705098312,30.3));
#2528 = CARTESIAN_POINT('',(4.90510715341,-16.798801412,30.4598195311));
#2529 = CARTESIAN_POINT('',(4.8101588,-16.8263787155,30.6197325474));
#2530 = CARTESIAN_POINT('',(4.71515472196,-16.8532462155,30.7797394156)
  );
#2531 = CARTESIAN_POINT('',(4.62010190412,-16.879406115,30.939828372));
#2532 = CARTESIAN_POINT('',(4.525,-16.9048624662,31.1));
#2533 = ORIENTED_EDGE('',*,*,#2534,.T.);
#2534 = EDGE_CURVE('',#2524,#2040,#2535,.T.);
#2535 = LINE('',#2536,#2537);
#2536 = CARTESIAN_POINT('',(4.525,-16.9022744269,31.1));
#2537 = VECTOR('',#2538,1.);
#2538 = DIRECTION('',(0.,1.,0.));
#2539 = ORIENTED_EDGE('',*,*,#2039,.T.);
#2540 = ORIENTED_EDGE('',*,*,#2497,.F.);
#2541 = PLANE('',#2542);
#2542 = AXIS2_PLACEMENT_3D('',#2543,#2544,#2545);
#2543 = CARTESIAN_POINT('',(4.525,-18.,31.1));
#2544 = DIRECTION('',(0.859854743841,-0.,0.510538754155));
#2545 = DIRECTION('',(0.510538754155,0.,-0.859854743841));
#2546 = ADVANCED_FACE('',(#2547),#2566,.F.);
#2547 = FACE_BOUND('',#2548,.T.);
#2548 = EDGE_LOOP('',(#2549,#2558,#2564,#2565));
#2549 = ORIENTED_EDGE('',*,*,#2550,.F.);
#2550 = EDGE_CURVE('',#2551,#2524,#2553,.T.);
#2551 = VERTEX_POINT('',#2552);
#2552 = CARTESIAN_POINT('',(0.595876796297,-17.4898522248,31.1));
#2553 = CIRCLE('',#2554,17.5);
#2554 = AXIS2_PLACEMENT_3D('',#2555,#2556,#2557);
#2555 = CARTESIAN_POINT('',(0.,0.,31.1));
#2556 = DIRECTION('',(0.,0.,1.));
#2557 = DIRECTION('',(1.,0.,-0.));
#2558 = ORIENTED_EDGE('',*,*,#2559,.T.);
#2559 = EDGE_CURVE('',#2551,#2049,#2560,.T.);
#2560 = LINE('',#2561,#2562);
#2561 = CARTESIAN_POINT('',(0.595876796297,-17.4873507738,31.1));
#2562 = VECTOR('',#2563,1.);
#2563 = DIRECTION('',(0.,1.,0.));
#2564 = ORIENTED_EDGE('',*,*,#2048,.T.);
#2565 = ORIENTED_EDGE('',*,*,#2534,.F.);
#2566 = PLANE('',#2567);
#2567 = AXIS2_PLACEMENT_3D('',#2568,#2569,#2570);
#2568 = CARTESIAN_POINT('',(0.595876796297,-18.,31.1));
#2569 = DIRECTION('',(0.,0.,1.));
#2570 = DIRECTION('',(1.,0.,-0.));
#2571 = ADVANCED_FACE('',(#2572),#2586,.F.);
#2572 = FACE_BOUND('',#2573,.T.);
#2573 = EDGE_LOOP('',(#2574,#2583,#2584,#2585));
#2574 = ORIENTED_EDGE('',*,*,#2575,.T.);
#2575 = EDGE_CURVE('',#2551,#2193,#2576,.T.);
#2576 = B_SPLINE_CURVE_WITH_KNOTS('',5,(#2577,#2578,#2579,#2580,#2581,
    #2582),.UNSPECIFIED.,.F.,.F.,(6,6),(0.,1.10017207677),
  .PIECEWISE_BEZIER_KNOTS.);
#2577 = CARTESIAN_POINT('',(0.595876796298,-17.4898522248,31.1));
#2578 = CARTESIAN_POINT('',(0.476730177858,-17.4939115332,31.1999758836)
  );
#2579 = CARTESIAN_POINT('',(0.357563266061,-17.4969557731,31.2999687953)
  );
#2580 = CARTESIAN_POINT('',(0.238374379952,-17.4989853153,31.3999801457)
  );
#2581 = CARTESIAN_POINT('',(0.119187190437,-17.5,31.4999900725));
#2582 = CARTESIAN_POINT('',(-4.28146200683E-15,-17.5,31.6));
#2583 = ORIENTED_EDGE('',*,*,#2192,.T.);
#2584 = ORIENTED_EDGE('',*,*,#2057,.T.);
#2585 = ORIENTED_EDGE('',*,*,#2559,.F.);
#2586 = PLANE('',#2587);
#2587 = AXIS2_PLACEMENT_3D('',#2588,#2589,#2590);
#2588 = CARTESIAN_POINT('',(8.26312062806E-15,-18.,31.6));
#2589 = DIRECTION('',(0.642787609687,-0.,0.766044443119));
#2590 = DIRECTION('',(0.766044443119,0.,-0.642787609687));
#2591 = ADVANCED_FACE('',(#2592),#2628,.T.);
#2592 = FACE_BOUND('',#2593,.T.);
#2593 = EDGE_LOOP('',(#2594,#2605,#2614,#2621));
#2594 = ORIENTED_EDGE('',*,*,#2595,.F.);
#2595 = EDGE_CURVE('',#2596,#2598,#2600,.T.);
#2596 = VERTEX_POINT('',#2597);
#2597 = CARTESIAN_POINT('',(-13.909683606,-7.59889478688,50.));
#2598 = VERTEX_POINT('',#2599);
#2599 = CARTESIAN_POINT('',(13.909683606,7.59889478688,50.));
#2600 = CIRCLE('',#2601,15.85);
#2601 = AXIS2_PLACEMENT_3D('',#2602,#2603,#2604);
#2602 = CARTESIAN_POINT('',(0.,0.,50.));
#2603 = DIRECTION('',(0.,0.,1.));
#2604 = DIRECTION('',(1.,0.,-0.));
#2605 = ORIENTED_EDGE('',*,*,#2606,.F.);
#2606 = EDGE_CURVE('',#2607,#2596,#2609,.T.);
#2607 = VERTEX_POINT('',#2608);
#2608 = CARTESIAN_POINT('',(-15.3576948331,-8.38994692557,48.35));
#2609 = CIRCLE('',#2610,1.65);
#2610 = AXIS2_PLACEMENT_3D('',#2611,#2612,#2613);
#2611 = CARTESIAN_POINT('',(-13.909683606,-7.59889478688,48.35));
#2612 = DIRECTION('',(-0.479425538604,0.87758256189,0.));
#2613 = DIRECTION('',(0.87758256189,0.479425538604,0.));
#2614 = ORIENTED_EDGE('',*,*,#2615,.T.);
#2615 = EDGE_CURVE('',#2607,#1190,#2616,.T.);
#2616 = CIRCLE('',#2617,17.5);
#2617 = AXIS2_PLACEMENT_3D('',#2618,#2619,#2620);
#2618 = CARTESIAN_POINT('',(0.,0.,48.35));
#2619 = DIRECTION('',(0.,0.,1.));
#2620 = DIRECTION('',(1.,0.,-0.));
#2621 = ORIENTED_EDGE('',*,*,#2622,.T.);
#2622 = EDGE_CURVE('',#1190,#2598,#2623,.T.);
#2623 = CIRCLE('',#2624,1.65);
#2624 = AXIS2_PLACEMENT_3D('',#2625,#2626,#2627);
#2625 = CARTESIAN_POINT('',(13.909683606,7.59889478688,48.35));
#2626 = DIRECTION('',(0.479425538604,-0.87758256189,0.));
#2627 = DIRECTION('',(-0.87758256189,-0.479425538604,0.));
#2628 = TOROIDAL_SURFACE('',#2629,15.85,1.65);
#2629 = AXIS2_PLACEMENT_3D('',#2630,#2631,#2632);
#2630 = CARTESIAN_POINT('',(0.,0.,48.35));
#2631 = DIRECTION('',(0.,0.,1.));
#2632 = DIRECTION('',(-0.87758256189,-0.479425538604,0.));
#2633 = ADVANCED_FACE('',(#2634,#2653),#2671,.T.);
#2634 = FACE_BOUND('',#2635,.T.);
#2635 = EDGE_LOOP('',(#2636,#2637,#2645,#2652));
#2636 = ORIENTED_EDGE('',*,*,#2615,.F.);
#2637 = ORIENTED_EDGE('',*,*,#2638,.F.);
#2638 = EDGE_CURVE('',#2639,#2607,#2641,.T.);
#2639 = VERTEX_POINT('',#2640);
#2640 = CARTESIAN_POINT('',(-15.3576948331,-8.38994692557,8.33293894736)
  );
#2641 = LINE('',#2642,#2643);
#2642 = CARTESIAN_POINT('',(-15.3576948331,-8.38994692557,24.75));
#2643 = VECTOR('',#2644,1.);
#2644 = DIRECTION('',(0.,0.,1.));
#2645 = ORIENTED_EDGE('',*,*,#2646,.T.);
#2646 = EDGE_CURVE('',#2639,#1201,#2647,.T.);
#2647 = CIRCLE('',#2648,17.5);
#2648 = AXIS2_PLACEMENT_3D('',#2649,#2650,#2651);
#2649 = CARTESIAN_POINT('',(0.,0.,8.33293894736));
#2650 = DIRECTION('',(0.,0.,1.));
#2651 = DIRECTION('',(1.,0.,-0.));
#2652 = ORIENTED_EDGE('',*,*,#1200,.T.);
#2653 = FACE_BOUND('',#2654,.T.);
#2654 = EDGE_LOOP('',(#2655,#2656,#2657,#2658,#2659,#2660,#2661,#2662,
    #2663,#2664,#2665,#2666,#2667,#2668,#2669,#2670));
#2655 = ORIENTED_EDGE('',*,*,#2575,.F.);
#2656 = ORIENTED_EDGE('',*,*,#2550,.T.);
#2657 = ORIENTED_EDGE('',*,*,#2523,.F.);
#2658 = ORIENTED_EDGE('',*,*,#2507,.F.);
#2659 = ORIENTED_EDGE('',*,*,#2473,.T.);
#2660 = ORIENTED_EDGE('',*,*,#2457,.T.);
#2661 = ORIENTED_EDGE('',*,*,#2432,.F.);
#2662 = ORIENTED_EDGE('',*,*,#2406,.F.);
#2663 = ORIENTED_EDGE('',*,*,#2380,.F.);
#2664 = ORIENTED_EDGE('',*,*,#2355,.F.);
#2665 = ORIENTED_EDGE('',*,*,#2329,.F.);
#2666 = ORIENTED_EDGE('',*,*,#2305,.F.);
#2667 = ORIENTED_EDGE('',*,*,#2279,.T.);
#2668 = ORIENTED_EDGE('',*,*,#2252,.T.);
#2669 = ORIENTED_EDGE('',*,*,#2217,.T.);
#2670 = ORIENTED_EDGE('',*,*,#2200,.T.);
#2671 = CYLINDRICAL_SURFACE('',#2672,17.5);
#2672 = AXIS2_PLACEMENT_3D('',#2673,#2674,#2675);
#2673 = CARTESIAN_POINT('',(0.,0.,25.625));
#2674 = DIRECTION('',(0.,0.,1.));
#2675 = DIRECTION('',(-0.87758256189,-0.479425538604,0.));
#2676 = ADVANCED_FACE('',(#2677),#2705,.T.);
#2677 = FACE_BOUND('',#2678,.T.);
#2678 = EDGE_LOOP('',(#2679,#2680,#2689,#2698));
#2679 = ORIENTED_EDGE('',*,*,#2646,.F.);
#2680 = ORIENTED_EDGE('',*,*,#2681,.F.);
#2681 = EDGE_CURVE('',#2682,#2639,#2684,.T.);
#2682 = VERTEX_POINT('',#2683);
#2683 = CARTESIAN_POINT('',(-15.0729532035,-8.23439186438,5.78710109124)
  );
#2684 = CIRCLE('',#2685,10.15);
#2685 = AXIS2_PLACEMENT_3D('',#2686,#2687,#2688);
#2686 = CARTESIAN_POINT('',(-6.45023182989,-3.52377770874,8.33293894736)
  );
#2687 = DIRECTION('',(-0.479425538604,0.87758256189,0.));
#2688 = DIRECTION('',(0.87758256189,0.479425538604,0.));
#2689 = ORIENTED_EDGE('',*,*,#2690,.T.);
#2690 = EDGE_CURVE('',#2682,#2691,#2693,.T.);
#2691 = VERTEX_POINT('',#2692);
#2692 = CARTESIAN_POINT('',(15.0729532035,8.23439186438,5.78710109124));
#2693 = CIRCLE('',#2694,17.1755386422);
#2694 = AXIS2_PLACEMENT_3D('',#2695,#2696,#2697);
#2695 = CARTESIAN_POINT('',(0.,0.,5.78710109124));
#2696 = DIRECTION('',(0.,0.,1.));
#2697 = DIRECTION('',(1.,0.,-0.));
#2698 = ORIENTED_EDGE('',*,*,#2699,.T.);
#2699 = EDGE_CURVE('',#2691,#1201,#2700,.T.);
#2700 = CIRCLE('',#2701,10.15);
#2701 = AXIS2_PLACEMENT_3D('',#2702,#2703,#2704);
#2702 = CARTESIAN_POINT('',(6.45023182989,3.52377770874,8.33293894736));
#2703 = DIRECTION('',(0.479425538604,-0.87758256189,0.));
#2704 = DIRECTION('',(-0.87758256189,-0.479425538604,0.));
#2705 = SURFACE_OF_REVOLUTION('',#2706,#2712);
#2706 = B_SPLINE_CURVE_WITH_KNOTS('',4,(#2707,#2708,#2709,#2710,#2711),
  .UNSPECIFIED.,.F.,.F.,(5,5),(6.029656554973,6.28318530718),
  .PIECEWISE_BEZIER_KNOTS.);
#2707 = CARTESIAN_POINT('',(-15.07295320351,-8.234391864376,
    5.787101091228));
#2708 = CARTESIAN_POINT('',(-15.21456060472,-8.311752340239,
    6.40986522916));
#2709 = CARTESIAN_POINT('',(-15.30998218245,-8.363881385739,
    7.046273196527));
#2710 = CARTESIAN_POINT('',(-15.35769483308,-8.389946925574,
    7.689609738635));
#2711 = CARTESIAN_POINT('',(-15.35769483308,-8.389946925574,
    8.33293894736));
#2712 = AXIS1_PLACEMENT('',#2713,#2714);
#2713 = CARTESIAN_POINT('',(0.,0.,8.33293894736));
#2714 = DIRECTION('',(0.,0.,1.));
#2715 = ADVANCED_FACE('',(#2716),#2744,.F.);
#2716 = FACE_BOUND('',#2717,.F.);
#2717 = EDGE_LOOP('',(#2718,#2727,#2736,#2743));
#2718 = ORIENTED_EDGE('',*,*,#2719,.T.);
#2719 = EDGE_CURVE('',#2691,#2720,#2722,.T.);
#2720 = VERTEX_POINT('',#2721);
#2721 = CARTESIAN_POINT('',(15.0969388285,8.24749527101,4.25920381509));
#2722 = CIRCLE('',#2723,2.85);
#2723 = AXIS2_PLACEMENT_3D('',#2724,#2725,#2726);
#2724 = CARTESIAN_POINT('',(17.4941114217,9.55707662729,5.07225991981));
#2725 = DIRECTION('',(0.479425538604,-0.87758256189,0.));
#2726 = DIRECTION('',(-0.87758256189,-0.479425538604,0.));
#2727 = ORIENTED_EDGE('',*,*,#2728,.F.);
#2728 = EDGE_CURVE('',#2729,#2720,#2731,.T.);
#2729 = VERTEX_POINT('',#2730);
#2730 = CARTESIAN_POINT('',(-15.0969388285,-8.24749527101,4.25920381509)
  );
#2731 = CIRCLE('',#2732,17.2028701162);
#2732 = AXIS2_PLACEMENT_3D('',#2733,#2734,#2735);
#2733 = CARTESIAN_POINT('',(0.,0.,4.25920381509));
#2734 = DIRECTION('',(0.,0.,1.));
#2735 = DIRECTION('',(1.,0.,-0.));
#2736 = ORIENTED_EDGE('',*,*,#2737,.F.);
#2737 = EDGE_CURVE('',#2682,#2729,#2738,.T.);
#2738 = CIRCLE('',#2739,2.85);
#2739 = AXIS2_PLACEMENT_3D('',#2740,#2741,#2742);
#2740 = CARTESIAN_POINT('',(-17.4941114217,-9.55707662729,5.07225991981)
  );
#2741 = DIRECTION('',(-0.479425538604,0.87758256189,0.));
#2742 = DIRECTION('',(0.87758256189,0.479425538604,0.));
#2743 = ORIENTED_EDGE('',*,*,#2690,.T.);
#2744 = TOROIDAL_SURFACE('',#2745,19.934433729,2.85);
#2745 = AXIS2_PLACEMENT_3D('',#2746,#2747,#2748);
#2746 = CARTESIAN_POINT('',(0.,0.,5.07225991981));
#2747 = DIRECTION('',(0.,0.,1.));
#2748 = DIRECTION('',(-0.87758256189,-0.479425538604,0.));
#2749 = ADVANCED_FACE('',(#2750),#2778,.T.);
#2750 = FACE_BOUND('',#2751,.T.);
#2751 = EDGE_LOOP('',(#2752,#2753,#2762,#2771));
#2752 = ORIENTED_EDGE('',*,*,#2728,.F.);
#2753 = ORIENTED_EDGE('',*,*,#2754,.F.);
#2754 = EDGE_CURVE('',#2755,#2729,#2757,.T.);
#2755 = VERTEX_POINT('',#2756);
#2756 = CARTESIAN_POINT('',(-15.3576948331,-8.38994692557,2.21943148217)
  );
#2757 = CIRCLE('',#2758,7.15);
#2758 = AXIS2_PLACEMENT_3D('',#2759,#2760,#2761);
#2759 = CARTESIAN_POINT('',(-9.08297951557,-4.96205432455,2.21943148217)
  );
#2760 = DIRECTION('',(-0.479425538604,0.87758256189,0.));
#2761 = DIRECTION('',(0.87758256189,0.479425538604,0.));
#2762 = ORIENTED_EDGE('',*,*,#2763,.T.);
#2763 = EDGE_CURVE('',#2755,#2764,#2766,.T.);
#2764 = VERTEX_POINT('',#2765);
#2765 = CARTESIAN_POINT('',(15.3576948331,8.38994692557,2.21943148217));
#2766 = CIRCLE('',#2767,17.5);
#2767 = AXIS2_PLACEMENT_3D('',#2768,#2769,#2770);
#2768 = CARTESIAN_POINT('',(0.,0.,2.21943148217));
#2769 = DIRECTION('',(0.,0.,1.));
#2770 = DIRECTION('',(1.,0.,-0.));
#2771 = ORIENTED_EDGE('',*,*,#2772,.T.);
#2772 = EDGE_CURVE('',#2764,#2720,#2773,.T.);
#2773 = CIRCLE('',#2774,7.15);
#2774 = AXIS2_PLACEMENT_3D('',#2775,#2776,#2777);
#2775 = CARTESIAN_POINT('',(9.08297951557,4.96205432455,2.21943148217));
#2776 = DIRECTION('',(0.479425538604,-0.87758256189,0.));
#2777 = DIRECTION('',(-0.87758256189,-0.479425538604,0.));
#2778 = TOROIDAL_SURFACE('',#2779,10.35,7.15);
#2779 = AXIS2_PLACEMENT_3D('',#2780,#2781,#2782);
#2780 = CARTESIAN_POINT('',(0.,0.,2.21943148217));
#2781 = DIRECTION('',(0.,0.,1.));
#2782 = DIRECTION('',(-0.87758256189,-0.479425538604,0.));
#2783 = ADVANCED_FACE('',(#2784),#2804,.T.);
#2784 = FACE_BOUND('',#2785,.T.);
#2785 = EDGE_LOOP('',(#2786,#2797));
#2786 = ORIENTED_EDGE('',*,*,#2787,.T.);
#2787 = EDGE_CURVE('',#2788,#2790,#2792,.T.);
#2788 = VERTEX_POINT('',#2789);
#2789 = CARTESIAN_POINT('',(-11.4085733046,-6.23253200185,49.9));
#2790 = VERTEX_POINT('',#2791);
#2791 = CARTESIAN_POINT('',(11.4085733046,6.23253200185,49.9));
#2792 = CIRCLE('',#2793,13.);
#2793 = AXIS2_PLACEMENT_3D('',#2794,#2795,#2796);
#2794 = CARTESIAN_POINT('',(0.,0.,49.9));
#2795 = DIRECTION('',(0.,0.,1.));
#2796 = DIRECTION('',(1.,0.,-0.));
#2797 = ORIENTED_EDGE('',*,*,#2798,.T.);
#2798 = EDGE_CURVE('',#2790,#2788,#2799,.T.);
#2799 = CIRCLE('',#2800,13.);
#2800 = AXIS2_PLACEMENT_3D('',#2801,#2802,#2803);
#2801 = CARTESIAN_POINT('',(0.,0.,49.9));
#2802 = DIRECTION('',(0.,0.,1.));
#2803 = DIRECTION('',(1.,0.,-0.));
#2804 = PLANE('',#2805);
#2805 = AXIS2_PLACEMENT_3D('',#2806,#2807,#2808);
#2806 = CARTESIAN_POINT('',(-13.,0.,49.9));
#2807 = DIRECTION('',(0.,0.,1.));
#2808 = DIRECTION('',(1.,0.,-0.));
#2809 = ADVANCED_FACE('',(#2810),#2836,.F.);
#2810 = FACE_BOUND('',#2811,.F.);
#2811 = EDGE_LOOP('',(#2812,#2820,#2829,#2835));
#2812 = ORIENTED_EDGE('',*,*,#2813,.T.);
#2813 = EDGE_CURVE('',#2790,#2814,#2816,.T.);
#2814 = VERTEX_POINT('',#2815);
#2815 = CARTESIAN_POINT('',(11.4085733046,6.23253200185,50.));
#2816 = LINE('',#2817,#2818);
#2817 = CARTESIAN_POINT('',(11.4085733046,6.23253200185,25.));
#2818 = VECTOR('',#2819,1.);
#2819 = DIRECTION('',(0.,0.,1.));
#2820 = ORIENTED_EDGE('',*,*,#2821,.F.);
#2821 = EDGE_CURVE('',#2822,#2814,#2824,.T.);
#2822 = VERTEX_POINT('',#2823);
#2823 = CARTESIAN_POINT('',(-11.4085733046,-6.23253200185,50.));
#2824 = CIRCLE('',#2825,13.);
#2825 = AXIS2_PLACEMENT_3D('',#2826,#2827,#2828);
#2826 = CARTESIAN_POINT('',(0.,0.,50.));
#2827 = DIRECTION('',(0.,0.,1.));
#2828 = DIRECTION('',(1.,0.,-0.));
#2829 = ORIENTED_EDGE('',*,*,#2830,.F.);
#2830 = EDGE_CURVE('',#2788,#2822,#2831,.T.);
#2831 = LINE('',#2832,#2833);
#2832 = CARTESIAN_POINT('',(-11.4085733046,-6.23253200185,25.));
#2833 = VECTOR('',#2834,1.);
#2834 = DIRECTION('',(0.,0.,1.));
#2835 = ORIENTED_EDGE('',*,*,#2787,.T.);
#2836 = CYLINDRICAL_SURFACE('',#2837,13.);
#2837 = AXIS2_PLACEMENT_3D('',#2838,#2839,#2840);
#2838 = CARTESIAN_POINT('',(0.,0.,25.625));
#2839 = DIRECTION('',(0.,0.,1.));
#2840 = DIRECTION('',(-0.87758256189,-0.479425538604,0.));
#2841 = ADVANCED_FACE('',(#2842),#2868,.T.);
#2842 = FACE_BOUND('',#2843,.T.);
#2843 = EDGE_LOOP('',(#2844,#2845,#2853,#2862));
#2844 = ORIENTED_EDGE('',*,*,#2763,.F.);
#2845 = ORIENTED_EDGE('',*,*,#2846,.F.);
#2846 = EDGE_CURVE('',#2847,#2755,#2849,.T.);
#2847 = VERTEX_POINT('',#2848);
#2848 = CARTESIAN_POINT('',(-15.3576948331,-8.38994692557,1.15));
#2849 = LINE('',#2850,#2851);
#2850 = CARTESIAN_POINT('',(-15.3576948331,-8.38994692557,24.75));
#2851 = VECTOR('',#2852,1.);
#2852 = DIRECTION('',(0.,0.,1.));
#2853 = ORIENTED_EDGE('',*,*,#2854,.T.);
#2854 = EDGE_CURVE('',#2847,#2855,#2857,.T.);
#2855 = VERTEX_POINT('',#2856);
#2856 = CARTESIAN_POINT('',(15.3576948331,8.38994692557,1.15));
#2857 = CIRCLE('',#2858,17.5);
#2858 = AXIS2_PLACEMENT_3D('',#2859,#2860,#2861);
#2859 = CARTESIAN_POINT('',(0.,0.,1.15));
#2860 = DIRECTION('',(0.,0.,1.));
#2861 = DIRECTION('',(1.,0.,-0.));
#2862 = ORIENTED_EDGE('',*,*,#2863,.T.);
#2863 = EDGE_CURVE('',#2855,#2764,#2864,.T.);
#2864 = LINE('',#2865,#2866);
#2865 = CARTESIAN_POINT('',(15.3576948331,8.38994692557,24.75));
#2866 = VECTOR('',#2867,1.);
#2867 = DIRECTION('',(0.,0.,1.));
#2868 = CYLINDRICAL_SURFACE('',#2869,17.5);
#2869 = AXIS2_PLACEMENT_3D('',#2870,#2871,#2872);
#2870 = CARTESIAN_POINT('',(0.,0.,25.625));
#2871 = DIRECTION('',(0.,0.,1.));
#2872 = DIRECTION('',(-0.87758256189,-0.479425538604,0.));
#2873 = ADVANCED_FACE('',(#2874),#2902,.T.);
#2874 = FACE_BOUND('',#2875,.T.);
#2875 = EDGE_LOOP('',(#2876,#2885,#2886,#2895));
#2876 = ORIENTED_EDGE('',*,*,#2877,.T.);
#2877 = EDGE_CURVE('',#2878,#2607,#2880,.T.);
#2878 = VERTEX_POINT('',#2879);
#2879 = CARTESIAN_POINT('',(-16.9115345253,-4.5,48.35));
#2880 = CIRCLE('',#2881,17.5);
#2881 = AXIS2_PLACEMENT_3D('',#2882,#2883,#2884);
#2882 = CARTESIAN_POINT('',(0.,0.,48.35));
#2883 = DIRECTION('',(0.,0.,1.));
#2884 = DIRECTION('',(1.,0.,-0.));
#2885 = ORIENTED_EDGE('',*,*,#2606,.T.);
#2886 = ORIENTED_EDGE('',*,*,#2887,.F.);
#2887 = EDGE_CURVE('',#2888,#2596,#2890,.T.);
#2888 = VERTEX_POINT('',#2889);
#2889 = CARTESIAN_POINT('',(-15.3170184129,-4.07571428571,50.));
#2890 = CIRCLE('',#2891,15.85);
#2891 = AXIS2_PLACEMENT_3D('',#2892,#2893,#2894);
#2892 = CARTESIAN_POINT('',(0.,0.,50.));
#2893 = DIRECTION('',(0.,0.,1.));
#2894 = DIRECTION('',(1.,0.,-0.));
#2895 = ORIENTED_EDGE('',*,*,#2896,.F.);
#2896 = EDGE_CURVE('',#2878,#2888,#2897,.T.);
#2897 = CIRCLE('',#2898,1.65);
#2898 = AXIS2_PLACEMENT_3D('',#2899,#2900,#2901);
#2899 = CARTESIAN_POINT('',(-15.3170184129,-4.07571428571,48.35));
#2900 = DIRECTION('',(-0.257142857143,0.966373401445,0.));
#2901 = DIRECTION('',(0.966373401445,0.257142857143,0.));
#2902 = TOROIDAL_SURFACE('',#2903,15.85,1.65);
#2903 = AXIS2_PLACEMENT_3D('',#2904,#2905,#2906);
#2904 = CARTESIAN_POINT('',(0.,0.,48.35));
#2905 = DIRECTION('',(0.,0.,1.));
#2906 = DIRECTION('',(-0.87758256189,-0.479425538604,0.));
#2907 = ADVANCED_FACE('',(#2908),#2927,.T.);
#2908 = FACE_BOUND('',#2909,.T.);
#2909 = EDGE_LOOP('',(#2910,#2919,#2920,#2921));
#2910 = ORIENTED_EDGE('',*,*,#2911,.T.);
#2911 = EDGE_CURVE('',#2912,#2639,#2914,.T.);
#2912 = VERTEX_POINT('',#2913);
#2913 = CARTESIAN_POINT('',(-16.9115345253,-4.5,8.33293894736));
#2914 = CIRCLE('',#2915,17.5);
#2915 = AXIS2_PLACEMENT_3D('',#2916,#2917,#2918);
#2916 = CARTESIAN_POINT('',(0.,0.,8.33293894736));
#2917 = DIRECTION('',(0.,0.,1.));
#2918 = DIRECTION('',(1.,0.,-0.));
#2919 = ORIENTED_EDGE('',*,*,#2638,.T.);
#2920 = ORIENTED_EDGE('',*,*,#2877,.F.);
#2921 = ORIENTED_EDGE('',*,*,#2922,.F.);
#2922 = EDGE_CURVE('',#2912,#2878,#2923,.T.);
#2923 = LINE('',#2924,#2925);
#2924 = CARTESIAN_POINT('',(-16.9115345253,-4.5,24.75));
#2925 = VECTOR('',#2926,1.);
#2926 = DIRECTION('',(0.,0.,1.));
#2927 = CYLINDRICAL_SURFACE('',#2928,17.5);
#2928 = AXIS2_PLACEMENT_3D('',#2929,#2930,#2931);
#2929 = CARTESIAN_POINT('',(0.,0.,25.625));
#2930 = DIRECTION('',(0.,0.,1.));
#2931 = DIRECTION('',(-0.87758256189,-0.479425538604,0.));
#2932 = ADVANCED_FACE('',(#2933),#2953,.T.);
#2933 = FACE_BOUND('',#2934,.T.);
#2934 = EDGE_LOOP('',(#2935,#2944,#2945,#2946));
#2935 = ORIENTED_EDGE('',*,*,#2936,.T.);
#2936 = EDGE_CURVE('',#2937,#2682,#2939,.T.);
#2937 = VERTEX_POINT('',#2938);
#2938 = CARTESIAN_POINT('',(-16.5979836994,-4.41656707943,5.78710109124)
  );
#2939 = CIRCLE('',#2940,17.1755386422);
#2940 = AXIS2_PLACEMENT_3D('',#2941,#2942,#2943);
#2941 = CARTESIAN_POINT('',(0.,0.,5.78710109124));
#2942 = DIRECTION('',(0.,0.,1.));
#2943 = DIRECTION('',(1.,0.,-0.));
#2944 = ORIENTED_EDGE('',*,*,#2681,.T.);
#2945 = ORIENTED_EDGE('',*,*,#2911,.F.);
#2946 = ORIENTED_EDGE('',*,*,#2947,.F.);
#2947 = EDGE_CURVE('',#2937,#2912,#2948,.T.);
#2948 = CIRCLE('',#2949,10.15);
#2949 = AXIS2_PLACEMENT_3D('',#2950,#2951,#2952);
#2950 = CARTESIAN_POINT('',(-7.10284450062,-1.89,8.33293894736));
#2951 = DIRECTION('',(-0.257142857143,0.966373401445,0.));
#2952 = DIRECTION('',(0.966373401445,0.257142857143,0.));
#2953 = SURFACE_OF_REVOLUTION('',#2954,#2960);
#2954 = B_SPLINE_CURVE_WITH_KNOTS('',4,(#2955,#2956,#2957,#2958,#2959),
  .UNSPECIFIED.,.F.,.F.,(5,5),(6.029656554973,6.28318530718),
  .PIECEWISE_BEZIER_KNOTS.);
#2955 = CARTESIAN_POINT('',(-15.07295320351,-8.234391864376,
    5.787101091228));
#2956 = CARTESIAN_POINT('',(-15.21456060472,-8.311752340239,
    6.40986522916));
#2957 = CARTESIAN_POINT('',(-15.30998218245,-8.363881385739,
    7.046273196527));
#2958 = CARTESIAN_POINT('',(-15.35769483308,-8.389946925574,
    7.689609738635));
#2959 = CARTESIAN_POINT('',(-15.35769483308,-8.389946925574,
    8.33293894736));
#2960 = AXIS1_PLACEMENT('',#2961,#2962);
#2961 = CARTESIAN_POINT('',(0.,0.,8.33293894736));
#2962 = DIRECTION('',(0.,0.,1.));
#2963 = ADVANCED_FACE('',(#2964),#2984,.F.);
#2964 = FACE_BOUND('',#2965,.F.);
#2965 = EDGE_LOOP('',(#2966,#2967,#2968,#2977));
#2966 = ORIENTED_EDGE('',*,*,#2936,.T.);
#2967 = ORIENTED_EDGE('',*,*,#2737,.T.);
#2968 = ORIENTED_EDGE('',*,*,#2969,.F.);
#2969 = EDGE_CURVE('',#2970,#2729,#2972,.T.);
#2970 = VERTEX_POINT('',#2971);
#2971 = CARTESIAN_POINT('',(-16.6243961088,-4.42359517274,4.25920381509)
  );
#2972 = CIRCLE('',#2973,17.2028701162);
#2973 = AXIS2_PLACEMENT_3D('',#2974,#2975,#2976);
#2974 = CARTESIAN_POINT('',(0.,0.,4.25920381509));
#2975 = DIRECTION('',(0.,0.,1.));
#2976 = DIRECTION('',(1.,0.,-0.));
#2977 = ORIENTED_EDGE('',*,*,#2978,.F.);
#2978 = EDGE_CURVE('',#2937,#2970,#2979,.T.);
#2979 = CIRCLE('',#2980,2.85);
#2980 = AXIS2_PLACEMENT_3D('',#2981,#2982,#2983);
#2981 = CARTESIAN_POINT('',(-19.2641065286,-5.1259972446,5.07225991981)
  );
#2982 = DIRECTION('',(-0.257142857143,0.966373401445,0.));
#2983 = DIRECTION('',(0.966373401445,0.257142857143,0.));
#2984 = TOROIDAL_SURFACE('',#2985,19.934433729,2.85);
#2985 = AXIS2_PLACEMENT_3D('',#2986,#2987,#2988);
#2986 = CARTESIAN_POINT('',(0.,0.,5.07225991981));
#2987 = DIRECTION('',(0.,0.,1.));
#2988 = DIRECTION('',(-0.87758256189,-0.479425538604,0.));
#2989 = ADVANCED_FACE('',(#2990),#3010,.T.);
#2990 = FACE_BOUND('',#2991,.T.);
#2991 = EDGE_LOOP('',(#2992,#3001,#3002,#3003));
#2992 = ORIENTED_EDGE('',*,*,#2993,.T.);
#2993 = EDGE_CURVE('',#2994,#2755,#2996,.T.);
#2994 = VERTEX_POINT('',#2995);
#2995 = CARTESIAN_POINT('',(-16.9115345253,-4.5,2.21943148217));
#2996 = CIRCLE('',#2997,17.5);
#2997 = AXIS2_PLACEMENT_3D('',#2998,#2999,#3000);
#2998 = CARTESIAN_POINT('',(0.,0.,2.21943148217));
#2999 = DIRECTION('',(0.,0.,1.));
#3000 = DIRECTION('',(1.,0.,-0.));
#3001 = ORIENTED_EDGE('',*,*,#2754,.T.);
#3002 = ORIENTED_EDGE('',*,*,#2969,.F.);
#3003 = ORIENTED_EDGE('',*,*,#3004,.F.);
#3004 = EDGE_CURVE('',#2994,#2970,#3005,.T.);
#3005 = CIRCLE('',#3006,7.15);
#3006 = AXIS2_PLACEMENT_3D('',#3007,#3008,#3009);
#3007 = CARTESIAN_POINT('',(-10.001964705,-2.66142857143,2.21943148217)
  );
#3008 = DIRECTION('',(-0.257142857143,0.966373401445,0.));
#3009 = DIRECTION('',(0.966373401445,0.257142857143,0.));
#3010 = TOROIDAL_SURFACE('',#3011,10.35,7.15);
#3011 = AXIS2_PLACEMENT_3D('',#3012,#3013,#3014);
#3012 = CARTESIAN_POINT('',(0.,0.,2.21943148217));
#3013 = DIRECTION('',(0.,0.,1.));
#3014 = DIRECTION('',(-0.87758256189,-0.479425538604,0.));
#3015 = ADVANCED_FACE('',(#3016),#3035,.T.);
#3016 = FACE_BOUND('',#3017,.T.);
#3017 = EDGE_LOOP('',(#3018,#3027,#3028,#3029));
#3018 = ORIENTED_EDGE('',*,*,#3019,.T.);
#3019 = EDGE_CURVE('',#3020,#2847,#3022,.T.);
#3020 = VERTEX_POINT('',#3021);
#3021 = CARTESIAN_POINT('',(-16.9115345253,-4.5,1.15));
#3022 = CIRCLE('',#3023,17.5);
#3023 = AXIS2_PLACEMENT_3D('',#3024,#3025,#3026);
#3024 = CARTESIAN_POINT('',(0.,0.,1.15));
#3025 = DIRECTION('',(0.,0.,1.));
#3026 = DIRECTION('',(1.,0.,-0.));
#3027 = ORIENTED_EDGE('',*,*,#2846,.T.);
#3028 = ORIENTED_EDGE('',*,*,#2993,.F.);
#3029 = ORIENTED_EDGE('',*,*,#3030,.F.);
#3030 = EDGE_CURVE('',#3020,#2994,#3031,.T.);
#3031 = LINE('',#3032,#3033);
#3032 = CARTESIAN_POINT('',(-16.9115345253,-4.5,24.75));
#3033 = VECTOR('',#3034,1.);
#3034 = DIRECTION('',(0.,0.,1.));
#3035 = CYLINDRICAL_SURFACE('',#3036,17.5);
#3036 = AXIS2_PLACEMENT_3D('',#3037,#3038,#3039);
#3037 = CARTESIAN_POINT('',(0.,0.,25.625));
#3038 = DIRECTION('',(0.,0.,1.));
#3039 = DIRECTION('',(-0.87758256189,-0.479425538604,0.));
#3040 = ADVANCED_FACE('',(#3041),#3085,.T.);
#3041 = FACE_BOUND('',#3042,.T.);
#3042 = EDGE_LOOP('',(#3043,#3044,#3045,#3054,#3062,#3069,#3070,#3079));
#3043 = ORIENTED_EDGE('',*,*,#2887,.T.);
#3044 = ORIENTED_EDGE('',*,*,#2595,.T.);
#3045 = ORIENTED_EDGE('',*,*,#3046,.T.);
#3046 = EDGE_CURVE('',#2598,#3047,#3049,.T.);
#3047 = VERTEX_POINT('',#3048);
#3048 = CARTESIAN_POINT('',(-15.3170184129,4.07571428571,50.));
#3049 = CIRCLE('',#3050,15.85);
#3050 = AXIS2_PLACEMENT_3D('',#3051,#3052,#3053);
#3051 = CARTESIAN_POINT('',(0.,0.,50.));
#3052 = DIRECTION('',(0.,0.,1.));
#3053 = DIRECTION('',(1.,0.,-0.));
#3054 = ORIENTED_EDGE('',*,*,#3055,.F.);
#3055 = EDGE_CURVE('',#3056,#3047,#3058,.T.);
#3056 = VERTEX_POINT('',#3057);
#3057 = CARTESIAN_POINT('',(-12.5628542188,3.34285714286,50.));
#3058 = LINE('',#3059,#3060);
#3059 = CARTESIAN_POINT('',(-13.9399363158,3.70928571428,50.));
#3060 = VECTOR('',#3061,1.);
#3061 = DIRECTION('',(-0.966373401445,0.257142857143,0.));
#3062 = ORIENTED_EDGE('',*,*,#3063,.F.);
#3063 = EDGE_CURVE('',#2814,#3056,#3064,.T.);
#3064 = CIRCLE('',#3065,13.);
#3065 = AXIS2_PLACEMENT_3D('',#3066,#3067,#3068);
#3066 = CARTESIAN_POINT('',(0.,0.,50.));
#3067 = DIRECTION('',(0.,0.,1.));
#3068 = DIRECTION('',(1.,0.,-0.));
#3069 = ORIENTED_EDGE('',*,*,#2821,.F.);
#3070 = ORIENTED_EDGE('',*,*,#3071,.F.);
#3071 = EDGE_CURVE('',#3072,#2822,#3074,.T.);
#3072 = VERTEX_POINT('',#3073);
#3073 = CARTESIAN_POINT('',(-12.5628542188,-3.34285714286,50.));
#3074 = CIRCLE('',#3075,13.);
#3075 = AXIS2_PLACEMENT_3D('',#3076,#3077,#3078);
#3076 = CARTESIAN_POINT('',(0.,0.,50.));
#3077 = DIRECTION('',(0.,0.,1.));
#3078 = DIRECTION('',(1.,0.,-0.));
#3079 = ORIENTED_EDGE('',*,*,#3080,.T.);
#3080 = EDGE_CURVE('',#3072,#2888,#3081,.T.);
#3081 = LINE('',#3082,#3083);
#3082 = CARTESIAN_POINT('',(-13.9399363158,-3.70928571428,50.));
#3083 = VECTOR('',#3084,1.);
#3084 = DIRECTION('',(-0.966373401445,-0.257142857143,0.));
#3085 = PLANE('',#3086);
#3086 = AXIS2_PLACEMENT_3D('',#3087,#3088,#3089);
#3087 = CARTESIAN_POINT('',(-13.,0.,50.));
#3088 = DIRECTION('',(0.,0.,1.));
#3089 = DIRECTION('',(1.,0.,-0.));
#3090 = ADVANCED_FACE('',(#3091),#3103,.T.);
#3091 = FACE_BOUND('',#3092,.T.);
#3092 = EDGE_LOOP('',(#3093,#3094,#3095,#3096));
#3093 = ORIENTED_EDGE('',*,*,#3046,.F.);
#3094 = ORIENTED_EDGE('',*,*,#2622,.F.);
#3095 = ORIENTED_EDGE('',*,*,#1189,.T.);
#3096 = ORIENTED_EDGE('',*,*,#3097,.T.);
#3097 = EDGE_CURVE('',#1192,#3047,#3098,.T.);
#3098 = CIRCLE('',#3099,1.65);
#3099 = AXIS2_PLACEMENT_3D('',#3100,#3101,#3102);
#3100 = CARTESIAN_POINT('',(-15.3170184129,4.07571428571,48.35));
#3101 = DIRECTION('',(0.257142857143,0.966373401445,0.));
#3102 = DIRECTION('',(0.966373401445,-0.257142857143,0.));
#3103 = TOROIDAL_SURFACE('',#3104,15.85,1.65);
#3104 = AXIS2_PLACEMENT_3D('',#3105,#3106,#3107);
#3105 = CARTESIAN_POINT('',(0.,0.,48.35));
#3106 = DIRECTION('',(0.,0.,1.));
#3107 = DIRECTION('',(-0.87758256189,-0.479425538604,0.));
#3108 = ADVANCED_FACE('',(#3109),#3129,.T.);
#3109 = FACE_BOUND('',#3110,.T.);
#3110 = EDGE_LOOP('',(#3111,#3112,#3113,#3122));
#3111 = ORIENTED_EDGE('',*,*,#1208,.F.);
#3112 = ORIENTED_EDGE('',*,*,#2699,.F.);
#3113 = ORIENTED_EDGE('',*,*,#3114,.T.);
#3114 = EDGE_CURVE('',#2691,#3115,#3117,.T.);
#3115 = VERTEX_POINT('',#3116);
#3116 = CARTESIAN_POINT('',(-16.5979836994,4.41656707943,5.78710109124)
  );
#3117 = CIRCLE('',#3118,17.1755386422);
#3118 = AXIS2_PLACEMENT_3D('',#3119,#3120,#3121);
#3119 = CARTESIAN_POINT('',(0.,0.,5.78710109124));
#3120 = DIRECTION('',(0.,0.,1.));
#3121 = DIRECTION('',(1.,0.,-0.));
#3122 = ORIENTED_EDGE('',*,*,#3123,.T.);
#3123 = EDGE_CURVE('',#3115,#1209,#3124,.T.);
#3124 = CIRCLE('',#3125,10.15);
#3125 = AXIS2_PLACEMENT_3D('',#3126,#3127,#3128);
#3126 = CARTESIAN_POINT('',(-7.10284450062,1.89,8.33293894736));
#3127 = DIRECTION('',(0.257142857143,0.966373401445,0.));
#3128 = DIRECTION('',(0.966373401445,-0.257142857143,0.));
#3129 = SURFACE_OF_REVOLUTION('',#3130,#3136);
#3130 = B_SPLINE_CURVE_WITH_KNOTS('',4,(#3131,#3132,#3133,#3134,#3135),
  .UNSPECIFIED.,.F.,.F.,(5,5),(6.029656554973,6.28318530718),
  .PIECEWISE_BEZIER_KNOTS.);
#3131 = CARTESIAN_POINT('',(-15.07295320351,-8.234391864376,
    5.787101091228));
#3132 = CARTESIAN_POINT('',(-15.21456060472,-8.311752340239,
    6.40986522916));
#3133 = CARTESIAN_POINT('',(-15.30998218245,-8.363881385739,
    7.046273196527));
#3134 = CARTESIAN_POINT('',(-15.35769483308,-8.389946925574,
    7.689609738635));
#3135 = CARTESIAN_POINT('',(-15.35769483308,-8.389946925574,
    8.33293894736));
#3136 = AXIS1_PLACEMENT('',#3137,#3138);
#3137 = CARTESIAN_POINT('',(0.,0.,8.33293894736));
#3138 = DIRECTION('',(0.,0.,1.));
#3139 = ADVANCED_FACE('',(#3140),#3160,.F.);
#3140 = FACE_BOUND('',#3141,.F.);
#3141 = EDGE_LOOP('',(#3142,#3151,#3152,#3153));
#3142 = ORIENTED_EDGE('',*,*,#3143,.F.);
#3143 = EDGE_CURVE('',#2720,#3144,#3146,.T.);
#3144 = VERTEX_POINT('',#3145);
#3145 = CARTESIAN_POINT('',(-16.6243961088,4.42359517274,4.25920381509)
  );
#3146 = CIRCLE('',#3147,17.2028701162);
#3147 = AXIS2_PLACEMENT_3D('',#3148,#3149,#3150);
#3148 = CARTESIAN_POINT('',(0.,0.,4.25920381509));
#3149 = DIRECTION('',(0.,0.,1.));
#3150 = DIRECTION('',(1.,0.,-0.));
#3151 = ORIENTED_EDGE('',*,*,#2719,.F.);
#3152 = ORIENTED_EDGE('',*,*,#3114,.T.);
#3153 = ORIENTED_EDGE('',*,*,#3154,.T.);
#3154 = EDGE_CURVE('',#3115,#3144,#3155,.T.);
#3155 = CIRCLE('',#3156,2.85);
#3156 = AXIS2_PLACEMENT_3D('',#3157,#3158,#3159);
#3157 = CARTESIAN_POINT('',(-19.2641065286,5.1259972446,5.07225991981));
#3158 = DIRECTION('',(0.257142857143,0.966373401445,0.));
#3159 = DIRECTION('',(0.966373401445,-0.257142857143,0.));
#3160 = TOROIDAL_SURFACE('',#3161,19.934433729,2.85);
#3161 = AXIS2_PLACEMENT_3D('',#3162,#3163,#3164);
#3162 = CARTESIAN_POINT('',(0.,0.,5.07225991981));
#3163 = DIRECTION('',(0.,0.,1.));
#3164 = DIRECTION('',(-0.87758256189,-0.479425538604,0.));
#3165 = ADVANCED_FACE('',(#3166),#3186,.T.);
#3166 = FACE_BOUND('',#3167,.T.);
#3167 = EDGE_LOOP('',(#3168,#3169,#3170,#3179));
#3168 = ORIENTED_EDGE('',*,*,#3143,.F.);
#3169 = ORIENTED_EDGE('',*,*,#2772,.F.);
#3170 = ORIENTED_EDGE('',*,*,#3171,.T.);
#3171 = EDGE_CURVE('',#2764,#3172,#3174,.T.);
#3172 = VERTEX_POINT('',#3173);
#3173 = CARTESIAN_POINT('',(-16.9115345253,4.5,2.21943148217));
#3174 = CIRCLE('',#3175,17.5);
#3175 = AXIS2_PLACEMENT_3D('',#3176,#3177,#3178);
#3176 = CARTESIAN_POINT('',(0.,0.,2.21943148217));
#3177 = DIRECTION('',(0.,0.,1.));
#3178 = DIRECTION('',(1.,0.,-0.));
#3179 = ORIENTED_EDGE('',*,*,#3180,.T.);
#3180 = EDGE_CURVE('',#3172,#3144,#3181,.T.);
#3181 = CIRCLE('',#3182,7.15);
#3182 = AXIS2_PLACEMENT_3D('',#3183,#3184,#3185);
#3183 = CARTESIAN_POINT('',(-10.001964705,2.66142857143,2.21943148217));
#3184 = DIRECTION('',(0.257142857143,0.966373401445,0.));
#3185 = DIRECTION('',(0.966373401445,-0.257142857143,0.));
#3186 = TOROIDAL_SURFACE('',#3187,10.35,7.15);
#3187 = AXIS2_PLACEMENT_3D('',#3188,#3189,#3190);
#3188 = CARTESIAN_POINT('',(0.,0.,2.21943148217));
#3189 = DIRECTION('',(0.,0.,1.));
#3190 = DIRECTION('',(-0.87758256189,-0.479425538604,0.));
#3191 = ADVANCED_FACE('',(#3192),#3211,.T.);
#3192 = FACE_BOUND('',#3193,.T.);
#3193 = EDGE_LOOP('',(#3194,#3195,#3196,#3205));
#3194 = ORIENTED_EDGE('',*,*,#3171,.F.);
#3195 = ORIENTED_EDGE('',*,*,#2863,.F.);
#3196 = ORIENTED_EDGE('',*,*,#3197,.T.);
#3197 = EDGE_CURVE('',#2855,#3198,#3200,.T.);
#3198 = VERTEX_POINT('',#3199);
#3199 = CARTESIAN_POINT('',(-16.9115345253,4.5,1.15));
#3200 = CIRCLE('',#3201,17.5);
#3201 = AXIS2_PLACEMENT_3D('',#3202,#3203,#3204);
#3202 = CARTESIAN_POINT('',(0.,0.,1.15));
#3203 = DIRECTION('',(0.,0.,1.));
#3204 = DIRECTION('',(1.,0.,-0.));
#3205 = ORIENTED_EDGE('',*,*,#3206,.T.);
#3206 = EDGE_CURVE('',#3198,#3172,#3207,.T.);
#3207 = LINE('',#3208,#3209);
#3208 = CARTESIAN_POINT('',(-16.9115345253,4.5,24.75));
#3209 = VECTOR('',#3210,1.);
#3210 = DIRECTION('',(0.,0.,1.));
#3211 = CYLINDRICAL_SURFACE('',#3212,17.5);
#3212 = AXIS2_PLACEMENT_3D('',#3213,#3214,#3215);
#3213 = CARTESIAN_POINT('',(0.,0.,25.625));
#3214 = DIRECTION('',(0.,0.,1.));
#3215 = DIRECTION('',(-0.87758256189,-0.479425538604,0.));
#3216 = ADVANCED_FACE('',(#3217),#3255,.T.);
#3217 = FACE_BOUND('',#3218,.T.);
#3218 = EDGE_LOOP('',(#3219,#3230,#3239,#3248));
#3219 = ORIENTED_EDGE('',*,*,#3220,.F.);
#3220 = EDGE_CURVE('',#3221,#3223,#3225,.T.);
#3221 = VERTEX_POINT('',#3222);
#3222 = CARTESIAN_POINT('',(-16.9067026583,4.49871428571,1.15));
#3223 = VERTEX_POINT('',#3224);
#3224 = CARTESIAN_POINT('',(-16.9067026583,-4.49871428571,1.15));
#3225 = CIRCLE('',#3226,17.495);
#3226 = AXIS2_PLACEMENT_3D('',#3227,#3228,#3229);
#3227 = CARTESIAN_POINT('',(0.,0.,1.15));
#3228 = DIRECTION('',(0.,0.,1.));
#3229 = DIRECTION('',(1.,0.,-0.));
#3230 = ORIENTED_EDGE('',*,*,#3231,.F.);
#3231 = EDGE_CURVE('',#3232,#3221,#3234,.T.);
#3232 = VERTEX_POINT('',#3233);
#3233 = CARTESIAN_POINT('',(-15.8002051136,4.20428571428,5.E-03));
#3234 = CIRCLE('',#3235,1.145);
#3235 = AXIS2_PLACEMENT_3D('',#3236,#3237,#3238);
#3236 = CARTESIAN_POINT('',(-15.8002051136,4.20428571428,1.15));
#3237 = DIRECTION('',(0.257142857143,0.966373401445,0.));
#3238 = DIRECTION('',(0.966373401445,-0.257142857143,0.));
#3239 = ORIENTED_EDGE('',*,*,#3240,.T.);
#3240 = EDGE_CURVE('',#3232,#3241,#3243,.T.);
#3241 = VERTEX_POINT('',#3242);
#3242 = CARTESIAN_POINT('',(-15.8002051136,-4.20428571428,5.E-03));
#3243 = CIRCLE('',#3244,16.35);
#3244 = AXIS2_PLACEMENT_3D('',#3245,#3246,#3247);
#3245 = CARTESIAN_POINT('',(0.,0.,5.E-03));
#3246 = DIRECTION('',(0.,0.,1.));
#3247 = DIRECTION('',(1.,0.,-0.));
#3248 = ORIENTED_EDGE('',*,*,#3249,.T.);
#3249 = EDGE_CURVE('',#3241,#3223,#3250,.T.);
#3250 = CIRCLE('',#3251,1.145);
#3251 = AXIS2_PLACEMENT_3D('',#3252,#3253,#3254);
#3252 = CARTESIAN_POINT('',(-15.8002051136,-4.20428571428,1.15));
#3253 = DIRECTION('',(-0.257142857143,0.966373401445,0.));
#3254 = DIRECTION('',(0.966373401445,0.257142857143,0.));
#3255 = TOROIDAL_SURFACE('',#3256,16.35,1.145);
#3256 = AXIS2_PLACEMENT_3D('',#3257,#3258,#3259);
#3257 = CARTESIAN_POINT('',(0.,0.,1.15));
#3258 = DIRECTION('',(0.,0.,1.));
#3259 = DIRECTION('',(-0.966373401445,0.257142857143,0.));
#3260 = ADVANCED_FACE('',(#3261),#3287,.T.);
#3261 = FACE_BOUND('',#3262,.T.);
#3262 = EDGE_LOOP('',(#3263,#3274,#3280,#3281));
#3263 = ORIENTED_EDGE('',*,*,#3264,.F.);
#3264 = EDGE_CURVE('',#3265,#3267,#3269,.T.);
#3265 = VERTEX_POINT('',#3266);
#3266 = CARTESIAN_POINT('',(-16.9067026583,4.49871428571,2.21943148217)
  );
#3267 = VERTEX_POINT('',#3268);
#3268 = CARTESIAN_POINT('',(-16.9067026583,-4.49871428571,2.21943148217)
  );
#3269 = CIRCLE('',#3270,17.495);
#3270 = AXIS2_PLACEMENT_3D('',#3271,#3272,#3273);
#3271 = CARTESIAN_POINT('',(0.,0.,2.21943148217));
#3272 = DIRECTION('',(0.,0.,1.));
#3273 = DIRECTION('',(1.,0.,-0.));
#3274 = ORIENTED_EDGE('',*,*,#3275,.F.);
#3275 = EDGE_CURVE('',#3221,#3265,#3276,.T.);
#3276 = LINE('',#3277,#3278);
#3277 = CARTESIAN_POINT('',(-16.9067026583,4.49871428571,24.750000566));
#3278 = VECTOR('',#3279,1.);
#3279 = DIRECTION('',(0.,0.,1.));
#3280 = ORIENTED_EDGE('',*,*,#3220,.T.);
#3281 = ORIENTED_EDGE('',*,*,#3282,.T.);
#3282 = EDGE_CURVE('',#3223,#3267,#3283,.T.);
#3283 = LINE('',#3284,#3285);
#3284 = CARTESIAN_POINT('',(-16.9067026583,-4.49871428571,24.750000566)
  );
#3285 = VECTOR('',#3286,1.);
#3286 = DIRECTION('',(0.,0.,1.));
#3287 = CYLINDRICAL_SURFACE('',#3288,17.495);
#3288 = AXIS2_PLACEMENT_3D('',#3289,#3290,#3291);
#3289 = CARTESIAN_POINT('',(0.,0.,0.));
#3290 = DIRECTION('',(0.,0.,1.));
#3291 = DIRECTION('',(-0.966373401445,0.257142857143,0.));
#3292 = ADVANCED_FACE('',(#3293),#3321,.T.);
#3293 = FACE_BOUND('',#3294,.T.);
#3294 = EDGE_LOOP('',(#3295,#3306,#3313,#3314));
#3295 = ORIENTED_EDGE('',*,*,#3296,.F.);
#3296 = EDGE_CURVE('',#3297,#3299,#3301,.T.);
#3297 = VERTEX_POINT('',#3298);
#3298 = CARTESIAN_POINT('',(-16.6197650023,4.42236287894,4.25777752456)
  );
#3299 = VERTEX_POINT('',#3300);
#3300 = CARTESIAN_POINT('',(-16.6197650023,-4.42236287894,4.25777752456)
  );
#3301 = CIRCLE('',#3302,17.1980778625);
#3302 = AXIS2_PLACEMENT_3D('',#3303,#3304,#3305);
#3303 = CARTESIAN_POINT('',(0.,0.,4.25777752456));
#3304 = DIRECTION('',(0.,0.,1.));
#3305 = DIRECTION('',(1.,0.,-0.));
#3306 = ORIENTED_EDGE('',*,*,#3307,.F.);
#3307 = EDGE_CURVE('',#3265,#3297,#3308,.T.);
#3308 = CIRCLE('',#3309,7.145);
#3309 = AXIS2_PLACEMENT_3D('',#3310,#3311,#3312);
#3310 = CARTESIAN_POINT('',(-10.001964705,2.66142857143,2.21943148217));
#3311 = DIRECTION('',(0.257142857143,0.966373401445,0.));
#3312 = DIRECTION('',(0.966373401445,-0.257142857143,0.));
#3313 = ORIENTED_EDGE('',*,*,#3264,.T.);
#3314 = ORIENTED_EDGE('',*,*,#3315,.T.);
#3315 = EDGE_CURVE('',#3267,#3299,#3316,.T.);
#3316 = CIRCLE('',#3317,7.145);
#3317 = AXIS2_PLACEMENT_3D('',#3318,#3319,#3320);
#3318 = CARTESIAN_POINT('',(-10.001964705,-2.66142857143,2.21943148217)
  );
#3319 = DIRECTION('',(-0.257142857143,0.966373401445,0.));
#3320 = DIRECTION('',(0.966373401445,0.257142857143,0.));
#3321 = TOROIDAL_SURFACE('',#3322,10.35,7.145);
#3322 = AXIS2_PLACEMENT_3D('',#3323,#3324,#3325);
#3323 = CARTESIAN_POINT('',(0.,0.,2.21943148217));
#3324 = DIRECTION('',(0.,0.,1.));
#3325 = DIRECTION('',(-0.966373401445,0.257142857143,0.));
#3326 = ADVANCED_FACE('',(#3327),#3355,.F.);
#3327 = FACE_BOUND('',#3328,.F.);
#3328 = EDGE_LOOP('',(#3329,#3338,#3339,#3348));
#3329 = ORIENTED_EDGE('',*,*,#3330,.T.);
#3330 = EDGE_CURVE('',#3331,#3299,#3333,.T.);
#3331 = VERTEX_POINT('',#3332);
#3332 = CARTESIAN_POINT('',(-16.5933062809,-4.41532246246,5.78835515876)
  );
#3333 = CIRCLE('',#3334,2.855);
#3334 = AXIS2_PLACEMENT_3D('',#3335,#3336,#3337);
#3335 = CARTESIAN_POINT('',(-19.2641065286,-5.1259972446,5.07225991981)
  );
#3336 = DIRECTION('',(-0.257142857143,0.966373401445,0.));
#3337 = DIRECTION('',(0.966373401445,0.257142857143,0.));
#3338 = ORIENTED_EDGE('',*,*,#3296,.F.);
#3339 = ORIENTED_EDGE('',*,*,#3340,.F.);
#3340 = EDGE_CURVE('',#3341,#3297,#3343,.T.);
#3341 = VERTEX_POINT('',#3342);
#3342 = CARTESIAN_POINT('',(-16.5933062809,4.41532246246,5.78835515876)
  );
#3343 = CIRCLE('',#3344,2.855);
#3344 = AXIS2_PLACEMENT_3D('',#3345,#3346,#3347);
#3345 = CARTESIAN_POINT('',(-19.2641065286,5.1259972446,5.07225991981));
#3346 = DIRECTION('',(0.257142857143,0.966373401445,0.));
#3347 = DIRECTION('',(0.966373401445,-0.257142857143,0.));
#3348 = ORIENTED_EDGE('',*,*,#3349,.T.);
#3349 = EDGE_CURVE('',#3341,#3331,#3350,.T.);
#3350 = CIRCLE('',#3351,17.1706984651);
#3351 = AXIS2_PLACEMENT_3D('',#3352,#3353,#3354);
#3352 = CARTESIAN_POINT('',(0.,0.,5.78835515876));
#3353 = DIRECTION('',(0.,0.,1.));
#3354 = DIRECTION('',(1.,0.,-0.));
#3355 = TOROIDAL_SURFACE('',#3356,19.934433729,2.855);
#3356 = AXIS2_PLACEMENT_3D('',#3357,#3358,#3359);
#3357 = CARTESIAN_POINT('',(0.,0.,5.07225991981));
#3358 = DIRECTION('',(0.,0.,1.));
#3359 = DIRECTION('',(-0.966373401445,0.257142857143,0.));
#3360 = ADVANCED_FACE('',(#3361),#3389,.T.);
#3361 = FACE_BOUND('',#3362,.T.);
#3362 = EDGE_LOOP('',(#3363,#3374,#3381,#3382));
#3363 = ORIENTED_EDGE('',*,*,#3364,.F.);
#3364 = EDGE_CURVE('',#3365,#3367,#3369,.T.);
#3365 = VERTEX_POINT('',#3366);
#3366 = CARTESIAN_POINT('',(-16.9067026583,4.49871428571,8.33293894736)
  );
#3367 = VERTEX_POINT('',#3368);
#3368 = CARTESIAN_POINT('',(-16.9067026583,-4.49871428571,8.33293894736)
  );
#3369 = CIRCLE('',#3370,17.495);
#3370 = AXIS2_PLACEMENT_3D('',#3371,#3372,#3373);
#3371 = CARTESIAN_POINT('',(0.,0.,8.33293894736));
#3372 = DIRECTION('',(0.,0.,1.));
#3373 = DIRECTION('',(1.,0.,-0.));
#3374 = ORIENTED_EDGE('',*,*,#3375,.F.);
#3375 = EDGE_CURVE('',#3341,#3365,#3376,.T.);
#3376 = CIRCLE('',#3377,10.145);
#3377 = AXIS2_PLACEMENT_3D('',#3378,#3379,#3380);
#3378 = CARTESIAN_POINT('',(-7.10284450062,1.89,8.33293894736));
#3379 = DIRECTION('',(0.257142857143,0.966373401445,0.));
#3380 = DIRECTION('',(0.966373401445,-0.257142857143,0.));
#3381 = ORIENTED_EDGE('',*,*,#3349,.T.);
#3382 = ORIENTED_EDGE('',*,*,#3383,.T.);
#3383 = EDGE_CURVE('',#3331,#3367,#3384,.T.);
#3384 = CIRCLE('',#3385,10.145);
#3385 = AXIS2_PLACEMENT_3D('',#3386,#3387,#3388);
#3386 = CARTESIAN_POINT('',(-7.10284450062,-1.89,8.33293894736));
#3387 = DIRECTION('',(-0.257142857143,0.966373401445,0.));
#3388 = DIRECTION('',(0.966373401445,0.257142857143,0.));
#3389 = SURFACE_OF_REVOLUTION('',#3390,#3396);
#3390 = B_SPLINE_CURVE_WITH_KNOTS('',4,(#3391,#3392,#3393,#3394,#3395),
  .UNSPECIFIED.,.F.,.F.,(5,5),(6.029656550921,6.28318530718),
  .PIECEWISE_BEZIER_KNOTS.);
#3391 = CARTESIAN_POINT('',(-16.59330628092,4.415322462461,
    5.788355158754));
#3392 = CARTESIAN_POINT('',(-16.74916423048,4.456794794376,
    6.410812525618));
#3393 = CARTESIAN_POINT('',(-16.85418848293,4.484740758436,
    7.046907001466));
#3394 = CARTESIAN_POINT('',(-16.90670265828,4.498714285717,
    7.689926639299));
#3395 = CARTESIAN_POINT('',(-16.90670265828,4.498714285717,8.33293894736
    ));
#3396 = AXIS1_PLACEMENT('',#3397,#3398);
#3397 = CARTESIAN_POINT('',(0.,0.,8.33293894736));
#3398 = DIRECTION('',(0.,0.,1.));
#3399 = ADVANCED_FACE('',(#3400),#3426,.T.);
#3400 = FACE_BOUND('',#3401,.T.);
#3401 = EDGE_LOOP('',(#3402,#3413,#3419,#3420));
#3402 = ORIENTED_EDGE('',*,*,#3403,.F.);
#3403 = EDGE_CURVE('',#3404,#3406,#3408,.T.);
#3404 = VERTEX_POINT('',#3405);
#3405 = CARTESIAN_POINT('',(-16.9067026583,4.49871428571,48.350001132));
#3406 = VERTEX_POINT('',#3407);
#3407 = CARTESIAN_POINT('',(-16.9067026583,-4.49871428571,48.350001132)
  );
#3408 = CIRCLE('',#3409,17.495);
#3409 = AXIS2_PLACEMENT_3D('',#3410,#3411,#3412);
#3410 = CARTESIAN_POINT('',(0.,0.,48.350001132));
#3411 = DIRECTION('',(0.,0.,1.));
#3412 = DIRECTION('',(1.,0.,-0.));
#3413 = ORIENTED_EDGE('',*,*,#3414,.F.);
#3414 = EDGE_CURVE('',#3365,#3404,#3415,.T.);
#3415 = LINE('',#3416,#3417);
#3416 = CARTESIAN_POINT('',(-16.9067026583,4.49871428571,24.750000566));
#3417 = VECTOR('',#3418,1.);
#3418 = DIRECTION('',(0.,0.,1.));
#3419 = ORIENTED_EDGE('',*,*,#3364,.T.);
#3420 = ORIENTED_EDGE('',*,*,#3421,.T.);
#3421 = EDGE_CURVE('',#3367,#3406,#3422,.T.);
#3422 = LINE('',#3423,#3424);
#3423 = CARTESIAN_POINT('',(-16.9067026583,-4.49871428571,24.750000566)
  );
#3424 = VECTOR('',#3425,1.);
#3425 = DIRECTION('',(0.,0.,1.));
#3426 = CYLINDRICAL_SURFACE('',#3427,17.495);
#3427 = AXIS2_PLACEMENT_3D('',#3428,#3429,#3430);
#3428 = CARTESIAN_POINT('',(0.,0.,0.));
#3429 = DIRECTION('',(0.,0.,1.));
#3430 = DIRECTION('',(-0.966373401445,0.257142857143,0.));
#3431 = ADVANCED_FACE('',(#3432),#3460,.T.);
#3432 = FACE_BOUND('',#3433,.T.);
#3433 = EDGE_LOOP('',(#3434,#3445,#3452,#3453));
#3434 = ORIENTED_EDGE('',*,*,#3435,.F.);
#3435 = EDGE_CURVE('',#3436,#3438,#3440,.T.);
#3436 = VERTEX_POINT('',#3437);
#3437 = CARTESIAN_POINT('',(-15.3170185401,4.07571431955,49.995));
#3438 = VERTEX_POINT('',#3439);
#3439 = CARTESIAN_POINT('',(-15.3170185401,-4.07571431955,49.995));
#3440 = CIRCLE('',#3441,15.85);
#3441 = AXIS2_PLACEMENT_3D('',#3442,#3443,#3444);
#3442 = CARTESIAN_POINT('',(0.,0.,49.995));
#3443 = DIRECTION('',(0.,0.,1.));
#3444 = DIRECTION('',(1.,0.,-0.));
#3445 = ORIENTED_EDGE('',*,*,#3446,.F.);
#3446 = EDGE_CURVE('',#3404,#3436,#3447,.T.);
#3447 = CIRCLE('',#3448,1.645);
#3448 = AXIS2_PLACEMENT_3D('',#3449,#3450,#3451);
#3449 = CARTESIAN_POINT('',(-15.3170184129,4.07571428571,48.35));
#3450 = DIRECTION('',(0.257142857143,0.966373401445,0.));
#3451 = DIRECTION('',(0.966373401445,-0.257142857143,0.));
#3452 = ORIENTED_EDGE('',*,*,#3403,.T.);
#3453 = ORIENTED_EDGE('',*,*,#3454,.T.);
#3454 = EDGE_CURVE('',#3406,#3438,#3455,.T.);
#3455 = CIRCLE('',#3456,1.645);
#3456 = AXIS2_PLACEMENT_3D('',#3457,#3458,#3459);
#3457 = CARTESIAN_POINT('',(-15.3170184129,-4.07571428571,48.35));
#3458 = DIRECTION('',(-0.257142857143,0.966373401445,0.));
#3459 = DIRECTION('',(0.966373401445,0.257142857143,0.));
#3460 = TOROIDAL_SURFACE('',#3461,15.85,1.645);
#3461 = AXIS2_PLACEMENT_3D('',#3462,#3463,#3464);
#3462 = CARTESIAN_POINT('',(0.,0.,48.35));
#3463 = DIRECTION('',(0.,0.,1.));
#3464 = DIRECTION('',(-0.966373401445,0.257142857143,0.));
#3465 = ADVANCED_FACE('',(#3466),#3492,.T.);
#3466 = FACE_BOUND('',#3467,.T.);
#3467 = EDGE_LOOP('',(#3468,#3479,#3485,#3486));
#3468 = ORIENTED_EDGE('',*,*,#3469,.F.);
#3469 = EDGE_CURVE('',#3470,#3472,#3474,.T.);
#3470 = VERTEX_POINT('',#3471);
#3471 = CARTESIAN_POINT('',(-12.5628542188,3.34285714286,49.995));
#3472 = VERTEX_POINT('',#3473);
#3473 = CARTESIAN_POINT('',(-12.5628542188,-3.34285714286,49.995));
#3474 = CIRCLE('',#3475,13.);
#3475 = AXIS2_PLACEMENT_3D('',#3476,#3477,#3478);
#3476 = CARTESIAN_POINT('',(3.42583104741E-16,-4.47996287467E-17,49.995)
  );
#3477 = DIRECTION('',(0.,0.,1.));
#3478 = DIRECTION('',(1.,0.,-0.));
#3479 = ORIENTED_EDGE('',*,*,#3480,.T.);
#3480 = EDGE_CURVE('',#3470,#3436,#3481,.T.);
#3481 = LINE('',#3482,#3483);
#3482 = CARTESIAN_POINT('',(-13.9399363794,3.70928573121,49.995));
#3483 = VECTOR('',#3484,1.);
#3484 = DIRECTION('',(-0.966373401445,0.257142857143,0.));
#3485 = ORIENTED_EDGE('',*,*,#3435,.T.);
#3486 = ORIENTED_EDGE('',*,*,#3487,.F.);
#3487 = EDGE_CURVE('',#3472,#3438,#3488,.T.);
#3488 = LINE('',#3489,#3490);
#3489 = CARTESIAN_POINT('',(-13.9399363794,-3.70928573121,49.995));
#3490 = VECTOR('',#3491,1.);
#3491 = DIRECTION('',(-0.966373401445,-0.257142857143,0.));
#3492 = PLANE('',#3493);
#3493 = AXIS2_PLACEMENT_3D('',#3494,#3495,#3496);
#3494 = CARTESIAN_POINT('',(-12.5628542188,3.34285714286,49.995));
#3495 = DIRECTION('',(0.,0.,1.));
#3496 = DIRECTION('',(-0.966373401445,0.257142857143,0.));
#3497 = ADVANCED_FACE('',(#3498),#3518,.F.);
#3498 = FACE_BOUND('',#3499,.F.);
#3499 = EDGE_LOOP('',(#3500,#3501,#3502,#3503,#3504,#3505,#3511,#3512));
#3500 = ORIENTED_EDGE('',*,*,#3063,.F.);
#3501 = ORIENTED_EDGE('',*,*,#2813,.F.);
#3502 = ORIENTED_EDGE('',*,*,#2798,.T.);
#3503 = ORIENTED_EDGE('',*,*,#2830,.T.);
#3504 = ORIENTED_EDGE('',*,*,#3071,.F.);
#3505 = ORIENTED_EDGE('',*,*,#3506,.F.);
#3506 = EDGE_CURVE('',#3472,#3072,#3507,.T.);
#3507 = LINE('',#3508,#3509);
#3508 = CARTESIAN_POINT('',(-12.5628542188,-3.34285714286,25.));
#3509 = VECTOR('',#3510,1.);
#3510 = DIRECTION('',(0.,0.,1.));
#3511 = ORIENTED_EDGE('',*,*,#3469,.F.);
#3512 = ORIENTED_EDGE('',*,*,#3513,.T.);
#3513 = EDGE_CURVE('',#3470,#3056,#3514,.T.);
#3514 = LINE('',#3515,#3516);
#3515 = CARTESIAN_POINT('',(-12.5628542188,3.34285714286,25.));
#3516 = VECTOR('',#3517,1.);
#3517 = DIRECTION('',(0.,0.,1.));
#3518 = CYLINDRICAL_SURFACE('',#3519,13.);
#3519 = AXIS2_PLACEMENT_3D('',#3520,#3521,#3522);
#3520 = CARTESIAN_POINT('',(0.,0.,25.625));
#3521 = DIRECTION('',(0.,0.,1.));
#3522 = DIRECTION('',(-0.87758256189,-0.479425538604,0.));
#3523 = ADVANCED_FACE('',(#3524),#3552,.T.);
#3524 = FACE_BOUND('',#3525,.T.);
#3525 = EDGE_LOOP('',(#3526,#3527,#3536,#3545));
#3526 = ORIENTED_EDGE('',*,*,#3197,.F.);
#3527 = ORIENTED_EDGE('',*,*,#3528,.F.);
#3528 = EDGE_CURVE('',#3529,#2855,#3531,.T.);
#3529 = VERTEX_POINT('',#3530);
#3530 = CARTESIAN_POINT('',(14.3484748869,7.83860755618,0.));
#3531 = CIRCLE('',#3532,1.15);
#3532 = AXIS2_PLACEMENT_3D('',#3533,#3534,#3535);
#3533 = CARTESIAN_POINT('',(14.3484748869,7.83860755618,1.15));
#3534 = DIRECTION('',(0.479425538604,-0.87758256189,0.));
#3535 = DIRECTION('',(-0.87758256189,-0.479425538604,0.));
#3536 = ORIENTED_EDGE('',*,*,#3537,.T.);
#3537 = EDGE_CURVE('',#3529,#3538,#3540,.T.);
#3538 = VERTEX_POINT('',#3539);
#3539 = CARTESIAN_POINT('',(-15.8002051136,4.20428571428,0.));
#3540 = CIRCLE('',#3541,16.35);
#3541 = AXIS2_PLACEMENT_3D('',#3542,#3543,#3544);
#3542 = CARTESIAN_POINT('',(0.,0.,0.));
#3543 = DIRECTION('',(0.,0.,1.));
#3544 = DIRECTION('',(1.,0.,-0.));
#3545 = ORIENTED_EDGE('',*,*,#3546,.T.);
#3546 = EDGE_CURVE('',#3538,#3198,#3547,.T.);
#3547 = CIRCLE('',#3548,1.15);
#3548 = AXIS2_PLACEMENT_3D('',#3549,#3550,#3551);
#3549 = CARTESIAN_POINT('',(-15.8002051136,4.20428571428,1.15));
#3550 = DIRECTION('',(0.257142857143,0.966373401445,0.));
#3551 = DIRECTION('',(0.966373401445,-0.257142857143,0.));
#3552 = TOROIDAL_SURFACE('',#3553,16.35,1.15);
#3553 = AXIS2_PLACEMENT_3D('',#3554,#3555,#3556);
#3554 = CARTESIAN_POINT('',(0.,0.,1.15));
#3555 = DIRECTION('',(0.,0.,1.));
#3556 = DIRECTION('',(-0.87758256189,-0.479425538604,0.));
#3557 = ADVANCED_FACE('',(#3558),#3578,.T.);
#3558 = FACE_BOUND('',#3559,.T.);
#3559 = EDGE_LOOP('',(#3560,#3561,#3570,#3577));
#3560 = ORIENTED_EDGE('',*,*,#2854,.F.);
#3561 = ORIENTED_EDGE('',*,*,#3562,.F.);
#3562 = EDGE_CURVE('',#3563,#2847,#3565,.T.);
#3563 = VERTEX_POINT('',#3564);
#3564 = CARTESIAN_POINT('',(-14.3484748869,-7.83860755618,0.));
#3565 = CIRCLE('',#3566,1.15);
#3566 = AXIS2_PLACEMENT_3D('',#3567,#3568,#3569);
#3567 = CARTESIAN_POINT('',(-14.3484748869,-7.83860755618,1.15));
#3568 = DIRECTION('',(-0.479425538604,0.87758256189,0.));
#3569 = DIRECTION('',(0.87758256189,0.479425538604,0.));
#3570 = ORIENTED_EDGE('',*,*,#3571,.T.);
#3571 = EDGE_CURVE('',#3563,#3529,#3572,.T.);
#3572 = CIRCLE('',#3573,16.35);
#3573 = AXIS2_PLACEMENT_3D('',#3574,#3575,#3576);
#3574 = CARTESIAN_POINT('',(0.,0.,0.));
#3575 = DIRECTION('',(0.,0.,1.));
#3576 = DIRECTION('',(1.,0.,-0.));
#3577 = ORIENTED_EDGE('',*,*,#3528,.T.);
#3578 = TOROIDAL_SURFACE('',#3579,16.35,1.15);
#3579 = AXIS2_PLACEMENT_3D('',#3580,#3581,#3582);
#3580 = CARTESIAN_POINT('',(0.,0.,1.15));
#3581 = DIRECTION('',(0.,0.,1.));
#3582 = DIRECTION('',(-0.87758256189,-0.479425538604,0.));
#3583 = ADVANCED_FACE('',(#3584),#3604,.T.);
#3584 = FACE_BOUND('',#3585,.T.);
#3585 = EDGE_LOOP('',(#3586,#3595,#3596,#3597));
#3586 = ORIENTED_EDGE('',*,*,#3587,.T.);
#3587 = EDGE_CURVE('',#3588,#3563,#3590,.T.);
#3588 = VERTEX_POINT('',#3589);
#3589 = CARTESIAN_POINT('',(-15.8002051136,-4.20428571428,0.));
#3590 = CIRCLE('',#3591,16.35);
#3591 = AXIS2_PLACEMENT_3D('',#3592,#3593,#3594);
#3592 = CARTESIAN_POINT('',(0.,0.,0.));
#3593 = DIRECTION('',(0.,0.,1.));
#3594 = DIRECTION('',(1.,0.,-0.));
#3595 = ORIENTED_EDGE('',*,*,#3562,.T.);
#3596 = ORIENTED_EDGE('',*,*,#3019,.F.);
#3597 = ORIENTED_EDGE('',*,*,#3598,.F.);
#3598 = EDGE_CURVE('',#3588,#3020,#3599,.T.);
#3599 = CIRCLE('',#3600,1.15);
#3600 = AXIS2_PLACEMENT_3D('',#3601,#3602,#3603);
#3601 = CARTESIAN_POINT('',(-15.8002051136,-4.20428571428,1.15));
#3602 = DIRECTION('',(-0.257142857143,0.966373401445,0.));
#3603 = DIRECTION('',(0.966373401445,0.257142857143,0.));
#3604 = TOROIDAL_SURFACE('',#3605,16.35,1.15);
#3605 = AXIS2_PLACEMENT_3D('',#3606,#3607,#3608);
#3606 = CARTESIAN_POINT('',(0.,0.,1.15));
#3607 = DIRECTION('',(0.,0.,1.));
#3608 = DIRECTION('',(-0.87758256189,-0.479425538604,0.));
#3609 = ADVANCED_FACE('',(#3610),#3651,.T.);
#3610 = FACE_BOUND('',#3611,.T.);
#3611 = EDGE_LOOP('',(#3612,#3613,#3614,#3615,#3616,#3617,#3618,#3619,
    #3620,#3621,#3629,#3637,#3643,#3644,#3645,#3646,#3647,#3648,#3649,
    #3650));
#3612 = ORIENTED_EDGE('',*,*,#3506,.F.);
#3613 = ORIENTED_EDGE('',*,*,#3487,.T.);
#3614 = ORIENTED_EDGE('',*,*,#3454,.F.);
#3615 = ORIENTED_EDGE('',*,*,#3421,.F.);
#3616 = ORIENTED_EDGE('',*,*,#3383,.F.);
#3617 = ORIENTED_EDGE('',*,*,#3330,.T.);
#3618 = ORIENTED_EDGE('',*,*,#3315,.F.);
#3619 = ORIENTED_EDGE('',*,*,#3282,.F.);
#3620 = ORIENTED_EDGE('',*,*,#3249,.F.);
#3621 = ORIENTED_EDGE('',*,*,#3622,.T.);
#3622 = EDGE_CURVE('',#3241,#3623,#3625,.T.);
#3623 = VERTEX_POINT('',#3624);
#3624 = CARTESIAN_POINT('',(-12.5628542188,-3.34285714286,5.E-03));
#3625 = LINE('',#3626,#3627);
#3626 = CARTESIAN_POINT('',(-14.1815296662,-3.77357142857,5.E-03));
#3627 = VECTOR('',#3628,1.);
#3628 = DIRECTION('',(0.966373401445,0.257142857143,0.));
#3629 = ORIENTED_EDGE('',*,*,#3630,.F.);
#3630 = EDGE_CURVE('',#3631,#3623,#3633,.T.);
#3631 = VERTEX_POINT('',#3632);
#3632 = CARTESIAN_POINT('',(-12.5628542188,-3.34285714286,0.));
#3633 = LINE('',#3634,#3635);
#3634 = CARTESIAN_POINT('',(-12.5628542188,-3.34285714286,2.5E-03));
#3635 = VECTOR('',#3636,1.);
#3636 = DIRECTION('',(0.,0.,1.));
#3637 = ORIENTED_EDGE('',*,*,#3638,.F.);
#3638 = EDGE_CURVE('',#3588,#3631,#3639,.T.);
#3639 = LINE('',#3640,#3641);
#3640 = CARTESIAN_POINT('',(-14.1815296662,-3.77357142857,0.));
#3641 = VECTOR('',#3642,1.);
#3642 = DIRECTION('',(0.966373401445,0.257142857143,0.));
#3643 = ORIENTED_EDGE('',*,*,#3598,.T.);
#3644 = ORIENTED_EDGE('',*,*,#3030,.T.);
#3645 = ORIENTED_EDGE('',*,*,#3004,.T.);
#3646 = ORIENTED_EDGE('',*,*,#2978,.F.);
#3647 = ORIENTED_EDGE('',*,*,#2947,.T.);
#3648 = ORIENTED_EDGE('',*,*,#2922,.T.);
#3649 = ORIENTED_EDGE('',*,*,#2896,.T.);
#3650 = ORIENTED_EDGE('',*,*,#3080,.F.);
#3651 = PLANE('',#3652);
#3652 = AXIS2_PLACEMENT_3D('',#3653,#3654,#3655);
#3653 = CARTESIAN_POINT('',(3.5527136788E-15,8.881784197E-16,0.));
#3654 = DIRECTION('',(-0.257142857143,0.966373401445,0.));
#3655 = DIRECTION('',(-0.966373401445,-0.257142857143,0.));
#3656 = ADVANCED_FACE('',(#3657),#3676,.F.);
#3657 = FACE_BOUND('',#3658,.T.);
#3658 = EDGE_LOOP('',(#3659,#3660,#3668,#3675));
#3659 = ORIENTED_EDGE('',*,*,#3240,.F.);
#3660 = ORIENTED_EDGE('',*,*,#3661,.T.);
#3661 = EDGE_CURVE('',#3232,#3662,#3664,.T.);
#3662 = VERTEX_POINT('',#3663);
#3663 = CARTESIAN_POINT('',(-12.5628542188,3.34285714286,5.E-03));
#3664 = LINE('',#3665,#3666);
#3665 = CARTESIAN_POINT('',(-14.1815296662,3.77357142857,5.E-03));
#3666 = VECTOR('',#3667,1.);
#3667 = DIRECTION('',(0.966373401445,-0.257142857143,0.));
#3668 = ORIENTED_EDGE('',*,*,#3669,.T.);
#3669 = EDGE_CURVE('',#3662,#3623,#3670,.T.);
#3670 = CIRCLE('',#3671,13.);
#3671 = AXIS2_PLACEMENT_3D('',#3672,#3673,#3674);
#3672 = CARTESIAN_POINT('',(6.85166209483E-16,7.98579162207E-16,5.E-03)
  );
#3673 = DIRECTION('',(0.,0.,1.));
#3674 = DIRECTION('',(1.,0.,-0.));
#3675 = ORIENTED_EDGE('',*,*,#3622,.F.);
#3676 = PLANE('',#3677);
#3677 = AXIS2_PLACEMENT_3D('',#3678,#3679,#3680);
#3678 = CARTESIAN_POINT('',(-15.8002051136,4.20428571428,5.E-03));
#3679 = DIRECTION('',(0.,0.,1.));
#3680 = DIRECTION('',(-0.966373401445,0.257142857143,0.));
#3681 = ADVANCED_FACE('',(#3682),#3716,.F.);
#3682 = FACE_BOUND('',#3683,.T.);
#3683 = EDGE_LOOP('',(#3684,#3685,#3686,#3687,#3688,#3689,#3690,#3691,
    #3692,#3700,#3706,#3707,#3708,#3709,#3710,#3711,#3712,#3713,#3714,
    #3715));
#3684 = ORIENTED_EDGE('',*,*,#3055,.T.);
#3685 = ORIENTED_EDGE('',*,*,#3097,.F.);
#3686 = ORIENTED_EDGE('',*,*,#1217,.F.);
#3687 = ORIENTED_EDGE('',*,*,#3123,.F.);
#3688 = ORIENTED_EDGE('',*,*,#3154,.T.);
#3689 = ORIENTED_EDGE('',*,*,#3180,.F.);
#3690 = ORIENTED_EDGE('',*,*,#3206,.F.);
#3691 = ORIENTED_EDGE('',*,*,#3546,.F.);
#3692 = ORIENTED_EDGE('',*,*,#3693,.T.);
#3693 = EDGE_CURVE('',#3538,#3694,#3696,.T.);
#3694 = VERTEX_POINT('',#3695);
#3695 = CARTESIAN_POINT('',(-12.5628542188,3.34285714286,0.));
#3696 = LINE('',#3697,#3698);
#3697 = CARTESIAN_POINT('',(-14.1815296662,3.77357142857,0.));
#3698 = VECTOR('',#3699,1.);
#3699 = DIRECTION('',(0.966373401445,-0.257142857143,0.));
#3700 = ORIENTED_EDGE('',*,*,#3701,.T.);
#3701 = EDGE_CURVE('',#3694,#3662,#3702,.T.);
#3702 = LINE('',#3703,#3704);
#3703 = CARTESIAN_POINT('',(-12.5628542188,3.34285714286,2.5E-03));
#3704 = VECTOR('',#3705,1.);
#3705 = DIRECTION('',(0.,0.,1.));
#3706 = ORIENTED_EDGE('',*,*,#3661,.F.);
#3707 = ORIENTED_EDGE('',*,*,#3231,.T.);
#3708 = ORIENTED_EDGE('',*,*,#3275,.T.);
#3709 = ORIENTED_EDGE('',*,*,#3307,.T.);
#3710 = ORIENTED_EDGE('',*,*,#3340,.F.);
#3711 = ORIENTED_EDGE('',*,*,#3375,.T.);
#3712 = ORIENTED_EDGE('',*,*,#3414,.T.);
#3713 = ORIENTED_EDGE('',*,*,#3446,.T.);
#3714 = ORIENTED_EDGE('',*,*,#3480,.F.);
#3715 = ORIENTED_EDGE('',*,*,#3513,.T.);
#3716 = PLANE('',#3717);
#3717 = AXIS2_PLACEMENT_3D('',#3718,#3719,#3720);
#3718 = CARTESIAN_POINT('',(0.,0.,0.));
#3719 = DIRECTION('',(0.257142857143,0.966373401445,-0.));
#3720 = DIRECTION('',(-0.966373401445,0.257142857143,0.));
#3721 = ADVANCED_FACE('',(#3722),#3754,.F.);
#3722 = FACE_BOUND('',#3723,.T.);
#3723 = EDGE_LOOP('',(#3724,#3725,#3734,#3743,#3750,#3751,#3752,#3753));
#3724 = ORIENTED_EDGE('',*,*,#3638,.T.);
#3725 = ORIENTED_EDGE('',*,*,#3726,.T.);
#3726 = EDGE_CURVE('',#3631,#3727,#3729,.T.);
#3727 = VERTEX_POINT('',#3728);
#3728 = CARTESIAN_POINT('',(-11.4085733046,-6.23253200185,0.));
#3729 = CIRCLE('',#3730,13.);
#3730 = AXIS2_PLACEMENT_3D('',#3731,#3732,#3733);
#3731 = CARTESIAN_POINT('',(0.,0.,0.));
#3732 = DIRECTION('',(0.,0.,1.));
#3733 = DIRECTION('',(1.,0.,-0.));
#3734 = ORIENTED_EDGE('',*,*,#3735,.T.);
#3735 = EDGE_CURVE('',#3727,#3736,#3738,.T.);
#3736 = VERTEX_POINT('',#3737);
#3737 = CARTESIAN_POINT('',(11.4085733046,6.23253200185,0.));
#3738 = CIRCLE('',#3739,13.);
#3739 = AXIS2_PLACEMENT_3D('',#3740,#3741,#3742);
#3740 = CARTESIAN_POINT('',(0.,0.,0.));
#3741 = DIRECTION('',(0.,0.,1.));
#3742 = DIRECTION('',(1.,0.,-0.));
#3743 = ORIENTED_EDGE('',*,*,#3744,.T.);
#3744 = EDGE_CURVE('',#3736,#3694,#3745,.T.);
#3745 = CIRCLE('',#3746,13.);
#3746 = AXIS2_PLACEMENT_3D('',#3747,#3748,#3749);
#3747 = CARTESIAN_POINT('',(0.,0.,0.));
#3748 = DIRECTION('',(0.,0.,1.));
#3749 = DIRECTION('',(1.,0.,-0.));
#3750 = ORIENTED_EDGE('',*,*,#3693,.F.);
#3751 = ORIENTED_EDGE('',*,*,#3537,.F.);
#3752 = ORIENTED_EDGE('',*,*,#3571,.F.);
#3753 = ORIENTED_EDGE('',*,*,#3587,.F.);
#3754 = PLANE('',#3755);
#3755 = AXIS2_PLACEMENT_3D('',#3756,#3757,#3758);
#3756 = CARTESIAN_POINT('',(-16.35,0.,0.));
#3757 = DIRECTION('',(0.,0.,1.));
#3758 = DIRECTION('',(1.,0.,-0.));
#3759 = ADVANCED_FACE('',(#3760),#3790,.F.);
#3760 = FACE_BOUND('',#3761,.F.);
#3761 = EDGE_LOOP('',(#3762,#3763,#3771,#3780,#3786,#3787,#3788,#3789));
#3762 = ORIENTED_EDGE('',*,*,#3726,.T.);
#3763 = ORIENTED_EDGE('',*,*,#3764,.T.);
#3764 = EDGE_CURVE('',#3727,#3765,#3767,.T.);
#3765 = VERTEX_POINT('',#3766);
#3766 = CARTESIAN_POINT('',(-11.4085733046,-6.23253200185,0.1));
#3767 = LINE('',#3768,#3769);
#3768 = CARTESIAN_POINT('',(-11.4085733046,-6.23253200185,25.));
#3769 = VECTOR('',#3770,1.);
#3770 = DIRECTION('',(0.,0.,1.));
#3771 = ORIENTED_EDGE('',*,*,#3772,.F.);
#3772 = EDGE_CURVE('',#3773,#3765,#3775,.T.);
#3773 = VERTEX_POINT('',#3774);
#3774 = CARTESIAN_POINT('',(11.4085733046,6.23253200185,0.1));
#3775 = CIRCLE('',#3776,13.);
#3776 = AXIS2_PLACEMENT_3D('',#3777,#3778,#3779);
#3777 = CARTESIAN_POINT('',(0.,0.,0.1));
#3778 = DIRECTION('',(0.,0.,1.));
#3779 = DIRECTION('',(1.,0.,-0.));
#3780 = ORIENTED_EDGE('',*,*,#3781,.F.);
#3781 = EDGE_CURVE('',#3736,#3773,#3782,.T.);
#3782 = LINE('',#3783,#3784);
#3783 = CARTESIAN_POINT('',(11.4085733046,6.23253200185,25.));
#3784 = VECTOR('',#3785,1.);
#3785 = DIRECTION('',(0.,0.,1.));
#3786 = ORIENTED_EDGE('',*,*,#3744,.T.);
#3787 = ORIENTED_EDGE('',*,*,#3701,.T.);
#3788 = ORIENTED_EDGE('',*,*,#3669,.T.);
#3789 = ORIENTED_EDGE('',*,*,#3630,.F.);
#3790 = CYLINDRICAL_SURFACE('',#3791,13.);
#3791 = AXIS2_PLACEMENT_3D('',#3792,#3793,#3794);
#3792 = CARTESIAN_POINT('',(0.,0.,25.625));
#3793 = DIRECTION('',(0.,0.,1.));
#3794 = DIRECTION('',(-0.87758256189,-0.479425538604,0.));
#3795 = ADVANCED_FACE('',(#3796),#3808,.F.);
#3796 = FACE_BOUND('',#3797,.F.);
#3797 = EDGE_LOOP('',(#3798,#3799,#3806,#3807));
#3798 = ORIENTED_EDGE('',*,*,#3781,.T.);
#3799 = ORIENTED_EDGE('',*,*,#3800,.F.);
#3800 = EDGE_CURVE('',#3765,#3773,#3801,.T.);
#3801 = CIRCLE('',#3802,13.);
#3802 = AXIS2_PLACEMENT_3D('',#3803,#3804,#3805);
#3803 = CARTESIAN_POINT('',(0.,0.,0.1));
#3804 = DIRECTION('',(0.,0.,1.));
#3805 = DIRECTION('',(1.,0.,-0.));
#3806 = ORIENTED_EDGE('',*,*,#3764,.F.);
#3807 = ORIENTED_EDGE('',*,*,#3735,.T.);
#3808 = CYLINDRICAL_SURFACE('',#3809,13.);
#3809 = AXIS2_PLACEMENT_3D('',#3810,#3811,#3812);
#3810 = CARTESIAN_POINT('',(0.,0.,25.625));
#3811 = DIRECTION('',(0.,0.,1.));
#3812 = DIRECTION('',(-0.87758256189,-0.479425538604,0.));
#3813 = ADVANCED_FACE('',(#3814),#3865,.F.);
#3814 = FACE_BOUND('',#3815,.T.);
#3815 = EDGE_LOOP('',(#3816,#3826,#3834,#3842,#3851,#3859));
#3816 = ORIENTED_EDGE('',*,*,#3817,.T.);
#3817 = EDGE_CURVE('',#3818,#3820,#3822,.T.);
#3818 = VERTEX_POINT('',#3819);
#3819 = CARTESIAN_POINT('',(3.04760194641,0.122450742246,1.9));
#3820 = VERTEX_POINT('',#3821);
#3821 = CARTESIAN_POINT('',(5.63175827535,-1.82485072552,1.9));
#3822 = LINE('',#3823,#3824);
#3823 = CARTESIAN_POINT('',(4.33968011088,-0.851199991639,1.9));
#3824 = VECTOR('',#3825,1.);
#3825 = DIRECTION('',(0.798635510047,-0.601815023152,0.));
#3826 = ORIENTED_EDGE('',*,*,#3827,.F.);
#3827 = EDGE_CURVE('',#3828,#3820,#3830,.T.);
#3828 = VERTEX_POINT('',#3829);
#3829 = CARTESIAN_POINT('',(5.76454461401,-3.11444128406,1.9));
#3830 = LINE('',#3831,#3832);
#3831 = CARTESIAN_POINT('',(5.69815144468,-2.46964600479,1.9));
#3832 = VECTOR('',#3833,1.);
#3833 = DIRECTION('',(-0.102426278677,0.994740598064,0.));
#3834 = ORIENTED_EDGE('',*,*,#3835,.F.);
#3835 = EDGE_CURVE('',#3836,#3828,#3838,.T.);
#3836 = VERTEX_POINT('',#3837);
#3837 = CARTESIAN_POINT('',(4.16314371171,-5.2395720588,1.9));
#3838 = LINE('',#3839,#3840);
#3839 = CARTESIAN_POINT('',(4.96384416286,-4.17700667143,1.9));
#3840 = VECTOR('',#3841,1.);
#3841 = DIRECTION('',(0.601815023152,0.798635510047,0.));
#3842 = ORIENTED_EDGE('',*,*,#3843,.F.);
#3843 = EDGE_CURVE('',#3844,#3836,#3846,.T.);
#3844 = VERTEX_POINT('',#3845);
#3845 = CARTESIAN_POINT('',(0.169966161471,-2.23049694304,1.9));
#3846 = CIRCLE('',#3847,2.8);
#3847 = AXIS2_PLACEMENT_3D('',#3848,#3849,#3850);
#3848 = CARTESIAN_POINT('',(2.92541480648,-2.72799344025,1.9));
#3849 = DIRECTION('',(0.,0.,1.));
#3850 = DIRECTION('',(1.,0.,-0.));
#3851 = ORIENTED_EDGE('',*,*,#3852,.F.);
#3852 = EDGE_CURVE('',#3853,#3844,#3855,.T.);
#3853 = VERTEX_POINT('',#3854);
#3854 = CARTESIAN_POINT('',(1.77136706377,-0.105366168304,1.9));
#3855 = LINE('',#3856,#3857);
#3856 = CARTESIAN_POINT('',(0.970666612621,-1.16793155567,1.9));
#3857 = VECTOR('',#3858,1.);
#3858 = DIRECTION('',(-0.601815023152,-0.798635510047,0.));
#3859 = ORIENTED_EDGE('',*,*,#3860,.F.);
#3860 = EDGE_CURVE('',#3818,#3853,#3861,.T.);
#3861 = LINE('',#3862,#3863);
#3862 = CARTESIAN_POINT('',(2.40948450509,8.54228697138E-03,1.9));
#3863 = VECTOR('',#3864,1.);
#3864 = DIRECTION('',(-0.984438542934,-0.175729209825,0.));
#3865 = PLANE('',#3866);
#3866 = AXIS2_PLACEMENT_3D('',#3867,#3868,#3869);
#3867 = CARTESIAN_POINT('',(0.,0.,1.9));
#3868 = DIRECTION('',(0.,0.,1.));
#3869 = DIRECTION('',(1.,0.,-0.));
#3870 = ADVANCED_FACE('',(#3871,#3891),#3895,.T.);
#3871 = FACE_BOUND('',#3872,.T.);
#3872 = EDGE_LOOP('',(#3873,#3884));
#3873 = ORIENTED_EDGE('',*,*,#3874,.T.);
#3874 = EDGE_CURVE('',#3875,#3877,#3879,.T.);
#3875 = VERTEX_POINT('',#3876);
#3876 = CARTESIAN_POINT('',(13.6025297093,7.43109584837,0.1));
#3877 = VERTEX_POINT('',#3878);
#3878 = CARTESIAN_POINT('',(-13.6025297093,-7.43109584837,0.1));
#3879 = CIRCLE('',#3880,15.5);
#3880 = AXIS2_PLACEMENT_3D('',#3881,#3882,#3883);
#3881 = CARTESIAN_POINT('',(0.,0.,0.1));
#3882 = DIRECTION('',(0.,0.,1.));
#3883 = DIRECTION('',(1.,0.,-0.));
#3884 = ORIENTED_EDGE('',*,*,#3885,.T.);
#3885 = EDGE_CURVE('',#3877,#3875,#3886,.T.);
#3886 = CIRCLE('',#3887,15.5);
#3887 = AXIS2_PLACEMENT_3D('',#3888,#3889,#3890);
#3888 = CARTESIAN_POINT('',(0.,0.,0.1));
#3889 = DIRECTION('',(0.,0.,1.));
#3890 = DIRECTION('',(1.,0.,-0.));
#3891 = FACE_BOUND('',#3892,.T.);
#3892 = EDGE_LOOP('',(#3893,#3894));
#3893 = ORIENTED_EDGE('',*,*,#3800,.F.);
#3894 = ORIENTED_EDGE('',*,*,#3772,.F.);
#3895 = PLANE('',#3896);
#3896 = AXIS2_PLACEMENT_3D('',#3897,#3898,#3899);
#3897 = CARTESIAN_POINT('',(-15.5,0.,0.1));
#3898 = DIRECTION('',(0.,0.,1.));
#3899 = DIRECTION('',(1.,0.,-0.));
#3900 = ADVANCED_FACE('',(#3901),#3924,.F.);
#3901 = FACE_BOUND('',#3902,.T.);
#3902 = EDGE_LOOP('',(#3903,#3917,#3923));
#3903 = ORIENTED_EDGE('',*,*,#3904,.T.);
#3904 = EDGE_CURVE('',#1355,#3905,#3907,.T.);
#3905 = VERTEX_POINT('',#3906);
#3906 = CARTESIAN_POINT('',(3.80264766616,0.316568773733,1.77061965237)
  );
#3907 = B_SPLINE_CURVE_WITH_KNOTS('',5,(#3908,#3909,#3910,#3911,#3912,
    #3913,#3914,#3915,#3916),.UNSPECIFIED.,.F.,.F.,(6,3,6),(0.,
    1.02878025638,1.045071984),.UNSPECIFIED.);
#3908 = CARTESIAN_POINT('',(4.32320920459,0.614714184166,1.35));
#3909 = CARTESIAN_POINT('',(4.2392543046,0.566630016849,1.45866123477));
#3910 = CARTESIAN_POINT('',(4.1441198552,0.512142895979,1.55585088542));
#3911 = CARTESIAN_POINT('',(4.03979678615,0.452393102834,1.64000676128)
  );
#3912 = CARTESIAN_POINT('',(3.92666732354,0.387599552848,1.71138944998)
  );
#3913 = CARTESIAN_POINT('',(3.80819597308,0.319746500328,1.7679939743));
#3914 = CARTESIAN_POINT('',(3.80634781193,0.318687988076,1.76887279881)
  );
#3915 = CARTESIAN_POINT('',(3.80449837685,0.317628746204,1.76974802397)
  );
#3916 = CARTESIAN_POINT('',(3.80264766616,0.316568773733,1.77061965237)
  );
#3917 = ORIENTED_EDGE('',*,*,#3918,.F.);
#3918 = EDGE_CURVE('',#1365,#3905,#3919,.T.);
#3919 = LINE('',#3920,#3921);
#3920 = CARTESIAN_POINT('',(3.80264766616,0.316568773733,1.56030982618)
  );
#3921 = VECTOR('',#3922,1.);
#3922 = DIRECTION('',(0.,0.,1.));
#3923 = ORIENTED_EDGE('',*,*,#1364,.F.);
#3924 = PLANE('',#3925);
#3925 = AXIS2_PLACEMENT_3D('',#3926,#3927,#3928);
#3926 = CARTESIAN_POINT('',(4.64342601308,0.798114540796,0.));
#3927 = DIRECTION('',(-0.496995308061,0.867753227459,0.));
#3928 = DIRECTION('',(-0.867753227459,-0.496995308061,0.));
#3929 = ADVANCED_FACE('',(#3930),#3949,.T.);
#3930 = FACE_BOUND('',#3931,.T.);
#3931 = EDGE_LOOP('',(#3932,#3940,#3941,#3942));
#3932 = ORIENTED_EDGE('',*,*,#3933,.F.);
#3933 = EDGE_CURVE('',#1373,#3934,#3936,.T.);
#3934 = VERTEX_POINT('',#3935);
#3935 = CARTESIAN_POINT('',(3.48138156792,0.199883458258,1.86483392414)
  );
#3936 = LINE('',#3937,#3938);
#3937 = CARTESIAN_POINT('',(3.48138156792,0.199883458258,0.95));
#3938 = VECTOR('',#3939,1.);
#3939 = DIRECTION('',(0.,0.,1.));
#3940 = ORIENTED_EDGE('',*,*,#1372,.T.);
#3941 = ORIENTED_EDGE('',*,*,#3918,.T.);
#3942 = ORIENTED_EDGE('',*,*,#3943,.T.);
#3943 = EDGE_CURVE('',#3905,#3934,#3944,.T.);
#3944 = B_SPLINE_CURVE_WITH_KNOTS('',3,(#3945,#3946,#3947,#3948),
  .UNSPECIFIED.,.F.,.F.,(4,4),(0.,0.504878568476),
  .PIECEWISE_BEZIER_KNOTS.);
#3945 = CARTESIAN_POINT('',(3.80264766616,0.316568773733,1.77061965237)
  );
#3946 = CARTESIAN_POINT('',(3.70705885072,0.261821420138,1.81563907433)
  );
#3947 = CARTESIAN_POINT('',(3.5970316909,0.220527819323,1.84585756705));
#3948 = CARTESIAN_POINT('',(3.48138156792,0.199883458258,1.86483392414)
  );
#3949 = CYLINDRICAL_SURFACE('',#3950,1.);
#3950 = AXIS2_PLACEMENT_3D('',#3951,#3952,#3953);
#3951 = CARTESIAN_POINT('',(3.3056523581,1.18432200119,0.95));
#3952 = DIRECTION('',(0.,0.,1.));
#3953 = DIRECTION('',(0.175729209825,-0.984438542934,0.));
#3954 = ADVANCED_FACE('',(#3955),#3975,.F.);
#3955 = FACE_BOUND('',#3956,.T.);
#3956 = EDGE_LOOP('',(#3957,#3966,#3967,#3973,#3974));
#3957 = ORIENTED_EDGE('',*,*,#3958,.F.);
#3958 = EDGE_CURVE('',#3818,#3934,#3959,.T.);
#3959 = B_SPLINE_CURVE_WITH_KNOTS('',5,(#3960,#3961,#3962,#3963,#3964,
    #3965),.UNSPECIFIED.,.F.,.F.,(6,6),(0.,0.625802083088),
  .PIECEWISE_BEZIER_KNOTS.);
#3960 = CARTESIAN_POINT('',(3.04760194641,0.122450742246,1.9));
#3961 = CARTESIAN_POINT('',(3.1347265091,0.138003089996,1.9));
#3962 = CARTESIAN_POINT('',(3.22185102812,0.153555429949,1.8964950166));
#3963 = CARTESIAN_POINT('',(3.3087938065,0.16907532792,1.88948503895));
#3964 = CARTESIAN_POINT('',(3.39537187087,0.184530121873,1.87894675586)
  );
#3965 = CARTESIAN_POINT('',(3.48138156792,0.199883458258,1.86483392414)
  );
#3966 = ORIENTED_EDGE('',*,*,#3860,.T.);
#3967 = ORIENTED_EDGE('',*,*,#3968,.F.);
#3968 = EDGE_CURVE('',#1382,#3853,#3969,.T.);
#3969 = LINE('',#3970,#3971);
#3970 = CARTESIAN_POINT('',(1.77136706377,-0.105366168304,1.625));
#3971 = VECTOR('',#3972,1.);
#3972 = DIRECTION('',(0.,0.,1.));
#3973 = ORIENTED_EDGE('',*,*,#1381,.F.);
#3974 = ORIENTED_EDGE('',*,*,#3933,.T.);
#3975 = PLANE('',#3976);
#3976 = AXIS2_PLACEMENT_3D('',#3977,#3978,#3979);
#3977 = CARTESIAN_POINT('',(3.48138156792,0.199883458258,0.));
#3978 = DIRECTION('',(-0.175729209825,0.984438542934,0.));
#3979 = DIRECTION('',(-0.984438542934,-0.175729209825,0.));
#3980 = ADVANCED_FACE('',(#3981),#3992,.F.);
#3981 = FACE_BOUND('',#3982,.T.);
#3982 = EDGE_LOOP('',(#3983,#3984,#3985,#3986));
#3983 = ORIENTED_EDGE('',*,*,#1389,.F.);
#3984 = ORIENTED_EDGE('',*,*,#3968,.T.);
#3985 = ORIENTED_EDGE('',*,*,#3852,.T.);
#3986 = ORIENTED_EDGE('',*,*,#3987,.F.);
#3987 = EDGE_CURVE('',#1390,#3844,#3988,.T.);
#3988 = LINE('',#3989,#3990);
#3989 = CARTESIAN_POINT('',(0.169966161471,-2.23049694304,1.625));
#3990 = VECTOR('',#3991,1.);
#3991 = DIRECTION('',(0.,0.,1.));
#3992 = PLANE('',#3993);
#3993 = AXIS2_PLACEMENT_3D('',#3994,#3995,#3996);
#3994 = CARTESIAN_POINT('',(1.77136706377,-0.105366168304,0.));
#3995 = DIRECTION('',(-0.798635510047,0.601815023152,0.));
#3996 = DIRECTION('',(-0.601815023152,-0.798635510047,0.));
#3997 = ADVANCED_FACE('',(#3998),#4009,.F.);
#3998 = FACE_BOUND('',#3999,.F.);
#3999 = EDGE_LOOP('',(#4000,#4006,#4007,#4008));
#4000 = ORIENTED_EDGE('',*,*,#4001,.T.);
#4001 = EDGE_CURVE('',#1398,#3836,#4002,.T.);
#4002 = LINE('',#4003,#4004);
#4003 = CARTESIAN_POINT('',(4.16314371171,-5.2395720588,0.95));
#4004 = VECTOR('',#4005,1.);
#4005 = DIRECTION('',(0.,0.,1.));
#4006 = ORIENTED_EDGE('',*,*,#3843,.F.);
#4007 = ORIENTED_EDGE('',*,*,#3987,.F.);
#4008 = ORIENTED_EDGE('',*,*,#1397,.T.);
#4009 = CYLINDRICAL_SURFACE('',#4010,2.8);
#4010 = AXIS2_PLACEMENT_3D('',#4011,#4012,#4013);
#4011 = CARTESIAN_POINT('',(2.92541480648,-2.72799344025,0.95));
#4012 = DIRECTION('',(0.,0.,1.));
#4013 = DIRECTION('',(-0.984088801788,0.177677320432,0.));
#4014 = ADVANCED_FACE('',(#4015),#4026,.F.);
#4015 = FACE_BOUND('',#4016,.T.);
#4016 = EDGE_LOOP('',(#4017,#4018,#4019,#4020));
#4017 = ORIENTED_EDGE('',*,*,#1406,.F.);
#4018 = ORIENTED_EDGE('',*,*,#4001,.T.);
#4019 = ORIENTED_EDGE('',*,*,#3835,.T.);
#4020 = ORIENTED_EDGE('',*,*,#4021,.F.);
#4021 = EDGE_CURVE('',#1407,#3828,#4022,.T.);
#4022 = LINE('',#4023,#4024);
#4023 = CARTESIAN_POINT('',(5.76454461401,-3.11444128406,1.625));
#4024 = VECTOR('',#4025,1.);
#4025 = DIRECTION('',(0.,0.,1.));
#4026 = PLANE('',#4027);
#4027 = AXIS2_PLACEMENT_3D('',#4028,#4029,#4030);
#4028 = CARTESIAN_POINT('',(4.16314371171,-5.2395720588,0.));
#4029 = DIRECTION('',(0.798635510047,-0.601815023152,0.));
#4030 = DIRECTION('',(0.601815023152,0.798635510047,0.));
#4031 = ADVANCED_FACE('',(#4032),#4054,.F.);
#4032 = FACE_BOUND('',#4033,.T.);
#4033 = EDGE_LOOP('',(#4034,#4045,#4051,#4052,#4053));
#4034 = ORIENTED_EDGE('',*,*,#4035,.T.);
#4035 = EDGE_CURVE('',#3820,#4036,#4038,.T.);
#4036 = VERTEX_POINT('',#4037);
#4037 = CARTESIAN_POINT('',(5.58662551139,-1.3865316418,1.86483392414));
#4038 = B_SPLINE_CURVE_WITH_KNOTS('',5,(#4039,#4040,#4041,#4042,#4043,
    #4044),.UNSPECIFIED.,.F.,.F.,(6,6),(0.,0.625802083088),
  .PIECEWISE_BEZIER_KNOTS.);
#4039 = CARTESIAN_POINT('',(5.63175827535,-1.82485072552,1.9));
#4040 = CARTESIAN_POINT('',(5.62269336744,-1.73681441263,1.9));
#4041 = CARTESIAN_POINT('',(5.61362846407,-1.64877814386,1.8964950166));
#4042 = CARTESIAN_POINT('',(5.60458246998,-1.56092551762,1.88948503895)
  );
#4043 = CARTESIAN_POINT('',(5.59557442269,-1.47344142209,1.87894675586)
  );
#4044 = CARTESIAN_POINT('',(5.58662551139,-1.3865316418,1.86483392414));
#4045 = ORIENTED_EDGE('',*,*,#4046,.F.);
#4046 = EDGE_CURVE('',#1415,#4036,#4047,.T.);
#4047 = LINE('',#4048,#4049);
#4048 = CARTESIAN_POINT('',(5.58662551139,-1.3865316418,1.60741696207));
#4049 = VECTOR('',#4050,1.);
#4050 = DIRECTION('',(0.,0.,1.));
#4051 = ORIENTED_EDGE('',*,*,#1414,.F.);
#4052 = ORIENTED_EDGE('',*,*,#4021,.T.);
#4053 = ORIENTED_EDGE('',*,*,#3827,.T.);
#4054 = PLANE('',#4055);
#4055 = AXIS2_PLACEMENT_3D('',#4056,#4057,#4058);
#4056 = CARTESIAN_POINT('',(5.76454461401,-3.11444128406,0.));
#4057 = DIRECTION('',(0.994740598064,0.102426278677,-0.));
#4058 = DIRECTION('',(-0.102426278677,0.994740598064,0.));
#4059 = ADVANCED_FACE('',(#4060),#4079,.T.);
#4060 = FACE_BOUND('',#4061,.T.);
#4061 = EDGE_LOOP('',(#4062,#4070,#4071,#4072));
#4062 = ORIENTED_EDGE('',*,*,#4063,.F.);
#4063 = EDGE_CURVE('',#1423,#4064,#4066,.T.);
#4064 = VERTEX_POINT('',#4065);
#4065 = CARTESIAN_POINT('',(5.6102376978,-1.04554801554,1.77061965237));
#4066 = LINE('',#4067,#4068);
#4067 = CARTESIAN_POINT('',(5.6102376978,-1.04554801554,0.95));
#4068 = VECTOR('',#4069,1.);
#4069 = DIRECTION('',(0.,0.,1.));
#4070 = ORIENTED_EDGE('',*,*,#1422,.T.);
#4071 = ORIENTED_EDGE('',*,*,#4046,.T.);
#4072 = ORIENTED_EDGE('',*,*,#4073,.F.);
#4073 = EDGE_CURVE('',#4064,#4036,#4074,.T.);
#4074 = B_SPLINE_CURVE_WITH_KNOTS('',3,(#4075,#4076,#4077,#4078),
  .UNSPECIFIED.,.F.,.F.,(4,4),(0.,0.504878568477),
  .PIECEWISE_BEZIER_KNOTS.);
#4075 = CARTESIAN_POINT('',(5.6102376978,-1.04554801554,1.77061965237));
#4076 = CARTESIAN_POINT('',(5.58395901217,-1.15252429816,1.81563907433)
  );
#4077 = CARTESIAN_POINT('',(5.57459265082,-1.26967125135,1.84585756705)
  );
#4078 = CARTESIAN_POINT('',(5.58662551139,-1.3865316418,1.86483392414));
#4079 = CYLINDRICAL_SURFACE('',#4080,1.);
#4080 = AXIS2_PLACEMENT_3D('',#4081,#4082,#4083);
#4081 = CARTESIAN_POINT('',(6.58136610945,-1.28410536312,0.95));
#4082 = DIRECTION('',(0.,0.,1.));
#4083 = DIRECTION('',(-0.97112841165,0.238557347582,0.));
#4084 = ADVANCED_FACE('',(#4085),#4101,.T.);
#4085 = FACE_BOUND('',#4086,.T.);
#4086 = EDGE_LOOP('',(#4087,#4088,#4089));
#4087 = ORIENTED_EDGE('',*,*,#1431,.T.);
#4088 = ORIENTED_EDGE('',*,*,#4063,.T.);
#4089 = ORIENTED_EDGE('',*,*,#4090,.F.);
#4090 = EDGE_CURVE('',#1357,#4064,#4091,.T.);
#4091 = B_SPLINE_CURVE_WITH_KNOTS('',5,(#4092,#4093,#4094,#4095,#4096,
    #4097,#4098,#4099,#4100),.UNSPECIFIED.,.F.,.F.,(6,3,6),(0.,
    1.02878025638,1.045071984),.UNSPECIFIED.);
#4092 = CARTESIAN_POINT('',(5.75334725468,-0.462972135687,1.35));
#4093 = CARTESIAN_POINT('',(5.73026689309,-0.556928557961,1.45866123477)
  );
#4094 = CARTESIAN_POINT('',(5.70411311896,-0.663396346063,1.55585088542)
  );
#4095 = CARTESIAN_POINT('',(5.67543326637,-0.780147391339,1.64000676128)
  );
#4096 = CARTESIAN_POINT('',(5.64433241457,-0.906753933215,1.71138944998)
  );
#4097 = CARTESIAN_POINT('',(5.61176300401,-1.03933874046,1.7679939743));
#4098 = CARTESIAN_POINT('',(5.61125491898,-1.0414070725,1.76887279881));
#4099 = CARTESIAN_POINT('',(5.61074648373,-1.04347683023,1.76974802397)
  );
#4100 = CARTESIAN_POINT('',(5.6102376978,-1.04554801554,1.77061965237));
#4101 = PLANE('',#4102);
#4102 = AXIS2_PLACEMENT_3D('',#4103,#4104,#4105);
#4103 = CARTESIAN_POINT('',(5.84137927815,-0.104607993932,0.));
#4104 = DIRECTION('',(-0.97112841165,0.238557347582,0.));
#4105 = DIRECTION('',(-0.238557347582,-0.97112841165,0.));
#4106 = ADVANCED_FACE('',(#4107),#4123,.F.);
#4107 = FACE_BOUND('',#4108,.F.);
#4108 = EDGE_LOOP('',(#4109,#4115,#4116,#4122));
#4109 = ORIENTED_EDGE('',*,*,#4110,.T.);
#4110 = EDGE_CURVE('',#3877,#1250,#4111,.T.);
#4111 = LINE('',#4112,#4113);
#4112 = CARTESIAN_POINT('',(-13.6025297093,-7.43109584837,0.725));
#4113 = VECTOR('',#4114,1.);
#4114 = DIRECTION('',(0.,0.,1.));
#4115 = ORIENTED_EDGE('',*,*,#1260,.F.);
#4116 = ORIENTED_EDGE('',*,*,#4117,.F.);
#4117 = EDGE_CURVE('',#3875,#1252,#4118,.T.);
#4118 = LINE('',#4119,#4120);
#4119 = CARTESIAN_POINT('',(13.6025297093,7.43109584837,0.725));
#4120 = VECTOR('',#4121,1.);
#4121 = DIRECTION('',(0.,0.,1.));
#4122 = ORIENTED_EDGE('',*,*,#3874,.T.);
#4123 = CYLINDRICAL_SURFACE('',#4124,15.5);
#4124 = AXIS2_PLACEMENT_3D('',#4125,#4126,#4127);
#4125 = CARTESIAN_POINT('',(0.,0.,25.625));
#4126 = DIRECTION('',(0.,0.,1.));
#4127 = DIRECTION('',(-0.87758256189,-0.479425538604,0.));
#4128 = ADVANCED_FACE('',(#4129),#4135,.F.);
#4129 = FACE_BOUND('',#4130,.F.);
#4130 = EDGE_LOOP('',(#4131,#4132,#4133,#4134));
#4131 = ORIENTED_EDGE('',*,*,#4117,.T.);
#4132 = ORIENTED_EDGE('',*,*,#1249,.F.);
#4133 = ORIENTED_EDGE('',*,*,#4110,.F.);
#4134 = ORIENTED_EDGE('',*,*,#3885,.T.);
#4135 = CYLINDRICAL_SURFACE('',#4136,15.5);
#4136 = AXIS2_PLACEMENT_3D('',#4137,#4138,#4139);
#4137 = CARTESIAN_POINT('',(0.,0.,25.625));
#4138 = DIRECTION('',(0.,0.,1.));
#4139 = DIRECTION('',(-0.87758256189,-0.479425538604,0.));
#4140 = ADVANCED_FACE('',(#4141),#4166,.T.);
#4141 = FACE_BOUND('',#4142,.T.);
#4142 = EDGE_LOOP('',(#4143,#4151,#4159,#4165));
#4143 = ORIENTED_EDGE('',*,*,#4144,.T.);
#4144 = EDGE_CURVE('',#1321,#4145,#4147,.T.);
#4145 = VERTEX_POINT('',#4146);
#4146 = CARTESIAN_POINT('',(-4.16314371171,5.2395720588,1.9));
#4147 = LINE('',#4148,#4149);
#4148 = CARTESIAN_POINT('',(-4.16314371171,5.2395720588,1.625));
#4149 = VECTOR('',#4150,1.);
#4150 = DIRECTION('',(0.,0.,1.));
#4151 = ORIENTED_EDGE('',*,*,#4152,.F.);
#4152 = EDGE_CURVE('',#4153,#4145,#4155,.T.);
#4153 = VERTEX_POINT('',#4154);
#4154 = CARTESIAN_POINT('',(-5.76454461401,3.11444128406,1.9));
#4155 = LINE('',#4156,#4157);
#4156 = CARTESIAN_POINT('',(-4.96384416286,4.17700667143,1.9));
#4157 = VECTOR('',#4158,1.);
#4158 = DIRECTION('',(0.601815023152,0.798635510047,0.));
#4159 = ORIENTED_EDGE('',*,*,#4160,.F.);
#4160 = EDGE_CURVE('',#1330,#4153,#4161,.T.);
#4161 = LINE('',#4162,#4163);
#4162 = CARTESIAN_POINT('',(-5.76454461401,3.11444128406,1.625));
#4163 = VECTOR('',#4164,1.);
#4164 = DIRECTION('',(0.,0.,1.));
#4165 = ORIENTED_EDGE('',*,*,#1329,.T.);
#4166 = PLANE('',#4167);
#4167 = AXIS2_PLACEMENT_3D('',#4168,#4169,#4170);
#4168 = CARTESIAN_POINT('',(-5.76454461401,3.11444128406,0.));
#4169 = DIRECTION('',(0.798635510047,-0.601815023152,0.));
#4170 = DIRECTION('',(0.601815023152,0.798635510047,0.));
#4171 = ADVANCED_FACE('',(#4172),#4191,.F.);
#4172 = FACE_BOUND('',#4173,.F.);
#4173 = EDGE_LOOP('',(#4174,#4175,#4184,#4190));
#4174 = ORIENTED_EDGE('',*,*,#4144,.T.);
#4175 = ORIENTED_EDGE('',*,*,#4176,.F.);
#4176 = EDGE_CURVE('',#4177,#4145,#4179,.T.);
#4177 = VERTEX_POINT('',#4178);
#4178 = CARTESIAN_POINT('',(-0.169966161471,2.23049694304,1.9));
#4179 = CIRCLE('',#4180,2.8);
#4180 = AXIS2_PLACEMENT_3D('',#4181,#4182,#4183);
#4181 = CARTESIAN_POINT('',(-2.92541480648,2.72799344025,1.9));
#4182 = DIRECTION('',(0.,0.,1.));
#4183 = DIRECTION('',(1.,0.,-0.));
#4184 = ORIENTED_EDGE('',*,*,#4185,.F.);
#4185 = EDGE_CURVE('',#1313,#4177,#4186,.T.);
#4186 = LINE('',#4187,#4188);
#4187 = CARTESIAN_POINT('',(-0.169966161471,2.23049694304,0.95));
#4188 = VECTOR('',#4189,1.);
#4189 = DIRECTION('',(0.,0.,1.));
#4190 = ORIENTED_EDGE('',*,*,#1320,.T.);
#4191 = CYLINDRICAL_SURFACE('',#4192,2.8);
#4192 = AXIS2_PLACEMENT_3D('',#4193,#4194,#4195);
#4193 = CARTESIAN_POINT('',(-2.92541480648,2.72799344025,0.95));
#4194 = DIRECTION('',(0.,0.,1.));
#4195 = DIRECTION('',(0.984088801788,-0.177677320432,0.));
#4196 = ADVANCED_FACE('',(#4197),#4215,.T.);
#4197 = FACE_BOUND('',#4198,.T.);
#4198 = EDGE_LOOP('',(#4199,#4207,#4213,#4214));
#4199 = ORIENTED_EDGE('',*,*,#4200,.T.);
#4200 = EDGE_CURVE('',#1305,#4201,#4203,.T.);
#4201 = VERTEX_POINT('',#4202);
#4202 = CARTESIAN_POINT('',(-1.77136706377,0.105366168304,1.9));
#4203 = LINE('',#4204,#4205);
#4204 = CARTESIAN_POINT('',(-1.77136706377,0.105366168304,1.625));
#4205 = VECTOR('',#4206,1.);
#4206 = DIRECTION('',(0.,0.,1.));
#4207 = ORIENTED_EDGE('',*,*,#4208,.F.);
#4208 = EDGE_CURVE('',#4177,#4201,#4209,.T.);
#4209 = LINE('',#4210,#4211);
#4210 = CARTESIAN_POINT('',(-0.970666612621,1.16793155567,1.9));
#4211 = VECTOR('',#4212,1.);
#4212 = DIRECTION('',(-0.601815023152,-0.798635510047,0.));
#4213 = ORIENTED_EDGE('',*,*,#4185,.F.);
#4214 = ORIENTED_EDGE('',*,*,#1312,.T.);
#4215 = PLANE('',#4216);
#4216 = AXIS2_PLACEMENT_3D('',#4217,#4218,#4219);
#4217 = CARTESIAN_POINT('',(-0.169966161471,2.23049694304,0.));
#4218 = DIRECTION('',(-0.798635510047,0.601815023152,0.));
#4219 = DIRECTION('',(-0.601815023152,-0.798635510047,0.));
#4220 = ADVANCED_FACE('',(#4221),#4244,.T.);
#4221 = FACE_BOUND('',#4222,.T.);
#4222 = EDGE_LOOP('',(#4223,#4224,#4232));
#4223 = ORIENTED_EDGE('',*,*,#1269,.T.);
#4224 = ORIENTED_EDGE('',*,*,#4225,.T.);
#4225 = EDGE_CURVE('',#1272,#4226,#4228,.T.);
#4226 = VERTEX_POINT('',#4227);
#4227 = CARTESIAN_POINT('',(-5.61023754328,1.04554864456,1.77061991709)
  );
#4228 = LINE('',#4229,#4230);
#4229 = CARTESIAN_POINT('',(-5.61023754328,1.04554864456,1.56030995854)
  );
#4230 = VECTOR('',#4231,1.);
#4231 = DIRECTION('',(0.,0.,1.));
#4232 = ORIENTED_EDGE('',*,*,#4233,.F.);
#4233 = EDGE_CURVE('',#1270,#4226,#4234,.T.);
#4234 = B_SPLINE_CURVE_WITH_KNOTS('',5,(#4235,#4236,#4237,#4238,#4239,
    #4240,#4241,#4242,#4243),.UNSPECIFIED.,.F.,.F.,(6,3,6),(0.,
    1.02878035867,1.04507297354),.UNSPECIFIED.);
#4235 = CARTESIAN_POINT('',(-5.75334725468,0.462972135687,1.35));
#4236 = CARTESIAN_POINT('',(-5.7302668908,0.556928567303,1.45866124557)
  );
#4237 = CARTESIAN_POINT('',(-5.70411311376,0.663396367234,1.55585090475)
  );
#4238 = CARTESIAN_POINT('',(-5.67543325782,0.780147426169,1.64000678639)
  );
#4239 = CARTESIAN_POINT('',(-5.64433237597,0.906754090326,1.71138953847)
  );
#4240 = CARTESIAN_POINT('',(-5.61176293276,1.03933903051,1.76799409806)
  );
#4241 = CARTESIAN_POINT('',(-5.61125482001,1.0414074754,1.76887296995));
#4242 = CARTESIAN_POINT('',(-5.61074635701,1.04347734611,1.7697482421));
#4243 = CARTESIAN_POINT('',(-5.61023754328,1.04554864456,1.77061991709)
  );
#4244 = PLANE('',#4245);
#4245 = AXIS2_PLACEMENT_3D('',#4246,#4247,#4248);
#4246 = CARTESIAN_POINT('',(-5.84137927815,0.104607993932,0.));
#4247 = DIRECTION('',(0.97112841165,-0.238557347582,0.));
#4248 = DIRECTION('',(0.238557347582,0.97112841165,0.));
#4249 = ADVANCED_FACE('',(#4250),#4269,.T.);
#4250 = FACE_BOUND('',#4251,.T.);
#4251 = EDGE_LOOP('',(#4252,#4253,#4254,#4262));
#4252 = ORIENTED_EDGE('',*,*,#4225,.F.);
#4253 = ORIENTED_EDGE('',*,*,#1345,.T.);
#4254 = ORIENTED_EDGE('',*,*,#4255,.T.);
#4255 = EDGE_CURVE('',#1338,#4256,#4258,.T.);
#4256 = VERTEX_POINT('',#4257);
#4257 = CARTESIAN_POINT('',(-5.58662535687,1.38653227082,1.86483405537)
  );
#4258 = LINE('',#4259,#4260);
#4259 = CARTESIAN_POINT('',(-5.58662535687,1.38653227082,0.95));
#4260 = VECTOR('',#4261,1.);
#4261 = DIRECTION('',(0.,0.,1.));
#4262 = ORIENTED_EDGE('',*,*,#4263,.F.);
#4263 = EDGE_CURVE('',#4226,#4256,#4264,.T.);
#4264 = B_SPLINE_CURVE_WITH_KNOTS('',3,(#4265,#4266,#4267,#4268),
  .UNSPECIFIED.,.F.,.F.,(4,4),(0.,0.504878517291),
  .PIECEWISE_BEZIER_KNOTS.);
#4265 = CARTESIAN_POINT('',(-5.61023754328,1.04554864456,1.77061991709)
  );
#4266 = CARTESIAN_POINT('',(-5.58395885591,1.15252493426,1.81563928935)
  );
#4267 = CARTESIAN_POINT('',(-5.57459249693,1.26967188648,1.84585773596)
  );
#4268 = CARTESIAN_POINT('',(-5.58662535687,1.38653227082,1.86483405537)
  );
#4269 = CYLINDRICAL_SURFACE('',#4270,1.);
#4270 = AXIS2_PLACEMENT_3D('',#4271,#4272,#4273);
#4271 = CARTESIAN_POINT('',(-6.58136595493,1.28410599215,0.95));
#4272 = DIRECTION('',(0.,0.,1.));
#4273 = DIRECTION('',(0.97112841165,-0.238557347582,0.));
#4274 = ADVANCED_FACE('',(#4275),#4297,.T.);
#4275 = FACE_BOUND('',#4276,.T.);
#4276 = EDGE_LOOP('',(#4277,#4278,#4279,#4280,#4288));
#4277 = ORIENTED_EDGE('',*,*,#4255,.F.);
#4278 = ORIENTED_EDGE('',*,*,#1337,.T.);
#4279 = ORIENTED_EDGE('',*,*,#4160,.T.);
#4280 = ORIENTED_EDGE('',*,*,#4281,.F.);
#4281 = EDGE_CURVE('',#4282,#4153,#4284,.T.);
#4282 = VERTEX_POINT('',#4283);
#4283 = CARTESIAN_POINT('',(-5.63175803762,1.82485054638,1.9));
#4284 = LINE('',#4285,#4286);
#4285 = CARTESIAN_POINT('',(-5.69815121732,2.46964592639,1.9));
#4286 = VECTOR('',#4287,1.);
#4287 = DIRECTION('',(-0.102426278677,0.994740598064,0.));
#4288 = ORIENTED_EDGE('',*,*,#4289,.T.);
#4289 = EDGE_CURVE('',#4282,#4256,#4290,.T.);
#4290 = B_SPLINE_CURVE_WITH_KNOTS('',5,(#4291,#4292,#4293,#4294,#4295,
    #4296),.UNSPECIFIED.,.F.,.F.,(6,6),(0.,0.625800919227),
  .PIECEWISE_BEZIER_KNOTS.);
#4291 = CARTESIAN_POINT('',(-5.63175803762,1.82485054638,1.9));
#4292 = CARTESIAN_POINT('',(-5.62269314656,1.73681439721,1.9));
#4293 = CARTESIAN_POINT('',(-5.61362826005,1.64877829217,1.89649502964)
  );
#4294 = CARTESIAN_POINT('',(-5.60458228271,1.56092582864,1.88948507806)
  );
#4295 = CARTESIAN_POINT('',(-5.59557425196,1.47344189376,1.87894683426)
  );
#4296 = CARTESIAN_POINT('',(-5.58662535687,1.38653227082,1.86483405537)
  );
#4297 = PLANE('',#4298);
#4298 = AXIS2_PLACEMENT_3D('',#4299,#4300,#4301);
#4299 = CARTESIAN_POINT('',(-5.58662535687,1.38653227082,0.));
#4300 = DIRECTION('',(0.994740598064,0.102426278677,-0.));
#4301 = DIRECTION('',(-0.102426278677,0.994740598064,0.));
#4302 = ADVANCED_FACE('',(#4303),#4323,.F.);
#4303 = FACE_BOUND('',#4304,.T.);
#4304 = EDGE_LOOP('',(#4305,#4313,#4314,#4315,#4316,#4317));
#4305 = ORIENTED_EDGE('',*,*,#4306,.T.);
#4306 = EDGE_CURVE('',#4307,#4282,#4309,.T.);
#4307 = VERTEX_POINT('',#4308);
#4308 = CARTESIAN_POINT('',(-3.04760194641,-0.122450742246,1.9));
#4309 = LINE('',#4310,#4311);
#4310 = CARTESIAN_POINT('',(-4.33967999202,0.851199902065,1.9));
#4311 = VECTOR('',#4312,1.);
#4312 = DIRECTION('',(-0.798635510047,0.601815023152,0.));
#4313 = ORIENTED_EDGE('',*,*,#4281,.T.);
#4314 = ORIENTED_EDGE('',*,*,#4152,.T.);
#4315 = ORIENTED_EDGE('',*,*,#4176,.F.);
#4316 = ORIENTED_EDGE('',*,*,#4208,.T.);
#4317 = ORIENTED_EDGE('',*,*,#4318,.T.);
#4318 = EDGE_CURVE('',#4201,#4307,#4319,.T.);
#4319 = LINE('',#4320,#4321);
#4320 = CARTESIAN_POINT('',(-2.40948450509,-8.54228697136E-03,1.9));
#4321 = VECTOR('',#4322,1.);
#4322 = DIRECTION('',(-0.984438542934,-0.175729209825,0.));
#4323 = PLANE('',#4324);
#4324 = AXIS2_PLACEMENT_3D('',#4325,#4326,#4327);
#4325 = CARTESIAN_POINT('',(0.,0.,1.9));
#4326 = DIRECTION('',(0.,0.,1.));
#4327 = DIRECTION('',(1.,0.,-0.));
#4328 = ADVANCED_FACE('',(#4329),#4351,.T.);
#4329 = FACE_BOUND('',#4330,.T.);
#4330 = EDGE_LOOP('',(#4331,#4332,#4333,#4334,#4342));
#4331 = ORIENTED_EDGE('',*,*,#4318,.F.);
#4332 = ORIENTED_EDGE('',*,*,#4200,.F.);
#4333 = ORIENTED_EDGE('',*,*,#1304,.T.);
#4334 = ORIENTED_EDGE('',*,*,#4335,.T.);
#4335 = EDGE_CURVE('',#1296,#4336,#4338,.T.);
#4336 = VERTEX_POINT('',#4337);
#4337 = CARTESIAN_POINT('',(-3.48138156792,-0.199883458258,1.86483392414
    ));
#4338 = LINE('',#4339,#4340);
#4339 = CARTESIAN_POINT('',(-3.48138156792,-0.199883458258,1.60741696207
    ));
#4340 = VECTOR('',#4341,1.);
#4341 = DIRECTION('',(0.,0.,1.));
#4342 = ORIENTED_EDGE('',*,*,#4343,.F.);
#4343 = EDGE_CURVE('',#4307,#4336,#4344,.T.);
#4344 = B_SPLINE_CURVE_WITH_KNOTS('',5,(#4345,#4346,#4347,#4348,#4349,
    #4350),.UNSPECIFIED.,.F.,.F.,(6,6),(0.,0.625802083088),
  .PIECEWISE_BEZIER_KNOTS.);
#4345 = CARTESIAN_POINT('',(-3.04760194641,-0.122450742246,1.9));
#4346 = CARTESIAN_POINT('',(-3.1347265091,-0.138003089996,1.9));
#4347 = CARTESIAN_POINT('',(-3.22185102812,-0.153555429949,1.8964950166)
  );
#4348 = CARTESIAN_POINT('',(-3.3087938065,-0.16907532792,1.88948503895)
  );
#4349 = CARTESIAN_POINT('',(-3.39537187087,-0.184530121873,1.87894675586
    ));
#4350 = CARTESIAN_POINT('',(-3.48138156792,-0.199883458258,1.86483392414
    ));
#4351 = PLANE('',#4352);
#4352 = AXIS2_PLACEMENT_3D('',#4353,#4354,#4355);
#4353 = CARTESIAN_POINT('',(-1.77136706377,0.105366168304,0.));
#4354 = DIRECTION('',(-0.175729209825,0.984438542934,0.));
#4355 = DIRECTION('',(-0.984438542934,-0.175729209825,0.));
#4356 = ADVANCED_FACE('',(#4357),#4376,.T.);
#4357 = FACE_BOUND('',#4358,.T.);
#4358 = EDGE_LOOP('',(#4359,#4360,#4361,#4369));
#4359 = ORIENTED_EDGE('',*,*,#4335,.F.);
#4360 = ORIENTED_EDGE('',*,*,#1295,.T.);
#4361 = ORIENTED_EDGE('',*,*,#4362,.T.);
#4362 = EDGE_CURVE('',#1288,#4363,#4365,.T.);
#4363 = VERTEX_POINT('',#4364);
#4364 = CARTESIAN_POINT('',(-3.80264766616,-0.316568773733,1.77061965237
    ));
#4365 = LINE('',#4366,#4367);
#4366 = CARTESIAN_POINT('',(-3.80264766616,-0.316568773733,0.95));
#4367 = VECTOR('',#4368,1.);
#4368 = DIRECTION('',(0.,0.,1.));
#4369 = ORIENTED_EDGE('',*,*,#4370,.T.);
#4370 = EDGE_CURVE('',#4363,#4336,#4371,.T.);
#4371 = B_SPLINE_CURVE_WITH_KNOTS('',3,(#4372,#4373,#4374,#4375),
  .UNSPECIFIED.,.F.,.F.,(4,4),(0.,0.504878568476),
  .PIECEWISE_BEZIER_KNOTS.);
#4372 = CARTESIAN_POINT('',(-3.80264766616,-0.316568773733,1.77061965237
    ));
#4373 = CARTESIAN_POINT('',(-3.70705885072,-0.261821420138,1.81563907433
    ));
#4374 = CARTESIAN_POINT('',(-3.5970316909,-0.220527819323,1.84585756705)
  );
#4375 = CARTESIAN_POINT('',(-3.48138156792,-0.199883458258,1.86483392414
    ));
#4376 = CYLINDRICAL_SURFACE('',#4377,1.);
#4377 = AXIS2_PLACEMENT_3D('',#4378,#4379,#4380);
#4378 = CARTESIAN_POINT('',(-3.3056523581,-1.18432200119,0.95));
#4379 = DIRECTION('',(0.,0.,1.));
#4380 = DIRECTION('',(-0.175729209825,0.984438542934,0.));
#4381 = ADVANCED_FACE('',(#4382),#4398,.F.);
#4382 = FACE_BOUND('',#4383,.T.);
#4383 = EDGE_LOOP('',(#4384,#4396,#4397));
#4384 = ORIENTED_EDGE('',*,*,#4385,.T.);
#4385 = EDGE_CURVE('',#1280,#4363,#4386,.T.);
#4386 = B_SPLINE_CURVE_WITH_KNOTS('',5,(#4387,#4388,#4389,#4390,#4391,
    #4392,#4393,#4394,#4395),.UNSPECIFIED.,.F.,.F.,(6,3,6),(0.,
    1.02878025638,1.045071984),.UNSPECIFIED.);
#4387 = CARTESIAN_POINT('',(-4.32320920459,-0.614714184166,1.35));
#4388 = CARTESIAN_POINT('',(-4.23925430461,-0.566630016849,1.45866123477
    ));
#4389 = CARTESIAN_POINT('',(-4.1441198552,-0.512142895979,1.55585088542)
  );
#4390 = CARTESIAN_POINT('',(-4.03979678614,-0.452393102833,1.64000676128
    ));
#4391 = CARTESIAN_POINT('',(-3.92666732354,-0.387599552848,1.71138944998
    ));
#4392 = CARTESIAN_POINT('',(-3.80819597308,-0.319746500328,1.7679939743)
  );
#4393 = CARTESIAN_POINT('',(-3.80634781193,-0.318687988075,1.76887279881
    ));
#4394 = CARTESIAN_POINT('',(-3.80449837685,-0.317628746204,1.76974802397
    ));
#4395 = CARTESIAN_POINT('',(-3.80264766616,-0.316568773733,1.77061965237
    ));
#4396 = ORIENTED_EDGE('',*,*,#4362,.F.);
#4397 = ORIENTED_EDGE('',*,*,#1287,.F.);
#4398 = PLANE('',#4399);
#4399 = AXIS2_PLACEMENT_3D('',#4400,#4401,#4402);
#4400 = CARTESIAN_POINT('',(-4.64342601308,-0.798114540796,0.));
#4401 = DIRECTION('',(0.496995308061,-0.867753227459,0.));
#4402 = DIRECTION('',(0.867753227459,0.496995308061,0.));
#4403 = ADVANCED_FACE('',(#4404),#4414,.F.);
#4404 = FACE_BOUND('',#4405,.F.);
#4405 = EDGE_LOOP('',(#4406,#4407,#4408,#4409,#4410,#4411,#4412,#4413));
#4406 = ORIENTED_EDGE('',*,*,#4385,.T.);
#4407 = ORIENTED_EDGE('',*,*,#4370,.T.);
#4408 = ORIENTED_EDGE('',*,*,#4343,.F.);
#4409 = ORIENTED_EDGE('',*,*,#4306,.T.);
#4410 = ORIENTED_EDGE('',*,*,#4289,.T.);
#4411 = ORIENTED_EDGE('',*,*,#4263,.F.);
#4412 = ORIENTED_EDGE('',*,*,#4233,.F.);
#4413 = ORIENTED_EDGE('',*,*,#1279,.F.);
#4414 = CYLINDRICAL_SURFACE('',#4415,1.5);
#4415 = AXIS2_PLACEMENT_3D('',#4416,#4417,#4418);
#4416 = CARTESIAN_POINT('',(-4.33968011088,0.851199991639,0.4));
#4417 = DIRECTION('',(-0.798635510047,0.601815023152,0.));
#4418 = DIRECTION('',(-0.465732079166,-0.618047343919,0.633333333333));
#4419 = ADVANCED_FACE('',(#4420),#4430,.F.);
#4420 = FACE_BOUND('',#4421,.F.);
#4421 = EDGE_LOOP('',(#4422,#4423,#4424,#4425,#4426,#4427,#4428,#4429));
#4422 = ORIENTED_EDGE('',*,*,#3904,.T.);
#4423 = ORIENTED_EDGE('',*,*,#3943,.T.);
#4424 = ORIENTED_EDGE('',*,*,#3958,.F.);
#4425 = ORIENTED_EDGE('',*,*,#3817,.T.);
#4426 = ORIENTED_EDGE('',*,*,#4035,.T.);
#4427 = ORIENTED_EDGE('',*,*,#4073,.F.);
#4428 = ORIENTED_EDGE('',*,*,#4090,.F.);
#4429 = ORIENTED_EDGE('',*,*,#1354,.F.);
#4430 = CYLINDRICAL_SURFACE('',#4431,1.5);
#4431 = AXIS2_PLACEMENT_3D('',#4432,#4433,#4434);
#4432 = CARTESIAN_POINT('',(4.33968011088,-0.851199991639,0.4));
#4433 = DIRECTION('',(0.798635510047,-0.601815023152,-0.));
#4434 = DIRECTION('',(0.465732079166,0.618047343919,0.633333333333));
#4435 = ( GEOMETRIC_REPRESENTATION_CONTEXT(3) 
GLOBAL_UNCERTAINTY_ASSIGNED_CONTEXT((#4439)) 
GLOBAL_UNIT_ASSIGNED_CONTEXT((#4436,#4437,#4438)) REPRESENTATION_CONTEXT
('Context #1','3D Context with UNIT and UNCERTAINTY') );
#4436 = ( LENGTH_UNIT() NAMED_UNIT(*) SI_UNIT(.MILLI.,.METRE.) );
#4437 = ( NAMED_UNIT(*) PLANE_ANGLE_UNIT() SI_UNIT($,.RADIAN.) );
#4438 = ( NAMED_UNIT(*) SI_UNIT($,.STERADIAN.) SOLID_ANGLE_UNIT() );
#4439 = UNCERTAINTY_MEASURE_WITH_UNIT(LENGTH_MEASURE(1.E-04),#4436,
  'distance_accuracy_value','confusion accuracy');
#4440 = CONTEXT_DEPENDENT_SHAPE_REPRESENTATION(#4441,#4443);
#4441 = ( REPRESENTATION_RELATIONSHIP('','',#40,#10) 
REPRESENTATION_RELATIONSHIP_WITH_TRANSFORMATION(#4442) 
SHAPE_REPRESENTATION_RELATIONSHIP() );
#4442 = ITEM_DEFINED_TRANSFORMATION('','',#11,#15);
#4443 = PRODUCT_DEFINITION_SHAPE('Placement','Placement of an item',
  #4444);
#4444 = NEXT_ASSEMBLY_USAGE_OCCURRENCE('7','E-SNAP-IN_D35_L50_ELEMENT',
  '',#5,#35,$);
#4445 = PRODUCT_RELATED_PRODUCT_CATEGORY('part',$,(#37));
#4446 = SHAPE_DEFINITION_REPRESENTATION(#4447,#4453);
#4447 = PRODUCT_DEFINITION_SHAPE('','',#4448);
#4448 = PRODUCT_DEFINITION('design','',#4449,#4452);
#4449 = PRODUCT_DEFINITION_FORMATION('','',#4450);
#4450 = PRODUCT('E-SNAP-IN_VS_TERMINAL-','E-SNAP-IN_VS_TERMINAL-','',(
    #4451));
#4451 = PRODUCT_CONTEXT('',#2,'mechanical');
#4452 = PRODUCT_DEFINITION_CONTEXT('part definition',#2,'design');
#4453 = ADVANCED_BREP_SHAPE_REPRESENTATION('',(#11,#4454),#8311);
#4454 = MANIFOLD_SOLID_BREP('',#4455);
#4455 = CLOSED_SHELL('',(#4456,#4567,#4609,#4687,#4774,#4806,#4863,#4900
    ,#4940,#4973,#4995,#5037,#5085,#5102,#5119,#5136,#5164,#5194,#5221,
    #5252,#5327,#5372,#5414,#5498,#5509,#5527,#5551,#5570,#5588,#5625,
    #5647,#5742,#5759,#5777,#5789,#6412,#6452,#6472,#6488,#6504,#6516,
    #6556,#6576,#6592,#6608,#6620,#6660,#6680,#6696,#6712,#6724,#6764,
    #6784,#6800,#6816,#6828,#6868,#6888,#6904,#6920,#6932,#6972,#6992,
    #7008,#7024,#7036,#7069,#7091,#7109,#7149,#7169,#7185,#7201,#7213,
    #7253,#7273,#7289,#7305,#7317,#7357,#7377,#7393,#7409,#7421,#7461,
    #7481,#7497,#7513,#7525,#7574,#7596,#7612,#7628,#7655,#7695,#7715,
    #7731,#7747,#7759,#7792,#7815,#7837,#7856,#7879,#7912,#7935,#7953,
    #7993,#8013,#8029,#8045,#8057,#8118,#8157,#8173,#8189,#8205,#8217,
    #8260,#8283,#8299));
#4456 = ADVANCED_FACE('',(#4457,#4542),#4562,.F.);
#4457 = FACE_BOUND('',#4458,.T.);
#4458 = EDGE_LOOP('',(#4459,#4469,#4477,#4486,#4494,#4502,#4511,#4519,
    #4527,#4536));
#4459 = ORIENTED_EDGE('',*,*,#4460,.T.);
#4460 = EDGE_CURVE('',#4461,#4463,#4465,.T.);
#4461 = VERTEX_POINT('',#4462);
#4462 = CARTESIAN_POINT('',(-5.03948785353,-2.80263479317,1.));
#4463 = VERTEX_POINT('',#4464);
#4464 = CARTESIAN_POINT('',(-3.52051854183,-0.77734991509,1.));
#4465 = LINE('',#4466,#4467);
#4466 = CARTESIAN_POINT('',(-4.28000319768,-1.78999235413,1.));
#4467 = VECTOR('',#4468,1.);
#4468 = DIRECTION('',(0.600001429133,0.799998928149,0.));
#4469 = ORIENTED_EDGE('',*,*,#4470,.T.);
#4470 = EDGE_CURVE('',#4463,#4471,#4473,.T.);
#4471 = VERTEX_POINT('',#4472);
#4472 = CARTESIAN_POINT('',(-3.82761333564,-0.547027962546,1.));
#4473 = LINE('',#4474,#4475);
#4474 = CARTESIAN_POINT('',(-3.67406593873,-0.662188938818,1.));
#4475 = VECTOR('',#4476,1.);
#4476 = DIRECTION('',(-0.799998928149,0.600001429133,0.));
#4477 = ORIENTED_EDGE('',*,*,#4478,.T.);
#4478 = EDGE_CURVE('',#4471,#4479,#4481,.T.);
#4479 = VERTEX_POINT('',#4480);
#4480 = CARTESIAN_POINT('',(-3.74750215242,-0.541835535343,1.));
#4481 = CIRCLE('',#4482,1.);
#4482 = AXIS2_PLACEMENT_3D('',#4483,#4484,#4485);
#4483 = CARTESIAN_POINT('',(-3.85218516033,0.452670104588,1.));
#4484 = DIRECTION('',(0.,0.,1.));
#4485 = DIRECTION('',(1.,0.,-0.));
#4486 = ORIENTED_EDGE('',*,*,#4487,.T.);
#4487 = EDGE_CURVE('',#4479,#4488,#4490,.T.);
#4488 = VERTEX_POINT('',#4489);
#4489 = CARTESIAN_POINT('',(-2.02000064311,-0.359996391437,1.));
#4490 = LINE('',#4491,#4492);
#4491 = CARTESIAN_POINT('',(-2.88375139776,-0.45091596339,1.));
#4492 = VECTOR('',#4493,1.);
#4493 = DIRECTION('',(0.994505639931,0.104683007916,0.));
#4494 = ORIENTED_EDGE('',*,*,#4495,.F.);
#4495 = EDGE_CURVE('',#4496,#4488,#4498,.T.);
#4496 = VERTEX_POINT('',#4497);
#4497 = CARTESIAN_POINT('',(0.108758121781,-1.95657140707,1.));
#4498 = LINE('',#4499,#4500);
#4499 = CARTESIAN_POINT('',(-0.955621260663,-1.15828389925,1.));
#4500 = VECTOR('',#4501,1.);
#4501 = DIRECTION('',(-0.799998928149,0.600001429133,0.));
#4502 = ORIENTED_EDGE('',*,*,#4503,.F.);
#4503 = EDGE_CURVE('',#4504,#4496,#4506,.T.);
#4504 = VERTEX_POINT('',#4505);
#4505 = CARTESIAN_POINT('',(-2.89124902388,-5.95656604781,1.));
#4506 = CIRCLE('',#4507,2.8);
#4507 = AXIS2_PLACEMENT_3D('',#4508,#4509,#4510);
#4508 = CARTESIAN_POINT('',(-2.40000571653,-3.19999571259,1.));
#4509 = DIRECTION('',(0.,0.,1.));
#4510 = DIRECTION('',(1.,0.,-0.));
#4511 = ORIENTED_EDGE('',*,*,#4512,.F.);
#4512 = EDGE_CURVE('',#4513,#4504,#4515,.T.);
#4513 = VERTEX_POINT('',#4514);
#4514 = CARTESIAN_POINT('',(-5.02000778877,-4.35999103218,1.));
#4515 = LINE('',#4516,#4517);
#4516 = CARTESIAN_POINT('',(-3.95562840633,-5.15827853999,1.));
#4517 = VECTOR('',#4518,1.);
#4518 = DIRECTION('',(0.799998928149,-0.600001429133,0.));
#4519 = ORIENTED_EDGE('',*,*,#4520,.T.);
#4520 = EDGE_CURVE('',#4513,#4521,#4523,.T.);
#4521 = VERTEX_POINT('',#4522);
#4522 = CARTESIAN_POINT('',(-5.32913652575,-2.65067352051,1.));
#4523 = LINE('',#4524,#4525);
#4524 = CARTESIAN_POINT('',(-5.17457215726,-3.50533227634,1.));
#4525 = VECTOR('',#4526,1.);
#4526 = DIRECTION('',(-0.17796237578,0.984037292386,0.));
#4527 = ORIENTED_EDGE('',*,*,#4528,.T.);
#4528 = EDGE_CURVE('',#4521,#4529,#4531,.T.);
#4529 = VERTEX_POINT('',#4530);
#4530 = CARTESIAN_POINT('',(-5.34658264755,-2.57231284047,1.));
#4531 = CIRCLE('',#4532,1.);
#4532 = AXIS2_PLACEMENT_3D('',#4533,#4534,#4535);
#4533 = CARTESIAN_POINT('',(-6.31317381814,-2.82863589629,1.));
#4534 = DIRECTION('',(0.,0.,1.));
#4535 = DIRECTION('',(1.,0.,-0.));
#4536 = ORIENTED_EDGE('',*,*,#4537,.F.);
#4537 = EDGE_CURVE('',#4461,#4529,#4538,.T.);
#4538 = LINE('',#4539,#4540);
#4539 = CARTESIAN_POINT('',(-5.19303525054,-2.68747381682,1.));
#4540 = VECTOR('',#4541,1.);
#4541 = DIRECTION('',(-0.799998928149,0.600001429133,0.));
#4542 = FACE_BOUND('',#4543,.T.);
#4543 = EDGE_LOOP('',(#4544,#4555));
#4544 = ORIENTED_EDGE('',*,*,#4545,.T.);
#4545 = EDGE_CURVE('',#4546,#4548,#4550,.T.);
#4546 = VERTEX_POINT('',#4547);
#4547 = CARTESIAN_POINT('',(-4.55000571653,-3.19999571259,1.));
#4548 = VERTEX_POINT('',#4549);
#4549 = CARTESIAN_POINT('',(-0.250005716531,-3.19999571259,1.));
#4550 = CIRCLE('',#4551,2.15);
#4551 = AXIS2_PLACEMENT_3D('',#4552,#4553,#4554);
#4552 = CARTESIAN_POINT('',(-2.40000571653,-3.19999571259,1.));
#4553 = DIRECTION('',(0.,0.,1.));
#4554 = DIRECTION('',(1.,0.,-0.));
#4555 = ORIENTED_EDGE('',*,*,#4556,.T.);
#4556 = EDGE_CURVE('',#4548,#4546,#4557,.T.);
#4557 = CIRCLE('',#4558,2.15);
#4558 = AXIS2_PLACEMENT_3D('',#4559,#4560,#4561);
#4559 = CARTESIAN_POINT('',(-2.40000571653,-3.19999571259,1.));
#4560 = DIRECTION('',(0.,0.,1.));
#4561 = DIRECTION('',(1.,0.,-0.));
#4562 = PLANE('',#4563);
#4563 = AXIS2_PLACEMENT_3D('',#4564,#4565,#4566);
#4564 = CARTESIAN_POINT('',(0.,0.,1.));
#4565 = DIRECTION('',(0.,0.,1.));
#4566 = DIRECTION('',(-1.,-1.22464679915E-16,0.));
#4567 = ADVANCED_FACE('',(#4568),#4604,.F.);
#4568 = FACE_BOUND('',#4569,.F.);
#4569 = EDGE_LOOP('',(#4570,#4579,#4580,#4589,#4598));
#4570 = ORIENTED_EDGE('',*,*,#4571,.T.);
#4571 = EDGE_CURVE('',#4572,#4463,#4574,.T.);
#4572 = VERTEX_POINT('',#4573);
#4573 = CARTESIAN_POINT('',(-3.91760697547,-0.723277183759,
    0.887257537642));
#4574 = B_SPLINE_CURVE_WITH_KNOTS('',3,(#4575,#4576,#4577,#4578),
  .UNSPECIFIED.,.F.,.F.,(4,4),(0.,0.59781017462),
  .PIECEWISE_BEZIER_KNOTS.);
#4575 = CARTESIAN_POINT('',(-3.91760697547,-0.723277183759,
    0.887257537642));
#4576 = CARTESIAN_POINT('',(-3.80390762231,-0.75246404414,0.965198940769
    ));
#4577 = CARTESIAN_POINT('',(-3.66080121872,-0.764119321239,1.));
#4578 = CARTESIAN_POINT('',(-3.52051854183,-0.77734991509,1.));
#4579 = ORIENTED_EDGE('',*,*,#4470,.T.);
#4580 = ORIENTED_EDGE('',*,*,#4581,.T.);
#4581 = EDGE_CURVE('',#4471,#4582,#4584,.T.);
#4582 = VERTEX_POINT('',#4583);
#4583 = CARTESIAN_POINT('',(-3.96016519205,-0.541482958451,
    0.987098314524));
#4584 = B_SPLINE_CURVE_WITH_KNOTS('',3,(#4585,#4586,#4587,#4588),
  .UNSPECIFIED.,.F.,.F.,(4,4),(0.,0.188723648561),
  .PIECEWISE_BEZIER_KNOTS.);
#4585 = CARTESIAN_POINT('',(-3.82761333564,-0.547027962546,1.));
#4586 = CARTESIAN_POINT('',(-3.87208249544,-0.548120980963,1.));
#4587 = CARTESIAN_POINT('',(-3.91664676808,-0.546209716308,
    0.995004350037));
#4588 = CARTESIAN_POINT('',(-3.96016519205,-0.541482958451,
    0.987098314524));
#4589 = ORIENTED_EDGE('',*,*,#4590,.F.);
#4590 = EDGE_CURVE('',#4591,#4582,#4593,.T.);
#4591 = VERTEX_POINT('',#4592);
#4592 = CARTESIAN_POINT('',(-4.03210548018,-0.637402985631,
    0.887257537642));
#4593 = CIRCLE('',#4594,0.225);
#4594 = AXIS2_PLACEMENT_3D('',#4595,#4596,#4597);
#4595 = CARTESIAN_POINT('',(-3.91510790116,-0.481406794181,0.775));
#4596 = DIRECTION('',(-0.799998928149,0.600001429133,-1.110223024629E-16
    ));
#4597 = DIRECTION('',(-0.600001429133,-0.799998928149,6.162975822039E-33
    ));
#4598 = ORIENTED_EDGE('',*,*,#4599,.F.);
#4599 = EDGE_CURVE('',#4572,#4591,#4600,.T.);
#4600 = LINE('',#4601,#4602);
#4601 = CARTESIAN_POINT('',(-2.1328337728,-2.06186206757,0.887257537642)
  );
#4602 = VECTOR('',#4603,1.);
#4603 = DIRECTION('',(-0.799998928149,0.600001429133,-9.965115187124E-17
    ));
#4604 = CYLINDRICAL_SURFACE('',#4605,0.225);
#4605 = AXIS2_PLACEMENT_3D('',#4606,#4607,#4608);
#4606 = CARTESIAN_POINT('',(-2.01583619378,-1.90586587612,0.775));
#4607 = DIRECTION('',(-0.799998928149,0.600001429133,-1.110223024629E-16
    ));
#4608 = DIRECTION('',(-0.519989240074,-0.693316406444,0.498922389519));
#4609 = ADVANCED_FACE('',(#4610),#4650,.F.);
#4610 = FACE_BOUND('',#4611,.F.);
#4611 = EDGE_LOOP('',(#4612,#4621,#4631,#4649));
#4612 = ORIENTED_EDGE('',*,*,#4613,.T.);
#4613 = EDGE_CURVE('',#4582,#4614,#4616,.T.);
#4614 = VERTEX_POINT('',#4615);
#4615 = CARTESIAN_POINT('',(-4.08853847528,-0.51899707635,0.9590851106)
  );
#4616 = B_SPLINE_CURVE_WITH_KNOTS('',3,(#4617,#4618,#4619,#4620),
  .UNSPECIFIED.,.F.,.F.,(4,4),(0.,0.22111162886),
  .PIECEWISE_BEZIER_KNOTS.);
#4617 = CARTESIAN_POINT('',(-3.96016519205,-0.541482958451,
    0.987098314524));
#4618 = CARTESIAN_POINT('',(-4.00462892636,-0.536653525622,
    0.979020543541));
#4619 = CARTESIAN_POINT('',(-4.04728664209,-0.529032301237,
    0.968611934434));
#4620 = CARTESIAN_POINT('',(-4.0885384346,-0.518997413063,0.959085610899
    ));
#4621 = ORIENTED_EDGE('',*,*,#4622,.T.);
#4622 = EDGE_CURVE('',#4614,#4623,#4625,.T.);
#4623 = VERTEX_POINT('',#4624);
#4624 = CARTESIAN_POINT('',(-4.68757926824,-0.373283317583,
    0.774999983393));
#4625 = B_SPLINE_CURVE_WITH_KNOTS('',4,(#4626,#4627,#4628,#4629,#4630),
  .UNSPECIFIED.,.F.,.F.,(5,5),(0.,1.1214319637),
  .PIECEWISE_BEZIER_KNOTS.);
#4626 = CARTESIAN_POINT('',(-4.0885384346,-0.518997413063,0.959085610899
    ));
#4627 = CARTESIAN_POINT('',(-4.24542417087,-0.48083572091,0.922854474956
    ));
#4628 = CARTESIAN_POINT('',(-4.39273571171,-0.44499721152,0.8750207026)
  );
#4629 = CARTESIAN_POINT('',(-4.5393830949,-0.40933124635,0.825546161758)
  );
#4630 = CARTESIAN_POINT('',(-4.68757927861,-0.373283364881,0.77499998178
    ));
#4631 = ORIENTED_EDGE('',*,*,#4632,.T.);
#4632 = EDGE_CURVE('',#4623,#4591,#4633,.T.);
#4633 = B_SPLINE_CURVE_WITH_KNOTS('',5,(#4634,#4635,#4636,#4637,#4638,
    #4639,#4640,#4641,#4642,#4643,#4644,#4645,#4646,#4647,#4648),
  .UNSPECIFIED.,.F.,.F.,(6,3,3,3,6),(3.66775774284,3.79363845933,
    4.2665015383,4.50300080008,4.73952521131),.UNSPECIFIED.);
#4634 = CARTESIAN_POINT('',(-4.68757927861,-0.373283364881,0.77499998178
    ));
#4635 = CARTESIAN_POINT('',(-4.6712971892,-0.377243890745,0.777689828872
    ));
#4636 = CARTESIAN_POINT('',(-4.65504624298,-0.381331805735,
    0.780379652895));
#4637 = CARTESIAN_POINT('',(-4.63882837065,-0.385546642178,
    0.783069134244));
#4638 = CARTESIAN_POINT('',(-4.56185542794,-0.406196856957,
    0.795858395454));
#4639 = CARTESIAN_POINT('',(-4.48571230094,-0.429714358234,
    0.808626932561));
#4640 = CARTESIAN_POINT('',(-4.42623955557,-0.450061926481,
    0.818675105845));
#4641 = CARTESIAN_POINT('',(-4.33807848176,-0.483347723317,
    0.833688894689));
#4642 = CARTESIAN_POINT('',(-4.25201572739,-0.520955918484,
    0.848539250885));
#4643 = CARTESIAN_POINT('',(-4.2235860979,-0.53398350513,0.853467795047)
  );
#4644 = CARTESIAN_POINT('',(-4.16728163363,-0.561060286325,
    0.863277157601));
#4645 = CARTESIAN_POINT('',(-4.11226678655,-0.590244825159,
    0.872965262189));
#4646 = CARTESIAN_POINT('',(-4.08512477326,-0.6053804373,0.87777294676)
  );
#4647 = CARTESIAN_POINT('',(-4.05838071516,-0.621091012481,0.88254040946
    ));
#4648 = CARTESIAN_POINT('',(-4.03210548018,-0.637402985631,
    0.887257537642));
#4649 = ORIENTED_EDGE('',*,*,#4590,.T.);
#4650 = B_SPLINE_SURFACE_WITH_KNOTS('',5,5,(
    (#4651,#4652,#4653,#4654,#4655,#4656)
    ,(#4657,#4658,#4659,#4660,#4661,#4662)
    ,(#4663,#4664,#4665,#4666,#4667,#4668)
    ,(#4669,#4670,#4671,#4672,#4673,#4674)
    ,(#4675,#4676,#4677,#4678,#4679,#4680)
    ,(#4681,#4682,#4683,#4684,#4685,#4686
    )),.UNSPECIFIED.,.F.,.F.,.F.,(6,6),(6,6),(3.66775774283,
    4.73952521132),(0.,0.151973125765),.PIECEWISE_BEZIER_KNOTS.);
#4651 = CARTESIAN_POINT('',(-4.68757927861,-0.37328336488,0.77499998178)
  );
#4652 = CARTESIAN_POINT('',(-4.68757928071,-0.373283365542,
    0.822743750815));
#4653 = CARTESIAN_POINT('',(-4.68458617423,-0.360978459095,
    0.870487520142));
#4654 = CARTESIAN_POINT('',(-4.67859065541,-0.33633039782,0.913733440478
    ));
#4655 = CARTESIAN_POINT('',(-4.6702019989,-0.301843958967,0.948086789));
#4656 = CARTESIAN_POINT('',(-4.66035263483,-0.261352437209,
    0.971386867027));
#4657 = CARTESIAN_POINT('',(-4.54895110559,-0.407003881396,0.79790174694
    ));
#4658 = CARTESIAN_POINT('',(-4.54780251646,-0.402281944562,
    0.842551778091));
#4659 = CARTESIAN_POINT('',(-4.54319171675,-0.387058241994,
    0.885912826929));
#4660 = CARTESIAN_POINT('',(-4.53521840887,-0.361754256054,
    0.924362257584));
#4661 = CARTESIAN_POINT('',(-4.52460855822,-0.328594870569,
    0.954600802566));
#4662 = CARTESIAN_POINT('',(-4.51239537316,-0.290665186723,
    0.975014384981));
#4663 = CARTESIAN_POINT('',(-4.41258052662,-0.449958934034,
    0.820801839927));
#4664 = CARTESIAN_POINT('',(-4.40964731739,-0.441480352349,
    0.861740054979));
#4665 = CARTESIAN_POINT('',(-4.40308598264,-0.424340253816,
    0.900518025869));
#4666 = CARTESIAN_POINT('',(-4.39313115266,-0.399178348774,
    0.934305121278));
#4667 = CARTESIAN_POINT('',(-4.38056467596,-0.367869734729,
    0.960655197123));
#4668 = CARTESIAN_POINT('',(-4.36641708837,-0.332844129485,
    0.978373726984));
#4669 = CARTESIAN_POINT('',(-4.27985467715,-0.501921903684,
    0.843474405086));
#4670 = CARTESIAN_POINT('',(-4.27481363204,-0.490770102955,0.88025167582
    ));
#4671 = CARTESIAN_POINT('',(-4.26621105688,-0.472714622894,
    0.914356081473));
#4672 = CARTESIAN_POINT('',(-4.2543807776,-0.448446905342,0.943635864142
    ));
#4673 = CARTESIAN_POINT('',(-4.24010198504,-0.419481549314,
    0.966307434594));
#4674 = CARTESIAN_POINT('',(-4.22434646146,-0.387685456524,0.98150071688
    ));
#4675 = CARTESIAN_POINT('',(-4.15116694166,-0.563488237985,
    0.865882726885));
#4676 = CARTESIAN_POINT('',(-4.14382839628,-0.550824508485,
    0.898130422698));
#4677 = CARTESIAN_POINT('',(-4.13318264889,-0.53286582215,0.927510727749
    ));
#4678 = CARTESIAN_POINT('',(-4.11961724951,-0.510248746136,
    0.952430196156));
#4679 = CARTESIAN_POINT('',(-4.10386288806,-0.484144348892,
    0.971610026335));
#4680 = CARTESIAN_POINT('',(-4.08679264962,-0.455944487505,
    0.984426596177));
#4681 = CARTESIAN_POINT('',(-4.03210548018,-0.637402985632,
    0.887257537642));
#4682 = CARTESIAN_POINT('',(-4.02256596636,-0.624683681221,
    0.914874953205));
#4683 = CARTESIAN_POINT('',(-4.0100928331,-0.608052898758,0.939677602007
    ));
#4684 = CARTESIAN_POINT('',(-3.99508314874,-0.588040060762,
    0.960508468635));
#4685 = CARTESIAN_POINT('',(-3.97818905792,-0.565514690168,
    0.976462488235));
#4686 = CARTESIAN_POINT('',(-3.96016519205,-0.541482958453,
    0.987098314524));
#4687 = ADVANCED_FACE('',(#4688),#4737,.F.);
#4688 = FACE_BOUND('',#4689,.F.);
#4689 = EDGE_LOOP('',(#4690,#4701,#4710,#4719));
#4690 = ORIENTED_EDGE('',*,*,#4691,.F.);
#4691 = EDGE_CURVE('',#4692,#4694,#4696,.T.);
#4692 = VERTEX_POINT('',#4693);
#4693 = CARTESIAN_POINT('',(-5.44655046991,-2.32967299957,0.959085114951
    ));
#4694 = VERTEX_POINT('',#4695);
#4695 = CARTESIAN_POINT('',(-5.75416517878,-1.79539261376,0.775000003229
    ));
#4696 = B_SPLINE_CURVE_WITH_KNOTS('',3,(#4697,#4698,#4699,#4700),
  .UNSPECIFIED.,.F.,.F.,(4,4),(0.,1.11444549962),
  .PIECEWISE_BEZIER_KNOTS.);
#4697 = CARTESIAN_POINT('',(-5.44655008176,-2.32967304895,0.959085664077
    ));
#4698 = CARTESIAN_POINT('',(-5.55330143015,-2.14426204628,0.911076643938
    ));
#4699 = CARTESIAN_POINT('',(-5.65332909518,-1.97053042727,0.841984289061
    ));
#4700 = CARTESIAN_POINT('',(-5.75416516363,-1.79539260538,0.775000002793
    ));
#4701 = ORIENTED_EDGE('',*,*,#4702,.F.);
#4702 = EDGE_CURVE('',#4703,#4692,#4705,.T.);
#4703 = VERTEX_POINT('',#4704);
#4704 = CARTESIAN_POINT('',(-5.38901992306,-2.4466155065,0.987098314333)
  );
#4705 = B_SPLINE_CURVE_WITH_KNOTS('',3,(#4706,#4707,#4708,#4709),
  .UNSPECIFIED.,.F.,.F.,(4,4),(0.,0.221109078068),
  .PIECEWISE_BEZIER_KNOTS.);
#4706 = CARTESIAN_POINT('',(-5.38901999605,-2.44661552238,0.987098338391
    ));
#4707 = CARTESIAN_POINT('',(-5.40610500705,-2.40528479794,0.979021018184
    ));
#4708 = CARTESIAN_POINT('',(-5.42536589269,-2.36646564594,0.968612173104
    ));
#4709 = CARTESIAN_POINT('',(-5.44655008176,-2.32967304895,0.959085664077
    ));
#4710 = ORIENTED_EDGE('',*,*,#4711,.F.);
#4711 = EDGE_CURVE('',#4712,#4703,#4714,.T.);
#4712 = VERTEX_POINT('',#4713);
#4713 = CARTESIAN_POINT('',(-5.31707963526,-2.35069547975,0.887257537642
    ));
#4714 = B_SPLINE_CURVE_WITH_KNOTS('',3,(#4715,#4716,#4717,#4718),
  .UNSPECIFIED.,.F.,.F.,(4,4),(0.,0.151973125218),
  .PIECEWISE_BEZIER_KNOTS.);
#4715 = CARTESIAN_POINT('',(-5.31707970302,-2.3506954812,0.887257563795)
  );
#4716 = CARTESIAN_POINT('',(-5.33297888658,-2.37189431824,0.933286597634
    ));
#4717 = CARTESIAN_POINT('',(-5.35898021168,-2.40656262536,0.969371972438
    ));
#4718 = CARTESIAN_POINT('',(-5.38901999605,-2.44661552238,0.987098338391
    ));
#4719 = ORIENTED_EDGE('',*,*,#4720,.T.);
#4720 = EDGE_CURVE('',#4712,#4694,#4721,.T.);
#4721 = B_SPLINE_CURVE_WITH_KNOTS('',5,(#4722,#4723,#4724,#4725,#4726,
    #4727,#4728,#4729,#4730,#4731,#4732,#4733,#4734,#4735,#4736),
  .UNSPECIFIED.,.F.,.F.,(6,3,3,3,6),(3.70970718834,3.84459293968,
    4.28046582288,4.74669637734,4.78144782379),.UNSPECIFIED.);
#4722 = CARTESIAN_POINT('',(-5.31707970302,-2.3506954812,0.887257563795)
  );
#4723 = CARTESIAN_POINT('',(-5.33020453038,-2.33891613303,0.884567681621
    ));
#4724 = CARTESIAN_POINT('',(-5.34318442265,-2.32693557441,0.881861413202
    ));
#4725 = CARTESIAN_POINT('',(-5.35602173883,-2.31476648331,0.879140335435
    ));
#4726 = CARTESIAN_POINT('',(-5.40974794081,-2.26252112564,0.867569165381
    ));
#4727 = CARTESIAN_POINT('',(-5.46098416181,-2.20726981996,0.855779396502
    ));
#4728 = CARTESIAN_POINT('',(-5.49870656497,-2.16365930771,0.84669125902)
  );
#4729 = CARTESIAN_POINT('',(-5.57402556256,-2.07076192829,0.827735362996
    ));
#4730 = CARTESIAN_POINT('',(-5.64365064538,-1.97308189745,0.808570404859
    ));
#4731 = CARTESIAN_POINT('',(-5.67813056028,-1.92149618011,0.798632543277
    ));
#4732 = CARTESIAN_POINT('',(-5.71356678685,-1.86497947928,0.7879320847)
  );
#4733 = CARTESIAN_POINT('',(-5.74721460707,-1.80740461384,0.777227718932
    ));
#4734 = CARTESIAN_POINT('',(-5.74954005302,-1.80340572224,0.776485169488
    ));
#4735 = CARTESIAN_POINT('',(-5.75185690859,-1.79940171409,0.775742596447
    ));
#4736 = CARTESIAN_POINT('',(-5.75416516363,-1.79539260538,0.775000002793
    ));
#4737 = B_SPLINE_SURFACE_WITH_KNOTS('',5,5,(
    (#4738,#4739,#4740,#4741,#4742,#4743)
    ,(#4744,#4745,#4746,#4747,#4748,#4749)
    ,(#4750,#4751,#4752,#4753,#4754,#4755)
    ,(#4756,#4757,#4758,#4759,#4760,#4761)
    ,(#4762,#4763,#4764,#4765,#4766,#4767)
    ,(#4768,#4769,#4770,#4771,#4772,#4773
    )),.UNSPECIFIED.,.F.,.F.,.F.,(6,6),(6,6),(3.70970718833,
    4.78144782379),(0.,0.151973125218),.PIECEWISE_BEZIER_KNOTS.);
#4738 = CARTESIAN_POINT('',(-5.31707970301,-2.3506954812,0.887257563796)
  );
#4739 = CARTESIAN_POINT('',(-5.32661921316,-2.36341478342,0.914874984099
    ));
#4740 = CARTESIAN_POINT('',(-5.33909234536,-2.38004556665,0.939677635798
    ));
#4741 = CARTESIAN_POINT('',(-5.35410203116,-2.40005840813,0.960508502527
    ));
#4742 = CARTESIAN_POINT('',(-5.37099612542,-2.42258378417,0.976462518819
    ));
#4743 = CARTESIAN_POINT('',(-5.38901999605,-2.44661552238,0.987098338391
    ));
#4744 = CARTESIAN_POINT('',(-5.42136359272,-2.25710215523,0.865884987357
    ));
#4745 = CARTESIAN_POINT('',(-5.43146595832,-2.26769319357,0.898132189553
    ));
#4746 = CARTESIAN_POINT('',(-5.44572535265,-2.28294163892,0.927512007546
    ));
#4747 = CARTESIAN_POINT('',(-5.46363919437,-2.30229720851,0.95243104187)
  );
#4748 = CARTESIAN_POINT('',(-5.48428787585,-2.32473056135,0.971610530863
    ));
#4749 = CARTESIAN_POINT('',(-5.50657970951,-2.34901384345,0.984426871543
    ));
#4750 = CARTESIAN_POINT('',(-5.51649748928,-2.15080607875,0.843477920057
    ));
#4751 = CARTESIAN_POINT('',(-5.52579198781,-2.15876843216,0.880254442345
    ));
#4752 = CARTESIAN_POINT('',(-5.54071656445,-2.17208274803,0.91435806861)
  );
#4753 = CARTESIAN_POINT('',(-5.56070090765,-2.19023494497,0.94363713131)
  );
#4754 = CARTESIAN_POINT('',(-5.58450923606,-2.21205293522,0.966308147354
    ));
#4755 = CARTESIAN_POINT('',(-5.61062148396,-2.23608112072,0.981501074942
    ));
#4756 = CARTESIAN_POINT('',(-5.60361109539,-2.03782459344,0.820783831628
    ));
#4757 = CARTESIAN_POINT('',(-5.61092596534,-2.04301254494,0.861724485));
#4758 = CARTESIAN_POINT('',(-5.62554143284,-2.05410870246,0.90050590307)
  );
#4759 = CARTESIAN_POINT('',(-5.64690938938,-2.07070888247,0.934296774659
    ));
#4760 = CARTESIAN_POINT('',(-5.67344843314,-2.09153753231,0.960650082692
    ));
#4761 = CARTESIAN_POINT('',(-5.70311401401,-2.11492494288,0.978370878906
    ));
#4762 = CARTESIAN_POINT('',(-5.6829781777,-1.91903421333,0.79790171988)
  );
#4763 = CARTESIAN_POINT('',(-5.68718964173,-1.92145898281,0.842551756606
    ));
#4764 = CARTESIAN_POINT('',(-5.70051340877,-1.9301479387,0.885912811262)
  );
#4765 = CARTESIAN_POINT('',(-5.72257277177,-1.9448873533,0.924362247479)
  );
#4766 = CARTESIAN_POINT('',(-5.75143510672,-1.96435733914,0.954600796736
    ));
#4767 = CARTESIAN_POINT('',(-5.78442800658,-1.98670219676,0.975014381968
    ));
#4768 = CARTESIAN_POINT('',(-5.75416516363,-1.79539260538,0.775000002792
    ));
#4769 = CARTESIAN_POINT('',(-5.75416516367,-1.7953926057,0.822743767666)
  );
#4770 = CARTESIAN_POINT('',(-5.76513982679,-1.80171132537,0.870487532483
    ));
#4771 = CARTESIAN_POINT('',(-5.78712326583,-1.81436840501,0.913733448544
    ));
#4772 = CARTESIAN_POINT('',(-5.817881487,-1.83207761104,0.948086793662)
  );
#4773 = CARTESIAN_POINT('',(-5.8539956009,-1.85287050011,0.971386869452)
  );
#4774 = ADVANCED_FACE('',(#4775),#4801,.F.);
#4775 = FACE_BOUND('',#4776,.F.);
#4776 = EDGE_LOOP('',(#4777,#4784,#4785,#4794,#4800));
#4777 = ORIENTED_EDGE('',*,*,#4778,.F.);
#4778 = EDGE_CURVE('',#4529,#4703,#4779,.T.);
#4779 = B_SPLINE_CURVE_WITH_KNOTS('',3,(#4780,#4781,#4782,#4783),
  .UNSPECIFIED.,.F.,.F.,(4,4),(0.,0.188723650764),
  .PIECEWISE_BEZIER_KNOTS.);
#4780 = CARTESIAN_POINT('',(-5.34658264755,-2.57231284047,1.));
#4781 = CARTESIAN_POINT('',(-5.35798456123,-2.52931636069,1.));
#4782 = CARTESIAN_POINT('',(-5.37229722099,-2.48706976147,0.99500434995)
  );
#4783 = CARTESIAN_POINT('',(-5.38901992306,-2.4466155065,0.987098314333)
  );
#4784 = ORIENTED_EDGE('',*,*,#4537,.F.);
#4785 = ORIENTED_EDGE('',*,*,#4786,.F.);
#4786 = EDGE_CURVE('',#4787,#4461,#4789,.T.);
#4787 = VERTEX_POINT('',#4788);
#4788 = CARTESIAN_POINT('',(-5.20258112914,-2.43656967894,0.887257537642
    ));
#4789 = B_SPLINE_CURVE_WITH_KNOTS('',3,(#4790,#4791,#4792,#4793),
  .UNSPECIFIED.,.F.,.F.,(4,4),(0.,0.597810174623),
  .PIECEWISE_BEZIER_KNOTS.);
#4790 = CARTESIAN_POINT('',(-5.20258112914,-2.43656967894,0.887257537642
    ));
#4791 = CARTESIAN_POINT('',(-5.14272628507,-2.53754895092,0.965198940769
    ));
#4792 = CARTESIAN_POINT('',(-5.09146790523,-2.67166780392,1.));
#4793 = CARTESIAN_POINT('',(-5.03948785353,-2.80263479317,1.));
#4794 = ORIENTED_EDGE('',*,*,#4795,.T.);
#4795 = EDGE_CURVE('',#4787,#4712,#4796,.T.);
#4796 = LINE('',#4797,#4798);
#4797 = CARTESIAN_POINT('',(-2.91323856943,-4.15358298892,0.887257537642
    ));
#4798 = VECTOR('',#4799,1.);
#4799 = DIRECTION('',(-0.799998928149,0.600001429133,2.836211436758E-16)
  );
#4800 = ORIENTED_EDGE('',*,*,#4711,.T.);
#4801 = CYLINDRICAL_SURFACE('',#4802,0.225);
#4802 = AXIS2_PLACEMENT_3D('',#4803,#4804,#4805);
#4803 = CARTESIAN_POINT('',(-3.03023614845,-4.30957918037,0.775));
#4804 = DIRECTION('',(-0.799998928149,0.600001429133,2.775557561558E-16)
  );
#4805 = DIRECTION('',(2.886582045677E-16,-7.771565139066E-17,1.));
#4806 = ADVANCED_FACE('',(#4807),#4858,.T.);
#4807 = FACE_BOUND('',#4808,.T.);
#4808 = EDGE_LOOP('',(#4809,#4819,#4827,#4835,#4843));
#4809 = ORIENTED_EDGE('',*,*,#4810,.F.);
#4810 = EDGE_CURVE('',#4811,#4813,#4815,.T.);
#4811 = VERTEX_POINT('',#4812);
#4812 = CARTESIAN_POINT('',(-5.93000266175,-1.48998940654,-2.48));
#4813 = VERTEX_POINT('',#4814);
#4814 = CARTESIAN_POINT('',(-5.93000266164,-1.48998940663,0.214732833878
    ));
#4815 = LINE('',#4816,#4817);
#4816 = CARTESIAN_POINT('',(-5.93000266037,-1.48998940758,-1.13263358306
    ));
#4817 = VECTOR('',#4818,1.);
#4818 = DIRECTION('',(-9.42497205521E-10,7.06875705723E-10,1.));
#4819 = ORIENTED_EDGE('',*,*,#4820,.F.);
#4820 = EDGE_CURVE('',#4821,#4811,#4823,.T.);
#4821 = VERTEX_POINT('',#4822);
#4822 = CARTESIAN_POINT('',(-5.21000362642,-2.02999069276,-2.48));
#4823 = LINE('',#4824,#4825);
#4824 = CARTESIAN_POINT('',(-5.57000314409,-1.75999004965,-2.48));
#4825 = VECTOR('',#4826,1.);
#4826 = DIRECTION('',(-0.799998928149,0.600001429133,9.868649107774E-16)
  );
#4827 = ORIENTED_EDGE('',*,*,#4828,.F.);
#4828 = EDGE_CURVE('',#4829,#4821,#4831,.T.);
#4829 = VERTEX_POINT('',#4830);
#4830 = CARTESIAN_POINT('',(-5.21000362642,-2.02999069276,
    6.27172837753E-02));
#4831 = LINE('',#4832,#4833);
#4832 = CARTESIAN_POINT('',(-5.21000362642,-2.02999069276,-1.20864135811
    ));
#4833 = VECTOR('',#4834,1.);
#4834 = DIRECTION('',(0.,0.,-1.));
#4835 = ORIENTED_EDGE('',*,*,#4836,.T.);
#4836 = EDGE_CURVE('',#4829,#4837,#4839,.T.);
#4837 = VERTEX_POINT('',#4838);
#4838 = CARTESIAN_POINT('',(-5.47451086642,-1.83160952445,
    6.27172837753E-02));
#4839 = LINE('',#4840,#4841);
#4840 = CARTESIAN_POINT('',(-5.34225724642,-1.93080010861,
    6.27172837753E-02));
#4841 = VECTOR('',#4842,1.);
#4842 = DIRECTION('',(-0.799998928149,0.600001429133,4.197320032197E-16)
  );
#4843 = ORIENTED_EDGE('',*,*,#4844,.T.);
#4844 = EDGE_CURVE('',#4837,#4813,#4845,.T.);
#4845 = B_SPLINE_CURVE_WITH_KNOTS('',5,(#4846,#4847,#4848,#4849,#4850,
    #4851,#4852,#4853,#4854,#4855,#4856,#4857),.UNSPECIFIED.,.F.,.F.,(6,
    3,3,6),(0.686859735505,1.02362933953,1.35554633901,1.40123307267),
  .UNSPECIFIED.);
#4846 = CARTESIAN_POINT('',(-5.47451086642,-1.83160952445,
    6.27172837753E-02));
#4847 = CARTESIAN_POINT('',(-5.51681156487,-1.79988388254,
    6.27172837753E-02));
#4848 = CARTESIAN_POINT('',(-5.55948448184,-1.7678790757,
    6.47001297827E-02));
#4849 = CARTESIAN_POINT('',(-5.60243770167,-1.73566404093,
    6.90290431218E-02));
#4850 = CARTESIAN_POINT('',(-5.68866881536,-1.67099046497,
    8.33243501425E-02));
#4851 = CARTESIAN_POINT('',(-5.77567083573,-1.60573870685,0.112683189203
    ));
#4852 = CARTESIAN_POINT('',(-5.81930147008,-1.57301560929,0.132017603553
    ));
#4853 = CARTESIAN_POINT('',(-5.86802152731,-1.53647543038,0.161015773071
    ));
#4854 = CARTESIAN_POINT('',(-5.91373078514,-1.50219335942,0.199781047454
    ));
#4855 = CARTESIAN_POINT('',(-5.91921198394,-1.49808244502,0.204617006847
    ));
#4856 = CARTESIAN_POINT('',(-5.9246380507,-1.49401287981,0.209600630914)
  );
#4857 = CARTESIAN_POINT('',(-5.93000266164,-1.48998940663,0.214732833878
    ));
#4858 = PLANE('',#4859);
#4859 = AXIS2_PLACEMENT_3D('',#4860,#4861,#4862);
#4860 = CARTESIAN_POINT('',(-3.30483442953,-3.45887290829,
    3.94430452611E-31));
#4861 = DIRECTION('',(-0.600001429133,-0.799998928149,0.));
#4862 = DIRECTION('',(0.799998928149,-0.600001429133,0.));
#4863 = ADVANCED_FACE('',(#4864),#4895,.F.);
#4864 = FACE_BOUND('',#4865,.T.);
#4865 = EDGE_LOOP('',(#4866,#4867,#4881,#4889));
#4866 = ORIENTED_EDGE('',*,*,#4599,.F.);
#4867 = ORIENTED_EDGE('',*,*,#4868,.F.);
#4868 = EDGE_CURVE('',#4869,#4572,#4871,.T.);
#4869 = VERTEX_POINT('',#4870);
#4870 = CARTESIAN_POINT('',(-4.21224223366,-0.736620123372,
    0.561639673294));
#4871 = B_SPLINE_CURVE_WITH_KNOTS('',5,(#4872,#4873,#4874,#4875,#4876,
    #4877,#4878,#4879,#4880),.UNSPECIFIED.,.F.,.F.,(6,3,6),(
    0.266188480741,0.610809327527,0.89802656748),.UNSPECIFIED.);
#4872 = CARTESIAN_POINT('',(-4.21224223366,-0.736620123372,
    0.561639673294));
#4873 = CARTESIAN_POINT('',(-4.18886533116,-0.724598994063,
    0.602708553686));
#4874 = CARTESIAN_POINT('',(-4.16278395322,-0.715165864698,
    0.642999748612));
#4875 = CARTESIAN_POINT('',(-4.13413064149,-0.708482976391,
    0.682149665129));
#4876 = CARTESIAN_POINT('',(-4.07717753532,-0.701579706579,
    0.751100574812));
#4877 = CARTESIAN_POINT('',(-4.01286179325,-0.705000431165,
    0.813378496221));
#4878 = CARTESIAN_POINT('',(-3.9822282018,-0.708778600064,0.840055333611
    ));
#4879 = CARTESIAN_POINT('',(-3.95038920151,-0.714861985165,0.86478508543
    ));
#4880 = CARTESIAN_POINT('',(-3.91760697547,-0.723277183759,
    0.887257537642));
#4881 = ORIENTED_EDGE('',*,*,#4882,.T.);
#4882 = EDGE_CURVE('',#4869,#4883,#4885,.T.);
#4883 = VERTEX_POINT('',#4884);
#4884 = CARTESIAN_POINT('',(-4.49449653225,-0.524928611581,
    0.561639673294));
#4885 = LINE('',#4886,#4887);
#4886 = CARTESIAN_POINT('',(-4.35336938296,-0.630774367476,
    0.561639673294));
#4887 = VECTOR('',#4888,1.);
#4888 = DIRECTION('',(-0.799998928149,0.600001429133,0.));
#4889 = ORIENTED_EDGE('',*,*,#4890,.F.);
#4890 = EDGE_CURVE('',#4591,#4883,#4891,.T.);
#4891 = LINE('',#4892,#4893);
#4892 = CARTESIAN_POINT('',(-4.26330100621,-0.581165798606,
    0.724448605468));
#4893 = VECTOR('',#4894,1.);
#4894 = DIRECTION('',(-0.801908326407,0.195060299402,-0.564707460227));
#4895 = PLANE('',#4896);
#4896 = AXIS2_PLACEMENT_3D('',#4897,#4898,#4899);
#4897 = CARTESIAN_POINT('',(-4.31000148226,-0.829992299935,0.33));
#4898 = DIRECTION('',(-0.519989240074,-0.693316406444,0.498922389519));
#4899 = DIRECTION('',(0.299354146737,0.399137376845,0.866646669201));
#4900 = ADVANCED_FACE('',(#4901),#4935,.T.);
#4901 = FACE_BOUND('',#4902,.T.);
#4902 = EDGE_LOOP('',(#4903,#4913,#4921,#4929));
#4903 = ORIENTED_EDGE('',*,*,#4904,.F.);
#4904 = EDGE_CURVE('',#4905,#4907,#4909,.T.);
#4905 = VERTEX_POINT('',#4906);
#4906 = CARTESIAN_POINT('',(-4.31000148272,-0.829992300541,-2.48));
#4907 = VERTEX_POINT('',#4908);
#4908 = CARTESIAN_POINT('',(-5.03000051805,-0.289991014322,-2.48));
#4909 = LINE('',#4910,#4911);
#4910 = CARTESIAN_POINT('',(-4.67000100039,-0.559991657432,-2.48));
#4911 = VECTOR('',#4912,1.);
#4912 = DIRECTION('',(-0.799998928149,0.600001429133,0.));
#4913 = ORIENTED_EDGE('',*,*,#4914,.T.);
#4914 = EDGE_CURVE('',#4905,#4915,#4917,.T.);
#4915 = VERTEX_POINT('',#4916);
#4916 = CARTESIAN_POINT('',(-4.53911565549,-1.13547672732,-3.7276722169)
  );
#4917 = LINE('',#4918,#4919);
#4918 = CARTESIAN_POINT('',(-4.42455856911,-0.98273451393,-3.10383610845
    ));
#4919 = VECTOR('',#4920,1.);
#4920 = DIRECTION('',(-0.175593483545,-0.234123773387,-0.956218064707));
#4921 = ORIENTED_EDGE('',*,*,#4922,.T.);
#4922 = EDGE_CURVE('',#4915,#4923,#4925,.T.);
#4923 = VERTEX_POINT('',#4924);
#4924 = CARTESIAN_POINT('',(-5.25911469083,-0.595475441099,-3.7276722169
    ));
#4925 = LINE('',#4926,#4927);
#4926 = CARTESIAN_POINT('',(-4.89911517316,-0.865476084209,-3.7276722169
    ));
#4927 = VECTOR('',#4928,1.);
#4928 = DIRECTION('',(-0.799998928149,0.600001429133,0.));
#4929 = ORIENTED_EDGE('',*,*,#4930,.F.);
#4930 = EDGE_CURVE('',#4907,#4923,#4931,.T.);
#4931 = LINE('',#4932,#4933);
#4932 = CARTESIAN_POINT('',(-5.14455760444,-0.442733227711,
    -3.10383610845));
#4933 = VECTOR('',#4934,1.);
#4934 = DIRECTION('',(-0.175593483545,-0.234123773387,-0.956218064707));
#4935 = PLANE('',#4936);
#4936 = AXIS2_PLACEMENT_3D('',#4937,#4938,#4939);
#4937 = CARTESIAN_POINT('',(-4.31000148272,-0.829992300541,-2.48));
#4938 = DIRECTION('',(0.573732205387,0.764973426842,-0.292655108837));
#4939 = DIRECTION('',(-0.175593483545,-0.234123773387,-0.956218064707));
#4940 = ADVANCED_FACE('',(#4941),#4968,.T.);
#4941 = FACE_BOUND('',#4942,.T.);
#4942 = EDGE_LOOP('',(#4943,#4952,#4953,#4962));
#4943 = ORIENTED_EDGE('',*,*,#4944,.T.);
#4944 = EDGE_CURVE('',#4945,#4923,#4947,.T.);
#4945 = VERTEX_POINT('',#4946);
#4946 = CARTESIAN_POINT('',(-5.70088848898,-1.18450497977,-3.7276722169)
  );
#4947 = CIRCLE('',#4948,0.385);
#4948 = AXIS2_PLACEMENT_3D('',#4949,#4950,#4951);
#4949 = CARTESIAN_POINT('',(-5.4800015899,-0.889990210433,-3.615));
#4950 = DIRECTION('',(0.799998928149,-0.600001429133,0.));
#4951 = DIRECTION('',(0.600001429133,0.799998928149,0.));
#4952 = ORIENTED_EDGE('',*,*,#4922,.F.);
#4953 = ORIENTED_EDGE('',*,*,#4954,.F.);
#4954 = EDGE_CURVE('',#4955,#4915,#4957,.T.);
#4955 = VERTEX_POINT('',#4956);
#4956 = CARTESIAN_POINT('',(-4.98088945364,-1.72450626599,-3.7276722169)
  );
#4957 = CIRCLE('',#4958,0.385);
#4958 = AXIS2_PLACEMENT_3D('',#4959,#4960,#4961);
#4959 = CARTESIAN_POINT('',(-4.76000255457,-1.42999149665,-3.615));
#4960 = DIRECTION('',(0.799998928149,-0.600001429133,0.));
#4961 = DIRECTION('',(0.600001429133,0.799998928149,0.));
#4962 = ORIENTED_EDGE('',*,*,#4963,.F.);
#4963 = EDGE_CURVE('',#4945,#4955,#4964,.T.);
#4964 = LINE('',#4965,#4966);
#4965 = CARTESIAN_POINT('',(-7.29633182564,1.20819760586E-02,
    -3.7276722169));
#4966 = VECTOR('',#4967,1.);
#4967 = DIRECTION('',(0.799998928149,-0.600001429133,0.));
#4968 = CYLINDRICAL_SURFACE('',#4969,0.385);
#4969 = AXIS2_PLACEMENT_3D('',#4970,#4971,#4972);
#4970 = CARTESIAN_POINT('',(-7.07544492656,0.306596745393,-3.615));
#4971 = DIRECTION('',(0.799998928149,-0.600001429133,0.));
#4972 = DIRECTION('',(-0.573732205387,-0.764973426842,-0.292655108837));
#4973 = ADVANCED_FACE('',(#4974),#4990,.F.);
#4974 = FACE_BOUND('',#4975,.T.);
#4975 = EDGE_LOOP('',(#4976,#4982,#4983,#4989));
#4976 = ORIENTED_EDGE('',*,*,#4977,.T.);
#4977 = EDGE_CURVE('',#4811,#4945,#4978,.T.);
#4978 = LINE('',#4979,#4980);
#4979 = CARTESIAN_POINT('',(-5.81544557536,-1.33724719316,-3.10383610845
    ));
#4980 = VECTOR('',#4981,1.);
#4981 = DIRECTION('',(0.175593483545,0.234123773387,-0.956218064707));
#4982 = ORIENTED_EDGE('',*,*,#4963,.T.);
#4983 = ORIENTED_EDGE('',*,*,#4984,.F.);
#4984 = EDGE_CURVE('',#4821,#4955,#4985,.T.);
#4985 = LINE('',#4986,#4987);
#4986 = CARTESIAN_POINT('',(-5.09544654003,-1.87724847938,-3.10383610845
    ));
#4987 = VECTOR('',#4988,1.);
#4988 = DIRECTION('',(0.175593483545,0.234123773387,-0.956218064707));
#4989 = ORIENTED_EDGE('',*,*,#4820,.T.);
#4990 = PLANE('',#4991);
#4991 = AXIS2_PLACEMENT_3D('',#4992,#4993,#4994);
#4992 = CARTESIAN_POINT('',(-5.21000362642,-2.02999069276,-2.48));
#4993 = DIRECTION('',(0.573732205387,0.764973426842,0.292655108837));
#4994 = DIRECTION('',(0.175593483545,0.234123773387,-0.956218064707));
#4995 = ADVANCED_FACE('',(#4996),#5032,.T.);
#4996 = FACE_BOUND('',#4997,.T.);
#4997 = EDGE_LOOP('',(#4998,#4999,#5007,#5015,#5026));
#4998 = ORIENTED_EDGE('',*,*,#4520,.F.);
#4999 = ORIENTED_EDGE('',*,*,#5000,.F.);
#5000 = EDGE_CURVE('',#5001,#4513,#5003,.T.);
#5001 = VERTEX_POINT('',#5002);
#5002 = CARTESIAN_POINT('',(-5.02000778877,-4.35999103218,1.9));
#5003 = LINE('',#5004,#5005);
#5004 = CARTESIAN_POINT('',(-5.02000778877,-4.35999103218,1.45));
#5005 = VECTOR('',#5006,1.);
#5006 = DIRECTION('',(0.,0.,-1.));
#5007 = ORIENTED_EDGE('',*,*,#5008,.T.);
#5008 = EDGE_CURVE('',#5001,#5009,#5011,.T.);
#5009 = VERTEX_POINT('',#5010);
#5010 = CARTESIAN_POINT('',(-5.25071979553,-3.08427633432,1.9));
#5011 = LINE('',#5012,#5013);
#5012 = CARTESIAN_POINT('',(-5.13536379215,-3.72213368325,1.9));
#5013 = VECTOR('',#5014,1.);
#5014 = DIRECTION('',(-0.17796237578,0.984037292386,0.));
#5015 = ORIENTED_EDGE('',*,*,#5016,.F.);
#5016 = EDGE_CURVE('',#5017,#5009,#5019,.T.);
#5017 = VERTEX_POINT('',#5018);
#5018 = CARTESIAN_POINT('',(-5.32913652575,-2.65067352051,1.86483391908)
  );
#5019 = B_SPLINE_CURVE_WITH_KNOTS('',5,(#5020,#5021,#5022,#5023,#5024,
    #5025),.UNSPECIFIED.,.F.,.F.,(6,6),(0.24999108763,0.875790813369),
  .PIECEWISE_BEZIER_KNOTS.);
#5020 = CARTESIAN_POINT('',(-5.32913652575,-2.65067352051,1.86483391908)
  );
#5021 = CARTESIAN_POINT('',(-5.31358804865,-2.73664832976,1.87894676978)
  );
#5022 = CARTESIAN_POINT('',(-5.29793675575,-2.82319165566,1.88948510549)
  );
#5023 = CARTESIAN_POINT('',(-5.28221964279,-2.91009893149,1.89649504301)
  );
#5024 = CARTESIAN_POINT('',(-5.26646972311,-2.99718761107,1.9));
#5025 = CARTESIAN_POINT('',(-5.25071979553,-3.08427633432,1.9));
#5026 = ORIENTED_EDGE('',*,*,#5027,.T.);
#5027 = EDGE_CURVE('',#5017,#4521,#5028,.T.);
#5028 = LINE('',#5029,#5030);
#5029 = CARTESIAN_POINT('',(-5.32913652575,-2.65067352051,1.43241695954)
  );
#5030 = VECTOR('',#5031,1.);
#5031 = DIRECTION('',(0.,0.,-1.));
#5032 = PLANE('',#5033);
#5033 = AXIS2_PLACEMENT_3D('',#5034,#5035,#5036);
#5034 = CARTESIAN_POINT('',(-5.02000778877,-4.35999103218,1.9));
#5035 = DIRECTION('',(-0.984037292386,-0.17796237578,-0.));
#5036 = DIRECTION('',(-0.17796237578,0.984037292386,0.));
#5037 = ADVANCED_FACE('',(#5038),#5080,.T.);
#5038 = FACE_BOUND('',#5039,.T.);
#5039 = EDGE_LOOP('',(#5040,#5041,#5049,#5058,#5066,#5074));
#5040 = ORIENTED_EDGE('',*,*,#5008,.F.);
#5041 = ORIENTED_EDGE('',*,*,#5042,.T.);
#5042 = EDGE_CURVE('',#5001,#5043,#5045,.T.);
#5043 = VERTEX_POINT('',#5044);
#5044 = CARTESIAN_POINT('',(-2.89124902388,-5.95656604781,1.9));
#5045 = LINE('',#5046,#5047);
#5046 = CARTESIAN_POINT('',(-3.95562840633,-5.15827853999,1.9));
#5047 = VECTOR('',#5048,1.);
#5048 = DIRECTION('',(0.799998928149,-0.600001429133,0.));
#5049 = ORIENTED_EDGE('',*,*,#5050,.T.);
#5050 = EDGE_CURVE('',#5043,#5051,#5053,.T.);
#5051 = VERTEX_POINT('',#5052);
#5052 = CARTESIAN_POINT('',(0.108758121781,-1.95657140707,1.9));
#5053 = CIRCLE('',#5054,2.8);
#5054 = AXIS2_PLACEMENT_3D('',#5055,#5056,#5057);
#5055 = CARTESIAN_POINT('',(-2.40000571653,-3.19999571259,1.9));
#5056 = DIRECTION('',(0.,0.,1.));
#5057 = DIRECTION('',(1.,0.,-0.));
#5058 = ORIENTED_EDGE('',*,*,#5059,.T.);
#5059 = EDGE_CURVE('',#5051,#5060,#5062,.T.);
#5060 = VERTEX_POINT('',#5061);
#5061 = CARTESIAN_POINT('',(-2.02000064311,-0.359996391437,1.9));
#5062 = LINE('',#5063,#5064);
#5063 = CARTESIAN_POINT('',(-0.955621260663,-1.15828389925,1.9));
#5064 = VECTOR('',#5065,1.);
#5065 = DIRECTION('',(-0.799998928149,0.600001429133,0.));
#5066 = ORIENTED_EDGE('',*,*,#5067,.F.);
#5067 = EDGE_CURVE('',#5068,#5060,#5070,.T.);
#5068 = VERTEX_POINT('',#5069);
#5069 = CARTESIAN_POINT('',(-3.30928659983,-0.495708373949,1.9));
#5070 = LINE('',#5071,#5072);
#5071 = CARTESIAN_POINT('',(-2.66464362147,-0.427852382693,1.9));
#5072 = VECTOR('',#5073,1.);
#5073 = DIRECTION('',(0.994505639931,0.104683007916,0.));
#5074 = ORIENTED_EDGE('',*,*,#5075,.T.);
#5075 = EDGE_CURVE('',#5068,#5009,#5076,.T.);
#5076 = LINE('',#5077,#5078);
#5077 = CARTESIAN_POINT('',(-4.28000319768,-1.78999235413,1.9));
#5078 = VECTOR('',#5079,1.);
#5079 = DIRECTION('',(-0.600001429133,-0.799998928149,0.));
#5080 = PLANE('',#5081);
#5081 = AXIS2_PLACEMENT_3D('',#5082,#5083,#5084);
#5082 = CARTESIAN_POINT('',(0.,0.,1.9));
#5083 = DIRECTION('',(0.,0.,1.));
#5084 = DIRECTION('',(-1.,-1.22464679915E-16,0.));
#5085 = ADVANCED_FACE('',(#5086),#5097,.F.);
#5086 = FACE_BOUND('',#5087,.T.);
#5087 = EDGE_LOOP('',(#5088,#5089,#5095,#5096));
#5088 = ORIENTED_EDGE('',*,*,#4512,.T.);
#5089 = ORIENTED_EDGE('',*,*,#5090,.F.);
#5090 = EDGE_CURVE('',#5043,#4504,#5091,.T.);
#5091 = LINE('',#5092,#5093);
#5092 = CARTESIAN_POINT('',(-2.89124902388,-5.95656604781,1.45));
#5093 = VECTOR('',#5094,1.);
#5094 = DIRECTION('',(0.,0.,-1.));
#5095 = ORIENTED_EDGE('',*,*,#5042,.F.);
#5096 = ORIENTED_EDGE('',*,*,#5000,.T.);
#5097 = PLANE('',#5098);
#5098 = AXIS2_PLACEMENT_3D('',#5099,#5100,#5101);
#5099 = CARTESIAN_POINT('',(-5.02000778877,-4.35999103218,1.9));
#5100 = DIRECTION('',(0.600001429133,0.799998928149,0.));
#5101 = DIRECTION('',(0.799998928149,-0.600001429133,0.));
#5102 = ADVANCED_FACE('',(#5103),#5114,.T.);
#5103 = FACE_BOUND('',#5104,.T.);
#5104 = EDGE_LOOP('',(#5105,#5106,#5112,#5113));
#5105 = ORIENTED_EDGE('',*,*,#4503,.T.);
#5106 = ORIENTED_EDGE('',*,*,#5107,.T.);
#5107 = EDGE_CURVE('',#4496,#5051,#5108,.T.);
#5108 = LINE('',#5109,#5110);
#5109 = CARTESIAN_POINT('',(0.108758121781,-1.95657140707,1.45));
#5110 = VECTOR('',#5111,1.);
#5111 = DIRECTION('',(0.,0.,1.));
#5112 = ORIENTED_EDGE('',*,*,#5050,.F.);
#5113 = ORIENTED_EDGE('',*,*,#5090,.T.);
#5114 = CYLINDRICAL_SURFACE('',#5115,2.8);
#5115 = AXIS2_PLACEMENT_3D('',#5116,#5117,#5118);
#5116 = CARTESIAN_POINT('',(-2.40000571653,-3.19999571259,1.45));
#5117 = DIRECTION('',(0.,0.,1.));
#5118 = DIRECTION('',(-0.17544403834,-0.984489405434,0.));
#5119 = ADVANCED_FACE('',(#5120),#5131,.F.);
#5120 = FACE_BOUND('',#5121,.T.);
#5121 = EDGE_LOOP('',(#5122,#5123,#5129,#5130));
#5122 = ORIENTED_EDGE('',*,*,#4495,.T.);
#5123 = ORIENTED_EDGE('',*,*,#5124,.F.);
#5124 = EDGE_CURVE('',#5060,#4488,#5125,.T.);
#5125 = LINE('',#5126,#5127);
#5126 = CARTESIAN_POINT('',(-2.02000064311,-0.359996391437,1.45));
#5127 = VECTOR('',#5128,1.);
#5128 = DIRECTION('',(0.,0.,-1.));
#5129 = ORIENTED_EDGE('',*,*,#5059,.F.);
#5130 = ORIENTED_EDGE('',*,*,#5107,.F.);
#5131 = PLANE('',#5132);
#5132 = AXIS2_PLACEMENT_3D('',#5133,#5134,#5135);
#5133 = CARTESIAN_POINT('',(0.108758121781,-1.95657140707,1.9));
#5134 = DIRECTION('',(-0.600001429133,-0.799998928149,-0.));
#5135 = DIRECTION('',(-0.799998928149,0.600001429133,0.));
#5136 = ADVANCED_FACE('',(#5137),#5159,.T.);
#5137 = FACE_BOUND('',#5138,.T.);
#5138 = EDGE_LOOP('',(#5139,#5150,#5151,#5152,#5153));
#5139 = ORIENTED_EDGE('',*,*,#5140,.T.);
#5140 = EDGE_CURVE('',#5141,#5068,#5143,.T.);
#5141 = VERTEX_POINT('',#5142);
#5142 = CARTESIAN_POINT('',(-3.74750215242,-0.541835535343,1.86483391875
    ));
#5143 = B_SPLINE_CURVE_WITH_KNOTS('',5,(#5144,#5145,#5146,#5147,#5148,
    #5149),.UNSPECIFIED.,.F.,.F.,(6,6),(0.249991084668,0.875790813374),
  .PIECEWISE_BEZIER_KNOTS.);
#5144 = CARTESIAN_POINT('',(-3.74750215242,-0.541835535343,1.86483391875
    ));
#5145 = CARTESIAN_POINT('',(-3.66061272887,-0.532689437173,1.87894676958
    ));
#5146 = CARTESIAN_POINT('',(-3.57314874069,-0.523482859554,1.88948510539
    ));
#5147 = CARTESIAN_POINT('',(-3.48531693082,-0.514237564526,1.89649504297
    ));
#5148 = CARTESIAN_POINT('',(-3.39730178739,-0.50497297156,1.9));
#5149 = CARTESIAN_POINT('',(-3.30928659983,-0.495708373949,1.9));
#5150 = ORIENTED_EDGE('',*,*,#5067,.T.);
#5151 = ORIENTED_EDGE('',*,*,#5124,.T.);
#5152 = ORIENTED_EDGE('',*,*,#4487,.F.);
#5153 = ORIENTED_EDGE('',*,*,#5154,.F.);
#5154 = EDGE_CURVE('',#5141,#4479,#5155,.T.);
#5155 = LINE('',#5156,#5157);
#5156 = CARTESIAN_POINT('',(-3.74750215242,-0.541835535343,1.43241695937
    ));
#5157 = VECTOR('',#5158,1.);
#5158 = DIRECTION('',(0.,0.,-1.));
#5159 = PLANE('',#5160);
#5160 = AXIS2_PLACEMENT_3D('',#5161,#5162,#5163);
#5161 = CARTESIAN_POINT('',(-3.92000100039,-0.559992997244,1.9));
#5162 = DIRECTION('',(-0.104683007916,0.994505639931,0.));
#5163 = DIRECTION('',(0.994505639931,0.104683007916,0.));
#5164 = ADVANCED_FACE('',(#5165),#5189,.T.);
#5165 = FACE_BOUND('',#5166,.T.);
#5166 = EDGE_LOOP('',(#5167,#5168,#5182,#5188));
#5167 = ORIENTED_EDGE('',*,*,#4890,.T.);
#5168 = ORIENTED_EDGE('',*,*,#5169,.F.);
#5169 = EDGE_CURVE('',#5170,#4883,#5172,.T.);
#5170 = VERTEX_POINT('',#5171);
#5171 = CARTESIAN_POINT('',(-4.83055953687,-0.338504062785,
    0.674312633347));
#5172 = B_SPLINE_CURVE_WITH_KNOTS('',5,(#5173,#5174,#5175,#5176,#5177,
    #5178,#5179,#5180,#5181),.UNSPECIFIED.,.F.,.F.,(6,3,6),(
    0.524455274602,1.06339723788,1.81085518914),.UNSPECIFIED.);
#5173 = CARTESIAN_POINT('',(-4.83055953687,-0.338504062785,
    0.674312633347));
#5174 = CARTESIAN_POINT('',(-4.85833932347,-0.331746764833,
    0.624076833751));
#5175 = CARTESIAN_POINT('',(-4.87886286935,-0.32840325743,0.575614329302
    ));
#5176 = CARTESIAN_POINT('',(-4.88920489174,-0.329960758735,
    0.528884621762));
#5177 = CARTESIAN_POINT('',(-4.85015278037,-0.359815233474,
    0.459418571173));
#5178 = CARTESIAN_POINT('',(-4.7252091831,-0.42066001191,0.4757904069));
#5179 = CARTESIAN_POINT('',(-4.65076405694,-0.454910602886,0.49931487019
    ));
#5180 = CARTESIAN_POINT('',(-4.57321743404,-0.489954289043,
    0.528196015378));
#5181 = CARTESIAN_POINT('',(-4.49449648218,-0.524929106147,
    0.561639038216));
#5182 = ORIENTED_EDGE('',*,*,#5183,.F.);
#5183 = EDGE_CURVE('',#4623,#5170,#5184,.T.);
#5184 = LINE('',#5185,#5186);
#5185 = CARTESIAN_POINT('',(-4.49271576341,-0.42068291719,0.912223742363
    ));
#5186 = VECTOR('',#5187,1.);
#5187 = DIRECTION('',(-0.801908326407,0.195060299402,-0.564707460227));
#5188 = ORIENTED_EDGE('',*,*,#4632,.T.);
#5189 = CYLINDRICAL_SURFACE('',#5190,0.5);
#5190 = AXIS2_PLACEMENT_3D('',#5191,#5192,#5193);
#5191 = CARTESIAN_POINT('',(-4.61089242089,-0.906516507659,
    0.912223742363));
#5192 = DIRECTION('',(-0.801908326407,0.195060299402,-0.564707460227));
#5193 = DIRECTION('',(0.236353314951,0.971667180938,-1.349337308554E-13)
  );
#5194 = ADVANCED_FACE('',(#5195),#5216,.F.);
#5195 = FACE_BOUND('',#5196,.F.);
#5196 = EDGE_LOOP('',(#5197,#5206,#5212,#5213,#5214,#5215));
#5197 = ORIENTED_EDGE('',*,*,#5198,.F.);
#5198 = EDGE_CURVE('',#5199,#5141,#5201,.T.);
#5199 = VERTEX_POINT('',#5200);
#5200 = CARTESIAN_POINT('',(-4.08853847528,-0.51899707635,1.77061952091)
  );
#5201 = B_SPLINE_CURVE_WITH_KNOTS('',3,(#5202,#5203,#5204,#5205),
  .UNSPECIFIED.,.F.,.F.,(4,4),(0.,0.504878902962),
  .PIECEWISE_BEZIER_KNOTS.);
#5202 = CARTESIAN_POINT('',(-4.08853847528,-0.51899707635,1.77061952091)
  );
#5203 = CARTESIAN_POINT('',(-3.98150276933,-0.545032991134,1.81563896418
    ));
#5204 = CARTESIAN_POINT('',(-3.8643350176,-0.554133520654,1.8458575479)
  );
#5205 = CARTESIAN_POINT('',(-3.74750215242,-0.541835535343,1.86483391875
    ));
#5206 = ORIENTED_EDGE('',*,*,#5207,.T.);
#5207 = EDGE_CURVE('',#5199,#4614,#5208,.T.);
#5208 = LINE('',#5209,#5210);
#5209 = CARTESIAN_POINT('',(-4.08853847528,-0.51899707635,1.2719150458)
  );
#5210 = VECTOR('',#5211,1.);
#5211 = DIRECTION('',(0.,0.,-1.));
#5212 = ORIENTED_EDGE('',*,*,#4613,.F.);
#5213 = ORIENTED_EDGE('',*,*,#4581,.F.);
#5214 = ORIENTED_EDGE('',*,*,#4478,.T.);
#5215 = ORIENTED_EDGE('',*,*,#5154,.F.);
#5216 = CYLINDRICAL_SURFACE('',#5217,1.);
#5217 = AXIS2_PLACEMENT_3D('',#5218,#5219,#5220);
#5218 = CARTESIAN_POINT('',(-3.85218516033,0.452670104588,1.2719150458)
  );
#5219 = DIRECTION('',(0.,-0.,-1.));
#5220 = DIRECTION('',(0.104683007916,-0.994505639931,0.));
#5221 = ADVANCED_FACE('',(#5222),#5247,.F.);
#5222 = FACE_BOUND('',#5223,.F.);
#5223 = EDGE_LOOP('',(#5224,#5225,#5226,#5240,#5246));
#5224 = ORIENTED_EDGE('',*,*,#4622,.F.);
#5225 = ORIENTED_EDGE('',*,*,#5207,.F.);
#5226 = ORIENTED_EDGE('',*,*,#5227,.F.);
#5227 = EDGE_CURVE('',#5228,#5199,#5230,.T.);
#5228 = VERTEX_POINT('',#5229);
#5229 = CARTESIAN_POINT('',(-4.83055834543,-0.338504352598,1.12827972104
    ));
#5230 = B_SPLINE_CURVE_WITH_KNOTS('',5,(#5231,#5232,#5233,#5234,#5235,
    #5236,#5237,#5238,#5239),.UNSPECIFIED.,.F.,.F.,(6,3,6),(
    1.08344482957,1.89824051432,2.51888742094),.UNSPECIFIED.);
#5231 = CARTESIAN_POINT('',(-4.83055834543,-0.338504352598,1.12827972104
    ));
#5232 = CARTESIAN_POINT('',(-4.77265460762,-0.35258915514,1.22690490179)
  );
#5233 = CARTESIAN_POINT('',(-4.70535385475,-0.36895973588,1.31969055432)
  );
#5234 = CARTESIAN_POINT('',(-4.62965885845,-0.387372175503,1.40554039708
    ));
#5235 = CARTESIAN_POINT('',(-4.48362229204,-0.422894859866,1.5432052538)
  );
#5236 = CARTESIAN_POINT('',(-4.31870769048,-0.463009534445,1.6554340024)
  );
#5237 = CARTESIAN_POINT('',(-4.24436874475,-0.48109212136,1.69898445305)
  );
#5238 = CARTESIAN_POINT('',(-4.16748903725,-0.499792736218,1.7374126423)
  );
#5239 = CARTESIAN_POINT('',(-4.08853847528,-0.51899707635,1.77061952091)
  );
#5240 = ORIENTED_EDGE('',*,*,#5241,.F.);
#5241 = EDGE_CURVE('',#5170,#5228,#5242,.T.);
#5242 = LINE('',#5243,#5244);
#5243 = CARTESIAN_POINT('',(-4.83055834543,-0.338504352598,
    0.901296596702));
#5244 = VECTOR('',#5245,1.);
#5245 = DIRECTION('',(0.,0.,1.));
#5246 = ORIENTED_EDGE('',*,*,#5183,.F.);
#5247 = PLANE('',#5248);
#5248 = AXIS2_PLACEMENT_3D('',#5249,#5250,#5251);
#5249 = CARTESIAN_POINT('',(-3.92000100039,-0.559992997244,1.9));
#5250 = DIRECTION('',(-0.236353314951,-0.971667180938,-0.));
#5251 = DIRECTION('',(-0.971667180938,0.236353314951,0.));
#5252 = ADVANCED_FACE('',(#5253),#5322,.T.);
#5253 = FACE_BOUND('',#5254,.T.);
#5254 = EDGE_LOOP('',(#5255,#5265,#5275,#5284,#5293,#5300,#5301,#5302,
    #5303,#5304,#5305,#5314));
#5255 = ORIENTED_EDGE('',*,*,#5256,.T.);
#5256 = EDGE_CURVE('',#5257,#5259,#5261,.T.);
#5257 = VERTEX_POINT('',#5258);
#5258 = CARTESIAN_POINT('',(-5.0248958543,-0.283184821312,0.4));
#5259 = VERTEX_POINT('',#5260);
#5260 = CARTESIAN_POINT('',(-5.93510728206,-1.49679554162,0.4));
#5261 = LINE('',#5262,#5263);
#5262 = CARTESIAN_POINT('',(-5.94724647465,-1.51298107151,0.4));
#5263 = VECTOR('',#5264,1.);
#5264 = DIRECTION('',(-0.600001429133,-0.799998928149,0.));
#5265 = ORIENTED_EDGE('',*,*,#5266,.T.);
#5266 = EDGE_CURVE('',#5259,#5267,#5269,.T.);
#5267 = VERTEX_POINT('',#5268);
#5268 = CARTESIAN_POINT('',(-5.92593023604,-1.52671924629,0.674313316208
    ));
#5269 = B_SPLINE_CURVE_WITH_KNOTS('',4,(#5270,#5271,#5272,#5273,#5274),
  .UNSPECIFIED.,.F.,.F.,(5,5),(0.,0.547445895145),
  .PIECEWISE_BEZIER_KNOTS.);
#5270 = CARTESIAN_POINT('',(-5.93510728206,-1.49679554162,0.4));
#5271 = CARTESIAN_POINT('',(-5.93777893075,-1.50035772662,0.459096964744
    ));
#5272 = CARTESIAN_POINT('',(-5.93914452164,-1.50708910206,0.527006955577
    ));
#5273 = CARTESIAN_POINT('',(-5.93470811419,-1.5161838669,0.602578675958)
  );
#5274 = CARTESIAN_POINT('',(-5.92593023604,-1.52671924629,0.674313316208
    ));
#5275 = ORIENTED_EDGE('',*,*,#5276,.T.);
#5276 = EDGE_CURVE('',#5267,#5277,#5279,.T.);
#5277 = VERTEX_POINT('',#5278);
#5278 = CARTESIAN_POINT('',(-5.82758668563,-1.6678705224,1.12827971785)
  );
#5279 = B_SPLINE_CURVE_WITH_KNOTS('',3,(#5280,#5281,#5282,#5283),
  .UNSPECIFIED.,.F.,.F.,(4,4),(0.,0.690154367573),
  .PIECEWISE_BEZIER_KNOTS.);
#5280 = CARTESIAN_POINT('',(-5.92593023604,-1.52671924629,0.674313316208
    ));
#5281 = CARTESIAN_POINT('',(-5.90637891225,-1.55018521106,0.834091069373
    ));
#5282 = CARTESIAN_POINT('',(-5.86956221953,-1.59496523904,0.989051217819
    ));
#5283 = CARTESIAN_POINT('',(-5.8275865767,-1.6678706041,1.12828012763));
#5284 = ORIENTED_EDGE('',*,*,#5285,.T.);
#5285 = EDGE_CURVE('',#5277,#5286,#5288,.T.);
#5286 = VERTEX_POINT('',#5287);
#5287 = CARTESIAN_POINT('',(-5.44655046991,-2.32967299957,1.77061952158)
  );
#5288 = B_SPLINE_CURVE_WITH_KNOTS('',3,(#5289,#5290,#5291,#5292),
  .UNSPECIFIED.,.F.,.F.,(4,4),(1.08344482431,2.51888742345),
  .PIECEWISE_BEZIER_KNOTS.);
#5289 = CARTESIAN_POINT('',(-5.8275865767,-1.6678706041,1.12828012763));
#5290 = CARTESIAN_POINT('',(-5.74028009243,-1.81950814894,1.41786608496)
  );
#5291 = CARTESIAN_POINT('',(-5.6028272905,-2.05824323254,1.64261795596)
  );
#5292 = CARTESIAN_POINT('',(-5.44655038008,-2.32967306694,1.77061970297)
  );
#5293 = ORIENTED_EDGE('',*,*,#5294,.T.);
#5294 = EDGE_CURVE('',#5286,#5017,#5295,.T.);
#5295 = B_SPLINE_CURVE_WITH_KNOTS('',3,(#5296,#5297,#5298,#5299),
  .UNSPECIFIED.,.F.,.F.,(4,4),(0.,0.504878911304),
  .PIECEWISE_BEZIER_KNOTS.);
#5296 = CARTESIAN_POINT('',(-5.44655038008,-2.32967306694,1.77061970297)
  );
#5297 = CARTESIAN_POINT('',(-5.39158624437,-2.42513748652,1.81563914688)
  );
#5298 = CARTESIAN_POINT('',(-5.35004326553,-2.53507044615,1.84585754908)
  );
#5299 = CARTESIAN_POINT('',(-5.32913654185,-2.65067350924,1.86483392014)
  );
#5300 = ORIENTED_EDGE('',*,*,#5016,.T.);
#5301 = ORIENTED_EDGE('',*,*,#5075,.F.);
#5302 = ORIENTED_EDGE('',*,*,#5140,.F.);
#5303 = ORIENTED_EDGE('',*,*,#5198,.F.);
#5304 = ORIENTED_EDGE('',*,*,#5227,.F.);
#5305 = ORIENTED_EDGE('',*,*,#5306,.F.);
#5306 = EDGE_CURVE('',#5307,#5228,#5309,.T.);
#5307 = VERTEX_POINT('',#5308);
#5308 = CARTESIAN_POINT('',(-4.99359928559,-0.28361610464,0.674313851059
    ));
#5309 = B_SPLINE_CURVE_WITH_KNOTS('',3,(#5310,#5311,#5312,#5313),
  .UNSPECIFIED.,.F.,.F.,(4,4),(0.,0.69019427556),
  .PIECEWISE_BEZIER_KNOTS.);
#5310 = CARTESIAN_POINT('',(-4.99359928559,-0.28361610464,0.674313851059
    ));
#5311 = CARTESIAN_POINT('',(-4.96559592115,-0.29581568369,0.834100829275
    ));
#5312 = CARTESIAN_POINT('',(-4.91230522297,-0.318619877504,
    0.989043170342));
#5313 = CARTESIAN_POINT('',(-4.8305582365,-0.338504434294,1.12828013081)
  );
#5314 = ORIENTED_EDGE('',*,*,#5315,.F.);
#5315 = EDGE_CURVE('',#5257,#5307,#5316,.T.);
#5316 = B_SPLINE_CURVE_WITH_KNOTS('',4,(#5317,#5318,#5319,#5320,#5321),
  .UNSPECIFIED.,.F.,.F.,(5,5),(0.,0.547162715825),
  .PIECEWISE_BEZIER_KNOTS.);
#5317 = CARTESIAN_POINT('',(-5.0248958543,-0.283184821312,0.4));
#5318 = CARTESIAN_POINT('',(-5.02222551626,-0.27962438385,0.45906821132)
  );
#5319 = CARTESIAN_POINT('',(-5.01614416722,-0.276444018264,
    0.526906130969));
#5320 = CARTESIAN_POINT('',(-5.00623731459,-0.278109999702,
    0.602200109162));
#5321 = CARTESIAN_POINT('',(-4.99359928559,-0.28361610464,0.674313851059
    ));
#5322 = CYLINDRICAL_SURFACE('',#5323,1.5);
#5323 = AXIS2_PLACEMENT_3D('',#5324,#5325,#5326);
#5324 = CARTESIAN_POINT('',(-4.74724808243,-2.41298321521,0.4));
#5325 = DIRECTION('',(-0.600001429133,-0.799998928149,0.));
#5326 = DIRECTION('',(1.469574190021E-16,-1.102184744509E-16,1.));
#5327 = ADVANCED_FACE('',(#5328),#5367,.F.);
#5328 = FACE_BOUND('',#5329,.T.);
#5329 = EDGE_LOOP('',(#5330,#5331,#5345,#5351,#5352,#5353,#5354,#5355));
#5330 = ORIENTED_EDGE('',*,*,#5256,.F.);
#5331 = ORIENTED_EDGE('',*,*,#5332,.F.);
#5332 = EDGE_CURVE('',#5333,#5257,#5335,.T.);
#5333 = VERTEX_POINT('',#5334);
#5334 = CARTESIAN_POINT('',(-5.03000051805,-0.289991014322,0.21473317943
    ));
#5335 = B_SPLINE_CURVE_WITH_KNOTS('',5,(#5336,#5337,#5338,#5339,#5340,
    #5341,#5342,#5343,#5344),.UNSPECIFIED.,.F.,.F.,(6,3,6),(0.,
    0.343721773,0.466605653826),.UNSPECIFIED.);
#5336 = CARTESIAN_POINT('',(-5.03000051805,-0.289991014322,0.21473317943
    ));
#5337 = CARTESIAN_POINT('',(-5.0300005127,-0.289991007187,0.241128633014
    ));
#5338 = CARTESIAN_POINT('',(-5.02967100181,-0.289551660962,
    0.267556210112));
#5339 = CARTESIAN_POINT('',(-5.02904998585,-0.288723642763,
    0.294051571423));
#5340 = CARTESIAN_POINT('',(-5.02785984789,-0.287136798057,
    0.330479513905));
#5341 = CARTESIAN_POINT('',(-5.02628621301,-0.285038626035,
    0.368598145123));
#5342 = CARTESIAN_POINT('',(-5.02584495384,-0.284450282662,
    0.378833948965));
#5343 = CARTESIAN_POINT('',(-5.02537982095,-0.283830107778,
    0.389294535105));
#5344 = CARTESIAN_POINT('',(-5.0248958543,-0.283184821312,0.4));
#5345 = ORIENTED_EDGE('',*,*,#5346,.F.);
#5346 = EDGE_CURVE('',#4907,#5333,#5347,.T.);
#5347 = LINE('',#5348,#5349);
#5348 = CARTESIAN_POINT('',(-5.03000051805,-0.289991014322,
    -1.13263341029));
#5349 = VECTOR('',#5350,1.);
#5350 = DIRECTION('',(0.,0.,1.));
#5351 = ORIENTED_EDGE('',*,*,#4930,.T.);
#5352 = ORIENTED_EDGE('',*,*,#4944,.F.);
#5353 = ORIENTED_EDGE('',*,*,#4977,.F.);
#5354 = ORIENTED_EDGE('',*,*,#4810,.T.);
#5355 = ORIENTED_EDGE('',*,*,#5356,.T.);
#5356 = EDGE_CURVE('',#4813,#5259,#5357,.T.);
#5357 = B_SPLINE_CURVE_WITH_KNOTS('',5,(#5358,#5359,#5360,#5361,#5362,
    #5363,#5364,#5365,#5366),.UNSPECIFIED.,.F.,.F.,(6,3,6),(0.,
    0.3438849192,0.466832237006),.UNSPECIFIED.);
#5358 = CARTESIAN_POINT('',(-5.93000266175,-1.48998940654,0.214732833878
    ));
#5359 = CARTESIAN_POINT('',(-5.93000266307,-1.48998940831,0.241140267834
    ));
#5360 = CARTESIAN_POINT('',(-5.93033247504,-1.49042915596,0.267580365794
    ));
#5361 = CARTESIAN_POINT('',(-5.93095231523,-1.49125560646,0.294025056732
    ));
#5362 = CARTESIAN_POINT('',(-5.93214295387,-1.49284311875,0.33047186769)
  );
#5363 = CARTESIAN_POINT('',(-5.93371761488,-1.49494265894,0.36861368443)
  );
#5364 = CARTESIAN_POINT('',(-5.93415879943,-1.49553090282,0.378847851252
    ));
#5365 = CARTESIAN_POINT('',(-5.9346236426,-1.49615069141,0.389301942176)
  );
#5366 = CARTESIAN_POINT('',(-5.93510728206,-1.49679554162,0.4));
#5367 = PLANE('',#5368);
#5368 = AXIS2_PLACEMENT_3D('',#5369,#5370,#5371);
#5369 = CARTESIAN_POINT('',(-5.4800015899,-0.889990210433,-4.));
#5370 = DIRECTION('',(0.799998928149,-0.600001429133,0.));
#5371 = DIRECTION('',(0.,0.,1.));
#5372 = ADVANCED_FACE('',(#5373),#5409,.F.);
#5373 = FACE_BOUND('',#5374,.F.);
#5374 = EDGE_LOOP('',(#5375,#5376,#5385,#5393,#5402));
#5375 = ORIENTED_EDGE('',*,*,#4882,.T.);
#5376 = ORIENTED_EDGE('',*,*,#5377,.F.);
#5377 = EDGE_CURVE('',#5378,#4883,#5380,.T.);
#5378 = VERTEX_POINT('',#5379);
#5379 = CARTESIAN_POINT('',(-4.57450872131,-0.631611133285,
    6.27172837753E-02));
#5380 = CIRCLE('',#5381,1.);
#5381 = AXIS2_PLACEMENT_3D('',#5382,#5383,#5384);
#5382 = CARTESIAN_POINT('',(-3.97450729218,0.168387794863,
    6.27172837753E-02));
#5383 = DIRECTION('',(-0.799998928149,0.600001429133,-1.395904022439E-16
    ));
#5384 = DIRECTION('',(-0.600001429133,-0.799998928149,0.));
#5385 = ORIENTED_EDGE('',*,*,#5386,.F.);
#5386 = EDGE_CURVE('',#5387,#5378,#5389,.T.);
#5387 = VERTEX_POINT('',#5388);
#5388 = CARTESIAN_POINT('',(-4.31000148272,-0.829992300541,
    6.27172837753E-02));
#5389 = LINE('',#5390,#5391);
#5390 = CARTESIAN_POINT('',(-4.42665794551,-0.742499627824,
    6.27172837753E-02));
#5391 = VECTOR('',#5392,1.);
#5392 = DIRECTION('',(-0.799998928149,0.600001429133,-1.395904022439E-16
    ));
#5393 = ORIENTED_EDGE('',*,*,#5394,.T.);
#5394 = EDGE_CURVE('',#5387,#5395,#5397,.T.);
#5395 = VERTEX_POINT('',#5396);
#5396 = CARTESIAN_POINT('',(-4.27484344146,-0.783115086664,0.4));
#5397 = CIRCLE('',#5398,1.);
#5398 = AXIS2_PLACEMENT_3D('',#5399,#5400,#5401);
#5399 = CARTESIAN_POINT('',(-3.71000005359,-2.99933723928E-02,
    6.27172837753E-02));
#5400 = DIRECTION('',(-0.799998928149,0.600001429133,-1.395904022439E-16
    ));
#5401 = DIRECTION('',(-0.600001429133,-0.799998928149,0.));
#5402 = ORIENTED_EDGE('',*,*,#5403,.T.);
#5403 = EDGE_CURVE('',#5395,#4869,#5404,.T.);
#5404 = B_SPLINE_CURVE_WITH_KNOTS('',3,(#5405,#5406,#5407,#5408),
  .UNSPECIFIED.,.F.,.F.,(4,4),(0.,0.254756231092),
  .PIECEWISE_BEZIER_KNOTS.);
#5405 = CARTESIAN_POINT('',(-4.27484344146,-0.783115086664,0.4));
#5406 = CARTESIAN_POINT('',(-4.26269180036,-0.766912958827,
    0.456528092022));
#5407 = CARTESIAN_POINT('',(-4.24102949211,-0.751423637182,
    0.511065507505));
#5408 = CARTESIAN_POINT('',(-4.21224223366,-0.736620123372,
    0.561639673294));
#5409 = CYLINDRICAL_SURFACE('',#5410,1.);
#5410 = AXIS2_PLACEMENT_3D('',#5411,#5412,#5413);
#5411 = CARTESIAN_POINT('',(-3.82665651638,5.74993003249E-02,
    6.27172837753E-02));
#5412 = DIRECTION('',(-0.799998928149,0.600001429133,-1.395904022439E-16
    ));
#5413 = DIRECTION('',(-0.600001429133,-0.799998928149,0.));
#5414 = ADVANCED_FACE('',(#5415),#5443,.F.);
#5415 = FACE_BOUND('',#5416,.F.);
#5416 = EDGE_LOOP('',(#5417,#5432,#5433,#5434,#5441,#5442));
#5417 = ORIENTED_EDGE('',*,*,#5418,.T.);
#5418 = EDGE_CURVE('',#5333,#5378,#5419,.T.);
#5419 = B_SPLINE_CURVE_WITH_KNOTS('',5,(#5420,#5421,#5422,#5423,#5424,
    #5425,#5426,#5427,#5428,#5429,#5430,#5431),.UNSPECIFIED.,.F.,.F.,(6,
    3,3,6),(1.09610585923,1.30867557891,1.64113345344,1.81085238671),
  .UNSPECIFIED.);
#5420 = CARTESIAN_POINT('',(-5.03000051805,-0.289991014322,0.21473317943
    ));
#5421 = CARTESIAN_POINT('',(-5.0050246661,-0.308722972999,0.190840765795
    ));
#5422 = CARTESIAN_POINT('',(-4.97867708801,-0.328483730115,
    0.170133759831));
#5423 = CARTESIAN_POINT('',(-4.95153407252,-0.348841067496,
    0.152485813198));
#5424 = CARTESIAN_POINT('',(-4.88149537034,-0.401370289625,
    0.114140197071));
#5425 = CARTESIAN_POINT('',(-4.81038131914,-0.454706026524,
    9.04753398245E-02));
#5426 = CARTESIAN_POINT('',(-4.76727642811,-0.487034815114,
    8.00819983924E-02));
#5427 = CARTESIAN_POINT('',(-4.70257506719,-0.535561016402,
    6.91843328248E-02));
#5428 = CARTESIAN_POINT('',(-4.63865729458,-0.583499524275,
    6.42699752836E-02));
#5429 = CARTESIAN_POINT('',(-4.6171637666,-0.599619730253,
    6.32177467523E-02));
#5430 = CARTESIAN_POINT('',(-4.59578216245,-0.615655993046,
    6.27150614906E-02));
#5431 = CARTESIAN_POINT('',(-4.57450872142,-0.631611133201,
    6.27139418047E-02));
#5432 = ORIENTED_EDGE('',*,*,#5377,.T.);
#5433 = ORIENTED_EDGE('',*,*,#5169,.F.);
#5434 = ORIENTED_EDGE('',*,*,#5435,.F.);
#5435 = EDGE_CURVE('',#5307,#5170,#5436,.T.);
#5436 = B_SPLINE_CURVE_WITH_KNOTS('',3,(#5437,#5438,#5439,#5440),
  .UNSPECIFIED.,.F.,.F.,(4,4),(0.574595247353,1.),
  .PIECEWISE_BEZIER_KNOTS.);
#5437 = CARTESIAN_POINT('',(-4.99359928559,-0.28361610464,0.674313851059
    ));
#5438 = CARTESIAN_POINT('',(-4.94096289221,-0.306547058132,
    0.674313656352));
#5439 = CARTESIAN_POINT('',(-4.8863475621,-0.324933373758,0.674313465631
    ));
#5440 = CARTESIAN_POINT('',(-4.83055986144,-0.338503520052,
    0.674313281712));
#5441 = ORIENTED_EDGE('',*,*,#5315,.F.);
#5442 = ORIENTED_EDGE('',*,*,#5332,.F.);
#5443 = B_SPLINE_SURFACE_WITH_KNOTS('',5,5,(
    (#5444,#5445,#5446,#5447,#5448,#5449)
    ,(#5450,#5451,#5452,#5453,#5454,#5455)
    ,(#5456,#5457,#5458,#5459,#5460,#5461)
    ,(#5462,#5463,#5464,#5465,#5466,#5467)
    ,(#5468,#5469,#5470,#5471,#5472,#5473)
    ,(#5474,#5475,#5476,#5477,#5478,#5479)
    ,(#5480,#5481,#5482,#5483,#5484,#5485)
    ,(#5486,#5487,#5488,#5489,#5490,#5491)
    ,(#5492,#5493,#5494,#5495,#5496,#5497
    )),.UNSPECIFIED.,.F.,.F.,.F.,(6,3,6),(6,6),(0.524455274602,
    1.06339723788,1.81085238671),(0.,1.),.UNSPECIFIED.);
#5444 = CARTESIAN_POINT('',(-5.19420873061,-0.166834396556,
    0.674314654583));
#5445 = CARTESIAN_POINT('',(-5.12942599829,-0.215421744967,
    0.674314372361));
#5446 = CARTESIAN_POINT('',(-5.05972512012,-0.257451589979,
    0.674314090138));
#5447 = CARTESIAN_POINT('',(-4.9859908479,-0.292259612103,0.674313811772
    ));
#5448 = CARTESIAN_POINT('',(-4.90924403266,-0.319363894258,
    0.674313541116));
#5449 = CARTESIAN_POINT('',(-4.83055986144,-0.338503520052,
    0.674313281713));
#5450 = CARTESIAN_POINT('',(-5.19420772186,-0.166835153116,
    0.582294602257));
#5451 = CARTESIAN_POINT('',(-5.13399931532,-0.21199122303,0.590883884498
    ));
#5452 = CARTESIAN_POINT('',(-5.06956743938,-0.251516021379,
    0.599473166738));
#5453 = CARTESIAN_POINT('',(-5.00160946046,-0.284886100338,
    0.607945094531));
#5454 = CARTESIAN_POINT('',(-4.93092018201,-0.311708409971,
    0.616182374633));
#5455 = CARTESIAN_POINT('',(-4.85833947947,-0.331746445202,
    0.624077165673));
#5456 = CARTESIAN_POINT('',(-5.18442893205,-0.174169272772,
    0.488753558582));
#5457 = CARTESIAN_POINT('',(-5.12935477576,-0.215475278219,
    0.506717256145));
#5458 = CARTESIAN_POINT('',(-5.07063595582,-0.25192175023,0.524680953707
    ));
#5459 = CARTESIAN_POINT('',(-5.00881517006,-0.283101382106,
    0.542436198795));
#5460 = CARTESIAN_POINT('',(-4.944506832,-0.30870276588,0.559774596905)
  );
#5461 = CARTESIAN_POINT('',(-4.87836257968,-0.328527898185,
    0.576501142666));
#5462 = CARTESIAN_POINT('',(-5.1607664653,-0.19191618888,0.386964586732)
  );
#5463 = CARTESIAN_POINT('',(-5.11191283226,-0.228556406008,0.41597280652
    ));
#5464 = CARTESIAN_POINT('',(-5.05987737576,-0.260954207649,
    0.444981026309));
#5465 = CARTESIAN_POINT('',(-5.00508691719,-0.288789293219,
    0.473725042994));
#5466 = CARTESIAN_POINT('',(-4.94802565304,-0.311818086544,0.5019407138)
  );
#5467 = CARTESIAN_POINT('',(-4.88920983869,-0.329886316586,
    0.529378318987));
#5468 = CARTESIAN_POINT('',(-5.03922908285,-0.283069564963,
    0.178091970171));
#5469 = CARTESIAN_POINT('',(-5.00705478925,-0.307200574706,
    0.235155890058));
#5470 = CARTESIAN_POINT('',(-4.97173573709,-0.327138588624,
    0.292219809945));
#5471 = CARTESIAN_POINT('',(-4.93357061207,-0.342659412985,0.34881372984
    ));
#5472 = CARTESIAN_POINT('',(-4.89291158687,-0.3536103031,0.404467722365)
  );
#5473 = CARTESIAN_POINT('',(-4.85014600455,-0.359918411775,
    0.458734016993));
#5474 = CARTESIAN_POINT('',(-4.86038423843,-0.417203697488,
    9.41312829715E-02));
#5475 = CARTESIAN_POINT('',(-4.84221850486,-0.430827771356,
    0.172609389765));
#5476 = CARTESIAN_POINT('',(-4.81928698707,-0.438097489912,
    0.251087496559));
#5477 = CARTESIAN_POINT('',(-4.79186488733,-0.438805823492,0.32858033208
    ));
#5478 = CARTESIAN_POINT('',(-4.76034740583,-0.432905938049,0.40410300549
    ));
#5479 = CARTESIAN_POINT('',(-4.72521924281,-0.420516559285,
    0.476739949248));
#5480 = CARTESIAN_POINT('',(-4.76493868628,-0.488788128015,
    7.34875785893E-02));
#5481 = CARTESIAN_POINT('',(-4.75323926623,-0.497563461001,
    0.161442416779));
#5482 = CARTESIAN_POINT('',(-4.73571913427,-0.498577873657,
    0.249397254969));
#5483 = CARTESIAN_POINT('',(-4.71259371955,-0.491668728856,
    0.335967785756));
#5484 = CARTESIAN_POINT('',(-4.68425891288,-0.476914344306,
    0.419770449938));
#5485 = CARTESIAN_POINT('',(-4.65125351691,-0.454630943227,
    0.499541341229));
#5486 = CARTESIAN_POINT('',(-4.66819858104,-0.561343476969,
    6.27188729869E-02));
#5487 = CARTESIAN_POINT('',(-4.66264528816,-0.565508003874,
    0.159471460568));
#5488 = CARTESIAN_POINT('',(-4.65011592465,-0.560371137902,
    0.256224048149));
#5489 = CARTESIAN_POINT('',(-4.63073587679,-0.545836932445,
    0.351127406985));
#5490 = CARTESIAN_POINT('',(-4.60489813962,-0.522166619912,
    0.442333923677));
#5491 = CARTESIAN_POINT('',(-4.57321881884,-0.489953785097,
    0.528195889783));
#5492 = CARTESIAN_POINT('',(-4.57450872142,-0.631611133201,
    6.27139418047E-02));
#5493 = CARTESIAN_POINT('',(-4.5745092732,-0.631611537954,0.167185341994
    ));
#5494 = CARTESIAN_POINT('',(-4.56632399704,-0.620697546088,
    0.271656742183));
#5495 = CARTESIAN_POINT('',(-4.54995123659,-0.598866956647,
    0.373752010687));
#5496 = CARTESIAN_POINT('',(-4.52577151194,-0.566627135395,
    0.471098346532));
#5497 = CARTESIAN_POINT('',(-4.49449755285,-0.524928391666,
    0.561637856398));
#5498 = ADVANCED_FACE('',(#5499),#5504,.F.);
#5499 = FACE_BOUND('',#5500,.F.);
#5500 = EDGE_LOOP('',(#5501,#5502,#5503));
#5501 = ORIENTED_EDGE('',*,*,#5306,.F.);
#5502 = ORIENTED_EDGE('',*,*,#5435,.T.);
#5503 = ORIENTED_EDGE('',*,*,#5241,.T.);
#5504 = CYLINDRICAL_SURFACE('',#5505,1.);
#5505 = AXIS2_PLACEMENT_3D('',#5506,#5507,#5508);
#5506 = CARTESIAN_POINT('',(-4.59420503048,0.63316282834,-0.510750767242
    ));
#5507 = DIRECTION('',(0.,0.,1.));
#5508 = DIRECTION('',(-0.600001429133,-0.799998928149,0.));
#5509 = ADVANCED_FACE('',(#5510),#5522,.F.);
#5510 = FACE_BOUND('',#5511,.T.);
#5511 = EDGE_LOOP('',(#5512,#5513,#5514,#5520,#5521));
#5512 = ORIENTED_EDGE('',*,*,#5418,.T.);
#5513 = ORIENTED_EDGE('',*,*,#5386,.F.);
#5514 = ORIENTED_EDGE('',*,*,#5515,.T.);
#5515 = EDGE_CURVE('',#5387,#4905,#5516,.T.);
#5516 = LINE('',#5517,#5518);
#5517 = CARTESIAN_POINT('',(-4.31000148272,-0.829992300541,
    -1.20864135811));
#5518 = VECTOR('',#5519,1.);
#5519 = DIRECTION('',(0.,0.,-1.));
#5520 = ORIENTED_EDGE('',*,*,#4904,.T.);
#5521 = ORIENTED_EDGE('',*,*,#5346,.T.);
#5522 = PLANE('',#5523);
#5523 = AXIS2_PLACEMENT_3D('',#5524,#5525,#5526);
#5524 = CARTESIAN_POINT('',(-2.40483228583,-2.25887451607,
    3.94430452611E-31));
#5525 = DIRECTION('',(-0.600001429133,-0.799998928149,0.));
#5526 = DIRECTION('',(0.799998928149,-0.600001429133,0.));
#5527 = ADVANCED_FACE('',(#5528),#5546,.F.);
#5528 = FACE_BOUND('',#5529,.F.);
#5529 = EDGE_LOOP('',(#5530,#5531,#5539));
#5530 = ORIENTED_EDGE('',*,*,#5276,.T.);
#5531 = ORIENTED_EDGE('',*,*,#5532,.F.);
#5532 = EDGE_CURVE('',#5533,#5277,#5535,.T.);
#5533 = VERTEX_POINT('',#5534);
#5534 = CARTESIAN_POINT('',(-5.827586825,-1.66787028034,0.674313281243)
  );
#5535 = LINE('',#5536,#5537);
#5536 = CARTESIAN_POINT('',(-5.82758668563,-1.6678705224,-0.510750635571
    ));
#5537 = VECTOR('',#5538,1.);
#5538 = DIRECTION('',(0.,0.,1.));
#5539 = ORIENTED_EDGE('',*,*,#5540,.T.);
#5540 = EDGE_CURVE('',#5533,#5267,#5541,.T.);
#5541 = CIRCLE('',#5542,1.);
#5542 = AXIS2_PLACEMENT_3D('',#5543,#5544,#5545);
#5543 = CARTESIAN_POINT('',(-6.69421003386,-2.16683341912,0.674313472369
    ));
#5544 = DIRECTION('',(0.,-0.,1.));
#5545 = DIRECTION('',(1.,0.,0.));
#5546 = CYLINDRICAL_SURFACE('',#5547,1.);
#5547 = AXIS2_PLACEMENT_3D('',#5548,#5549,#5550);
#5548 = CARTESIAN_POINT('',(-6.69421003386,-2.16683341912,
    -0.510750635571));
#5549 = DIRECTION('',(0.,-0.,1.));
#5550 = DIRECTION('',(0.866623348231,0.498962896717,0.));
#5551 = ADVANCED_FACE('',(#5552),#5565,.F.);
#5552 = FACE_BOUND('',#5553,.F.);
#5553 = EDGE_LOOP('',(#5554,#5555,#5556,#5557,#5558,#5559));
#5554 = ORIENTED_EDGE('',*,*,#5294,.T.);
#5555 = ORIENTED_EDGE('',*,*,#5027,.T.);
#5556 = ORIENTED_EDGE('',*,*,#4528,.T.);
#5557 = ORIENTED_EDGE('',*,*,#4778,.T.);
#5558 = ORIENTED_EDGE('',*,*,#4702,.T.);
#5559 = ORIENTED_EDGE('',*,*,#5560,.F.);
#5560 = EDGE_CURVE('',#5286,#4692,#5561,.T.);
#5561 = LINE('',#5562,#5563);
#5562 = CARTESIAN_POINT('',(-5.44655046991,-2.32967299957,1.2719150458)
  );
#5563 = VECTOR('',#5564,1.);
#5564 = DIRECTION('',(0.,0.,-1.));
#5565 = CYLINDRICAL_SURFACE('',#5566,1.);
#5566 = AXIS2_PLACEMENT_3D('',#5567,#5568,#5569);
#5567 = CARTESIAN_POINT('',(-6.31317381814,-2.82863589629,1.2719150458)
  );
#5568 = DIRECTION('',(0.,0.,-1.));
#5569 = DIRECTION('',(0.866623348231,0.498962896717,0.));
#5570 = ADVANCED_FACE('',(#5571),#5583,.T.);
#5571 = FACE_BOUND('',#5572,.T.);
#5572 = EDGE_LOOP('',(#5573,#5574,#5575,#5576,#5577));
#5573 = ORIENTED_EDGE('',*,*,#4691,.F.);
#5574 = ORIENTED_EDGE('',*,*,#5560,.F.);
#5575 = ORIENTED_EDGE('',*,*,#5285,.F.);
#5576 = ORIENTED_EDGE('',*,*,#5532,.F.);
#5577 = ORIENTED_EDGE('',*,*,#5578,.F.);
#5578 = EDGE_CURVE('',#4694,#5533,#5579,.T.);
#5579 = LINE('',#5580,#5581);
#5580 = CARTESIAN_POINT('',(-5.7908759322,-1.73163156808,0.724656737799)
  );
#5581 = VECTOR('',#5582,1.);
#5582 = DIRECTION('',(-0.411789663472,0.715216580779,-0.564707460227));
#5583 = PLANE('',#5584);
#5584 = AXIS2_PLACEMENT_3D('',#5585,#5586,#5587);
#5585 = CARTESIAN_POINT('',(-5.36000443076,-2.47999042541,1.9));
#5586 = DIRECTION('',(-0.866623348231,-0.498962896717,-0.));
#5587 = DIRECTION('',(-0.498962896717,0.866623348231,0.));
#5588 = ADVANCED_FACE('',(#5589),#5620,.F.);
#5589 = FACE_BOUND('',#5590,.F.);
#5590 = EDGE_LOOP('',(#5591,#5600,#5601,#5602,#5603,#5604,#5605,#5613));
#5591 = ORIENTED_EDGE('',*,*,#5592,.T.);
#5592 = EDGE_CURVE('',#5593,#4787,#5595,.T.);
#5593 = VERTEX_POINT('',#5594);
#5594 = CARTESIAN_POINT('',(-5.27226875548,-2.149983559,0.561639673294)
  );
#5595 = B_SPLINE_CURVE_WITH_KNOTS('',3,(#5596,#5597,#5598,#5599),
  .UNSPECIFIED.,.F.,.F.,(4,4),(0.266188480744,0.898026567488),
  .PIECEWISE_BEZIER_KNOTS.);
#5596 = CARTESIAN_POINT('',(-5.27226969131,-2.14998285713,0.561638950763
    ));
#5597 = CARTESIAN_POINT('',(-5.2875329712,-2.22884359605,0.687133609169)
  );
#5598 = CARTESIAN_POINT('',(-5.26585710005,-2.32982053391,0.804862270856
    ));
#5599 = CARTESIAN_POINT('',(-5.20258188341,-2.43656911324,0.88725711963)
  );
#5600 = ORIENTED_EDGE('',*,*,#4786,.T.);
#5601 = ORIENTED_EDGE('',*,*,#4460,.T.);
#5602 = ORIENTED_EDGE('',*,*,#4571,.F.);
#5603 = ORIENTED_EDGE('',*,*,#4868,.F.);
#5604 = ORIENTED_EDGE('',*,*,#5403,.F.);
#5605 = ORIENTED_EDGE('',*,*,#5606,.F.);
#5606 = EDGE_CURVE('',#5607,#5395,#5609,.T.);
#5607 = VERTEX_POINT('',#5608);
#5608 = CARTESIAN_POINT('',(-5.24516166767,-2.07686790664,0.4));
#5609 = LINE('',#5610,#5611);
#5610 = CARTESIAN_POINT('',(-4.96560802866,-1.70413110851,0.4));
#5611 = VECTOR('',#5612,1.);
#5612 = DIRECTION('',(0.600001429133,0.799998928149,0.));
#5613 = ORIENTED_EDGE('',*,*,#5614,.T.);
#5614 = EDGE_CURVE('',#5607,#5593,#5615,.T.);
#5615 = B_SPLINE_CURVE_WITH_KNOTS('',3,(#5616,#5617,#5618,#5619),
  .UNSPECIFIED.,.F.,.F.,(4,4),(0.,0.254756231084),
  .PIECEWISE_BEZIER_KNOTS.);
#5616 = CARTESIAN_POINT('',(-5.24516166767,-2.07686790664,0.4));
#5617 = CARTESIAN_POINT('',(-5.25731330878,-2.09307003448,0.45652809202)
  );
#5618 = CARTESIAN_POINT('',(-5.26611863687,-2.11820212712,0.511064784975
    ));
#5619 = CARTESIAN_POINT('',(-5.27226969131,-2.14998285713,0.561638950763
    ));
#5620 = CYLINDRICAL_SURFACE('',#5621,0.6);
#5621 = AXIS2_PLACEMENT_3D('',#5622,#5623,#5624);
#5622 = CARTESIAN_POINT('',(-4.48560867177,-2.06413196599,0.4));
#5623 = DIRECTION('',(0.600001429133,0.799998928149,-0.));
#5624 = DIRECTION('',(-0.799998928149,0.600001429133,0.));
#5625 = ADVANCED_FACE('',(#5626),#5642,.F.);
#5626 = FACE_BOUND('',#5627,.T.);
#5627 = EDGE_LOOP('',(#5628,#5629,#5630,#5631,#5632,#5633,#5634,#5635));
#5628 = ORIENTED_EDGE('',*,*,#4828,.T.);
#5629 = ORIENTED_EDGE('',*,*,#4984,.T.);
#5630 = ORIENTED_EDGE('',*,*,#4954,.T.);
#5631 = ORIENTED_EDGE('',*,*,#4914,.F.);
#5632 = ORIENTED_EDGE('',*,*,#5515,.F.);
#5633 = ORIENTED_EDGE('',*,*,#5394,.T.);
#5634 = ORIENTED_EDGE('',*,*,#5606,.F.);
#5635 = ORIENTED_EDGE('',*,*,#5636,.T.);
#5636 = EDGE_CURVE('',#5607,#4829,#5637,.T.);
#5637 = CIRCLE('',#5638,1.);
#5638 = AXIS2_PLACEMENT_3D('',#5639,#5640,#5641);
#5639 = CARTESIAN_POINT('',(-5.81000505555,-2.82998962091,
    6.27172837753E-02));
#5640 = DIRECTION('',(-0.799998928149,0.600001429133,0.));
#5641 = DIRECTION('',(-0.600001429133,-0.799998928149,0.));
#5642 = PLANE('',#5643);
#5643 = AXIS2_PLACEMENT_3D('',#5644,#5645,#5646);
#5644 = CARTESIAN_POINT('',(-4.76000255457,-1.42999149665,1.));
#5645 = DIRECTION('',(-0.799998928149,0.600001429133,0.));
#5646 = DIRECTION('',(0.,0.,-1.));
#5647 = ADVANCED_FACE('',(#5648),#5687,.T.);
#5648 = FACE_BOUND('',#5649,.T.);
#5649 = EDGE_LOOP('',(#5650,#5651,#5660,#5684,#5685,#5686));
#5650 = ORIENTED_EDGE('',*,*,#4844,.F.);
#5651 = ORIENTED_EDGE('',*,*,#5652,.F.);
#5652 = EDGE_CURVE('',#5653,#4837,#5655,.T.);
#5653 = VERTEX_POINT('',#5654);
#5654 = CARTESIAN_POINT('',(-5.55452305548,-1.93829204615,0.561639673294
    ));
#5655 = B_SPLINE_CURVE_WITH_KNOTS('',3,(#5656,#5657,#5658,#5659),
  .UNSPECIFIED.,.F.,.F.,(4,4),(0.,1.),.PIECEWISE_BEZIER_KNOTS.);
#5656 = CARTESIAN_POINT('',(-5.55452305548,-1.93829204615,0.561639673294
    ));
#5657 = CARTESIAN_POINT('',(-5.5024000199,-1.86879492403,0.410740627247)
  );
#5658 = CARTESIAN_POINT('',(-5.47451086642,-1.83160952445,0.236835585281
    ));
#5659 = CARTESIAN_POINT('',(-5.47451086642,-1.83160952445,
    6.27172837753E-02));
#5660 = ORIENTED_EDGE('',*,*,#5661,.T.);
#5661 = EDGE_CURVE('',#5653,#5533,#5662,.T.);
#5662 = B_SPLINE_CURVE_WITH_KNOTS('',5,(#5663,#5664,#5665,#5666,#5667,
    #5668,#5669,#5670,#5671,#5672,#5673,#5674,#5675,#5676,#5677,#5678,
    #5679,#5680,#5681,#5682,#5683),.UNSPECIFIED.,.F.,.F.,(6,3,3,3,3,3,6)
  ,(0.686859735505,1.02362933953,1.35554633901,1.52917966507,
    1.65832061493,1.92170878763,1.97319559999),.UNSPECIFIED.);
#5663 = CARTESIAN_POINT('',(-5.55452305548,-1.93829204615,0.561639673294
    ));
#5664 = CARTESIAN_POINT('',(-5.57963446031,-1.908592086,0.54653951044));
#5665 = CARTESIAN_POINT('',(-5.60465944787,-1.87916469641,0.53238896508)
  );
#5666 = CARTESIAN_POINT('',(-5.62948713567,-1.85017220269,0.519419149047
    ));
#5667 = CARTESIAN_POINT('',(-5.67846118593,-1.79347711878,0.496441310419
    ));
#5668 = CARTESIAN_POINT('',(-5.72555774999,-1.74029685969,0.481411873337
    ));
#5669 = CARTESIAN_POINT('',(-5.74846133775,-1.71486910839,0.476392197976
    ));
#5670 = CARTESIAN_POINT('',(-5.7811646225,-1.6795249493,0.474302632617)
  );
#5671 = CARTESIAN_POINT('',(-5.80795017278,-1.65268410238,0.48369739502)
  );
#5672 = CARTESIAN_POINT('',(-5.81626083743,-1.644707066,0.488461180321)
  );
#5673 = CARTESIAN_POINT('',(-5.82874694599,-1.63349963743,0.4997152411)
  );
#5674 = CARTESIAN_POINT('',(-5.83734419306,-1.62736420403,0.515797887804
    ));
#5675 = CARTESIAN_POINT('',(-5.84024867615,-1.62572014053,0.523490677933
    ));
#5676 = CARTESIAN_POINT('',(-5.84678477471,-1.62359858435,0.549118508333
    ));
#5677 = CARTESIAN_POINT('',(-5.84674081699,-1.6295908489,0.580450257046)
  );
#5678 = CARTESIAN_POINT('',(-5.84412401076,-1.63671602049,0.603262713819
    ));
#5679 = CARTESIAN_POINT('',(-5.83884850473,-1.64766908189,0.631274882598
    ));
#5680 = CARTESIAN_POINT('',(-5.83149741636,-1.66099037664,0.66007912553)
  );
#5681 = CARTESIAN_POINT('',(-5.83024288514,-1.66322828677,0.664807802097
    ));
#5682 = CARTESIAN_POINT('',(-5.82893854378,-1.66552258451,0.669553132361
    ));
#5683 = CARTESIAN_POINT('',(-5.82758686291,-1.66787028583,0.67431330193)
  );
#5684 = ORIENTED_EDGE('',*,*,#5540,.T.);
#5685 = ORIENTED_EDGE('',*,*,#5266,.F.);
#5686 = ORIENTED_EDGE('',*,*,#5356,.F.);
#5687 = B_SPLINE_SURFACE_WITH_KNOTS('',5,5,(
    (#5688,#5689,#5690,#5691,#5692,#5693)
    ,(#5694,#5695,#5696,#5697,#5698,#5699)
    ,(#5700,#5701,#5702,#5703,#5704,#5705)
    ,(#5706,#5707,#5708,#5709,#5710,#5711)
    ,(#5712,#5713,#5714,#5715,#5716,#5717)
    ,(#5718,#5719,#5720,#5721,#5722,#5723)
    ,(#5724,#5725,#5726,#5727,#5728,#5729)
    ,(#5730,#5731,#5732,#5733,#5734,#5735)
    ,(#5736,#5737,#5738,#5739,#5740,#5741
    )),.UNSPECIFIED.,.F.,.F.,.F.,(6,3,6),(6,6),(0.686859735505,
    1.35554633901,1.9731956),(0.,1.),.UNSPECIFIED.);
#5688 = CARTESIAN_POINT('',(-5.55452305548,-1.93829204615,0.561639673294
    ));
#5689 = CARTESIAN_POINT('',(-5.52324923413,-1.89659377288,0.471100245666
    ));
#5690 = CARTESIAN_POINT('',(-5.4990694868,-1.86435422974,0.373754153432)
  );
#5691 = CARTESIAN_POINT('',(-5.48269652531,-1.84252369567,0.271659245582
    ));
#5692 = CARTESIAN_POINT('',(-5.47451086642,-1.83160952445,0.167188264679
    ));
#5693 = CARTESIAN_POINT('',(-5.47451086642,-1.83160952445,
    6.27172837753E-02));
#5694 = CARTESIAN_POINT('',(-5.60438402809,-1.87932008062,0.531656929927
    ));
#5695 = CARTESIAN_POINT('',(-5.58137524774,-1.83965363642,0.445310792583
    ));
#5696 = CARTESIAN_POINT('',(-5.56498648043,-1.80813812074,0.353468665709
    ));
#5697 = CARTESIAN_POINT('',(-5.55564772301,-1.78555115043,0.257820737026
    ));
#5698 = CARTESIAN_POINT('',(-5.55352454957,-1.77234904154,0.160269010401
    ));
#5699 = CARTESIAN_POINT('',(-5.55850274109,-1.768615384,
    6.27172837753E-02));
#5700 = CARTESIAN_POINT('',(-5.65399945632,-1.82133549658,0.50549492314)
  );
#5701 = CARTESIAN_POINT('',(-5.63971951528,-1.78311338009,0.424382779094
    ));
#5702 = CARTESIAN_POINT('',(-5.63149537596,-1.75178116949,0.338960335388
    ));
#5703 = CARTESIAN_POINT('',(-5.62953242908,-1.72797778903,0.250572603587
    ));
#5704 = CARTESIAN_POINT('',(-5.63383304083,-1.7121159198,0.160701757625)
  );
#5705 = CARTESIAN_POINT('',(-5.64419986413,-1.70434230252,
    7.08309116635E-02));
#5706 = CARTESIAN_POINT('',(-5.70305147286,-1.76484004028,0.48400684194)
  );
#5707 = CARTESIAN_POINT('',(-5.69796355911,-1.72736968874,0.40929610131)
  );
#5708 = CARTESIAN_POINT('',(-5.69829616981,-1.69559046522,0.331330094359
    ));
#5709 = CARTESIAN_POINT('',(-5.70408692468,-1.67003389886,0.25113629683)
  );
#5710 = CARTESIAN_POINT('',(-5.71522221438,-1.65107580696,0.169828349348
    ));
#5711 = CARTESIAN_POINT('',(-5.73144845093,-1.63890561888,
    8.85204018861E-02));
#5712 = CARTESIAN_POINT('',(-5.79478020516,-1.66221074031,0.459735236411
    ));
#5713 = CARTESIAN_POINT('',(-5.80869138865,-1.62370678956,0.401286186666
    ));
#5714 = CARTESIAN_POINT('',(-5.82675345791,-1.58885665418,0.34123634792)
  );
#5715 = CARTESIAN_POINT('',(-5.84879706407,-1.55803668311,0.280101956246
    ));
#5716 = CARTESIAN_POINT('',(-5.87457664222,-1.53155864604,0.218425248358
    ));
#5717 = CARTESIAN_POINT('',(-5.90378520539,-1.509652572,0.156748540451)
  );
#5718 = CARTESIAN_POINT('',(-5.85110680118,-1.61133548756,0.508832236885
    ));
#5719 = CARTESIAN_POINT('',(-5.88280264922,-1.56290752193,0.476193143445
    ));
#5720 = CARTESIAN_POINT('',(-5.91848917497,-1.51743801677,0.442717120834
    ));
#5721 = CARTESIAN_POINT('',(-5.95790266326,-1.47533583019,0.408673433789
    ));
#5722 = CARTESIAN_POINT('',(-6.00071068074,-1.43695859198,0.374345883137
    ));
#5723 = CARTESIAN_POINT('',(-6.04652864149,-1.40259459649,0.340018332502
    ));
#5724 = CARTESIAN_POINT('',(-5.85351489067,-1.61903807488,0.56298705733)
  );
#5725 = CARTESIAN_POINT('',(-5.89062501055,-1.56279770386,0.543889379078
    ));
#5726 = CARTESIAN_POINT('',(-5.93248065448,-1.50983657612,0.524098932531
    ));
#5727 = CARTESIAN_POINT('',(-5.97873712994,-1.46067477506,0.503836931494
    ));
#5728 = CARTESIAN_POINT('',(-6.02896248551,-1.41577046844,0.483339124232
    ));
#5729 = CARTESIAN_POINT('',(-6.08266013782,-1.37549587338,0.462841317149
    ));
#5730 = CARTESIAN_POINT('',(-5.84380197992,-1.63970664696,0.617209063372
    ));
#5731 = CARTESIAN_POINT('',(-5.88324471672,-1.57647509906,0.608234588046
    ));
#5732 = CARTESIAN_POINT('',(-5.92851770316,-1.51690774388,0.59887078751)
  );
#5733 = CARTESIAN_POINT('',(-5.97917094179,-1.46171470766,0.589240250937
    ));
#5734 = CARTESIAN_POINT('',(-6.03462486979,-1.41152269554,0.579476311362
    ));
#5735 = CARTESIAN_POINT('',(-6.09420736572,-1.36683542023,0.569712371735
    ));
#5736 = CARTESIAN_POINT('',(-5.82758686291,-1.66787028583,0.674313301931
    ));
#5737 = CARTESIAN_POINT('',(-5.86799206109,-1.59769254385,0.67431330842)
  );
#5738 = CARTESIAN_POINT('',(-5.915500866,-1.53160474011,0.67431331521));
#5739 = CARTESIAN_POINT('',(-5.96956175194,-1.47056599659,0.674313322213
    ));
#5740 = CARTESIAN_POINT('',(-6.02942624705,-1.41542139346,0.67431332933)
  );
#5741 = CARTESIAN_POINT('',(-6.09420888072,-1.36683428397,0.674313336465
    ));
#5742 = ADVANCED_FACE('',(#5743),#5754,.T.);
#5743 = FACE_BOUND('',#5744,.T.);
#5744 = EDGE_LOOP('',(#5745,#5746,#5747,#5753));
#5745 = ORIENTED_EDGE('',*,*,#5578,.T.);
#5746 = ORIENTED_EDGE('',*,*,#5661,.F.);
#5747 = ORIENTED_EDGE('',*,*,#5748,.F.);
#5748 = EDGE_CURVE('',#4712,#5653,#5749,.T.);
#5749 = LINE('',#5750,#5751);
#5750 = CARTESIAN_POINT('',(-5.48078336218,-2.06636677942,0.66276254892)
  );
#5751 = VECTOR('',#5752,1.);
#5752 = DIRECTION('',(-0.411789663472,0.715216580779,-0.564707460227));
#5753 = ORIENTED_EDGE('',*,*,#4720,.T.);
#5754 = CYLINDRICAL_SURFACE('',#5755,0.5);
#5755 = AXIS2_PLACEMENT_3D('',#5756,#5757,#5758);
#5756 = CARTESIAN_POINT('',(-5.22078874214,-1.7197085762,0.91222374368)
  );
#5757 = DIRECTION('',(-0.411789663472,0.715216580779,-0.564707460227));
#5758 = DIRECTION('',(-0.519989240074,-0.693316406444,-0.498922389519));
#5759 = ADVANCED_FACE('',(#5760),#5772,.F.);
#5760 = FACE_BOUND('',#5761,.F.);
#5761 = EDGE_LOOP('',(#5762,#5763,#5764,#5770,#5771));
#5762 = ORIENTED_EDGE('',*,*,#4836,.T.);
#5763 = ORIENTED_EDGE('',*,*,#5652,.F.);
#5764 = ORIENTED_EDGE('',*,*,#5765,.F.);
#5765 = EDGE_CURVE('',#5593,#5653,#5766,.T.);
#5766 = LINE('',#5767,#5768);
#5767 = CARTESIAN_POINT('',(-5.40667227813,-2.04918054186,0.561639673294
    ));
#5768 = VECTOR('',#5769,1.);
#5769 = DIRECTION('',(-0.799998928149,0.600001429133,3.908531262128E-16)
  );
#5770 = ORIENTED_EDGE('',*,*,#5614,.F.);
#5771 = ORIENTED_EDGE('',*,*,#5636,.T.);
#5772 = CYLINDRICAL_SURFACE('',#5773,1.);
#5773 = AXIS2_PLACEMENT_3D('',#5774,#5775,#5776);
#5774 = CARTESIAN_POINT('',(-5.92666151821,-2.7424969483,
    6.27172837753E-02));
#5775 = DIRECTION('',(-0.799998928149,0.600001429133,3.885780586188E-16)
  );
#5776 = DIRECTION('',(0.519989240074,0.693316406444,0.498922389519));
#5777 = ADVANCED_FACE('',(#5778),#5784,.T.);
#5778 = FACE_BOUND('',#5779,.T.);
#5779 = EDGE_LOOP('',(#5780,#5781,#5782,#5783));
#5780 = ORIENTED_EDGE('',*,*,#5748,.T.);
#5781 = ORIENTED_EDGE('',*,*,#5765,.F.);
#5782 = ORIENTED_EDGE('',*,*,#5592,.T.);
#5783 = ORIENTED_EDGE('',*,*,#4795,.T.);
#5784 = PLANE('',#5785);
#5785 = AXIS2_PLACEMENT_3D('',#5786,#5787,#5788);
#5786 = CARTESIAN_POINT('',(-5.21000362687,-2.02999069337,0.33));
#5787 = DIRECTION('',(-0.519989240074,-0.693316406444,-0.498922389519));
#5788 = DIRECTION('',(-0.299354146737,-0.399137376845,0.866646669201));
#5789 = ADVANCED_FACE('',(#5790,#5999,#6033,#6067,#6101,#6135,#6169,
    #6203,#6237,#6271,#6305,#6339,#6373),#6407,.T.);
#5790 = FACE_BOUND('',#5791,.T.);
#5791 = EDGE_LOOP('',(#5792,#5803,#5811,#5819,#5828,#5837,#5845,#5853,
    #5861,#5869,#5878,#5886,#5894,#5902,#5911,#5919,#5927,#5935,#5944,
    #5952,#5960,#5968,#5976,#5985,#5993));
#5792 = ORIENTED_EDGE('',*,*,#5793,.T.);
#5793 = EDGE_CURVE('',#5794,#5796,#5798,.T.);
#5794 = VERTEX_POINT('',#5795);
#5795 = CARTESIAN_POINT('',(-2.44958089738,-5.3494240788,0.2));
#5796 = VERTEX_POINT('',#5797);
#5797 = CARTESIAN_POINT('',(-4.44957821775,-3.84942050597,0.2));
#5798 = CIRCLE('',#5799,2.15);
#5799 = AXIS2_PLACEMENT_3D('',#5800,#5801,#5802);
#5800 = CARTESIAN_POINT('',(-2.40000571653,-3.19999571259,0.2));
#5801 = DIRECTION('',(0.,0.,-1.));
#5802 = DIRECTION('',(-1.,0.,0.));
#5803 = ORIENTED_EDGE('',*,*,#5804,.F.);
#5804 = EDGE_CURVE('',#5805,#5796,#5807,.T.);
#5805 = VERTEX_POINT('',#5806);
#5806 = CARTESIAN_POINT('',(-4.3000065202,-3.64999231811,0.2));
#5807 = LINE('',#5808,#5809);
#5808 = CARTESIAN_POINT('',(-4.37479236897,-3.74970641204,0.2));
#5809 = VECTOR('',#5810,1.);
#5810 = DIRECTION('',(-0.600001429133,-0.799998928149,0.));
#5811 = ORIENTED_EDGE('',*,*,#5812,.F.);
#5812 = EDGE_CURVE('',#5813,#5805,#5815,.T.);
#5813 = VERTEX_POINT('',#5814);
#5814 = CARTESIAN_POINT('',(-4.53223995339,-3.47581659498,0.2));
#5815 = LINE('',#5816,#5817);
#5816 = CARTESIAN_POINT('',(-4.41612323679,-3.56290445655,0.2));
#5817 = VECTOR('',#5818,1.);
#5818 = DIRECTION('',(0.799998928149,-0.600001429133,0.));
#5819 = ORIENTED_EDGE('',*,*,#5820,.T.);
#5820 = EDGE_CURVE('',#5813,#5821,#5823,.T.);
#5821 = VERTEX_POINT('',#5822);
#5822 = CARTESIAN_POINT('',(-4.55000571653,-3.19999571259,0.2));
#5823 = CIRCLE('',#5824,2.15);
#5824 = AXIS2_PLACEMENT_3D('',#5825,#5826,#5827);
#5825 = CARTESIAN_POINT('',(-2.40000571653,-3.19999571259,0.2));
#5826 = DIRECTION('',(0.,0.,-1.));
#5827 = DIRECTION('',(-1.,0.,0.));
#5828 = ORIENTED_EDGE('',*,*,#5829,.T.);
#5829 = EDGE_CURVE('',#5821,#5830,#5832,.T.);
#5830 = VERTEX_POINT('',#5831);
#5831 = CARTESIAN_POINT('',(-3.050602296,-1.15079487061,0.2));
#5832 = CIRCLE('',#5833,2.15);
#5833 = AXIS2_PLACEMENT_3D('',#5834,#5835,#5836);
#5834 = CARTESIAN_POINT('',(-2.40000571653,-3.19999571259,0.2));
#5835 = DIRECTION('',(0.,0.,-1.));
#5836 = DIRECTION('',(-1.,0.,0.));
#5837 = ORIENTED_EDGE('',*,*,#5838,.F.);
#5838 = EDGE_CURVE('',#5839,#5830,#5841,.T.);
#5839 = VERTEX_POINT('',#5840);
#5840 = CARTESIAN_POINT('',(-3.20000241144,-1.34999428317,0.2));
#5841 = LINE('',#5842,#5843);
#5842 = CARTESIAN_POINT('',(-3.12530235372,-1.25039457689,0.2));
#5843 = VECTOR('',#5844,1.);
#5844 = DIRECTION('',(0.600001429133,0.799998928149,0.));
#5845 = ORIENTED_EDGE('',*,*,#5846,.F.);
#5846 = EDGE_CURVE('',#5847,#5839,#5849,.T.);
#5847 = VERTEX_POINT('',#5848);
#5848 = CARTESIAN_POINT('',(-2.80000294736,-1.64999499774,0.2));
#5849 = LINE('',#5850,#5851);
#5850 = CARTESIAN_POINT('',(-3.0000026794,-1.49999464045,0.2));
#5851 = VECTOR('',#5852,1.);
#5852 = DIRECTION('',(-0.799998928149,0.600001429133,0.));
#5853 = ORIENTED_EDGE('',*,*,#5854,.F.);
#5854 = EDGE_CURVE('',#5855,#5847,#5857,.T.);
#5855 = VERTEX_POINT('',#5856);
#5856 = CARTESIAN_POINT('',(-2.5000022328,-1.24999553366,0.2));
#5857 = LINE('',#5858,#5859);
#5858 = CARTESIAN_POINT('',(-2.65000259008,-1.4499952657,0.2));
#5859 = VECTOR('',#5860,1.);
#5860 = DIRECTION('',(-0.600001429133,-0.799998928149,0.));
#5861 = ORIENTED_EDGE('',*,*,#5862,.F.);
#5862 = EDGE_CURVE('',#5863,#5855,#5865,.T.);
#5863 = VERTEX_POINT('',#5864);
#5864 = CARTESIAN_POINT('',(-2.73223566542,-1.07581981097,0.2));
#5865 = LINE('',#5866,#5867);
#5866 = CARTESIAN_POINT('',(-2.61611894911,-1.16290767231,0.2));
#5867 = VECTOR('',#5868,1.);
#5868 = DIRECTION('',(0.799998928149,-0.600001429133,0.));
#5869 = ORIENTED_EDGE('',*,*,#5870,.T.);
#5870 = EDGE_CURVE('',#5863,#5871,#5873,.T.);
#5871 = VERTEX_POINT('',#5872);
#5872 = CARTESIAN_POINT('',(-1.79103553224,-1.1380414661,0.2));
#5873 = CIRCLE('',#5874,2.15);
#5874 = AXIS2_PLACEMENT_3D('',#5875,#5876,#5877);
#5875 = CARTESIAN_POINT('',(-2.40000571653,-3.19999571259,0.2));
#5876 = DIRECTION('',(0.,0.,-1.));
#5877 = DIRECTION('',(-1.,0.,0.));
#5878 = ORIENTED_EDGE('',*,*,#5879,.F.);
#5879 = EDGE_CURVE('',#5880,#5871,#5882,.T.);
#5880 = VERTEX_POINT('',#5881);
#5881 = CARTESIAN_POINT('',(-1.80000205416,-1.14999678415,0.2));
#5882 = LINE('',#5883,#5884);
#5883 = CARTESIAN_POINT('',(-1.7955187932,-1.14401912513,0.2));
#5884 = VECTOR('',#5885,1.);
#5885 = DIRECTION('',(0.600001429133,0.799998928149,0.));
#5886 = ORIENTED_EDGE('',*,*,#5887,.F.);
#5887 = EDGE_CURVE('',#5888,#5880,#5890,.T.);
#5888 = VERTEX_POINT('',#5889);
#5889 = CARTESIAN_POINT('',(-1.40000259008,-1.44999749872,0.2));
#5890 = LINE('',#5891,#5892);
#5891 = CARTESIAN_POINT('',(-1.60000232212,-1.29999714144,0.2));
#5892 = VECTOR('',#5893,1.);
#5893 = DIRECTION('',(-0.799998928149,0.600001429133,0.));
#5894 = ORIENTED_EDGE('',*,*,#5895,.F.);
#5895 = EDGE_CURVE('',#5896,#5888,#5898,.T.);
#5896 = VERTEX_POINT('',#5897);
#5897 = CARTESIAN_POINT('',(-1.31875300653,-1.34166512383,0.2));
#5898 = LINE('',#5899,#5900);
#5899 = CARTESIAN_POINT('',(-1.35937779831,-1.39583131128,0.2));
#5900 = VECTOR('',#5901,1.);
#5901 = DIRECTION('',(-0.600001429133,-0.799998928149,0.));
#5902 = ORIENTED_EDGE('',*,*,#5903,.T.);
#5903 = EDGE_CURVE('',#5896,#5904,#5906,.T.);
#5904 = VERTEX_POINT('',#5905);
#5905 = CARTESIAN_POINT('',(-0.918753542458,-1.6416658384,0.2));
#5906 = CIRCLE('',#5907,2.15);
#5907 = AXIS2_PLACEMENT_3D('',#5908,#5909,#5910);
#5908 = CARTESIAN_POINT('',(-2.40000571653,-3.19999571259,0.2));
#5909 = DIRECTION('',(0.,0.,-1.));
#5910 = DIRECTION('',(-1.,0.,0.));
#5911 = ORIENTED_EDGE('',*,*,#5912,.T.);
#5912 = EDGE_CURVE('',#5904,#5913,#5915,.T.);
#5913 = VERTEX_POINT('',#5914);
#5914 = CARTESIAN_POINT('',(-1.00000312601,-1.74999821329,0.2));
#5915 = LINE('',#5916,#5917);
#5916 = CARTESIAN_POINT('',(-0.959378334233,-1.69583202584,0.2));
#5917 = VECTOR('',#5918,1.);
#5918 = DIRECTION('',(-0.600001429133,-0.799998928149,0.));
#5919 = ORIENTED_EDGE('',*,*,#5920,.T.);
#5920 = EDGE_CURVE('',#5913,#5921,#5923,.T.);
#5921 = VERTEX_POINT('',#5922);
#5922 = CARTESIAN_POINT('',(-0.600003661934,-2.04999892785,0.2));
#5923 = LINE('',#5924,#5925);
#5924 = CARTESIAN_POINT('',(-0.800003393971,-1.89999857057,0.2));
#5925 = VECTOR('',#5926,1.);
#5926 = DIRECTION('',(0.799998928149,-0.600001429133,0.));
#5927 = ORIENTED_EDGE('',*,*,#5928,.T.);
#5928 = EDGE_CURVE('',#5921,#5929,#5931,.T.);
#5929 = VERTEX_POINT('',#5930);
#5930 = CARTESIAN_POINT('',(-0.59103714002,-2.0380436098,0.2));
#5931 = LINE('',#5932,#5933);
#5932 = CARTESIAN_POINT('',(-0.595520400977,-2.04402126882,0.2));
#5933 = VECTOR('',#5934,1.);
#5934 = DIRECTION('',(0.600001429133,0.799998928149,0.));
#5935 = ORIENTED_EDGE('',*,*,#5936,.T.);
#5936 = EDGE_CURVE('',#5929,#5937,#5939,.T.);
#5937 = VERTEX_POINT('',#5938);
#5938 = CARTESIAN_POINT('',(-0.267771479802,-2.92417482919,0.2));
#5939 = CIRCLE('',#5940,2.15);
#5940 = AXIS2_PLACEMENT_3D('',#5941,#5942,#5943);
#5941 = CARTESIAN_POINT('',(-2.40000571653,-3.19999571259,0.2));
#5942 = DIRECTION('',(0.,0.,-1.));
#5943 = DIRECTION('',(-1.,0.,0.));
#5944 = ORIENTED_EDGE('',*,*,#5945,.F.);
#5945 = EDGE_CURVE('',#5946,#5937,#5948,.T.);
#5946 = VERTEX_POINT('',#5947);
#5947 = CARTESIAN_POINT('',(-0.500004912426,-2.74999910649,0.2));
#5948 = LINE('',#5949,#5950);
#5949 = CARTESIAN_POINT('',(-0.383888196114,-2.83708696784,0.2));
#5950 = VECTOR('',#5951,1.);
#5951 = DIRECTION('',(0.799998928149,-0.600001429133,0.));
#5952 = ORIENTED_EDGE('',*,*,#5953,.F.);
#5953 = EDGE_CURVE('',#5954,#5946,#5956,.T.);
#5954 = VERTEX_POINT('',#5955);
#5955 = CARTESIAN_POINT('',(-0.800005626993,-3.14999857057,0.2));
#5956 = LINE('',#5957,#5958);
#5957 = CARTESIAN_POINT('',(-0.650005269709,-2.94999883853,0.2));
#5958 = VECTOR('',#5959,1.);
#5959 = DIRECTION('',(0.600001429133,0.799998928149,0.));
#5960 = ORIENTED_EDGE('',*,*,#5961,.F.);
#5961 = EDGE_CURVE('',#5962,#5954,#5964,.T.);
#5962 = VERTEX_POINT('',#5963);
#5963 = CARTESIAN_POINT('',(-0.400006162918,-3.44999928513,0.2));
#5964 = LINE('',#5965,#5966);
#5965 = CARTESIAN_POINT('',(-0.600005894956,-3.29999892785,0.2));
#5966 = VECTOR('',#5967,1.);
#5967 = DIRECTION('',(-0.799998928149,0.600001429133,0.));
#5968 = ORIENTED_EDGE('',*,*,#5969,.F.);
#5969 = EDGE_CURVE('',#5970,#5962,#5972,.T.);
#5970 = VERTEX_POINT('',#5971);
#5971 = CARTESIAN_POINT('',(-0.250606047477,-3.25079987257,0.2));
#5972 = LINE('',#5973,#5974);
#5973 = CARTESIAN_POINT('',(-0.325306105198,-3.35039957885,0.2));
#5974 = VECTOR('',#5975,1.);
#5975 = DIRECTION('',(-0.600001429133,-0.799998928149,0.));
#5976 = ORIENTED_EDGE('',*,*,#5977,.T.);
#5977 = EDGE_CURVE('',#5970,#5978,#5980,.T.);
#5978 = VERTEX_POINT('',#5979);
#5979 = CARTESIAN_POINT('',(-2.06777576663,-5.32417161406,0.2));
#5980 = CIRCLE('',#5981,2.15);
#5981 = AXIS2_PLACEMENT_3D('',#5982,#5983,#5984);
#5982 = CARTESIAN_POINT('',(-2.40000571653,-3.19999571259,0.2));
#5983 = DIRECTION('',(0.,0.,-1.));
#5984 = DIRECTION('',(-1.,0.,0.));
#5985 = ORIENTED_EDGE('',*,*,#5986,.F.);
#5986 = EDGE_CURVE('',#5987,#5978,#5989,.T.);
#5987 = VERTEX_POINT('',#5988);
#5988 = CARTESIAN_POINT('',(-2.30000919982,-5.14999589094,0.2));
#5989 = LINE('',#5990,#5991);
#5990 = CARTESIAN_POINT('',(-2.18389248323,-5.2370837525,0.2));
#5991 = VECTOR('',#5992,1.);
#5992 = DIRECTION('',(0.799998928149,-0.600001429133,0.));
#5993 = ORIENTED_EDGE('',*,*,#5994,.F.);
#5994 = EDGE_CURVE('',#5794,#5987,#5995,.T.);
#5995 = LINE('',#5996,#5997);
#5996 = CARTESIAN_POINT('',(-2.3747950486,-5.24970998487,0.2));
#5997 = VECTOR('',#5998,1.);
#5998 = DIRECTION('',(0.600001429133,0.799998928149,0.));
#5999 = FACE_BOUND('',#6000,.T.);
#6000 = EDGE_LOOP('',(#6001,#6011,#6019,#6027));
#6001 = ORIENTED_EDGE('',*,*,#6002,.T.);
#6002 = EDGE_CURVE('',#6003,#6005,#6007,.T.);
#6003 = VERTEX_POINT('',#6004);
#6004 = CARTESIAN_POINT('',(-1.8000065202,-3.64999678415,0.2));
#6005 = VERTEX_POINT('',#6006);
#6006 = CARTESIAN_POINT('',(-1.50000580563,-3.24999732008,0.2));
#6007 = LINE('',#6008,#6009);
#6008 = CARTESIAN_POINT('',(-1.65000616292,-3.44999705211,0.2));
#6009 = VECTOR('',#6010,1.);
#6010 = DIRECTION('',(0.600001429133,0.799998928149,0.));
#6011 = ORIENTED_EDGE('',*,*,#6012,.T.);
#6012 = EDGE_CURVE('',#6005,#6013,#6015,.T.);
#6013 = VERTEX_POINT('',#6014);
#6014 = CARTESIAN_POINT('',(-1.90000526971,-2.94999660551,0.2));
#6015 = LINE('',#6016,#6017);
#6016 = CARTESIAN_POINT('',(-1.70000553767,-3.09999696279,0.2));
#6017 = VECTOR('',#6018,1.);
#6018 = DIRECTION('',(-0.799998928149,0.600001429133,0.));
#6019 = ORIENTED_EDGE('',*,*,#6020,.T.);
#6020 = EDGE_CURVE('',#6013,#6021,#6023,.T.);
#6021 = VERTEX_POINT('',#6022);
#6022 = CARTESIAN_POINT('',(-2.20000598427,-3.34999606958,0.2));
#6023 = LINE('',#6024,#6025);
#6024 = CARTESIAN_POINT('',(-2.05000562699,-3.14999633755,0.2));
#6025 = VECTOR('',#6026,1.);
#6026 = DIRECTION('',(-0.600001429133,-0.799998928149,0.));
#6027 = ORIENTED_EDGE('',*,*,#6028,.T.);
#6028 = EDGE_CURVE('',#6021,#6003,#6029,.T.);
#6029 = LINE('',#6030,#6031);
#6030 = CARTESIAN_POINT('',(-2.00000625224,-3.49999642687,0.2));
#6031 = VECTOR('',#6032,1.);
#6032 = DIRECTION('',(0.799998928149,-0.600001429133,0.));
#6033 = FACE_BOUND('',#6034,.T.);
#6034 = EDGE_LOOP('',(#6035,#6045,#6053,#6061));
#6035 = ORIENTED_EDGE('',*,*,#6036,.F.);
#6036 = EDGE_CURVE('',#6037,#6039,#6041,.T.);
#6037 = VERTEX_POINT('',#6038);
#6038 = CARTESIAN_POINT('',(-1.10000634156,-3.54999803464,0.2));
#6039 = VERTEX_POINT('',#6040);
#6040 = CARTESIAN_POINT('',(-0.700006877485,-3.84999874921,0.2));
#6041 = LINE('',#6042,#6043);
#6042 = CARTESIAN_POINT('',(-0.900006609522,-3.69999839193,0.2));
#6043 = VECTOR('',#6044,1.);
#6044 = DIRECTION('',(0.799998928149,-0.600001429133,0.));
#6045 = ORIENTED_EDGE('',*,*,#6046,.F.);
#6046 = EDGE_CURVE('',#6047,#6037,#6049,.T.);
#6047 = VERTEX_POINT('',#6048);
#6048 = CARTESIAN_POINT('',(-1.40000705613,-3.94999749872,0.2));
#6049 = LINE('',#6050,#6051);
#6050 = CARTESIAN_POINT('',(-1.25000669884,-3.74999776668,0.2));
#6051 = VECTOR('',#6052,1.);
#6052 = DIRECTION('',(0.600001429133,0.799998928149,0.));
#6053 = ORIENTED_EDGE('',*,*,#6054,.F.);
#6054 = EDGE_CURVE('',#6055,#6047,#6057,.T.);
#6055 = VERTEX_POINT('',#6056);
#6056 = CARTESIAN_POINT('',(-1.00000759205,-4.24999821328,0.2));
#6057 = LINE('',#6058,#6059);
#6058 = CARTESIAN_POINT('',(-1.20000732409,-4.099997856,0.2));
#6059 = VECTOR('',#6060,1.);
#6060 = DIRECTION('',(-0.799998928149,0.600001429133,0.));
#6061 = ORIENTED_EDGE('',*,*,#6062,.F.);
#6062 = EDGE_CURVE('',#6039,#6055,#6063,.T.);
#6063 = LINE('',#6064,#6065);
#6064 = CARTESIAN_POINT('',(-0.850007234768,-4.04999848125,0.2));
#6065 = VECTOR('',#6066,1.);
#6066 = DIRECTION('',(-0.600001429133,-0.799998928149,0.));
#6067 = FACE_BOUND('',#6068,.T.);
#6068 = EDGE_LOOP('',(#6069,#6079,#6087,#6095));
#6069 = ORIENTED_EDGE('',*,*,#6070,.F.);
#6070 = EDGE_CURVE('',#6071,#6073,#6075,.T.);
#6071 = VERTEX_POINT('',#6072);
#6072 = CARTESIAN_POINT('',(-2.70000419786,-2.34999517638,0.2));
#6073 = VERTEX_POINT('',#6074);
#6074 = CARTESIAN_POINT('',(-2.30000473378,-2.64999589094,0.2));
#6075 = LINE('',#6076,#6077);
#6076 = CARTESIAN_POINT('',(-2.50000446582,-2.49999553366,0.2));
#6077 = VECTOR('',#6078,1.);
#6078 = DIRECTION('',(0.799998928149,-0.600001429133,0.));
#6079 = ORIENTED_EDGE('',*,*,#6080,.F.);
#6080 = EDGE_CURVE('',#6081,#6071,#6083,.T.);
#6081 = VERTEX_POINT('',#6082);
#6082 = CARTESIAN_POINT('',(-3.00000491242,-2.74999464045,0.2));
#6083 = LINE('',#6084,#6085);
#6084 = CARTESIAN_POINT('',(-2.85000455514,-2.54999490841,0.2));
#6085 = VECTOR('',#6086,1.);
#6086 = DIRECTION('',(0.600001429133,0.799998928149,0.));
#6087 = ORIENTED_EDGE('',*,*,#6088,.F.);
#6088 = EDGE_CURVE('',#6089,#6081,#6091,.T.);
#6089 = VERTEX_POINT('',#6090);
#6090 = CARTESIAN_POINT('',(-2.60000544835,-3.04999535502,0.2));
#6091 = LINE('',#6092,#6093);
#6092 = CARTESIAN_POINT('',(-2.80000518039,-2.89999499773,0.2));
#6093 = VECTOR('',#6094,1.);
#6094 = DIRECTION('',(-0.799998928149,0.600001429133,0.));
#6095 = ORIENTED_EDGE('',*,*,#6096,.F.);
#6096 = EDGE_CURVE('',#6073,#6089,#6097,.T.);
#6097 = LINE('',#6098,#6099);
#6098 = CARTESIAN_POINT('',(-2.45000509106,-2.84999562298,0.2));
#6099 = VECTOR('',#6100,1.);
#6100 = DIRECTION('',(-0.600001429133,-0.799998928149,0.));
#6101 = FACE_BOUND('',#6102,.T.);
#6102 = EDGE_LOOP('',(#6103,#6113,#6121,#6129));
#6103 = ORIENTED_EDGE('',*,*,#6104,.F.);
#6104 = EDGE_CURVE('',#6105,#6107,#6109,.T.);
#6105 = VERTEX_POINT('',#6106);
#6106 = CARTESIAN_POINT('',(-3.500003126,-1.74999374724,0.2));
#6107 = VERTEX_POINT('',#6108);
#6108 = CARTESIAN_POINT('',(-3.10000366193,-2.04999446181,0.2));
#6109 = LINE('',#6110,#6111);
#6110 = CARTESIAN_POINT('',(-3.30000339397,-1.89999410453,0.2));
#6111 = VECTOR('',#6112,1.);
#6112 = DIRECTION('',(0.799998928149,-0.600001429133,0.));
#6113 = ORIENTED_EDGE('',*,*,#6114,.F.);
#6114 = EDGE_CURVE('',#6115,#6105,#6117,.T.);
#6115 = VERTEX_POINT('',#6116);
#6116 = CARTESIAN_POINT('',(-3.80000384057,-2.14999321132,0.2));
#6117 = LINE('',#6118,#6119);
#6118 = CARTESIAN_POINT('',(-3.65000348329,-1.94999347928,0.2));
#6119 = VECTOR('',#6120,1.);
#6120 = DIRECTION('',(0.600001429133,0.799998928149,0.));
#6121 = ORIENTED_EDGE('',*,*,#6122,.F.);
#6122 = EDGE_CURVE('',#6123,#6115,#6125,.T.);
#6123 = VERTEX_POINT('',#6124);
#6124 = CARTESIAN_POINT('',(-3.4000043765,-2.44999392589,0.2));
#6125 = LINE('',#6126,#6127);
#6126 = CARTESIAN_POINT('',(-3.60000410853,-2.2999935686,0.2));
#6127 = VECTOR('',#6128,1.);
#6128 = DIRECTION('',(-0.799998928149,0.600001429133,0.));
#6129 = ORIENTED_EDGE('',*,*,#6130,.F.);
#6130 = EDGE_CURVE('',#6107,#6123,#6131,.T.);
#6131 = LINE('',#6132,#6133);
#6132 = CARTESIAN_POINT('',(-3.25000401921,-2.24999419385,0.2));
#6133 = VECTOR('',#6134,1.);
#6134 = DIRECTION('',(-0.600001429133,-0.799998928149,0.));
#6135 = FACE_BOUND('',#6136,.T.);
#6136 = EDGE_LOOP('',(#6137,#6147,#6155,#6163));
#6137 = ORIENTED_EDGE('',*,*,#6138,.T.);
#6138 = EDGE_CURVE('',#6139,#6141,#6143,.T.);
#6139 = VERTEX_POINT('',#6140);
#6140 = CARTESIAN_POINT('',(-1.20000509107,-2.849997856,0.2));
#6141 = VERTEX_POINT('',#6142);
#6142 = CARTESIAN_POINT('',(-0.900004376501,-2.44999839193,0.2));
#6143 = LINE('',#6144,#6145);
#6144 = CARTESIAN_POINT('',(-1.05000473378,-2.64999812396,0.2));
#6145 = VECTOR('',#6146,1.);
#6146 = DIRECTION('',(0.600001429133,0.799998928149,0.));
#6147 = ORIENTED_EDGE('',*,*,#6148,.T.);
#6148 = EDGE_CURVE('',#6141,#6149,#6151,.T.);
#6149 = VERTEX_POINT('',#6150);
#6150 = CARTESIAN_POINT('',(-1.30000384057,-2.14999767736,0.2));
#6151 = LINE('',#6152,#6153);
#6152 = CARTESIAN_POINT('',(-1.10000410854,-2.29999803464,0.2));
#6153 = VECTOR('',#6154,1.);
#6154 = DIRECTION('',(-0.799998928149,0.600001429133,0.));
#6155 = ORIENTED_EDGE('',*,*,#6156,.T.);
#6156 = EDGE_CURVE('',#6149,#6157,#6159,.T.);
#6157 = VERTEX_POINT('',#6158);
#6158 = CARTESIAN_POINT('',(-1.60000455514,-2.54999714144,0.2));
#6159 = LINE('',#6160,#6161);
#6160 = CARTESIAN_POINT('',(-1.45000419786,-2.3499974094,0.2));
#6161 = VECTOR('',#6162,1.);
#6162 = DIRECTION('',(-0.600001429133,-0.799998928149,0.));
#6163 = ORIENTED_EDGE('',*,*,#6164,.T.);
#6164 = EDGE_CURVE('',#6157,#6139,#6165,.T.);
#6165 = LINE('',#6166,#6167);
#6166 = CARTESIAN_POINT('',(-1.4000048231,-2.69999749872,0.2));
#6167 = VECTOR('',#6168,1.);
#6168 = DIRECTION('',(0.799998928149,-0.600001429133,0.));
#6169 = FACE_BOUND('',#6170,.T.);
#6170 = EDGE_LOOP('',(#6171,#6181,#6189,#6197));
#6171 = ORIENTED_EDGE('',*,*,#6172,.F.);
#6172 = EDGE_CURVE('',#6173,#6175,#6177,.T.);
#6173 = VERTEX_POINT('',#6174);
#6174 = CARTESIAN_POINT('',(-2.10000276872,-1.54999624823,0.2));
#6175 = VERTEX_POINT('',#6176);
#6176 = CARTESIAN_POINT('',(-1.70000330465,-1.8499969628,0.2));
#6177 = LINE('',#6178,#6179);
#6178 = CARTESIAN_POINT('',(-1.90000303669,-1.69999660551,0.2));
#6179 = VECTOR('',#6180,1.);
#6180 = DIRECTION('',(0.799998928149,-0.600001429133,0.));
#6181 = ORIENTED_EDGE('',*,*,#6182,.F.);
#6182 = EDGE_CURVE('',#6183,#6173,#6185,.T.);
#6183 = VERTEX_POINT('',#6184);
#6184 = CARTESIAN_POINT('',(-2.40000348329,-1.9499957123,0.2));
#6185 = LINE('',#6186,#6187);
#6186 = CARTESIAN_POINT('',(-2.25000312601,-1.74999598027,0.2));
#6187 = VECTOR('',#6188,1.);
#6188 = DIRECTION('',(0.600001429133,0.799998928149,0.));
#6189 = ORIENTED_EDGE('',*,*,#6190,.F.);
#6190 = EDGE_CURVE('',#6191,#6183,#6193,.T.);
#6191 = VERTEX_POINT('',#6192);
#6192 = CARTESIAN_POINT('',(-2.00000401922,-2.24999642687,0.2));
#6193 = LINE('',#6194,#6195);
#6194 = CARTESIAN_POINT('',(-2.20000375125,-2.09999606959,0.2));
#6195 = VECTOR('',#6196,1.);
#6196 = DIRECTION('',(-0.799998928149,0.600001429133,0.));
#6197 = ORIENTED_EDGE('',*,*,#6198,.F.);
#6198 = EDGE_CURVE('',#6175,#6191,#6199,.T.);
#6199 = LINE('',#6200,#6201);
#6200 = CARTESIAN_POINT('',(-1.85000366193,-2.04999669483,0.2));
#6201 = VECTOR('',#6202,1.);
#6202 = DIRECTION('',(-0.600001429133,-0.799998928149,0.));
#6203 = FACE_BOUND('',#6204,.T.);
#6204 = EDGE_LOOP('',(#6205,#6215,#6223,#6231));
#6205 = ORIENTED_EDGE('',*,*,#6206,.T.);
#6206 = EDGE_CURVE('',#6207,#6209,#6211,.T.);
#6207 = VERTEX_POINT('',#6208);
#6208 = CARTESIAN_POINT('',(-2.40000794933,-4.4499957123,0.2));
#6209 = VERTEX_POINT('',#6210);
#6210 = CARTESIAN_POINT('',(-2.10000723477,-4.04999624822,0.2));
#6211 = LINE('',#6212,#6213);
#6212 = CARTESIAN_POINT('',(-2.25000759205,-4.24999598026,0.2));
#6213 = VECTOR('',#6214,1.);
#6214 = DIRECTION('',(0.600001429133,0.799998928149,0.));
#6215 = ORIENTED_EDGE('',*,*,#6216,.T.);
#6216 = EDGE_CURVE('',#6209,#6217,#6219,.T.);
#6217 = VERTEX_POINT('',#6218);
#6218 = CARTESIAN_POINT('',(-2.50000669884,-3.74999553366,0.2));
#6219 = LINE('',#6220,#6221);
#6220 = CARTESIAN_POINT('',(-2.3000069668,-3.89999589094,0.2));
#6221 = VECTOR('',#6222,1.);
#6222 = DIRECTION('',(-0.799998928149,0.600001429133,0.));
#6223 = ORIENTED_EDGE('',*,*,#6224,.T.);
#6224 = EDGE_CURVE('',#6217,#6225,#6227,.T.);
#6225 = VERTEX_POINT('',#6226);
#6226 = CARTESIAN_POINT('',(-2.80000741341,-4.14999499773,0.2));
#6227 = LINE('',#6228,#6229);
#6228 = CARTESIAN_POINT('',(-2.65000705612,-3.9499952657,0.2));
#6229 = VECTOR('',#6230,1.);
#6230 = DIRECTION('',(-0.600001429133,-0.799998928149,0.));
#6231 = ORIENTED_EDGE('',*,*,#6232,.T.);
#6232 = EDGE_CURVE('',#6225,#6207,#6233,.T.);
#6233 = LINE('',#6234,#6235);
#6234 = CARTESIAN_POINT('',(-2.60000768137,-4.29999535502,0.2));
#6235 = VECTOR('',#6236,1.);
#6236 = DIRECTION('',(0.799998928149,-0.600001429133,0.));
#6237 = FACE_BOUND('',#6238,.T.);
#6238 = EDGE_LOOP('',(#6239,#6249,#6257,#6265));
#6239 = ORIENTED_EDGE('',*,*,#6240,.F.);
#6240 = EDGE_CURVE('',#6241,#6243,#6245,.T.);
#6241 = VERTEX_POINT('',#6242);
#6242 = CARTESIAN_POINT('',(-3.30000562699,-3.14999410453,0.2));
#6243 = VERTEX_POINT('',#6244);
#6244 = CARTESIAN_POINT('',(-2.90000616291,-3.44999481909,0.2));
#6245 = LINE('',#6246,#6247);
#6246 = CARTESIAN_POINT('',(-3.10000589495,-3.29999446181,0.2));
#6247 = VECTOR('',#6248,1.);
#6248 = DIRECTION('',(0.799998928149,-0.600001429133,0.));
#6249 = ORIENTED_EDGE('',*,*,#6250,.F.);
#6250 = EDGE_CURVE('',#6251,#6241,#6253,.T.);
#6251 = VERTEX_POINT('',#6252);
#6252 = CARTESIAN_POINT('',(-3.60000634156,-3.5499935686,0.2));
#6253 = LINE('',#6254,#6255);
#6254 = CARTESIAN_POINT('',(-3.45000598427,-3.34999383656,0.2));
#6255 = VECTOR('',#6256,1.);
#6256 = DIRECTION('',(0.600001429133,0.799998928149,0.));
#6257 = ORIENTED_EDGE('',*,*,#6258,.F.);
#6258 = EDGE_CURVE('',#6259,#6251,#6261,.T.);
#6259 = VERTEX_POINT('',#6260);
#6260 = CARTESIAN_POINT('',(-3.20000687748,-3.84999428317,0.2));
#6261 = LINE('',#6262,#6263);
#6262 = CARTESIAN_POINT('',(-3.40000660952,-3.69999392588,0.2));
#6263 = VECTOR('',#6264,1.);
#6264 = DIRECTION('',(-0.799998928149,0.600001429133,0.));
#6265 = ORIENTED_EDGE('',*,*,#6266,.F.);
#6266 = EDGE_CURVE('',#6243,#6259,#6267,.T.);
#6267 = LINE('',#6268,#6269);
#6268 = CARTESIAN_POINT('',(-3.0500065202,-3.64999455113,0.2));
#6269 = VECTOR('',#6270,1.);
#6270 = DIRECTION('',(-0.600001429133,-0.799998928149,0.));
#6271 = FACE_BOUND('',#6272,.T.);
#6272 = EDGE_LOOP('',(#6273,#6283,#6291,#6299));
#6273 = ORIENTED_EDGE('',*,*,#6274,.F.);
#6274 = EDGE_CURVE('',#6275,#6277,#6279,.T.);
#6275 = VERTEX_POINT('',#6276);
#6276 = CARTESIAN_POINT('',(-1.70000777069,-4.34999696279,0.2));
#6277 = VERTEX_POINT('',#6278);
#6278 = CARTESIAN_POINT('',(-1.30000830662,-4.64999767736,0.2));
#6279 = LINE('',#6280,#6281);
#6280 = CARTESIAN_POINT('',(-1.50000803865,-4.49999732007,0.2));
#6281 = VECTOR('',#6282,1.);
#6282 = DIRECTION('',(0.799998928149,-0.600001429133,0.));
#6283 = ORIENTED_EDGE('',*,*,#6284,.F.);
#6284 = EDGE_CURVE('',#6285,#6275,#6287,.T.);
#6285 = VERTEX_POINT('',#6286);
#6286 = CARTESIAN_POINT('',(-2.00000848526,-4.74999642687,0.2));
#6287 = LINE('',#6288,#6289);
#6288 = CARTESIAN_POINT('',(-1.85000812797,-4.54999669483,0.2));
#6289 = VECTOR('',#6290,1.);
#6290 = DIRECTION('',(0.600001429133,0.799998928149,0.));
#6291 = ORIENTED_EDGE('',*,*,#6292,.F.);
#6292 = EDGE_CURVE('',#6293,#6285,#6295,.T.);
#6293 = VERTEX_POINT('',#6294);
#6294 = CARTESIAN_POINT('',(-1.60000902118,-5.04999714143,0.2));
#6295 = LINE('',#6296,#6297);
#6296 = CARTESIAN_POINT('',(-1.80000875322,-4.89999678415,0.2));
#6297 = VECTOR('',#6298,1.);
#6298 = DIRECTION('',(-0.799998928149,0.600001429133,0.));
#6299 = ORIENTED_EDGE('',*,*,#6300,.F.);
#6300 = EDGE_CURVE('',#6277,#6293,#6301,.T.);
#6301 = LINE('',#6302,#6303);
#6302 = CARTESIAN_POINT('',(-1.4500086639,-4.84999740939,0.2));
#6303 = VECTOR('',#6304,1.);
#6304 = DIRECTION('',(-0.600001429133,-0.799998928149,0.));
#6305 = FACE_BOUND('',#6306,.T.);
#6306 = EDGE_LOOP('',(#6307,#6317,#6325,#6333));
#6307 = ORIENTED_EDGE('',*,*,#6308,.F.);
#6308 = EDGE_CURVE('',#6309,#6311,#6313,.T.);
#6309 = VERTEX_POINT('',#6310);
#6310 = CARTESIAN_POINT('',(-4.10000455514,-2.54999267539,0.2));
#6311 = VERTEX_POINT('',#6312);
#6312 = CARTESIAN_POINT('',(-3.70000509106,-2.84999338996,0.2));
#6313 = LINE('',#6314,#6315);
#6314 = CARTESIAN_POINT('',(-3.9000048231,-2.69999303268,0.2));
#6315 = VECTOR('',#6316,1.);
#6316 = DIRECTION('',(0.799998928149,-0.600001429133,0.));
#6317 = ORIENTED_EDGE('',*,*,#6318,.F.);
#6318 = EDGE_CURVE('',#6319,#6309,#6321,.T.);
#6319 = VERTEX_POINT('',#6320);
#6320 = CARTESIAN_POINT('',(-4.4000052697,-2.94999213947,0.2));
#6321 = LINE('',#6322,#6323);
#6322 = CARTESIAN_POINT('',(-4.25000491242,-2.74999240743,0.2));
#6323 = VECTOR('',#6324,1.);
#6324 = DIRECTION('',(0.600001429133,0.799998928149,0.));
#6325 = ORIENTED_EDGE('',*,*,#6326,.F.);
#6326 = EDGE_CURVE('',#6327,#6319,#6329,.T.);
#6327 = VERTEX_POINT('',#6328);
#6328 = CARTESIAN_POINT('',(-4.00000580563,-3.24999285403,0.2));
#6329 = LINE('',#6330,#6331);
#6330 = CARTESIAN_POINT('',(-4.20000553767,-3.09999249675,0.2));
#6331 = VECTOR('',#6332,1.);
#6332 = DIRECTION('',(-0.799998928149,0.600001429133,0.));
#6333 = ORIENTED_EDGE('',*,*,#6334,.F.);
#6334 = EDGE_CURVE('',#6311,#6327,#6335,.T.);
#6335 = LINE('',#6336,#6337);
#6336 = CARTESIAN_POINT('',(-3.85000544835,-3.049993122,0.2));
#6337 = VECTOR('',#6338,1.);
#6338 = DIRECTION('',(-0.600001429133,-0.799998928149,0.));
#6339 = FACE_BOUND('',#6340,.T.);
#6340 = EDGE_LOOP('',(#6341,#6351,#6359,#6367));
#6341 = ORIENTED_EDGE('',*,*,#6342,.T.);
#6342 = EDGE_CURVE('',#6343,#6345,#6347,.T.);
#6343 = VERTEX_POINT('',#6344);
#6344 = CARTESIAN_POINT('',(-3.00000937846,-5.24999464045,0.2));
#6345 = VERTEX_POINT('',#6346);
#6346 = CARTESIAN_POINT('',(-2.7000086639,-4.84999517637,0.2));
#6347 = LINE('',#6348,#6349);
#6348 = CARTESIAN_POINT('',(-2.85000902118,-5.04999490841,0.2));
#6349 = VECTOR('',#6350,1.);
#6350 = DIRECTION('',(0.600001429133,0.799998928149,0.));
#6351 = ORIENTED_EDGE('',*,*,#6352,.T.);
#6352 = EDGE_CURVE('',#6345,#6353,#6355,.T.);
#6353 = VERTEX_POINT('',#6354);
#6354 = CARTESIAN_POINT('',(-3.10000812797,-4.54999446181,0.2));
#6355 = LINE('',#6356,#6357);
#6356 = CARTESIAN_POINT('',(-2.90000839594,-4.69999481909,0.2));
#6357 = VECTOR('',#6358,1.);
#6358 = DIRECTION('',(-0.799998928149,0.600001429133,0.));
#6359 = ORIENTED_EDGE('',*,*,#6360,.T.);
#6360 = EDGE_CURVE('',#6353,#6361,#6363,.T.);
#6361 = VERTEX_POINT('',#6362);
#6362 = CARTESIAN_POINT('',(-3.40000884254,-4.94999392588,0.2));
#6363 = LINE('',#6364,#6365);
#6364 = CARTESIAN_POINT('',(-3.25000848526,-4.74999419384,0.2));
#6365 = VECTOR('',#6366,1.);
#6366 = DIRECTION('',(-0.600001429133,-0.799998928149,0.));
#6367 = ORIENTED_EDGE('',*,*,#6368,.T.);
#6368 = EDGE_CURVE('',#6361,#6343,#6369,.T.);
#6369 = LINE('',#6370,#6371);
#6370 = CARTESIAN_POINT('',(-3.2000091105,-5.09999428316,0.2));
#6371 = VECTOR('',#6372,1.);
#6372 = DIRECTION('',(0.799998928149,-0.600001429133,0.));
#6373 = FACE_BOUND('',#6374,.T.);
#6374 = EDGE_LOOP('',(#6375,#6385,#6393,#6401));
#6375 = ORIENTED_EDGE('',*,*,#6376,.F.);
#6376 = EDGE_CURVE('',#6377,#6379,#6381,.T.);
#6377 = VERTEX_POINT('',#6378);
#6378 = CARTESIAN_POINT('',(-3.90000705612,-3.94999303267,0.2));
#6379 = VERTEX_POINT('',#6380);
#6380 = CARTESIAN_POINT('',(-3.50000759205,-4.24999374724,0.2));
#6381 = LINE('',#6382,#6383);
#6382 = CARTESIAN_POINT('',(-3.70000732408,-4.09999338996,0.2));
#6383 = VECTOR('',#6384,1.);
#6384 = DIRECTION('',(0.799998928149,-0.600001429133,0.));
#6385 = ORIENTED_EDGE('',*,*,#6386,.F.);
#6386 = EDGE_CURVE('',#6387,#6377,#6389,.T.);
#6387 = VERTEX_POINT('',#6388);
#6388 = CARTESIAN_POINT('',(-4.20000777069,-4.34999249675,0.2));
#6389 = LINE('',#6390,#6391);
#6390 = CARTESIAN_POINT('',(-4.0500074134,-4.14999276471,0.2));
#6391 = VECTOR('',#6392,1.);
#6392 = DIRECTION('',(0.600001429133,0.799998928149,0.));
#6393 = ORIENTED_EDGE('',*,*,#6394,.F.);
#6394 = EDGE_CURVE('',#6395,#6387,#6397,.T.);
#6395 = VERTEX_POINT('',#6396);
#6396 = CARTESIAN_POINT('',(-3.80000830661,-4.64999321131,0.2));
#6397 = LINE('',#6398,#6399);
#6398 = CARTESIAN_POINT('',(-4.00000803865,-4.49999285403,0.2));
#6399 = VECTOR('',#6400,1.);
#6400 = DIRECTION('',(-0.799998928149,0.600001429133,0.));
#6401 = ORIENTED_EDGE('',*,*,#6402,.F.);
#6402 = EDGE_CURVE('',#6379,#6395,#6403,.T.);
#6403 = LINE('',#6404,#6405);
#6404 = CARTESIAN_POINT('',(-3.65000794933,-4.44999347928,0.2));
#6405 = VECTOR('',#6406,1.);
#6406 = DIRECTION('',(-0.600001429133,-0.799998928149,0.));
#6407 = PLANE('',#6408);
#6408 = AXIS2_PLACEMENT_3D('',#6409,#6410,#6411);
#6409 = CARTESIAN_POINT('',(0.,0.,0.2));
#6410 = DIRECTION('',(-0.,0.,-1.));
#6411 = DIRECTION('',(-1.,-1.22464679915E-16,0.));
#6412 = ADVANCED_FACE('',(#6413),#6447,.T.);
#6413 = FACE_BOUND('',#6414,.T.);
#6414 = EDGE_LOOP('',(#6415,#6425,#6433,#6441));
#6415 = ORIENTED_EDGE('',*,*,#6416,.T.);
#6416 = EDGE_CURVE('',#6417,#6419,#6421,.T.);
#6417 = VERTEX_POINT('',#6418);
#6418 = CARTESIAN_POINT('',(-3.87816911603,-4.10286057082,0.5));
#6419 = VERTEX_POINT('',#6420);
#6420 = CARTESIAN_POINT('',(-3.65287512949,-4.27183168877,0.5));
#6421 = LINE('',#6422,#6423);
#6422 = CARTESIAN_POINT('',(-3.76552212209,-4.18734612984,0.5));
#6423 = VECTOR('',#6424,1.);
#6424 = DIRECTION('',(0.799998927983,-0.600001429354,0.));
#6425 = ORIENTED_EDGE('',*,*,#6426,.T.);
#6426 = EDGE_CURVE('',#6419,#6427,#6429,.T.);
#6427 = VERTEX_POINT('',#6428);
#6428 = CARTESIAN_POINT('',(-3.8218462462,-4.49712567375,0.5));
#6429 = LINE('',#6430,#6431);
#6430 = CARTESIAN_POINT('',(-3.73736068739,-4.38447868104,0.5));
#6431 = VECTOR('',#6432,1.);
#6432 = DIRECTION('',(-0.600001428435,-0.799998928671,0.));
#6433 = ORIENTED_EDGE('',*,*,#6434,.T.);
#6434 = EDGE_CURVE('',#6427,#6435,#6437,.T.);
#6435 = VERTEX_POINT('',#6436);
#6436 = CARTESIAN_POINT('',(-4.04714023205,-4.32815455529,0.5));
#6437 = LINE('',#6438,#6439);
#6438 = CARTESIAN_POINT('',(-3.9344932395,-4.41264011424,0.5));
#6439 = VECTOR('',#6440,1.);
#6440 = DIRECTION('',(-0.799998927786,0.600001429616,0.));
#6441 = ORIENTED_EDGE('',*,*,#6442,.T.);
#6442 = EDGE_CURVE('',#6435,#6417,#6443,.T.);
#6443 = LINE('',#6444,#6445);
#6444 = CARTESIAN_POINT('',(-3.96265467486,-4.21550756326,0.5));
#6445 = VECTOR('',#6446,1.);
#6446 = DIRECTION('',(0.600001429485,0.799998927884,0.));
#6447 = PLANE('',#6448);
#6448 = AXIS2_PLACEMENT_3D('',#6449,#6450,#6451);
#6449 = CARTESIAN_POINT('',(0.,0.,0.5));
#6450 = DIRECTION('',(-0.,0.,-1.));
#6451 = DIRECTION('',(-1.,-1.22464679915E-16,0.));
#6452 = ADVANCED_FACE('',(#6453),#6467,.T.);
#6453 = FACE_BOUND('',#6454,.T.);
#6454 = EDGE_LOOP('',(#6455,#6460,#6461,#6466));
#6455 = ORIENTED_EDGE('',*,*,#6456,.T.);
#6456 = EDGE_CURVE('',#6427,#6395,#6457,.T.);
#6457 = B_SPLINE_CURVE_WITH_KNOTS('',1,(#6458,#6459),.UNSPECIFIED.,.F.,
  .F.,(2,2),(0.666868175017,1.00427798592),.PIECEWISE_BEZIER_KNOTS.);
#6458 = CARTESIAN_POINT('',(-3.82184624766,-4.49712567335,0.5000000011)
  );
#6459 = CARTESIAN_POINT('',(-3.80000830661,-4.64999321131,0.2));
#6460 = ORIENTED_EDGE('',*,*,#6394,.T.);
#6461 = ORIENTED_EDGE('',*,*,#6462,.F.);
#6462 = EDGE_CURVE('',#6435,#6387,#6463,.T.);
#6463 = B_SPLINE_CURVE_WITH_KNOTS('',1,(#6464,#6465),.UNSPECIFIED.,.F.,
  .F.,(2,2),(0.666868175017,1.00427798592),.PIECEWISE_BEZIER_KNOTS.);
#6464 = CARTESIAN_POINT('',(-4.04714023272,-4.3281545557,0.5000000011));
#6465 = CARTESIAN_POINT('',(-4.20000777069,-4.34999249675,0.2));
#6466 = ORIENTED_EDGE('',*,*,#6434,.F.);
#6467 = PLANE('',#6468);
#6468 = AXIS2_PLACEMENT_3D('',#6469,#6470,#6471);
#6469 = CARTESIAN_POINT('',(-4.00000803865,-4.49999285403,0.2));
#6470 = DIRECTION('',(0.563816915417,0.751753089418,-0.342020143326));
#6471 = DIRECTION('',(-0.799998928149,0.600001429133,2.484124017599E-14)
  );
#6472 = ADVANCED_FACE('',(#6473),#6483,.T.);
#6473 = FACE_BOUND('',#6474,.T.);
#6474 = EDGE_LOOP('',(#6475,#6480,#6481,#6482));
#6475 = ORIENTED_EDGE('',*,*,#6476,.T.);
#6476 = EDGE_CURVE('',#6419,#6379,#6477,.T.);
#6477 = B_SPLINE_CURVE_WITH_KNOTS('',1,(#6478,#6479),.UNSPECIFIED.,.F.,
  .F.,(2,2),(0.666868175017,1.00427798592),.PIECEWISE_BEZIER_KNOTS.);
#6478 = CARTESIAN_POINT('',(-3.65287513001,-4.27183168829,0.5000000011)
  );
#6479 = CARTESIAN_POINT('',(-3.50000759205,-4.24999374724,0.2));
#6480 = ORIENTED_EDGE('',*,*,#6402,.T.);
#6481 = ORIENTED_EDGE('',*,*,#6456,.F.);
#6482 = ORIENTED_EDGE('',*,*,#6426,.F.);
#6483 = PLANE('',#6484);
#6484 = AXIS2_PLACEMENT_3D('',#6485,#6486,#6487);
#6485 = CARTESIAN_POINT('',(-2.45000509106,-2.84999562298,0.2));
#6486 = DIRECTION('',(-0.751753089418,0.563816915417,-0.342020143326));
#6487 = DIRECTION('',(-0.600001429133,-0.799998928149,2.484124017599E-14
    ));
#6488 = ADVANCED_FACE('',(#6489),#6499,.T.);
#6489 = FACE_BOUND('',#6490,.T.);
#6490 = EDGE_LOOP('',(#6491,#6496,#6497,#6498));
#6491 = ORIENTED_EDGE('',*,*,#6492,.T.);
#6492 = EDGE_CURVE('',#6417,#6377,#6493,.T.);
#6493 = B_SPLINE_CURVE_WITH_KNOTS('',1,(#6494,#6495),.UNSPECIFIED.,.F.,
  .F.,(2,2),(0.666868175017,1.00427798592),.PIECEWISE_BEZIER_KNOTS.);
#6494 = CARTESIAN_POINT('',(-3.87816911507,-4.10286057064,0.5000000011)
  );
#6495 = CARTESIAN_POINT('',(-3.90000705612,-3.94999303267,0.2));
#6496 = ORIENTED_EDGE('',*,*,#6376,.T.);
#6497 = ORIENTED_EDGE('',*,*,#6476,.F.);
#6498 = ORIENTED_EDGE('',*,*,#6416,.F.);
#6499 = PLANE('',#6500);
#6500 = AXIS2_PLACEMENT_3D('',#6501,#6502,#6503);
#6501 = CARTESIAN_POINT('',(-3.70000732408,-4.09999338996,0.2));
#6502 = DIRECTION('',(-0.563816915417,-0.751753089418,-0.342020143326));
#6503 = DIRECTION('',(0.799998928149,-0.600001429133,2.484124017599E-14)
  );
#6504 = ADVANCED_FACE('',(#6505),#6511,.T.);
#6505 = FACE_BOUND('',#6506,.T.);
#6506 = EDGE_LOOP('',(#6507,#6508,#6509,#6510));
#6507 = ORIENTED_EDGE('',*,*,#6462,.T.);
#6508 = ORIENTED_EDGE('',*,*,#6386,.T.);
#6509 = ORIENTED_EDGE('',*,*,#6492,.F.);
#6510 = ORIENTED_EDGE('',*,*,#6442,.F.);
#6511 = PLANE('',#6512);
#6512 = AXIS2_PLACEMENT_3D('',#6513,#6514,#6515);
#6513 = CARTESIAN_POINT('',(-2.85000455514,-2.54999490841,0.2));
#6514 = DIRECTION('',(0.751753089418,-0.563816915417,-0.342020143326));
#6515 = DIRECTION('',(0.600001429133,0.799998928149,2.484124017599E-14)
  );
#6516 = ADVANCED_FACE('',(#6517),#6551,.T.);
#6517 = FACE_BOUND('',#6518,.T.);
#6518 = EDGE_LOOP('',(#6519,#6529,#6537,#6545));
#6519 = ORIENTED_EDGE('',*,*,#6520,.F.);
#6520 = EDGE_CURVE('',#6521,#6523,#6525,.T.);
#6521 = VERTEX_POINT('',#6522);
#6522 = CARTESIAN_POINT('',(-2.85287620227,-4.87183311733,0.5));
#6523 = VERTEX_POINT('',#6524);
#6524 = CARTESIAN_POINT('',(-3.07817018686,-4.70286200016,0.5));
#6525 = LINE('',#6526,#6527);
#6526 = CARTESIAN_POINT('',(-2.96552319468,-4.78734755866,0.5));
#6527 = VECTOR('',#6528,1.);
#6528 = DIRECTION('',(-0.799998928376,0.600001428829,0.));
#6529 = ORIENTED_EDGE('',*,*,#6530,.F.);
#6530 = EDGE_CURVE('',#6531,#6521,#6533,.T.);
#6531 = VERTEX_POINT('',#6532);
#6532 = CARTESIAN_POINT('',(-3.02184731908,-5.097127103,0.5));
#6533 = LINE('',#6534,#6535);
#6534 = CARTESIAN_POINT('',(-2.93736176027,-4.98448011052,0.5));
#6535 = VECTOR('',#6536,1.);
#6536 = DIRECTION('',(0.600001429223,0.799998928081,0.));
#6537 = ORIENTED_EDGE('',*,*,#6538,.F.);
#6538 = EDGE_CURVE('',#6539,#6531,#6541,.T.);
#6539 = VERTEX_POINT('',#6540);
#6540 = CARTESIAN_POINT('',(-3.24714130446,-4.92815598431,0.5));
#6541 = LINE('',#6542,#6543);
#6542 = CARTESIAN_POINT('',(-3.13449431165,-5.0126415432,0.5));
#6543 = VECTOR('',#6544,1.);
#6544 = DIRECTION('',(0.799998928671,-0.600001428435,0.));
#6545 = ORIENTED_EDGE('',*,*,#6546,.F.);
#6546 = EDGE_CURVE('',#6523,#6539,#6547,.T.);
#6547 = LINE('',#6548,#6549);
#6548 = CARTESIAN_POINT('',(-3.16265574576,-4.81550899257,0.5));
#6549 = VECTOR('',#6550,1.);
#6550 = DIRECTION('',(-0.600001429879,-0.799998927589,0.));
#6551 = PLANE('',#6552);
#6552 = AXIS2_PLACEMENT_3D('',#6553,#6554,#6555);
#6553 = CARTESIAN_POINT('',(0.,0.,0.5));
#6554 = DIRECTION('',(-0.,0.,-1.));
#6555 = DIRECTION('',(-1.,-1.22464679915E-16,0.));
#6556 = ADVANCED_FACE('',(#6557),#6571,.F.);
#6557 = FACE_BOUND('',#6558,.T.);
#6558 = EDGE_LOOP('',(#6559,#6560,#6565,#6566));
#6559 = ORIENTED_EDGE('',*,*,#6538,.T.);
#6560 = ORIENTED_EDGE('',*,*,#6561,.T.);
#6561 = EDGE_CURVE('',#6531,#6343,#6562,.T.);
#6562 = B_SPLINE_CURVE_WITH_KNOTS('',1,(#6563,#6564),.UNSPECIFIED.,.F.,
  .F.,(2,2),(0.666868175017,1.00427798592),.PIECEWISE_BEZIER_KNOTS.);
#6563 = CARTESIAN_POINT('',(-3.02184731952,-5.09712710248,0.5000000011)
  );
#6564 = CARTESIAN_POINT('',(-3.00000937846,-5.24999464045,0.2));
#6565 = ORIENTED_EDGE('',*,*,#6368,.F.);
#6566 = ORIENTED_EDGE('',*,*,#6567,.F.);
#6567 = EDGE_CURVE('',#6539,#6361,#6568,.T.);
#6568 = B_SPLINE_CURVE_WITH_KNOTS('',1,(#6569,#6570),.UNSPECIFIED.,.F.,
  .F.,(2,2),(0.666868175017,1.00427798592),.PIECEWISE_BEZIER_KNOTS.);
#6569 = CARTESIAN_POINT('',(-3.24714130458,-4.92815598483,0.5000000011)
  );
#6570 = CARTESIAN_POINT('',(-3.40000884254,-4.94999392588,0.2));
#6571 = PLANE('',#6572);
#6572 = AXIS2_PLACEMENT_3D('',#6573,#6574,#6575);
#6573 = CARTESIAN_POINT('',(-3.2000091105,-5.09999428316,0.2));
#6574 = DIRECTION('',(-0.563816915417,-0.751753089418,0.342020143326));
#6575 = DIRECTION('',(0.799998928149,-0.600001429133,-2.484124017599E-14
    ));
#6576 = ADVANCED_FACE('',(#6577),#6587,.F.);
#6577 = FACE_BOUND('',#6578,.T.);
#6578 = EDGE_LOOP('',(#6579,#6580,#6585,#6586));
#6579 = ORIENTED_EDGE('',*,*,#6530,.T.);
#6580 = ORIENTED_EDGE('',*,*,#6581,.T.);
#6581 = EDGE_CURVE('',#6521,#6345,#6582,.T.);
#6582 = B_SPLINE_CURVE_WITH_KNOTS('',1,(#6583,#6584),.UNSPECIFIED.,.F.,
  .F.,(2,2),(0.666868175017,1.00427798592),.PIECEWISE_BEZIER_KNOTS.);
#6583 = CARTESIAN_POINT('',(-2.85287620186,-4.87183311742,0.5000000011)
  );
#6584 = CARTESIAN_POINT('',(-2.7000086639,-4.84999517637,0.2));
#6585 = ORIENTED_EDGE('',*,*,#6342,.F.);
#6586 = ORIENTED_EDGE('',*,*,#6561,.F.);
#6587 = PLANE('',#6588);
#6588 = AXIS2_PLACEMENT_3D('',#6589,#6590,#6591);
#6589 = CARTESIAN_POINT('',(-1.65000616292,-3.44999705211,0.2));
#6590 = DIRECTION('',(0.751753089418,-0.563816915417,0.342020143326));
#6591 = DIRECTION('',(0.600001429133,0.799998928149,-2.484124017599E-14)
  );
#6592 = ADVANCED_FACE('',(#6593),#6603,.F.);
#6593 = FACE_BOUND('',#6594,.T.);
#6594 = EDGE_LOOP('',(#6595,#6596,#6601,#6602));
#6595 = ORIENTED_EDGE('',*,*,#6520,.T.);
#6596 = ORIENTED_EDGE('',*,*,#6597,.T.);
#6597 = EDGE_CURVE('',#6523,#6353,#6598,.T.);
#6598 = B_SPLINE_CURVE_WITH_KNOTS('',1,(#6599,#6600),.UNSPECIFIED.,.F.,
  .F.,(2,2),(0.666868175017,1.00427798592),.PIECEWISE_BEZIER_KNOTS.);
#6599 = CARTESIAN_POINT('',(-3.07817018692,-4.70286199977,0.5000000011)
  );
#6600 = CARTESIAN_POINT('',(-3.10000812797,-4.54999446181,0.2));
#6601 = ORIENTED_EDGE('',*,*,#6352,.F.);
#6602 = ORIENTED_EDGE('',*,*,#6581,.F.);
#6603 = PLANE('',#6604);
#6604 = AXIS2_PLACEMENT_3D('',#6605,#6606,#6607);
#6605 = CARTESIAN_POINT('',(-2.90000839594,-4.69999481909,0.2));
#6606 = DIRECTION('',(0.563816915417,0.751753089418,0.342020143326));
#6607 = DIRECTION('',(-0.799998928149,0.600001429133,-2.484124017599E-14
    ));
#6608 = ADVANCED_FACE('',(#6609),#6615,.F.);
#6609 = FACE_BOUND('',#6610,.T.);
#6610 = EDGE_LOOP('',(#6611,#6612,#6613,#6614));
#6611 = ORIENTED_EDGE('',*,*,#6546,.T.);
#6612 = ORIENTED_EDGE('',*,*,#6567,.T.);
#6613 = ORIENTED_EDGE('',*,*,#6360,.F.);
#6614 = ORIENTED_EDGE('',*,*,#6597,.F.);
#6615 = PLANE('',#6616);
#6616 = AXIS2_PLACEMENT_3D('',#6617,#6618,#6619);
#6617 = CARTESIAN_POINT('',(-2.05000562699,-3.14999633755,0.2));
#6618 = DIRECTION('',(-0.751753089418,0.563816915417,0.342020143326));
#6619 = DIRECTION('',(-0.600001429133,-0.799998928149,
    -2.484124017599E-14));
#6620 = ADVANCED_FACE('',(#6621),#6655,.T.);
#6621 = FACE_BOUND('',#6622,.T.);
#6622 = EDGE_LOOP('',(#6623,#6633,#6641,#6649));
#6623 = ORIENTED_EDGE('',*,*,#6624,.T.);
#6624 = EDGE_CURVE('',#6625,#6627,#6629,.T.);
#6625 = VERTEX_POINT('',#6626);
#6626 = CARTESIAN_POINT('',(-3.27816768608,-3.30286164165,0.5));
#6627 = VERTEX_POINT('',#6628);
#6628 = CARTESIAN_POINT('',(-3.05287370029,-3.4718327609,0.5));
#6629 = LINE('',#6630,#6631);
#6630 = CARTESIAN_POINT('',(-3.16552069288,-3.38734720198,0.5));
#6631 = VECTOR('',#6632,1.);
#6632 = DIRECTION('',(0.799998927983,-0.600001429354,0.));
#6633 = ORIENTED_EDGE('',*,*,#6634,.T.);
#6634 = EDGE_CURVE('',#6627,#6635,#6637,.T.);
#6635 = VERTEX_POINT('',#6636);
#6636 = CARTESIAN_POINT('',(-3.22184481767,-3.69712674545,0.5));
#6637 = LINE('',#6638,#6639);
#6638 = CARTESIAN_POINT('',(-3.13735925884,-3.58447975278,0.5));
#6639 = VECTOR('',#6640,1.);
#6640 = DIRECTION('',(-0.600001428698,-0.799998928475,0.));
#6641 = ORIENTED_EDGE('',*,*,#6642,.T.);
#6642 = EDGE_CURVE('',#6635,#6643,#6645,.T.);
#6643 = VERTEX_POINT('',#6644);
#6644 = CARTESIAN_POINT('',(-3.4471388034,-3.52815562787,0.5));
#6645 = LINE('',#6646,#6647);
#6646 = CARTESIAN_POINT('',(-3.33449181085,-3.61264118671,0.5));
#6647 = VECTOR('',#6648,1.);
#6648 = DIRECTION('',(-0.799998928179,0.600001429091,0.));
#6649 = ORIENTED_EDGE('',*,*,#6650,.T.);
#6650 = EDGE_CURVE('',#6643,#6625,#6651,.T.);
#6651 = LINE('',#6652,#6653);
#6652 = CARTESIAN_POINT('',(-3.36265324485,-3.41550863422,0.5));
#6653 = VECTOR('',#6654,1.);
#6654 = DIRECTION('',(0.600001428698,0.799998928475,0.));
#6655 = PLANE('',#6656);
#6656 = AXIS2_PLACEMENT_3D('',#6657,#6658,#6659);
#6657 = CARTESIAN_POINT('',(0.,0.,0.5));
#6658 = DIRECTION('',(-0.,0.,-1.));
#6659 = DIRECTION('',(-1.,-1.22464679915E-16,0.));
#6660 = ADVANCED_FACE('',(#6661),#6675,.T.);
#6661 = FACE_BOUND('',#6662,.T.);
#6662 = EDGE_LOOP('',(#6663,#6668,#6669,#6674));
#6663 = ORIENTED_EDGE('',*,*,#6664,.T.);
#6664 = EDGE_CURVE('',#6635,#6259,#6665,.T.);
#6665 = B_SPLINE_CURVE_WITH_KNOTS('',1,(#6666,#6667),.UNSPECIFIED.,.F.,
  .F.,(2,2),(0.666868175017,1.00427798592),.PIECEWISE_BEZIER_KNOTS.);
#6666 = CARTESIAN_POINT('',(-3.22184481853,-3.6971267452,0.5000000011));
#6667 = CARTESIAN_POINT('',(-3.20000687748,-3.84999428317,0.2));
#6668 = ORIENTED_EDGE('',*,*,#6258,.T.);
#6669 = ORIENTED_EDGE('',*,*,#6670,.F.);
#6670 = EDGE_CURVE('',#6643,#6251,#6671,.T.);
#6671 = B_SPLINE_CURVE_WITH_KNOTS('',1,(#6672,#6673),.UNSPECIFIED.,.F.,
  .F.,(2,2),(0.666868175017,1.00427798592),.PIECEWISE_BEZIER_KNOTS.);
#6672 = CARTESIAN_POINT('',(-3.44713880359,-3.52815562755,0.5000000011)
  );
#6673 = CARTESIAN_POINT('',(-3.60000634156,-3.5499935686,0.2));
#6674 = ORIENTED_EDGE('',*,*,#6642,.F.);
#6675 = PLANE('',#6676);
#6676 = AXIS2_PLACEMENT_3D('',#6677,#6678,#6679);
#6677 = CARTESIAN_POINT('',(-3.40000660952,-3.69999392588,0.2));
#6678 = DIRECTION('',(0.563816915417,0.751753089418,-0.342020143326));
#6679 = DIRECTION('',(-0.799998928149,0.600001429133,2.484124017599E-14)
  );
#6680 = ADVANCED_FACE('',(#6681),#6691,.T.);
#6681 = FACE_BOUND('',#6682,.T.);
#6682 = EDGE_LOOP('',(#6683,#6688,#6689,#6690));
#6683 = ORIENTED_EDGE('',*,*,#6684,.T.);
#6684 = EDGE_CURVE('',#6627,#6243,#6685,.T.);
#6685 = B_SPLINE_CURVE_WITH_KNOTS('',1,(#6686,#6687),.UNSPECIFIED.,.F.,
  .F.,(2,2),(0.666868175017,1.00427798592),.PIECEWISE_BEZIER_KNOTS.);
#6686 = CARTESIAN_POINT('',(-3.05287370088,-3.47183276014,0.5000000011)
  );
#6687 = CARTESIAN_POINT('',(-2.90000616291,-3.44999481909,0.2));
#6688 = ORIENTED_EDGE('',*,*,#6266,.T.);
#6689 = ORIENTED_EDGE('',*,*,#6664,.F.);
#6690 = ORIENTED_EDGE('',*,*,#6634,.F.);
#6691 = PLANE('',#6692);
#6692 = AXIS2_PLACEMENT_3D('',#6693,#6694,#6695);
#6693 = CARTESIAN_POINT('',(-2.45000509106,-2.84999562298,0.2));
#6694 = DIRECTION('',(-0.751753089418,0.563816915417,-0.342020143326));
#6695 = DIRECTION('',(-0.600001429133,-0.799998928149,2.484124017599E-14
    ));
#6696 = ADVANCED_FACE('',(#6697),#6707,.T.);
#6697 = FACE_BOUND('',#6698,.T.);
#6698 = EDGE_LOOP('',(#6699,#6704,#6705,#6706));
#6699 = ORIENTED_EDGE('',*,*,#6700,.T.);
#6700 = EDGE_CURVE('',#6625,#6241,#6701,.T.);
#6701 = B_SPLINE_CURVE_WITH_KNOTS('',1,(#6702,#6703),.UNSPECIFIED.,.F.,
  .F.,(2,2),(0.666868175017,1.00427798592),.PIECEWISE_BEZIER_KNOTS.);
#6702 = CARTESIAN_POINT('',(-3.27816768594,-3.30286164249,0.5000000011)
  );
#6703 = CARTESIAN_POINT('',(-3.30000562699,-3.14999410453,0.2));
#6704 = ORIENTED_EDGE('',*,*,#6240,.T.);
#6705 = ORIENTED_EDGE('',*,*,#6684,.F.);
#6706 = ORIENTED_EDGE('',*,*,#6624,.F.);
#6707 = PLANE('',#6708);
#6708 = AXIS2_PLACEMENT_3D('',#6709,#6710,#6711);
#6709 = CARTESIAN_POINT('',(-3.10000589495,-3.29999446181,0.2));
#6710 = DIRECTION('',(-0.563816915417,-0.751753089418,-0.342020143326));
#6711 = DIRECTION('',(0.799998928149,-0.600001429133,2.484124017599E-14)
  );
#6712 = ADVANCED_FACE('',(#6713),#6719,.T.);
#6713 = FACE_BOUND('',#6714,.T.);
#6714 = EDGE_LOOP('',(#6715,#6716,#6717,#6718));
#6715 = ORIENTED_EDGE('',*,*,#6670,.T.);
#6716 = ORIENTED_EDGE('',*,*,#6250,.T.);
#6717 = ORIENTED_EDGE('',*,*,#6700,.F.);
#6718 = ORIENTED_EDGE('',*,*,#6650,.F.);
#6719 = PLANE('',#6720);
#6720 = AXIS2_PLACEMENT_3D('',#6721,#6722,#6723);
#6721 = CARTESIAN_POINT('',(-2.85000455514,-2.54999490841,0.2));
#6722 = DIRECTION('',(0.751753089418,-0.563816915417,-0.342020143326));
#6723 = DIRECTION('',(0.600001429133,0.799998928149,2.484124017599E-14)
  );
#6724 = ADVANCED_FACE('',(#6725),#6759,.T.);
#6725 = FACE_BOUND('',#6726,.T.);
#6726 = EDGE_LOOP('',(#6727,#6737,#6745,#6753));
#6727 = ORIENTED_EDGE('',*,*,#6728,.F.);
#6728 = EDGE_CURVE('',#6729,#6731,#6733,.T.);
#6729 = VERTEX_POINT('',#6730);
#6730 = CARTESIAN_POINT('',(-2.25287477336,-4.07183418947,0.5));
#6731 = VERTEX_POINT('',#6732);
#6732 = CARTESIAN_POINT('',(-2.4781687574,-3.90286307186,0.5));
#6733 = LINE('',#6734,#6735);
#6734 = CARTESIAN_POINT('',(-2.36552176589,-3.9873486308,0.5));
#6735 = VECTOR('',#6736,1.);
#6736 = DIRECTION('',(-0.799998928671,0.600001428435,0.));
#6737 = ORIENTED_EDGE('',*,*,#6738,.F.);
#6738 = EDGE_CURVE('',#6739,#6729,#6741,.T.);
#6739 = VERTEX_POINT('',#6740);
#6740 = CARTESIAN_POINT('',(-2.42184589042,-4.29712817495,0.5));
#6741 = LINE('',#6742,#6743);
#6742 = CARTESIAN_POINT('',(-2.33736033175,-4.18448118253,0.5));
#6743 = VECTOR('',#6744,1.);
#6744 = DIRECTION('',(0.600001428829,0.799998928376,0.));
#6745 = ORIENTED_EDGE('',*,*,#6746,.F.);
#6746 = EDGE_CURVE('',#6747,#6739,#6749,.T.);
#6747 = VERTEX_POINT('',#6748);
#6748 = CARTESIAN_POINT('',(-2.64713987591,-4.12815705633,0.5));
#6749 = LINE('',#6750,#6751);
#6750 = CARTESIAN_POINT('',(-2.53449288336,-4.21264261517,0.5));
#6751 = VECTOR('',#6752,1.);
#6752 = DIRECTION('',(0.799998928179,-0.600001429091,0.));
#6753 = ORIENTED_EDGE('',*,*,#6754,.F.);
#6754 = EDGE_CURVE('',#6731,#6747,#6755,.T.);
#6755 = LINE('',#6756,#6757);
#6756 = CARTESIAN_POINT('',(-2.56265431628,-4.01551006432,0.5));
#6757 = VECTOR('',#6758,1.);
#6758 = DIRECTION('',(-0.600001429616,-0.799998927786,0.));
#6759 = PLANE('',#6760);
#6760 = AXIS2_PLACEMENT_3D('',#6761,#6762,#6763);
#6761 = CARTESIAN_POINT('',(0.,0.,0.5));
#6762 = DIRECTION('',(-0.,0.,-1.));
#6763 = DIRECTION('',(-1.,-1.22464679915E-16,0.));
#6764 = ADVANCED_FACE('',(#6765),#6779,.F.);
#6765 = FACE_BOUND('',#6766,.T.);
#6766 = EDGE_LOOP('',(#6767,#6768,#6773,#6774));
#6767 = ORIENTED_EDGE('',*,*,#6746,.T.);
#6768 = ORIENTED_EDGE('',*,*,#6769,.T.);
#6769 = EDGE_CURVE('',#6739,#6207,#6770,.T.);
#6770 = B_SPLINE_CURVE_WITH_KNOTS('',1,(#6771,#6772),.UNSPECIFIED.,.F.,
  .F.,(2,2),(0.666868175017,1.00427798592),.PIECEWISE_BEZIER_KNOTS.);
#6771 = CARTESIAN_POINT('',(-2.42184589038,-4.29712817434,0.5000000011)
  );
#6772 = CARTESIAN_POINT('',(-2.40000794933,-4.4499957123,0.2));
#6773 = ORIENTED_EDGE('',*,*,#6232,.F.);
#6774 = ORIENTED_EDGE('',*,*,#6775,.F.);
#6775 = EDGE_CURVE('',#6747,#6225,#6776,.T.);
#6776 = B_SPLINE_CURVE_WITH_KNOTS('',1,(#6777,#6778),.UNSPECIFIED.,.F.,
  .F.,(2,2),(0.666868175017,1.00427798592),.PIECEWISE_BEZIER_KNOTS.);
#6777 = CARTESIAN_POINT('',(-2.64713987544,-4.12815705668,0.5000000011)
  );
#6778 = CARTESIAN_POINT('',(-2.80000741341,-4.14999499773,0.2));
#6779 = PLANE('',#6780);
#6780 = AXIS2_PLACEMENT_3D('',#6781,#6782,#6783);
#6781 = CARTESIAN_POINT('',(-2.60000768137,-4.29999535502,0.2));
#6782 = DIRECTION('',(-0.563816915417,-0.751753089418,0.342020143326));
#6783 = DIRECTION('',(0.799998928149,-0.600001429133,-2.484124017599E-14
    ));
#6784 = ADVANCED_FACE('',(#6785),#6795,.F.);
#6785 = FACE_BOUND('',#6786,.T.);
#6786 = EDGE_LOOP('',(#6787,#6788,#6793,#6794));
#6787 = ORIENTED_EDGE('',*,*,#6738,.T.);
#6788 = ORIENTED_EDGE('',*,*,#6789,.T.);
#6789 = EDGE_CURVE('',#6729,#6209,#6790,.T.);
#6790 = B_SPLINE_CURVE_WITH_KNOTS('',1,(#6791,#6792),.UNSPECIFIED.,.F.,
  .F.,(2,2),(0.666868175017,1.00427798592),.PIECEWISE_BEZIER_KNOTS.);
#6791 = CARTESIAN_POINT('',(-2.25287477273,-4.07183418928,0.5000000011)
  );
#6792 = CARTESIAN_POINT('',(-2.10000723477,-4.04999624822,0.2));
#6793 = ORIENTED_EDGE('',*,*,#6206,.F.);
#6794 = ORIENTED_EDGE('',*,*,#6769,.F.);
#6795 = PLANE('',#6796);
#6796 = AXIS2_PLACEMENT_3D('',#6797,#6798,#6799);
#6797 = CARTESIAN_POINT('',(-1.65000616292,-3.44999705211,0.2));
#6798 = DIRECTION('',(0.751753089418,-0.563816915417,0.342020143326));
#6799 = DIRECTION('',(0.600001429133,0.799998928149,-2.484124017599E-14)
  );
#6800 = ADVANCED_FACE('',(#6801),#6811,.F.);
#6801 = FACE_BOUND('',#6802,.T.);
#6802 = EDGE_LOOP('',(#6803,#6804,#6809,#6810));
#6803 = ORIENTED_EDGE('',*,*,#6728,.T.);
#6804 = ORIENTED_EDGE('',*,*,#6805,.T.);
#6805 = EDGE_CURVE('',#6731,#6217,#6806,.T.);
#6806 = B_SPLINE_CURVE_WITH_KNOTS('',1,(#6807,#6808),.UNSPECIFIED.,.F.,
  .F.,(2,2),(0.666868175017,1.00427798592),.PIECEWISE_BEZIER_KNOTS.);
#6807 = CARTESIAN_POINT('',(-2.47816875779,-3.90286307162,0.5000000011)
  );
#6808 = CARTESIAN_POINT('',(-2.50000669884,-3.74999553366,0.2));
#6809 = ORIENTED_EDGE('',*,*,#6216,.F.);
#6810 = ORIENTED_EDGE('',*,*,#6789,.F.);
#6811 = PLANE('',#6812);
#6812 = AXIS2_PLACEMENT_3D('',#6813,#6814,#6815);
#6813 = CARTESIAN_POINT('',(-2.3000069668,-3.89999589094,0.2));
#6814 = DIRECTION('',(0.563816915417,0.751753089418,0.342020143326));
#6815 = DIRECTION('',(-0.799998928149,0.600001429133,-2.484124017599E-14
    ));
#6816 = ADVANCED_FACE('',(#6817),#6823,.F.);
#6817 = FACE_BOUND('',#6818,.T.);
#6818 = EDGE_LOOP('',(#6819,#6820,#6821,#6822));
#6819 = ORIENTED_EDGE('',*,*,#6754,.T.);
#6820 = ORIENTED_EDGE('',*,*,#6775,.T.);
#6821 = ORIENTED_EDGE('',*,*,#6224,.F.);
#6822 = ORIENTED_EDGE('',*,*,#6805,.F.);
#6823 = PLANE('',#6824);
#6824 = AXIS2_PLACEMENT_3D('',#6825,#6826,#6827);
#6825 = CARTESIAN_POINT('',(-2.05000562699,-3.14999633755,0.2));
#6826 = DIRECTION('',(-0.751753089418,0.563816915417,0.342020143326));
#6827 = DIRECTION('',(-0.600001429133,-0.799998928149,
    -2.484124017599E-14));
#6828 = ADVANCED_FACE('',(#6829),#6863,.T.);
#6829 = FACE_BOUND('',#6830,.T.);
#6830 = EDGE_LOOP('',(#6831,#6841,#6849,#6857));
#6831 = ORIENTED_EDGE('',*,*,#6832,.T.);
#6832 = EDGE_CURVE('',#6833,#6835,#6837,.T.);
#6833 = VERTEX_POINT('',#6834);
#6834 = CARTESIAN_POINT('',(-1.67816982942,-4.50286450067,0.5));
#6835 = VERTEX_POINT('',#6836);
#6836 = CARTESIAN_POINT('',(-1.45287584468,-4.67183561813,0.5));
#6837 = LINE('',#6838,#6839);
#6838 = CARTESIAN_POINT('',(-1.56552283739,-4.58735005932,0.5));
#6839 = VECTOR('',#6840,1.);
#6840 = DIRECTION('',(0.799998928671,-0.600001428435,0.));
#6841 = ORIENTED_EDGE('',*,*,#6842,.T.);
#6842 = EDGE_CURVE('',#6835,#6843,#6845,.T.);
#6843 = VERTEX_POINT('',#6844);
#6844 = CARTESIAN_POINT('',(-1.62184696139,-4.8971296031,0.5));
#6845 = LINE('',#6846,#6847);
#6846 = CARTESIAN_POINT('',(-1.53736140262,-4.78448261064,0.5));
#6847 = VECTOR('',#6848,1.);
#6848 = DIRECTION('',(-0.600001429091,-0.799998928179,0.));
#6849 = ORIENTED_EDGE('',*,*,#6850,.T.);
#6850 = EDGE_CURVE('',#6843,#6851,#6853,.T.);
#6851 = VERTEX_POINT('',#6852);
#6852 = CARTESIAN_POINT('',(-1.84714094744,-4.72815848523,0.5));
#6853 = LINE('',#6854,#6855);
#6854 = CARTESIAN_POINT('',(-1.73449395479,-4.81264404402,0.5));
#6855 = VECTOR('',#6856,1.);
#6856 = DIRECTION('',(-0.799998928573,0.600001428567,0.));
#6857 = ORIENTED_EDGE('',*,*,#6858,.T.);
#6858 = EDGE_CURVE('',#6851,#6833,#6859,.T.);
#6859 = LINE('',#6860,#6861);
#6860 = CARTESIAN_POINT('',(-1.76265538826,-4.61551149334,0.5));
#6861 = VECTOR('',#6862,1.);
#6862 = DIRECTION('',(0.600001428698,0.799998928475,0.));
#6863 = PLANE('',#6864);
#6864 = AXIS2_PLACEMENT_3D('',#6865,#6866,#6867);
#6865 = CARTESIAN_POINT('',(0.,0.,0.5));
#6866 = DIRECTION('',(-0.,0.,-1.));
#6867 = DIRECTION('',(-1.,-1.22464679915E-16,0.));
#6868 = ADVANCED_FACE('',(#6869),#6883,.T.);
#6869 = FACE_BOUND('',#6870,.T.);
#6870 = EDGE_LOOP('',(#6871,#6876,#6877,#6882));
#6871 = ORIENTED_EDGE('',*,*,#6872,.T.);
#6872 = EDGE_CURVE('',#6843,#6293,#6873,.T.);
#6873 = B_SPLINE_CURVE_WITH_KNOTS('',1,(#6874,#6875),.UNSPECIFIED.,.F.,
  .F.,(2,2),(0.666868175017,1.00427798592),.PIECEWISE_BEZIER_KNOTS.);
#6874 = CARTESIAN_POINT('',(-1.62184696223,-4.89712960347,0.5000000011)
  );
#6875 = CARTESIAN_POINT('',(-1.60000902118,-5.04999714143,0.2));
#6876 = ORIENTED_EDGE('',*,*,#6292,.T.);
#6877 = ORIENTED_EDGE('',*,*,#6878,.F.);
#6878 = EDGE_CURVE('',#6851,#6285,#6879,.T.);
#6879 = B_SPLINE_CURVE_WITH_KNOTS('',1,(#6880,#6881),.UNSPECIFIED.,.F.,
  .F.,(2,2),(0.666868175017,1.00427798592),.PIECEWISE_BEZIER_KNOTS.);
#6880 = CARTESIAN_POINT('',(-1.84714094729,-4.72815848581,0.5000000011)
  );
#6881 = CARTESIAN_POINT('',(-2.00000848526,-4.74999642687,0.2));
#6882 = ORIENTED_EDGE('',*,*,#6850,.F.);
#6883 = PLANE('',#6884);
#6884 = AXIS2_PLACEMENT_3D('',#6885,#6886,#6887);
#6885 = CARTESIAN_POINT('',(-1.80000875322,-4.89999678415,0.2));
#6886 = DIRECTION('',(0.563816915417,0.751753089418,-0.342020143326));
#6887 = DIRECTION('',(-0.799998928149,0.600001429133,2.484124017599E-14)
  );
#6888 = ADVANCED_FACE('',(#6889),#6899,.T.);
#6889 = FACE_BOUND('',#6890,.T.);
#6890 = EDGE_LOOP('',(#6891,#6896,#6897,#6898));
#6891 = ORIENTED_EDGE('',*,*,#6892,.T.);
#6892 = EDGE_CURVE('',#6835,#6277,#6893,.T.);
#6893 = B_SPLINE_CURVE_WITH_KNOTS('',1,(#6894,#6895),.UNSPECIFIED.,.F.,
  .F.,(2,2),(0.666868175017,1.00427798592),.PIECEWISE_BEZIER_KNOTS.);
#6894 = CARTESIAN_POINT('',(-1.45287584458,-4.67183561841,0.5000000011)
  );
#6895 = CARTESIAN_POINT('',(-1.30000830662,-4.64999767736,0.2));
#6896 = ORIENTED_EDGE('',*,*,#6300,.T.);
#6897 = ORIENTED_EDGE('',*,*,#6872,.F.);
#6898 = ORIENTED_EDGE('',*,*,#6842,.F.);
#6899 = PLANE('',#6900);
#6900 = AXIS2_PLACEMENT_3D('',#6901,#6902,#6903);
#6901 = CARTESIAN_POINT('',(-0.850007234768,-4.04999848125,0.2));
#6902 = DIRECTION('',(-0.751753089418,0.563816915417,-0.342020143326));
#6903 = DIRECTION('',(-0.600001429133,-0.799998928149,2.484124017599E-14
    ));
#6904 = ADVANCED_FACE('',(#6905),#6915,.T.);
#6905 = FACE_BOUND('',#6906,.T.);
#6906 = EDGE_LOOP('',(#6907,#6912,#6913,#6914));
#6907 = ORIENTED_EDGE('',*,*,#6908,.T.);
#6908 = EDGE_CURVE('',#6833,#6275,#6909,.T.);
#6909 = B_SPLINE_CURVE_WITH_KNOTS('',1,(#6910,#6911),.UNSPECIFIED.,.F.,
  .F.,(2,2),(0.666868175017,1.00427798592),.PIECEWISE_BEZIER_KNOTS.);
#6910 = CARTESIAN_POINT('',(-1.67816982964,-4.50286450076,0.5000000011)
  );
#6911 = CARTESIAN_POINT('',(-1.70000777069,-4.34999696279,0.2));
#6912 = ORIENTED_EDGE('',*,*,#6274,.T.);
#6913 = ORIENTED_EDGE('',*,*,#6892,.F.);
#6914 = ORIENTED_EDGE('',*,*,#6832,.F.);
#6915 = PLANE('',#6916);
#6916 = AXIS2_PLACEMENT_3D('',#6917,#6918,#6919);
#6917 = CARTESIAN_POINT('',(-1.50000803865,-4.49999732007,0.2));
#6918 = DIRECTION('',(-0.563816915417,-0.751753089418,-0.342020143326));
#6919 = DIRECTION('',(0.799998928149,-0.600001429133,2.484124017599E-14)
  );
#6920 = ADVANCED_FACE('',(#6921),#6927,.T.);
#6921 = FACE_BOUND('',#6922,.T.);
#6922 = EDGE_LOOP('',(#6923,#6924,#6925,#6926));
#6923 = ORIENTED_EDGE('',*,*,#6878,.T.);
#6924 = ORIENTED_EDGE('',*,*,#6284,.T.);
#6925 = ORIENTED_EDGE('',*,*,#6908,.F.);
#6926 = ORIENTED_EDGE('',*,*,#6858,.F.);
#6927 = PLANE('',#6928);
#6928 = AXIS2_PLACEMENT_3D('',#6929,#6930,#6931);
#6929 = CARTESIAN_POINT('',(-1.25000669884,-3.74999776668,0.2));
#6930 = DIRECTION('',(0.751753089418,-0.563816915417,-0.342020143326));
#6931 = DIRECTION('',(0.600001429133,0.799998928149,2.484124017599E-14)
  );
#6932 = ADVANCED_FACE('',(#6933),#6967,.T.);
#6933 = FACE_BOUND('',#6934,.T.);
#6934 = EDGE_LOOP('',(#6935,#6945,#6953,#6961));
#6935 = ORIENTED_EDGE('',*,*,#6936,.T.);
#6936 = EDGE_CURVE('',#6937,#6939,#6941,.T.);
#6937 = VERTEX_POINT('',#6938);
#6938 = CARTESIAN_POINT('',(-4.07816661437,-2.70286021408,0.5));
#6939 = VERTEX_POINT('',#6940);
#6940 = CARTESIAN_POINT('',(-3.85287262821,-2.87183133188,0.5));
#6941 = LINE('',#6942,#6943);
#6942 = CARTESIAN_POINT('',(-3.96551962083,-2.78734577302,0.5));
#6943 = VECTOR('',#6944,1.);
#6944 = DIRECTION('',(0.799998928278,-0.60000142896,0.));
#6945 = ORIENTED_EDGE('',*,*,#6946,.T.);
#6946 = EDGE_CURVE('',#6939,#6947,#6949,.T.);
#6947 = VERTEX_POINT('',#6948);
#6948 = CARTESIAN_POINT('',(-4.02184374665,-3.09712531617,0.5));
#6949 = LINE('',#6950,#6951);
#6950 = CARTESIAN_POINT('',(-3.93735818782,-2.98447832362,0.5));
#6951 = VECTOR('',#6952,1.);
#6952 = DIRECTION('',(-0.600001429091,-0.799998928179,0.));
#6953 = ORIENTED_EDGE('',*,*,#6954,.T.);
#6954 = EDGE_CURVE('',#6947,#6955,#6957,.T.);
#6955 = VERTEX_POINT('',#6956);
#6956 = CARTESIAN_POINT('',(-4.24713773163,-2.92815419822,0.5));
#6957 = LINE('',#6958,#6959);
#6958 = CARTESIAN_POINT('',(-4.13449073908,-3.01263975717,0.5));
#6959 = VECTOR('',#6960,1.);
#6960 = DIRECTION('',(-0.799998927786,0.600001429616,0.));
#6961 = ORIENTED_EDGE('',*,*,#6962,.T.);
#6962 = EDGE_CURVE('',#6955,#6937,#6963,.T.);
#6963 = LINE('',#6964,#6965);
#6964 = CARTESIAN_POINT('',(-4.16265217323,-2.81550720636,0.5));
#6965 = VECTOR('',#6966,1.);
#6966 = DIRECTION('',(0.600001430141,0.799998927392,0.));
#6967 = PLANE('',#6968);
#6968 = AXIS2_PLACEMENT_3D('',#6969,#6970,#6971);
#6969 = CARTESIAN_POINT('',(0.,0.,0.5));
#6970 = DIRECTION('',(-0.,0.,-1.));
#6971 = DIRECTION('',(-1.,-1.22464679915E-16,0.));
#6972 = ADVANCED_FACE('',(#6973),#6987,.T.);
#6973 = FACE_BOUND('',#6974,.T.);
#6974 = EDGE_LOOP('',(#6975,#6980,#6981,#6986));
#6975 = ORIENTED_EDGE('',*,*,#6976,.T.);
#6976 = EDGE_CURVE('',#6947,#6327,#6977,.T.);
#6977 = B_SPLINE_CURVE_WITH_KNOTS('',1,(#6978,#6979),.UNSPECIFIED.,.F.,
  .F.,(2,2),(0.666868175017,1.00427798592),.PIECEWISE_BEZIER_KNOTS.);
#6978 = CARTESIAN_POINT('',(-4.02184374668,-3.09712531607,0.5000000011)
  );
#6979 = CARTESIAN_POINT('',(-4.00000580563,-3.24999285403,0.2));
#6980 = ORIENTED_EDGE('',*,*,#6326,.T.);
#6981 = ORIENTED_EDGE('',*,*,#6982,.F.);
#6982 = EDGE_CURVE('',#6955,#6319,#6983,.T.);
#6983 = B_SPLINE_CURVE_WITH_KNOTS('',1,(#6984,#6985),.UNSPECIFIED.,.F.,
  .F.,(2,2),(0.666868175017,1.00427798592),.PIECEWISE_BEZIER_KNOTS.);
#6984 = CARTESIAN_POINT('',(-4.24713773174,-2.92815419842,0.5000000011)
  );
#6985 = CARTESIAN_POINT('',(-4.4000052697,-2.94999213947,0.2));
#6986 = ORIENTED_EDGE('',*,*,#6954,.F.);
#6987 = PLANE('',#6988);
#6988 = AXIS2_PLACEMENT_3D('',#6989,#6990,#6991);
#6989 = CARTESIAN_POINT('',(-4.20000553767,-3.09999249675,0.2));
#6990 = DIRECTION('',(0.563816915417,0.751753089418,-0.342020143326));
#6991 = DIRECTION('',(-0.799998928149,0.600001429133,2.484124017599E-14)
  );
#6992 = ADVANCED_FACE('',(#6993),#7003,.T.);
#6993 = FACE_BOUND('',#6994,.T.);
#6994 = EDGE_LOOP('',(#6995,#7000,#7001,#7002));
#6995 = ORIENTED_EDGE('',*,*,#6996,.T.);
#6996 = EDGE_CURVE('',#6939,#6311,#6997,.T.);
#6997 = B_SPLINE_CURVE_WITH_KNOTS('',1,(#6998,#6999),.UNSPECIFIED.,.F.,
  .F.,(2,2),(0.666868175017,1.00427798592),.PIECEWISE_BEZIER_KNOTS.);
#6998 = CARTESIAN_POINT('',(-3.85287262903,-2.87183133101,0.5000000011)
  );
#6999 = CARTESIAN_POINT('',(-3.70000509106,-2.84999338996,0.2));
#7000 = ORIENTED_EDGE('',*,*,#6334,.T.);
#7001 = ORIENTED_EDGE('',*,*,#6976,.F.);
#7002 = ORIENTED_EDGE('',*,*,#6946,.F.);
#7003 = PLANE('',#7004);
#7004 = AXIS2_PLACEMENT_3D('',#7005,#7006,#7007);
#7005 = CARTESIAN_POINT('',(-3.25000401921,-2.24999419385,0.2));
#7006 = DIRECTION('',(-0.751753089418,0.563816915417,-0.342020143326));
#7007 = DIRECTION('',(-0.600001429133,-0.799998928149,2.484124017599E-14
    ));
#7008 = ADVANCED_FACE('',(#7009),#7019,.T.);
#7009 = FACE_BOUND('',#7010,.T.);
#7010 = EDGE_LOOP('',(#7011,#7016,#7017,#7018));
#7011 = ORIENTED_EDGE('',*,*,#7012,.T.);
#7012 = EDGE_CURVE('',#6937,#6309,#7013,.T.);
#7013 = B_SPLINE_CURVE_WITH_KNOTS('',1,(#7014,#7015),.UNSPECIFIED.,.F.,
  .F.,(2,2),(0.666868175017,1.00427798592),.PIECEWISE_BEZIER_KNOTS.);
#7014 = CARTESIAN_POINT('',(-4.07816661409,-2.70286021336,0.5000000011)
  );
#7015 = CARTESIAN_POINT('',(-4.10000455514,-2.54999267539,0.2));
#7016 = ORIENTED_EDGE('',*,*,#6308,.T.);
#7017 = ORIENTED_EDGE('',*,*,#6996,.F.);
#7018 = ORIENTED_EDGE('',*,*,#6936,.F.);
#7019 = PLANE('',#7020);
#7020 = AXIS2_PLACEMENT_3D('',#7021,#7022,#7023);
#7021 = CARTESIAN_POINT('',(-3.9000048231,-2.69999303268,0.2));
#7022 = DIRECTION('',(-0.563816915417,-0.751753089418,-0.342020143326));
#7023 = DIRECTION('',(0.799998928149,-0.600001429133,2.484124017599E-14)
  );
#7024 = ADVANCED_FACE('',(#7025),#7031,.T.);
#7025 = FACE_BOUND('',#7026,.T.);
#7026 = EDGE_LOOP('',(#7027,#7028,#7029,#7030));
#7027 = ORIENTED_EDGE('',*,*,#6982,.T.);
#7028 = ORIENTED_EDGE('',*,*,#6318,.T.);
#7029 = ORIENTED_EDGE('',*,*,#7012,.F.);
#7030 = ORIENTED_EDGE('',*,*,#6962,.F.);
#7031 = PLANE('',#7032);
#7032 = AXIS2_PLACEMENT_3D('',#7033,#7034,#7035);
#7033 = CARTESIAN_POINT('',(-3.65000348329,-1.94999347928,0.2));
#7034 = DIRECTION('',(0.751753089418,-0.563816915417,-0.342020143326));
#7035 = DIRECTION('',(0.600001429133,0.799998928149,2.484124017599E-14)
  );
#7036 = ADVANCED_FACE('',(#7037),#7064,.T.);
#7037 = FACE_BOUND('',#7038,.T.);
#7038 = EDGE_LOOP('',(#7039,#7050,#7058));
#7039 = ORIENTED_EDGE('',*,*,#7040,.T.);
#7040 = EDGE_CURVE('',#7041,#7043,#7045,.T.);
#7041 = VERTEX_POINT('',#7042);
#7042 = CARTESIAN_POINT('',(-4.48687774476,-3.71716603058,0.5));
#7043 = VERTEX_POINT('',#7044);
#7044 = CARTESIAN_POINT('',(-4.50618867013,-3.63184448933,0.5));
#7045 = CIRCLE('',#7046,2.15);
#7046 = AXIS2_PLACEMENT_3D('',#7047,#7048,#7049);
#7047 = CARTESIAN_POINT('',(-2.40000571653,-3.19999571259,0.5));
#7048 = DIRECTION('',(0.,0.,-1.));
#7049 = DIRECTION('',(-1.,0.,0.));
#7050 = ORIENTED_EDGE('',*,*,#7051,.T.);
#7051 = EDGE_CURVE('',#7043,#7052,#7054,.T.);
#7052 = VERTEX_POINT('',#7053);
#7053 = CARTESIAN_POINT('',(-4.45287528228,-3.67183037169,0.5));
#7054 = LINE('',#7055,#7056);
#7055 = CARTESIAN_POINT('',(-4.4795319762,-3.65183743051,0.5));
#7056 = VECTOR('',#7057,1.);
#7057 = DIRECTION('',(0.799993939129,-0.600008081076,0.));
#7058 = ORIENTED_EDGE('',*,*,#7059,.F.);
#7059 = EDGE_CURVE('',#7041,#7052,#7060,.T.);
#7060 = LINE('',#7061,#7062);
#7061 = CARTESIAN_POINT('',(-4.46987651352,-3.69449820113,0.5));
#7062 = VECTOR('',#7063,1.);
#7063 = DIRECTION('',(0.600008112208,0.79999391578,0.));
#7064 = PLANE('',#7065);
#7065 = AXIS2_PLACEMENT_3D('',#7066,#7067,#7068);
#7066 = CARTESIAN_POINT('',(0.,0.,0.5));
#7067 = DIRECTION('',(-0.,0.,-1.));
#7068 = DIRECTION('',(-1.,-1.22464679915E-16,0.));
#7069 = ADVANCED_FACE('',(#7070),#7086,.T.);
#7070 = FACE_BOUND('',#7071,.T.);
#7071 = EDGE_LOOP('',(#7072,#7077,#7078,#7085));
#7072 = ORIENTED_EDGE('',*,*,#7073,.T.);
#7073 = EDGE_CURVE('',#7052,#5805,#7074,.T.);
#7074 = B_SPLINE_CURVE_WITH_KNOTS('',1,(#7075,#7076),.UNSPECIFIED.,.F.,
  .F.,(2,2),(0.883888949424,1.22129875909),.PIECEWISE_BEZIER_KNOTS.);
#7075 = CARTESIAN_POINT('',(-4.4528740576,-3.67183025908,0.5));
#7076 = CARTESIAN_POINT('',(-4.3000065202,-3.64999231811,0.2));
#7077 = ORIENTED_EDGE('',*,*,#5804,.T.);
#7078 = ORIENTED_EDGE('',*,*,#7079,.T.);
#7079 = EDGE_CURVE('',#5796,#7041,#7080,.T.);
#7080 = B_SPLINE_CURVE_WITH_KNOTS('',3,(#7081,#7082,#7083,#7084),
  .UNSPECIFIED.,.F.,.F.,(4,4),(0.,0.466580799368),
  .PIECEWISE_BEZIER_KNOTS.);
#7081 = CARTESIAN_POINT('',(-4.44957821775,-3.84942050597,0.2));
#7082 = CARTESIAN_POINT('',(-4.46314299185,-3.80661033262,0.300387247324
    ));
#7083 = CARTESIAN_POINT('',(-4.47562404321,-3.76257213873,0.40041687492)
  );
#7084 = CARTESIAN_POINT('',(-4.48687588447,-3.71716585952,0.5));
#7085 = ORIENTED_EDGE('',*,*,#7059,.T.);
#7086 = PLANE('',#7087);
#7087 = AXIS2_PLACEMENT_3D('',#7088,#7089,#7090);
#7088 = CARTESIAN_POINT('',(-3.25000401921,-2.24999419385,0.2));
#7089 = DIRECTION('',(-0.751753089418,0.563816915417,-0.342020143326));
#7090 = DIRECTION('',(-0.600001429133,-0.799998928149,2.484124017599E-14
    ));
#7091 = ADVANCED_FACE('',(#7092),#7104,.T.);
#7092 = FACE_BOUND('',#7093,.T.);
#7093 = EDGE_LOOP('',(#7094,#7095,#7102,#7103));
#7094 = ORIENTED_EDGE('',*,*,#7051,.F.);
#7095 = ORIENTED_EDGE('',*,*,#7096,.T.);
#7096 = EDGE_CURVE('',#7043,#5813,#7097,.T.);
#7097 = B_SPLINE_CURVE_WITH_KNOTS('',3,(#7098,#7099,#7100,#7101),
  .UNSPECIFIED.,.F.,.F.,(4,4),(0.,0.479643672264),
  .PIECEWISE_BEZIER_KNOTS.);
#7098 = CARTESIAN_POINT('',(-4.50618826813,-3.63184445237,0.5));
#7099 = CARTESIAN_POINT('',(-4.51711366343,-3.57855987087,0.40089201838)
  );
#7100 = CARTESIAN_POINT('',(-4.52567074095,-3.5265999133,0.300791383245)
  );
#7101 = CARTESIAN_POINT('',(-4.53223995339,-3.47581659498,0.2));
#7102 = ORIENTED_EDGE('',*,*,#5812,.T.);
#7103 = ORIENTED_EDGE('',*,*,#7073,.F.);
#7104 = PLANE('',#7105);
#7105 = AXIS2_PLACEMENT_3D('',#7106,#7107,#7108);
#7106 = CARTESIAN_POINT('',(-4.50000625223,-3.49999196082,0.2));
#7107 = DIRECTION('',(-0.563816915417,-0.751753089418,-0.342020143326));
#7108 = DIRECTION('',(0.799998928149,-0.600001429133,2.484124017599E-14)
  );
#7109 = ADVANCED_FACE('',(#7110),#7144,.T.);
#7110 = FACE_BOUND('',#7111,.T.);
#7111 = EDGE_LOOP('',(#7112,#7122,#7130,#7138));
#7112 = ORIENTED_EDGE('',*,*,#7113,.T.);
#7113 = EDGE_CURVE('',#7114,#7116,#7118,.T.);
#7114 = VERTEX_POINT('',#7115);
#7115 = CARTESIAN_POINT('',(-3.47816518472,-1.9028612852,0.5));
#7116 = VERTEX_POINT('',#7117);
#7117 = CARTESIAN_POINT('',(-3.25287119981,-2.07183240302,0.5));
#7118 = LINE('',#7119,#7120);
#7119 = CARTESIAN_POINT('',(-3.36551819239,-1.98734684414,0.5));
#7120 = VECTOR('',#7121,1.);
#7121 = DIRECTION('',(0.799998928081,-0.600001429223,0.));
#7122 = ORIENTED_EDGE('',*,*,#7123,.T.);
#7123 = EDGE_CURVE('',#7116,#7124,#7126,.T.);
#7124 = VERTEX_POINT('',#7125);
#7125 = CARTESIAN_POINT('',(-3.4218423177,-2.29712638844,0.5));
#7126 = LINE('',#7127,#7128);
#7127 = CARTESIAN_POINT('',(-3.33735675882,-2.18447939586,0.5));
#7128 = VECTOR('',#7129,1.);
#7129 = DIRECTION('',(-0.600001429223,-0.799998928081,0.));
#7130 = ORIENTED_EDGE('',*,*,#7131,.T.);
#7131 = EDGE_CURVE('',#7124,#7132,#7134,.T.);
#7132 = VERTEX_POINT('',#7133);
#7133 = CARTESIAN_POINT('',(-3.64713630306,-2.12815527036,0.5));
#7134 = LINE('',#7135,#7136);
#7135 = CARTESIAN_POINT('',(-3.53448931039,-2.21264082931,0.5));
#7136 = VECTOR('',#7137,1.);
#7137 = DIRECTION('',(-0.799998928081,0.600001429223,0.));
#7138 = ORIENTED_EDGE('',*,*,#7139,.T.);
#7139 = EDGE_CURVE('',#7132,#7114,#7140,.T.);
#7140 = LINE('',#7141,#7142);
#7141 = CARTESIAN_POINT('',(-3.56265074363,-2.01550827773,0.5));
#7142 = VECTOR('',#7143,1.);
#7143 = DIRECTION('',(0.600001429485,0.799998927884,0.));
#7144 = PLANE('',#7145);
#7145 = AXIS2_PLACEMENT_3D('',#7146,#7147,#7148);
#7146 = CARTESIAN_POINT('',(0.,0.,0.5));
#7147 = DIRECTION('',(-0.,0.,-1.));
#7148 = DIRECTION('',(-1.,-1.22464679915E-16,0.));
#7149 = ADVANCED_FACE('',(#7150),#7164,.T.);
#7150 = FACE_BOUND('',#7151,.T.);
#7151 = EDGE_LOOP('',(#7152,#7157,#7158,#7163));
#7152 = ORIENTED_EDGE('',*,*,#7153,.T.);
#7153 = EDGE_CURVE('',#7124,#6123,#7154,.T.);
#7154 = B_SPLINE_CURVE_WITH_KNOTS('',1,(#7155,#7156),.UNSPECIFIED.,.F.,
  .F.,(2,2),(0.666868175017,1.00427798592),.PIECEWISE_BEZIER_KNOTS.);
#7155 = CARTESIAN_POINT('',(-3.42184231755,-2.29712638792,0.5000000011)
  );
#7156 = CARTESIAN_POINT('',(-3.4000043765,-2.44999392589,0.2));
#7157 = ORIENTED_EDGE('',*,*,#6122,.T.);
#7158 = ORIENTED_EDGE('',*,*,#7159,.F.);
#7159 = EDGE_CURVE('',#7132,#6115,#7160,.T.);
#7160 = B_SPLINE_CURVE_WITH_KNOTS('',1,(#7161,#7162),.UNSPECIFIED.,.F.,
  .F.,(2,2),(0.666868175017,1.00427798592),.PIECEWISE_BEZIER_KNOTS.);
#7161 = CARTESIAN_POINT('',(-3.64713630261,-2.12815527027,0.5000000011)
  );
#7162 = CARTESIAN_POINT('',(-3.80000384057,-2.14999321132,0.2));
#7163 = ORIENTED_EDGE('',*,*,#7131,.F.);
#7164 = PLANE('',#7165);
#7165 = AXIS2_PLACEMENT_3D('',#7166,#7167,#7168);
#7166 = CARTESIAN_POINT('',(-3.60000410853,-2.2999935686,0.2));
#7167 = DIRECTION('',(0.563816915417,0.751753089418,-0.342020143326));
#7168 = DIRECTION('',(-0.799998928149,0.600001429133,2.484124017599E-14)
  );
#7169 = ADVANCED_FACE('',(#7170),#7180,.T.);
#7170 = FACE_BOUND('',#7171,.T.);
#7171 = EDGE_LOOP('',(#7172,#7177,#7178,#7179));
#7172 = ORIENTED_EDGE('',*,*,#7173,.T.);
#7173 = EDGE_CURVE('',#7116,#6107,#7174,.T.);
#7174 = B_SPLINE_CURVE_WITH_KNOTS('',1,(#7175,#7176),.UNSPECIFIED.,.F.,
  .F.,(2,2),(0.666868175017,1.00427798592),.PIECEWISE_BEZIER_KNOTS.);
#7175 = CARTESIAN_POINT('',(-3.25287119989,-2.07183240286,0.5000000011)
  );
#7176 = CARTESIAN_POINT('',(-3.10000366193,-2.04999446181,0.2));
#7177 = ORIENTED_EDGE('',*,*,#6130,.T.);
#7178 = ORIENTED_EDGE('',*,*,#7153,.F.);
#7179 = ORIENTED_EDGE('',*,*,#7123,.F.);
#7180 = PLANE('',#7181);
#7181 = AXIS2_PLACEMENT_3D('',#7182,#7183,#7184);
#7182 = CARTESIAN_POINT('',(-3.25000401921,-2.24999419385,0.2));
#7183 = DIRECTION('',(-0.751753089418,0.563816915417,-0.342020143326));
#7184 = DIRECTION('',(-0.600001429133,-0.799998928149,2.484124017599E-14
    ));
#7185 = ADVANCED_FACE('',(#7186),#7196,.T.);
#7186 = FACE_BOUND('',#7187,.T.);
#7187 = EDGE_LOOP('',(#7188,#7193,#7194,#7195));
#7188 = ORIENTED_EDGE('',*,*,#7189,.T.);
#7189 = EDGE_CURVE('',#7114,#6105,#7190,.T.);
#7190 = B_SPLINE_CURVE_WITH_KNOTS('',1,(#7191,#7192),.UNSPECIFIED.,.F.,
  .F.,(2,2),(0.666868175017,1.00427798592),.PIECEWISE_BEZIER_KNOTS.);
#7191 = CARTESIAN_POINT('',(-3.47816518495,-1.90286128521,0.5000000011)
  );
#7192 = CARTESIAN_POINT('',(-3.500003126,-1.74999374724,0.2));
#7193 = ORIENTED_EDGE('',*,*,#6104,.T.);
#7194 = ORIENTED_EDGE('',*,*,#7173,.F.);
#7195 = ORIENTED_EDGE('',*,*,#7113,.F.);
#7196 = PLANE('',#7197);
#7197 = AXIS2_PLACEMENT_3D('',#7198,#7199,#7200);
#7198 = CARTESIAN_POINT('',(-3.30000339397,-1.89999410453,0.2));
#7199 = DIRECTION('',(-0.563816915417,-0.751753089418,-0.342020143326));
#7200 = DIRECTION('',(0.799998928149,-0.600001429133,2.484124017599E-14)
  );
#7201 = ADVANCED_FACE('',(#7202),#7208,.T.);
#7202 = FACE_BOUND('',#7203,.T.);
#7203 = EDGE_LOOP('',(#7204,#7205,#7206,#7207));
#7204 = ORIENTED_EDGE('',*,*,#7159,.T.);
#7205 = ORIENTED_EDGE('',*,*,#6114,.T.);
#7206 = ORIENTED_EDGE('',*,*,#7189,.F.);
#7207 = ORIENTED_EDGE('',*,*,#7139,.F.);
#7208 = PLANE('',#7209);
#7209 = AXIS2_PLACEMENT_3D('',#7210,#7211,#7212);
#7210 = CARTESIAN_POINT('',(-3.65000348329,-1.94999347928,0.2));
#7211 = DIRECTION('',(0.751753089418,-0.563816915417,-0.342020143326));
#7212 = DIRECTION('',(0.600001429133,0.799998928149,2.484124017599E-14)
  );
#7213 = ADVANCED_FACE('',(#7214),#7248,.T.);
#7214 = FACE_BOUND('',#7215,.T.);
#7215 = EDGE_LOOP('',(#7216,#7226,#7234,#7242));
#7216 = ORIENTED_EDGE('',*,*,#7217,.T.);
#7217 = EDGE_CURVE('',#7218,#7220,#7222,.T.);
#7218 = VERTEX_POINT('',#7219);
#7219 = CARTESIAN_POINT('',(-2.67816625686,-2.50286271378,0.5));
#7220 = VERTEX_POINT('',#7221);
#7221 = CARTESIAN_POINT('',(-2.45287227108,-2.67183383211,0.5));
#7222 = LINE('',#7223,#7224);
#7223 = CARTESIAN_POINT('',(-2.56551926368,-2.58734827318,0.5));
#7224 = VECTOR('',#7225,1.);
#7225 = DIRECTION('',(0.799998927983,-0.600001429354,0.));
#7226 = ORIENTED_EDGE('',*,*,#7227,.T.);
#7227 = EDGE_CURVE('',#7220,#7228,#7230,.T.);
#7228 = VERTEX_POINT('',#7229);
#7229 = CARTESIAN_POINT('',(-2.62184338754,-2.89712781666,0.5));
#7230 = LINE('',#7231,#7232);
#7231 = CARTESIAN_POINT('',(-2.5373578287,-2.78448082399,0.5));
#7232 = VECTOR('',#7233,1.);
#7233 = DIRECTION('',(-0.600001428698,-0.799998928475,0.));
#7234 = ORIENTED_EDGE('',*,*,#7235,.T.);
#7235 = EDGE_CURVE('',#7228,#7236,#7238,.T.);
#7236 = VERTEX_POINT('',#7237);
#7237 = CARTESIAN_POINT('',(-2.84713737544,-2.72815669845,0.5));
#7238 = LINE('',#7239,#7240);
#7239 = CARTESIAN_POINT('',(-2.73449038286,-2.81264225733,0.5));
#7240 = VECTOR('',#7241,1.);
#7241 = DIRECTION('',(-0.799998928081,0.600001429223,0.));
#7242 = ORIENTED_EDGE('',*,*,#7243,.T.);
#7243 = EDGE_CURVE('',#7236,#7218,#7244,.T.);
#7244 = LINE('',#7245,#7246);
#7245 = CARTESIAN_POINT('',(-2.76265181577,-2.61550970642,0.5));
#7246 = VECTOR('',#7247,1.);
#7247 = DIRECTION('',(0.600001429091,0.799998928179,0.));
#7248 = PLANE('',#7249);
#7249 = AXIS2_PLACEMENT_3D('',#7250,#7251,#7252);
#7250 = CARTESIAN_POINT('',(0.,0.,0.5));
#7251 = DIRECTION('',(-0.,0.,-1.));
#7252 = DIRECTION('',(-1.,-1.22464679915E-16,0.));
#7253 = ADVANCED_FACE('',(#7254),#7268,.T.);
#7254 = FACE_BOUND('',#7255,.T.);
#7255 = EDGE_LOOP('',(#7256,#7261,#7262,#7267));
#7256 = ORIENTED_EDGE('',*,*,#7257,.T.);
#7257 = EDGE_CURVE('',#7228,#6089,#7258,.T.);
#7258 = B_SPLINE_CURVE_WITH_KNOTS('',1,(#7259,#7260),.UNSPECIFIED.,.F.,
  .F.,(2,2),(0.666868175017,1.00427798592),.PIECEWISE_BEZIER_KNOTS.);
#7259 = CARTESIAN_POINT('',(-2.6218433894,-2.89712781705,0.5000000011));
#7260 = CARTESIAN_POINT('',(-2.60000544835,-3.04999535502,0.2));
#7261 = ORIENTED_EDGE('',*,*,#6088,.T.);
#7262 = ORIENTED_EDGE('',*,*,#7263,.F.);
#7263 = EDGE_CURVE('',#7236,#6081,#7264,.T.);
#7264 = B_SPLINE_CURVE_WITH_KNOTS('',1,(#7265,#7266),.UNSPECIFIED.,.F.,
  .F.,(2,2),(0.666868175017,1.00427798592),.PIECEWISE_BEZIER_KNOTS.);
#7265 = CARTESIAN_POINT('',(-2.84713737446,-2.7281566994,0.5000000011));
#7266 = CARTESIAN_POINT('',(-3.00000491242,-2.74999464045,0.2));
#7267 = ORIENTED_EDGE('',*,*,#7235,.F.);
#7268 = PLANE('',#7269);
#7269 = AXIS2_PLACEMENT_3D('',#7270,#7271,#7272);
#7270 = CARTESIAN_POINT('',(-2.80000518039,-2.89999499773,0.2));
#7271 = DIRECTION('',(0.563816915417,0.751753089418,-0.342020143326));
#7272 = DIRECTION('',(-0.799998928149,0.600001429133,2.484124017599E-14)
  );
#7273 = ADVANCED_FACE('',(#7274),#7284,.T.);
#7274 = FACE_BOUND('',#7275,.T.);
#7275 = EDGE_LOOP('',(#7276,#7281,#7282,#7283));
#7276 = ORIENTED_EDGE('',*,*,#7277,.T.);
#7277 = EDGE_CURVE('',#7220,#6073,#7278,.T.);
#7278 = B_SPLINE_CURVE_WITH_KNOTS('',1,(#7279,#7280),.UNSPECIFIED.,.F.,
  .F.,(2,2),(0.666868175017,1.00427798592),.PIECEWISE_BEZIER_KNOTS.);
#7279 = CARTESIAN_POINT('',(-2.45287227175,-2.67183383199,0.5000000011)
  );
#7280 = CARTESIAN_POINT('',(-2.30000473378,-2.64999589094,0.2));
#7281 = ORIENTED_EDGE('',*,*,#6096,.T.);
#7282 = ORIENTED_EDGE('',*,*,#7257,.F.);
#7283 = ORIENTED_EDGE('',*,*,#7227,.F.);
#7284 = PLANE('',#7285);
#7285 = AXIS2_PLACEMENT_3D('',#7286,#7287,#7288);
#7286 = CARTESIAN_POINT('',(-2.45000509106,-2.84999562298,0.2));
#7287 = DIRECTION('',(-0.751753089418,0.563816915417,-0.342020143326));
#7288 = DIRECTION('',(-0.600001429133,-0.799998928149,2.484124017599E-14
    ));
#7289 = ADVANCED_FACE('',(#7290),#7300,.T.);
#7290 = FACE_BOUND('',#7291,.T.);
#7291 = EDGE_LOOP('',(#7292,#7297,#7298,#7299));
#7292 = ORIENTED_EDGE('',*,*,#7293,.T.);
#7293 = EDGE_CURVE('',#7218,#6071,#7294,.T.);
#7294 = B_SPLINE_CURVE_WITH_KNOTS('',1,(#7295,#7296),.UNSPECIFIED.,.F.,
  .F.,(2,2),(0.666868175017,1.00427798592),.PIECEWISE_BEZIER_KNOTS.);
#7295 = CARTESIAN_POINT('',(-2.67816625681,-2.50286271434,0.5000000011)
  );
#7296 = CARTESIAN_POINT('',(-2.70000419786,-2.34999517638,0.2));
#7297 = ORIENTED_EDGE('',*,*,#6070,.T.);
#7298 = ORIENTED_EDGE('',*,*,#7277,.F.);
#7299 = ORIENTED_EDGE('',*,*,#7217,.F.);
#7300 = PLANE('',#7301);
#7301 = AXIS2_PLACEMENT_3D('',#7302,#7303,#7304);
#7302 = CARTESIAN_POINT('',(-2.50000446582,-2.49999553366,0.2));
#7303 = DIRECTION('',(-0.563816915417,-0.751753089418,-0.342020143326));
#7304 = DIRECTION('',(0.799998928149,-0.600001429133,2.484124017599E-14)
  );
#7305 = ADVANCED_FACE('',(#7306),#7312,.T.);
#7306 = FACE_BOUND('',#7307,.T.);
#7307 = EDGE_LOOP('',(#7308,#7309,#7310,#7311));
#7308 = ORIENTED_EDGE('',*,*,#7263,.T.);
#7309 = ORIENTED_EDGE('',*,*,#6080,.T.);
#7310 = ORIENTED_EDGE('',*,*,#7293,.F.);
#7311 = ORIENTED_EDGE('',*,*,#7243,.F.);
#7312 = PLANE('',#7313);
#7313 = AXIS2_PLACEMENT_3D('',#7314,#7315,#7316);
#7314 = CARTESIAN_POINT('',(-2.85000455514,-2.54999490841,0.2));
#7315 = DIRECTION('',(0.751753089418,-0.563816915417,-0.342020143326));
#7316 = DIRECTION('',(0.600001429133,0.799998928149,2.484124017599E-14)
  );
#7317 = ADVANCED_FACE('',(#7318),#7352,.T.);
#7318 = FACE_BOUND('',#7319,.T.);
#7319 = EDGE_LOOP('',(#7320,#7330,#7338,#7346));
#7320 = ORIENTED_EDGE('',*,*,#7321,.F.);
#7321 = EDGE_CURVE('',#7322,#7324,#7326,.T.);
#7322 = VERTEX_POINT('',#7323);
#7323 = CARTESIAN_POINT('',(-1.65287334373,-3.27183526093,0.5));
#7324 = VERTEX_POINT('',#7325);
#7325 = CARTESIAN_POINT('',(-1.8781673282,-3.102864144,0.5));
#7326 = LINE('',#7327,#7328);
#7327 = CARTESIAN_POINT('',(-1.76552033616,-3.18734970221,0.5));
#7328 = VECTOR('',#7329,1.);
#7329 = DIRECTION('',(-0.799998928278,0.60000142896,0.));
#7330 = ORIENTED_EDGE('',*,*,#7331,.F.);
#7331 = EDGE_CURVE('',#7332,#7322,#7334,.T.);
#7332 = VERTEX_POINT('',#7333);
#7333 = CARTESIAN_POINT('',(-1.82184446178,-3.49712924691,0.5));
#7334 = LINE('',#7335,#7336);
#7335 = CARTESIAN_POINT('',(-1.73735890297,-3.38448225442,0.5));
#7336 = VECTOR('',#7337,1.);
#7337 = DIRECTION('',(0.600001429223,0.799998928081,0.));
#7338 = ORIENTED_EDGE('',*,*,#7339,.F.);
#7339 = EDGE_CURVE('',#7340,#7332,#7342,.T.);
#7340 = VERTEX_POINT('',#7341);
#7341 = CARTESIAN_POINT('',(-2.04713844553,-3.32815812742,0.5));
#7342 = LINE('',#7343,#7344);
#7343 = CARTESIAN_POINT('',(-1.93449145289,-3.41264368621,0.5));
#7344 = VECTOR('',#7345,1.);
#7345 = DIRECTION('',(0.799998928573,-0.600001428567,0.));
#7346 = ORIENTED_EDGE('',*,*,#7347,.F.);
#7347 = EDGE_CURVE('',#7324,#7340,#7348,.T.);
#7348 = LINE('',#7349,#7350);
#7349 = CARTESIAN_POINT('',(-1.96265288708,-3.21551113646,0.5));
#7350 = VECTOR('',#7351,1.);
#7351 = DIRECTION('',(-0.600001429616,-0.799998927786,0.));
#7352 = PLANE('',#7353);
#7353 = AXIS2_PLACEMENT_3D('',#7354,#7355,#7356);
#7354 = CARTESIAN_POINT('',(0.,0.,0.5));
#7355 = DIRECTION('',(-0.,0.,-1.));
#7356 = DIRECTION('',(-1.,-1.22464679915E-16,0.));
#7357 = ADVANCED_FACE('',(#7358),#7372,.F.);
#7358 = FACE_BOUND('',#7359,.T.);
#7359 = EDGE_LOOP('',(#7360,#7361,#7366,#7367));
#7360 = ORIENTED_EDGE('',*,*,#7339,.T.);
#7361 = ORIENTED_EDGE('',*,*,#7362,.T.);
#7362 = EDGE_CURVE('',#7332,#6003,#7363,.T.);
#7363 = B_SPLINE_CURVE_WITH_KNOTS('',1,(#7364,#7365),.UNSPECIFIED.,.F.,
  .F.,(2,2),(0.666868175017,1.00427798592),.PIECEWISE_BEZIER_KNOTS.);
#7364 = CARTESIAN_POINT('',(-1.82184446125,-3.49712924619,0.5000000011)
  );
#7365 = CARTESIAN_POINT('',(-1.8000065202,-3.64999678415,0.2));
#7366 = ORIENTED_EDGE('',*,*,#6028,.F.);
#7367 = ORIENTED_EDGE('',*,*,#7368,.F.);
#7368 = EDGE_CURVE('',#7340,#6021,#7369,.T.);
#7369 = B_SPLINE_CURVE_WITH_KNOTS('',1,(#7370,#7371),.UNSPECIFIED.,.F.,
  .F.,(2,2),(0.666868175017,1.00427798592),.PIECEWISE_BEZIER_KNOTS.);
#7370 = CARTESIAN_POINT('',(-2.04713844631,-3.32815812853,0.5000000011)
  );
#7371 = CARTESIAN_POINT('',(-2.20000598427,-3.34999606958,0.2));
#7372 = PLANE('',#7373);
#7373 = AXIS2_PLACEMENT_3D('',#7374,#7375,#7376);
#7374 = CARTESIAN_POINT('',(-2.00000625224,-3.49999642687,0.2));
#7375 = DIRECTION('',(-0.563816915417,-0.751753089418,0.342020143326));
#7376 = DIRECTION('',(0.799998928149,-0.600001429133,-2.484124017599E-14
    ));
#7377 = ADVANCED_FACE('',(#7378),#7388,.F.);
#7378 = FACE_BOUND('',#7379,.T.);
#7379 = EDGE_LOOP('',(#7380,#7381,#7386,#7387));
#7380 = ORIENTED_EDGE('',*,*,#7331,.T.);
#7381 = ORIENTED_EDGE('',*,*,#7382,.T.);
#7382 = EDGE_CURVE('',#7322,#6005,#7383,.T.);
#7383 = B_SPLINE_CURVE_WITH_KNOTS('',1,(#7384,#7385),.UNSPECIFIED.,.F.,
  .F.,(2,2),(0.666868175017,1.00427798592),.PIECEWISE_BEZIER_KNOTS.);
#7384 = CARTESIAN_POINT('',(-1.6528733436,-3.27183526113,0.5000000011));
#7385 = CARTESIAN_POINT('',(-1.50000580563,-3.24999732008,0.2));
#7386 = ORIENTED_EDGE('',*,*,#6002,.F.);
#7387 = ORIENTED_EDGE('',*,*,#7362,.F.);
#7388 = PLANE('',#7389);
#7389 = AXIS2_PLACEMENT_3D('',#7390,#7391,#7392);
#7390 = CARTESIAN_POINT('',(-1.65000616292,-3.44999705211,0.2));
#7391 = DIRECTION('',(0.751753089418,-0.563816915417,0.342020143326));
#7392 = DIRECTION('',(0.600001429133,0.799998928149,-2.484124017599E-14)
  );
#7393 = ADVANCED_FACE('',(#7394),#7404,.F.);
#7394 = FACE_BOUND('',#7395,.T.);
#7395 = EDGE_LOOP('',(#7396,#7397,#7402,#7403));
#7396 = ORIENTED_EDGE('',*,*,#7321,.T.);
#7397 = ORIENTED_EDGE('',*,*,#7398,.T.);
#7398 = EDGE_CURVE('',#7324,#6013,#7399,.T.);
#7399 = B_SPLINE_CURVE_WITH_KNOTS('',1,(#7400,#7401),.UNSPECIFIED.,.F.,
  .F.,(2,2),(0.666868175017,1.00427798592),.PIECEWISE_BEZIER_KNOTS.);
#7400 = CARTESIAN_POINT('',(-1.87816732866,-3.10286414347,0.5000000011)
  );
#7401 = CARTESIAN_POINT('',(-1.90000526971,-2.94999660551,0.2));
#7402 = ORIENTED_EDGE('',*,*,#6012,.F.);
#7403 = ORIENTED_EDGE('',*,*,#7382,.F.);
#7404 = PLANE('',#7405);
#7405 = AXIS2_PLACEMENT_3D('',#7406,#7407,#7408);
#7406 = CARTESIAN_POINT('',(-1.70000553767,-3.09999696279,0.2));
#7407 = DIRECTION('',(0.563816915417,0.751753089418,0.342020143326));
#7408 = DIRECTION('',(-0.799998928149,0.600001429133,-2.484124017599E-14
    ));
#7409 = ADVANCED_FACE('',(#7410),#7416,.F.);
#7410 = FACE_BOUND('',#7411,.T.);
#7411 = EDGE_LOOP('',(#7412,#7413,#7414,#7415));
#7412 = ORIENTED_EDGE('',*,*,#7347,.T.);
#7413 = ORIENTED_EDGE('',*,*,#7368,.T.);
#7414 = ORIENTED_EDGE('',*,*,#6020,.F.);
#7415 = ORIENTED_EDGE('',*,*,#7398,.F.);
#7416 = PLANE('',#7417);
#7417 = AXIS2_PLACEMENT_3D('',#7418,#7419,#7420);
#7418 = CARTESIAN_POINT('',(-2.05000562699,-3.14999633755,0.2));
#7419 = DIRECTION('',(-0.751753089418,0.563816915417,0.342020143326));
#7420 = DIRECTION('',(-0.600001429133,-0.799998928149,
    -2.484124017599E-14));
#7421 = ADVANCED_FACE('',(#7422),#7456,.T.);
#7422 = FACE_BOUND('',#7423,.T.);
#7423 = EDGE_LOOP('',(#7424,#7434,#7442,#7450));
#7424 = ORIENTED_EDGE('',*,*,#7425,.T.);
#7425 = EDGE_CURVE('',#7426,#7428,#7430,.T.);
#7426 = VERTEX_POINT('',#7427);
#7427 = CARTESIAN_POINT('',(-1.07816840077,-3.70286557263,0.5));
#7428 = VERTEX_POINT('',#7429);
#7429 = CARTESIAN_POINT('',(-0.852874416413,-3.87183668964,0.5));
#7430 = LINE('',#7431,#7432);
#7431 = CARTESIAN_POINT('',(-0.965521408988,-3.78735113088,0.5));
#7432 = VECTOR('',#7433,1.);
#7433 = DIRECTION('',(0.799998928475,-0.600001428698,0.));
#7434 = ORIENTED_EDGE('',*,*,#7435,.T.);
#7435 = EDGE_CURVE('',#7428,#7436,#7438,.T.);
#7436 = VERTEX_POINT('',#7437);
#7437 = CARTESIAN_POINT('',(-1.02184553237,-4.09713067519,0.5));
#7438 = LINE('',#7439,#7440);
#7439 = CARTESIAN_POINT('',(-0.937359973537,-3.98448368264,0.5));
#7440 = VECTOR('',#7441,1.);
#7441 = DIRECTION('',(-0.600001429091,-0.799998928179,0.));
#7442 = ORIENTED_EDGE('',*,*,#7443,.T.);
#7443 = EDGE_CURVE('',#7436,#7444,#7446,.T.);
#7444 = VERTEX_POINT('',#7445);
#7445 = CARTESIAN_POINT('',(-1.24713951872,-3.92815955699,0.5));
#7446 = LINE('',#7447,#7448);
#7447 = CARTESIAN_POINT('',(-1.13449252612,-4.01264511591,0.5));
#7448 = VECTOR('',#7449,1.);
#7449 = DIRECTION('',(-0.799998927983,0.600001429354,0.));
#7450 = ORIENTED_EDGE('',*,*,#7451,.T.);
#7451 = EDGE_CURVE('',#7444,#7426,#7452,.T.);
#7452 = LINE('',#7453,#7454);
#7453 = CARTESIAN_POINT('',(-1.16265395961,-3.8155125653,0.5));
#7454 = VECTOR('',#7455,1.);
#7455 = DIRECTION('',(0.600001428698,0.799998928475,0.));
#7456 = PLANE('',#7457);
#7457 = AXIS2_PLACEMENT_3D('',#7458,#7459,#7460);
#7458 = CARTESIAN_POINT('',(0.,0.,0.5));
#7459 = DIRECTION('',(-0.,0.,-1.));
#7460 = DIRECTION('',(-1.,-1.22464679915E-16,0.));
#7461 = ADVANCED_FACE('',(#7462),#7476,.T.);
#7462 = FACE_BOUND('',#7463,.T.);
#7463 = EDGE_LOOP('',(#7464,#7469,#7470,#7475));
#7464 = ORIENTED_EDGE('',*,*,#7465,.T.);
#7465 = EDGE_CURVE('',#7436,#6055,#7466,.T.);
#7466 = B_SPLINE_CURVE_WITH_KNOTS('',1,(#7467,#7468),.UNSPECIFIED.,.F.,
  .F.,(2,2),(0.666868175017,1.00427798592),.PIECEWISE_BEZIER_KNOTS.);
#7467 = CARTESIAN_POINT('',(-1.0218455331,-4.09713067532,0.5000000011));
#7468 = CARTESIAN_POINT('',(-1.00000759205,-4.24999821328,0.2));
#7469 = ORIENTED_EDGE('',*,*,#6054,.T.);
#7470 = ORIENTED_EDGE('',*,*,#7471,.F.);
#7471 = EDGE_CURVE('',#7444,#6047,#7472,.T.);
#7472 = B_SPLINE_CURVE_WITH_KNOTS('',1,(#7473,#7474),.UNSPECIFIED.,.F.,
  .F.,(2,2),(0.666868175017,1.00427798592),.PIECEWISE_BEZIER_KNOTS.);
#7473 = CARTESIAN_POINT('',(-1.24713951816,-3.92815955767,0.5000000011)
  );
#7474 = CARTESIAN_POINT('',(-1.40000705613,-3.94999749872,0.2));
#7475 = ORIENTED_EDGE('',*,*,#7443,.F.);
#7476 = PLANE('',#7477);
#7477 = AXIS2_PLACEMENT_3D('',#7478,#7479,#7480);
#7478 = CARTESIAN_POINT('',(-1.20000732409,-4.099997856,0.2));
#7479 = DIRECTION('',(0.563816915417,0.751753089418,-0.342020143326));
#7480 = DIRECTION('',(-0.799998928149,0.600001429133,2.484124017599E-14)
  );
#7481 = ADVANCED_FACE('',(#7482),#7492,.T.);
#7482 = FACE_BOUND('',#7483,.T.);
#7483 = EDGE_LOOP('',(#7484,#7489,#7490,#7491));
#7484 = ORIENTED_EDGE('',*,*,#7485,.T.);
#7485 = EDGE_CURVE('',#7428,#6039,#7486,.T.);
#7486 = B_SPLINE_CURVE_WITH_KNOTS('',1,(#7487,#7488),.UNSPECIFIED.,.F.,
  .F.,(2,2),(0.666868175017,1.00427798592),.PIECEWISE_BEZIER_KNOTS.);
#7487 = CARTESIAN_POINT('',(-0.852874415449,-3.87183669026,0.5000000011)
  );
#7488 = CARTESIAN_POINT('',(-0.700006877485,-3.84999874921,0.2));
#7489 = ORIENTED_EDGE('',*,*,#6062,.T.);
#7490 = ORIENTED_EDGE('',*,*,#7465,.F.);
#7491 = ORIENTED_EDGE('',*,*,#7435,.F.);
#7492 = PLANE('',#7493);
#7493 = AXIS2_PLACEMENT_3D('',#7494,#7495,#7496);
#7494 = CARTESIAN_POINT('',(-0.850007234768,-4.04999848125,0.2));
#7495 = DIRECTION('',(-0.751753089418,0.563816915417,-0.342020143326));
#7496 = DIRECTION('',(-0.600001429133,-0.799998928149,2.484124017599E-14
    ));
#7497 = ADVANCED_FACE('',(#7498),#7508,.T.);
#7498 = FACE_BOUND('',#7499,.T.);
#7499 = EDGE_LOOP('',(#7500,#7505,#7506,#7507));
#7500 = ORIENTED_EDGE('',*,*,#7501,.T.);
#7501 = EDGE_CURVE('',#7426,#6037,#7502,.T.);
#7502 = B_SPLINE_CURVE_WITH_KNOTS('',1,(#7503,#7504),.UNSPECIFIED.,.F.,
  .F.,(2,2),(0.666868175017,1.00427798592),.PIECEWISE_BEZIER_KNOTS.);
#7503 = CARTESIAN_POINT('',(-1.07816840051,-3.70286557261,0.5000000011)
  );
#7504 = CARTESIAN_POINT('',(-1.10000634156,-3.54999803464,0.2));
#7505 = ORIENTED_EDGE('',*,*,#6036,.T.);
#7506 = ORIENTED_EDGE('',*,*,#7485,.F.);
#7507 = ORIENTED_EDGE('',*,*,#7425,.F.);
#7508 = PLANE('',#7509);
#7509 = AXIS2_PLACEMENT_3D('',#7510,#7511,#7512);
#7510 = CARTESIAN_POINT('',(-0.900006609522,-3.69999839193,0.2));
#7511 = DIRECTION('',(-0.563816915417,-0.751753089418,-0.342020143326));
#7512 = DIRECTION('',(0.799998928149,-0.600001429133,2.484124017599E-14)
  );
#7513 = ADVANCED_FACE('',(#7514),#7520,.T.);
#7514 = FACE_BOUND('',#7515,.T.);
#7515 = EDGE_LOOP('',(#7516,#7517,#7518,#7519));
#7516 = ORIENTED_EDGE('',*,*,#7471,.T.);
#7517 = ORIENTED_EDGE('',*,*,#6046,.T.);
#7518 = ORIENTED_EDGE('',*,*,#7501,.F.);
#7519 = ORIENTED_EDGE('',*,*,#7451,.F.);
#7520 = PLANE('',#7521);
#7521 = AXIS2_PLACEMENT_3D('',#7522,#7523,#7524);
#7522 = CARTESIAN_POINT('',(-1.25000669884,-3.74999776668,0.2));
#7523 = DIRECTION('',(0.751753089418,-0.563816915417,-0.342020143326));
#7524 = DIRECTION('',(0.600001429133,0.799998928149,2.484124017599E-14)
  );
#7525 = ADVANCED_FACE('',(#7526),#7569,.T.);
#7526 = FACE_BOUND('',#7527,.T.);
#7527 = EDGE_LOOP('',(#7528,#7539,#7547,#7555,#7563));
#7528 = ORIENTED_EDGE('',*,*,#7529,.T.);
#7529 = EDGE_CURVE('',#7530,#7532,#7534,.T.);
#7530 = VERTEX_POINT('',#7531);
#7531 = CARTESIAN_POINT('',(-0.253873842706,-3.07108496768,0.5));
#7532 = VERTEX_POINT('',#7533);
#7533 = CARTESIAN_POINT('',(-0.253758574303,-3.07301853165,0.5));
#7534 = CIRCLE('',#7535,2.15);
#7535 = AXIS2_PLACEMENT_3D('',#7536,#7537,#7538);
#7536 = CARTESIAN_POINT('',(-2.40000571653,-3.19999571259,0.5));
#7537 = DIRECTION('',(0.,0.,-1.));
#7538 = DIRECTION('',(-1.,0.,0.));
#7539 = ORIENTED_EDGE('',*,*,#7540,.T.);
#7540 = EDGE_CURVE('',#7532,#7541,#7543,.T.);
#7541 = VERTEX_POINT('',#7542);
#7542 = CARTESIAN_POINT('',(-0.421844102549,-3.29713170172,0.5));
#7543 = LINE('',#7544,#7545);
#7544 = CARTESIAN_POINT('',(-0.337801338426,-3.18507511668,0.5));
#7545 = VECTOR('',#7546,1.);
#7546 = DIRECTION('',(-0.60000148655,-0.799998885086,0.));
#7547 = ORIENTED_EDGE('',*,*,#7548,.T.);
#7548 = EDGE_CURVE('',#7541,#7549,#7551,.T.);
#7549 = VERTEX_POINT('',#7550);
#7550 = CARTESIAN_POINT('',(-0.647138084793,-3.12816046491,0.5));
#7551 = LINE('',#7552,#7553);
#7552 = CARTESIAN_POINT('',(-0.534491093671,-3.21264608331,0.5));
#7553 = VECTOR('',#7554,1.);
#7554 = DIRECTION('',(-0.799998721458,0.600001704719,0.));
#7555 = ORIENTED_EDGE('',*,*,#7556,.T.);
#7556 = EDGE_CURVE('',#7549,#7557,#7559,.T.);
#7557 = VERTEX_POINT('',#7558);
#7558 = CARTESIAN_POINT('',(-0.47816695429,-2.90286605446,0.5));
#7559 = LINE('',#7560,#7561);
#7560 = CARTESIAN_POINT('',(-0.562652519542,-3.01551325969,0.5));
#7561 = VECTOR('',#7562,1.);
#7562 = DIRECTION('',(0.600000733284,0.799999450036,0.));
#7563 = ORIENTED_EDGE('',*,*,#7564,.F.);
#7564 = EDGE_CURVE('',#7530,#7557,#7565,.T.);
#7565 = LINE('',#7566,#7567);
#7566 = CARTESIAN_POINT('',(-0.366020398498,-2.98697551107,0.5));
#7567 = VECTOR('',#7568,1.);
#7568 = DIRECTION('',(-0.800001575886,0.599997898813,0.));
#7569 = PLANE('',#7570);
#7570 = AXIS2_PLACEMENT_3D('',#7571,#7572,#7573);
#7571 = CARTESIAN_POINT('',(0.,0.,0.5));
#7572 = DIRECTION('',(-0.,0.,-1.));
#7573 = DIRECTION('',(-1.,-1.22464679915E-16,0.));
#7574 = ADVANCED_FACE('',(#7575),#7591,.T.);
#7575 = FACE_BOUND('',#7576,.T.);
#7576 = EDGE_LOOP('',(#7577,#7582,#7583,#7590));
#7577 = ORIENTED_EDGE('',*,*,#7578,.F.);
#7578 = EDGE_CURVE('',#5946,#7557,#7579,.T.);
#7579 = B_SPLINE_CURVE_WITH_KNOTS('',1,(#7580,#7581),.UNSPECIFIED.,.F.,
  .F.,(2,2),(-1.00427798592,-0.666868176254),.PIECEWISE_BEZIER_KNOTS.);
#7580 = CARTESIAN_POINT('',(-0.500004912426,-2.74999910649,0.2));
#7581 = CARTESIAN_POINT('',(-0.478166971455,-2.9028666439,0.5));
#7582 = ORIENTED_EDGE('',*,*,#5945,.T.);
#7583 = ORIENTED_EDGE('',*,*,#7584,.T.);
#7584 = EDGE_CURVE('',#5937,#7530,#7585,.T.);
#7585 = B_SPLINE_CURVE_WITH_KNOTS('',3,(#7586,#7587,#7588,#7589),
  .UNSPECIFIED.,.F.,.F.,(4,4),(0.,0.472922877058),
  .PIECEWISE_BEZIER_KNOTS.);
#7586 = CARTESIAN_POINT('',(-0.267771479802,-2.92417482919,0.2));
#7587 = CARTESIAN_POINT('',(-0.261294315527,-2.9742465687,0.299379088475
    ));
#7588 = CARTESIAN_POINT('',(-0.256751302312,-3.02318099238,
    0.399446810081));
#7589 = CARTESIAN_POINT('',(-0.253873903946,-3.07108707059,0.5));
#7590 = ORIENTED_EDGE('',*,*,#7564,.T.);
#7591 = PLANE('',#7592);
#7592 = AXIS2_PLACEMENT_3D('',#7593,#7594,#7595);
#7593 = CARTESIAN_POINT('',(-0.300005180389,-2.89999946378,0.2));
#7594 = DIRECTION('',(-0.563816915417,-0.751753089418,-0.342020143326));
#7595 = DIRECTION('',(0.799998928149,-0.600001429133,2.484124017599E-14)
  );
#7596 = ADVANCED_FACE('',(#7597),#7607,.T.);
#7597 = FACE_BOUND('',#7598,.T.);
#7598 = EDGE_LOOP('',(#7599,#7604,#7605,#7606));
#7599 = ORIENTED_EDGE('',*,*,#7600,.T.);
#7600 = EDGE_CURVE('',#7549,#5954,#7601,.T.);
#7601 = B_SPLINE_CURVE_WITH_KNOTS('',1,(#7602,#7603),.UNSPECIFIED.,.F.,
  .F.,(2,2),(0.666868176254,1.00427798592),.PIECEWISE_BEZIER_KNOTS.);
#7602 = CARTESIAN_POINT('',(-0.647138089589,-3.1281606296,0.5));
#7603 = CARTESIAN_POINT('',(-0.800005626993,-3.14999857057,0.2));
#7604 = ORIENTED_EDGE('',*,*,#5953,.T.);
#7605 = ORIENTED_EDGE('',*,*,#7578,.T.);
#7606 = ORIENTED_EDGE('',*,*,#7556,.F.);
#7607 = PLANE('',#7608);
#7608 = AXIS2_PLACEMENT_3D('',#7609,#7610,#7611);
#7609 = CARTESIAN_POINT('',(-1.25000669884,-3.74999776668,0.2));
#7610 = DIRECTION('',(0.751753089418,-0.563816915417,-0.342020143326));
#7611 = DIRECTION('',(0.600001429133,0.799998928149,2.484124017599E-14)
  );
#7612 = ADVANCED_FACE('',(#7613),#7623,.T.);
#7613 = FACE_BOUND('',#7614,.T.);
#7614 = EDGE_LOOP('',(#7615,#7620,#7621,#7622));
#7615 = ORIENTED_EDGE('',*,*,#7616,.F.);
#7616 = EDGE_CURVE('',#5962,#7541,#7617,.T.);
#7617 = B_SPLINE_CURVE_WITH_KNOTS('',1,(#7618,#7619),.UNSPECIFIED.,.F.,
  .F.,(2,2),(-1.00427798592,-0.666868176254),.PIECEWISE_BEZIER_KNOTS.);
#7618 = CARTESIAN_POINT('',(-0.400006162918,-3.44999928513,0.2));
#7619 = CARTESIAN_POINT('',(-0.421844103889,-3.29713174773,0.5));
#7620 = ORIENTED_EDGE('',*,*,#5961,.T.);
#7621 = ORIENTED_EDGE('',*,*,#7600,.F.);
#7622 = ORIENTED_EDGE('',*,*,#7548,.F.);
#7623 = PLANE('',#7624);
#7624 = AXIS2_PLACEMENT_3D('',#7625,#7626,#7627);
#7625 = CARTESIAN_POINT('',(-0.600005894956,-3.29999892785,0.2));
#7626 = DIRECTION('',(0.563816915417,0.751753089418,-0.342020143326));
#7627 = DIRECTION('',(-0.799998928149,0.600001429133,2.484124017599E-14)
  );
#7628 = ADVANCED_FACE('',(#7629),#7650,.T.);
#7629 = FACE_BOUND('',#7630,.T.);
#7630 = EDGE_LOOP('',(#7631,#7632,#7641,#7648,#7649));
#7631 = ORIENTED_EDGE('',*,*,#7540,.F.);
#7632 = ORIENTED_EDGE('',*,*,#7633,.F.);
#7633 = EDGE_CURVE('',#7634,#7532,#7636,.T.);
#7634 = VERTEX_POINT('',#7635);
#7635 = CARTESIAN_POINT('',(-0.250005716531,-3.19999571259,
    0.282430910487));
#7636 = B_SPLINE_CURVE_WITH_KNOTS('',3,(#7637,#7638,#7639,#7640),
  .UNSPECIFIED.,.F.,.F.,(4,4),(0.,0.356303034352),
  .PIECEWISE_BEZIER_KNOTS.);
#7637 = CARTESIAN_POINT('',(-0.250005727146,-3.19999557121,
    0.282430910487));
#7638 = CARTESIAN_POINT('',(-0.250005727146,-3.15643870954,
    0.354233977858));
#7639 = CARTESIAN_POINT('',(-0.251324493465,-3.11416089374,
    0.426827171088));
#7640 = CARTESIAN_POINT('',(-0.253758574628,-3.0730185428,0.5));
#7641 = ORIENTED_EDGE('',*,*,#7642,.F.);
#7642 = EDGE_CURVE('',#5970,#7634,#7643,.T.);
#7643 = B_SPLINE_CURVE_WITH_KNOTS('',3,(#7644,#7645,#7646,#7647),
  .UNSPECIFIED.,.F.,.F.,(4,4),(0.,0.136946705845),
  .PIECEWISE_BEZIER_KNOTS.);
#7644 = CARTESIAN_POINT('',(-0.250606047477,-3.25079987257,0.2));
#7645 = CARTESIAN_POINT('',(-0.250201085431,-3.23366691951,
    0.227353410202));
#7646 = CARTESIAN_POINT('',(-0.250005714564,-3.21673522613,
    0.254835722769));
#7647 = CARTESIAN_POINT('',(-0.250005727146,-3.19999557121,
    0.282430910487));
#7648 = ORIENTED_EDGE('',*,*,#5969,.T.);
#7649 = ORIENTED_EDGE('',*,*,#7616,.T.);
#7650 = PLANE('',#7651);
#7651 = AXIS2_PLACEMENT_3D('',#7652,#7653,#7654);
#7652 = CARTESIAN_POINT('',(-0.850007234768,-4.04999848125,0.2));
#7653 = DIRECTION('',(-0.751753089418,0.563816915417,-0.342020143326));
#7654 = DIRECTION('',(-0.600001429133,-0.799998928149,2.484124017599E-14
    ));
#7655 = ADVANCED_FACE('',(#7656),#7690,.T.);
#7656 = FACE_BOUND('',#7657,.T.);
#7657 = EDGE_LOOP('',(#7658,#7668,#7676,#7684));
#7658 = ORIENTED_EDGE('',*,*,#7659,.F.);
#7659 = EDGE_CURVE('',#7660,#7662,#7664,.T.);
#7660 = VERTEX_POINT('',#7661);
#7661 = CARTESIAN_POINT('',(-1.05287191463,-2.47183633314,0.5));
#7662 = VERTEX_POINT('',#7663);
#7663 = CARTESIAN_POINT('',(-1.27816589938,-2.30286521572,0.5));
#7664 = LINE('',#7665,#7666);
#7665 = CARTESIAN_POINT('',(-1.16551890719,-2.3873507743,0.5));
#7666 = VECTOR('',#7667,1.);
#7667 = DIRECTION('',(-0.799998928179,0.600001429091,0.));
#7668 = ORIENTED_EDGE('',*,*,#7669,.F.);
#7669 = EDGE_CURVE('',#7670,#7660,#7672,.T.);
#7670 = VERTEX_POINT('',#7671);
#7671 = CARTESIAN_POINT('',(-1.22184303252,-2.69713031886,0.5));
#7672 = LINE('',#7673,#7674);
#7673 = CARTESIAN_POINT('',(-1.13735747368,-2.58448332631,0.5));
#7674 = VECTOR('',#7675,1.);
#7675 = DIRECTION('',(0.600001429091,0.799998928179,0.));
#7676 = ORIENTED_EDGE('',*,*,#7677,.F.);
#7677 = EDGE_CURVE('',#7678,#7670,#7680,.T.);
#7678 = VERTEX_POINT('',#7679);
#7679 = CARTESIAN_POINT('',(-1.44713701713,-2.52815919887,0.5));
#7680 = LINE('',#7681,#7682);
#7681 = CARTESIAN_POINT('',(-1.33449002444,-2.61264475775,0.5));
#7682 = VECTOR('',#7683,1.);
#7683 = DIRECTION('',(0.799998928376,-0.600001428829,0.));
#7684 = ORIENTED_EDGE('',*,*,#7685,.F.);
#7685 = EDGE_CURVE('',#7662,#7678,#7686,.T.);
#7686 = LINE('',#7687,#7688);
#7687 = CARTESIAN_POINT('',(-1.36265145805,-2.41551220801,0.5));
#7688 = VECTOR('',#7689,1.);
#7689 = DIRECTION('',(-0.600001429223,-0.799998928081,0.));
#7690 = PLANE('',#7691);
#7691 = AXIS2_PLACEMENT_3D('',#7692,#7693,#7694);
#7692 = CARTESIAN_POINT('',(0.,0.,0.5));
#7693 = DIRECTION('',(-0.,0.,-1.));
#7694 = DIRECTION('',(-1.,-1.22464679915E-16,0.));
#7695 = ADVANCED_FACE('',(#7696),#7710,.F.);
#7696 = FACE_BOUND('',#7697,.T.);
#7697 = EDGE_LOOP('',(#7698,#7699,#7704,#7705));
#7698 = ORIENTED_EDGE('',*,*,#7677,.T.);
#7699 = ORIENTED_EDGE('',*,*,#7700,.T.);
#7700 = EDGE_CURVE('',#7670,#6139,#7701,.T.);
#7701 = B_SPLINE_CURVE_WITH_KNOTS('',1,(#7702,#7703),.UNSPECIFIED.,.F.,
  .F.,(2,2),(0.666868175017,1.00427798592),.PIECEWISE_BEZIER_KNOTS.);
#7702 = CARTESIAN_POINT('',(-1.22184303212,-2.69713031804,0.5000000011)
  );
#7703 = CARTESIAN_POINT('',(-1.20000509107,-2.849997856,0.2));
#7704 = ORIENTED_EDGE('',*,*,#6164,.F.);
#7705 = ORIENTED_EDGE('',*,*,#7706,.F.);
#7706 = EDGE_CURVE('',#7678,#6157,#7707,.T.);
#7707 = B_SPLINE_CURVE_WITH_KNOTS('',1,(#7708,#7709),.UNSPECIFIED.,.F.,
  .F.,(2,2),(0.666868175017,1.00427798592),.PIECEWISE_BEZIER_KNOTS.);
#7708 = CARTESIAN_POINT('',(-1.44713701718,-2.52815920038,0.5000000011)
  );
#7709 = CARTESIAN_POINT('',(-1.60000455514,-2.54999714144,0.2));
#7710 = PLANE('',#7711);
#7711 = AXIS2_PLACEMENT_3D('',#7712,#7713,#7714);
#7712 = CARTESIAN_POINT('',(-1.4000048231,-2.69999749872,0.2));
#7713 = DIRECTION('',(-0.563816915417,-0.751753089418,0.342020143326));
#7714 = DIRECTION('',(0.799998928149,-0.600001429133,-2.484124017599E-14
    ));
#7715 = ADVANCED_FACE('',(#7716),#7726,.F.);
#7716 = FACE_BOUND('',#7717,.T.);
#7717 = EDGE_LOOP('',(#7718,#7719,#7724,#7725));
#7718 = ORIENTED_EDGE('',*,*,#7669,.T.);
#7719 = ORIENTED_EDGE('',*,*,#7720,.T.);
#7720 = EDGE_CURVE('',#7660,#6141,#7721,.T.);
#7721 = B_SPLINE_CURVE_WITH_KNOTS('',1,(#7722,#7723),.UNSPECIFIED.,.F.,
  .F.,(2,2),(0.666868175017,1.00427798592),.PIECEWISE_BEZIER_KNOTS.);
#7722 = CARTESIAN_POINT('',(-1.05287191446,-2.47183633298,0.5000000011)
  );
#7723 = CARTESIAN_POINT('',(-0.900004376501,-2.44999839193,0.2));
#7724 = ORIENTED_EDGE('',*,*,#6138,.F.);
#7725 = ORIENTED_EDGE('',*,*,#7700,.F.);
#7726 = PLANE('',#7727);
#7727 = AXIS2_PLACEMENT_3D('',#7728,#7729,#7730);
#7728 = CARTESIAN_POINT('',(-1.65000616292,-3.44999705211,0.2));
#7729 = DIRECTION('',(0.751753089418,-0.563816915417,0.342020143326));
#7730 = DIRECTION('',(0.600001429133,0.799998928149,-2.484124017599E-14)
  );
#7731 = ADVANCED_FACE('',(#7732),#7742,.F.);
#7732 = FACE_BOUND('',#7733,.T.);
#7733 = EDGE_LOOP('',(#7734,#7735,#7740,#7741));
#7734 = ORIENTED_EDGE('',*,*,#7659,.T.);
#7735 = ORIENTED_EDGE('',*,*,#7736,.T.);
#7736 = EDGE_CURVE('',#7662,#6149,#7737,.T.);
#7737 = B_SPLINE_CURVE_WITH_KNOTS('',1,(#7738,#7739),.UNSPECIFIED.,.F.,
  .F.,(2,2),(0.666868175017,1.00427798592),.PIECEWISE_BEZIER_KNOTS.);
#7738 = CARTESIAN_POINT('',(-1.27816589952,-2.30286521533,0.5000000011)
  );
#7739 = CARTESIAN_POINT('',(-1.30000384057,-2.14999767736,0.2));
#7740 = ORIENTED_EDGE('',*,*,#6148,.F.);
#7741 = ORIENTED_EDGE('',*,*,#7720,.F.);
#7742 = PLANE('',#7743);
#7743 = AXIS2_PLACEMENT_3D('',#7744,#7745,#7746);
#7744 = CARTESIAN_POINT('',(-1.10000410854,-2.29999803464,0.2));
#7745 = DIRECTION('',(0.563816915417,0.751753089418,0.342020143326));
#7746 = DIRECTION('',(-0.799998928149,0.600001429133,-2.484124017599E-14
    ));
#7747 = ADVANCED_FACE('',(#7748),#7754,.F.);
#7748 = FACE_BOUND('',#7749,.T.);
#7749 = EDGE_LOOP('',(#7750,#7751,#7752,#7753));
#7750 = ORIENTED_EDGE('',*,*,#7685,.T.);
#7751 = ORIENTED_EDGE('',*,*,#7706,.T.);
#7752 = ORIENTED_EDGE('',*,*,#6156,.F.);
#7753 = ORIENTED_EDGE('',*,*,#7736,.F.);
#7754 = PLANE('',#7755);
#7755 = AXIS2_PLACEMENT_3D('',#7756,#7757,#7758);
#7756 = CARTESIAN_POINT('',(-2.05000562699,-3.14999633755,0.2));
#7757 = DIRECTION('',(-0.751753089418,0.563816915417,0.342020143326));
#7758 = DIRECTION('',(-0.600001429133,-0.799998928149,
    -2.484124017599E-14));
#7759 = ADVANCED_FACE('',(#7760),#7787,.T.);
#7760 = FACE_BOUND('',#7761,.T.);
#7761 = EDGE_LOOP('',(#7762,#7773,#7781));
#7762 = ORIENTED_EDGE('',*,*,#7763,.T.);
#7763 = EDGE_CURVE('',#7764,#7766,#7768,.T.);
#7764 = VERTEX_POINT('',#7765);
#7765 = CARTESIAN_POINT('',(-0.840780061981,-1.71968650226,0.5));
#7766 = VERTEX_POINT('',#7767);
#7767 = CARTESIAN_POINT('',(-0.800961310969,-1.76279113807,0.5));
#7768 = CIRCLE('',#7769,2.15);
#7769 = AXIS2_PLACEMENT_3D('',#7770,#7771,#7772);
#7770 = CARTESIAN_POINT('',(-2.40000571653,-3.19999571259,0.5));
#7771 = DIRECTION('',(0.,0.,-1.));
#7772 = DIRECTION('',(-1.,0.,0.));
#7773 = ORIENTED_EDGE('',*,*,#7774,.T.);
#7774 = EDGE_CURVE('',#7766,#7775,#7777,.T.);
#7775 = VERTEX_POINT('',#7776);
#7776 = CARTESIAN_POINT('',(-0.847135503028,-1.72816037144,0.5));
#7777 = LINE('',#7778,#7779);
#7778 = CARTESIAN_POINT('',(-0.824048406999,-1.74547575475,0.5));
#7779 = VECTOR('',#7780,1.);
#7780 = DIRECTION('',(-0.799998980534,0.600001359285,0.));
#7781 = ORIENTED_EDGE('',*,*,#7782,.F.);
#7782 = EDGE_CURVE('',#7764,#7775,#7783,.T.);
#7783 = LINE('',#7784,#7785);
#7784 = CARTESIAN_POINT('',(-0.843957782505,-1.72392343685,0.5));
#7785 = VECTOR('',#7786,1.);
#7786 = DIRECTION('',(-0.600002366447,-0.79999822516,0.));
#7787 = PLANE('',#7788);
#7788 = AXIS2_PLACEMENT_3D('',#7789,#7790,#7791);
#7789 = CARTESIAN_POINT('',(0.,0.,0.5));
#7790 = DIRECTION('',(-0.,0.,-1.));
#7791 = DIRECTION('',(-1.,-1.22464679915E-16,0.));
#7792 = ADVANCED_FACE('',(#7793),#7810,.F.);
#7793 = FACE_BOUND('',#7794,.T.);
#7794 = EDGE_LOOP('',(#7795,#7803,#7809));
#7795 = ORIENTED_EDGE('',*,*,#7796,.T.);
#7796 = EDGE_CURVE('',#5921,#7797,#7799,.T.);
#7797 = VERTEX_POINT('',#7798);
#7798 = CARTESIAN_POINT('',(-0.59103714002,-2.0380436098,0.241058763019)
  );
#7799 = LINE('',#7800,#7801);
#7800 = CARTESIAN_POINT('',(-0.595520400977,-2.04402126882,0.22052938151
    ));
#7801 = VECTOR('',#7802,1.);
#7802 = DIRECTION('',(0.205212574788,0.273615748066,0.939692620786));
#7803 = ORIENTED_EDGE('',*,*,#7804,.F.);
#7804 = EDGE_CURVE('',#5929,#7797,#7805,.T.);
#7805 = LINE('',#7806,#7807);
#7806 = CARTESIAN_POINT('',(-0.59103714002,-2.0380436098,0.22052938151)
  );
#7807 = VECTOR('',#7808,1.);
#7808 = DIRECTION('',(0.,0.,1.));
#7809 = ORIENTED_EDGE('',*,*,#5928,.F.);
#7810 = PLANE('',#7811);
#7811 = AXIS2_PLACEMENT_3D('',#7812,#7813,#7814);
#7812 = CARTESIAN_POINT('',(-1.8000065202,-3.64999678415,0.2));
#7813 = DIRECTION('',(0.799998928149,-0.600001429133,0.));
#7814 = DIRECTION('',(0.600001429133,0.799998928149,0.));
#7815 = ADVANCED_FACE('',(#7816),#7832,.F.);
#7816 = FACE_BOUND('',#7817,.F.);
#7817 = EDGE_LOOP('',(#7818,#7819,#7824,#7825));
#7818 = ORIENTED_EDGE('',*,*,#5912,.T.);
#7819 = ORIENTED_EDGE('',*,*,#7820,.F.);
#7820 = EDGE_CURVE('',#7775,#5913,#7821,.T.);
#7821 = B_SPLINE_CURVE_WITH_KNOTS('',1,(#7822,#7823),.UNSPECIFIED.,.F.,
  .F.,(2,2),(0.883888949424,1.22129875909),.PIECEWISE_BEZIER_KNOTS.);
#7822 = CARTESIAN_POINT('',(-0.847135588605,-1.72816027232,0.5));
#7823 = CARTESIAN_POINT('',(-1.00000312601,-1.74999821329,0.2));
#7824 = ORIENTED_EDGE('',*,*,#7782,.F.);
#7825 = ORIENTED_EDGE('',*,*,#7826,.F.);
#7826 = EDGE_CURVE('',#5904,#7764,#7827,.T.);
#7827 = B_SPLINE_CURVE_WITH_KNOTS('',3,(#7828,#7829,#7830,#7831),
  .UNSPECIFIED.,.F.,.F.,(4,4),(0.,0.452047081456),
  .PIECEWISE_BEZIER_KNOTS.);
#7828 = CARTESIAN_POINT('',(-0.918753542458,-1.6416658384,0.2));
#7829 = CARTESIAN_POINT('',(-0.892181300367,-1.66692377128,
    0.300042689176));
#7830 = CARTESIAN_POINT('',(-0.866184753513,-1.69292746591,
    0.400049393383));
#7831 = CARTESIAN_POINT('',(-0.840780155859,-1.71968639353,0.5));
#7832 = PLANE('',#7833);
#7833 = AXIS2_PLACEMENT_3D('',#7834,#7835,#7836);
#7834 = CARTESIAN_POINT('',(-2.05000562699,-3.14999633755,0.2));
#7835 = DIRECTION('',(-0.751753089418,0.563816915417,0.342020143326));
#7836 = DIRECTION('',(-0.600001429133,-0.799998928149,
    -2.484124017599E-14));
#7837 = ADVANCED_FACE('',(#7838),#7851,.F.);
#7838 = FACE_BOUND('',#7839,.F.);
#7839 = EDGE_LOOP('',(#7840,#7841,#7842,#7843,#7850));
#7840 = ORIENTED_EDGE('',*,*,#7820,.T.);
#7841 = ORIENTED_EDGE('',*,*,#5920,.T.);
#7842 = ORIENTED_EDGE('',*,*,#7796,.T.);
#7843 = ORIENTED_EDGE('',*,*,#7844,.F.);
#7844 = EDGE_CURVE('',#7766,#7797,#7845,.T.);
#7845 = B_SPLINE_CURVE_WITH_KNOTS('',3,(#7846,#7847,#7848,#7849),
  .UNSPECIFIED.,.F.,.F.,(4,4),(0.,0.61341252511),
  .PIECEWISE_BEZIER_KNOTS.);
#7846 = CARTESIAN_POINT('',(-0.800961381116,-1.76279105682,0.5));
#7847 = CARTESIAN_POINT('',(-0.715662952197,-1.85769471771,
    0.432017386579));
#7848 = CARTESIAN_POINT('',(-0.647449847323,-1.95021829016,
    0.341101165227));
#7849 = CARTESIAN_POINT('',(-0.59103714002,-2.0380436098,0.241058763019)
  );
#7850 = ORIENTED_EDGE('',*,*,#7774,.T.);
#7851 = PLANE('',#7852);
#7852 = AXIS2_PLACEMENT_3D('',#7853,#7854,#7855);
#7853 = CARTESIAN_POINT('',(-0.800003393971,-1.89999857057,0.2));
#7854 = DIRECTION('',(-0.563816915417,-0.751753089418,0.342020143326));
#7855 = DIRECTION('',(0.799998928149,-0.600001429133,-2.484124017599E-14
    ));
#7856 = ADVANCED_FACE('',(#7857),#7874,.T.);
#7857 = FACE_BOUND('',#7858,.T.);
#7858 = EDGE_LOOP('',(#7859,#7860,#7868));
#7859 = ORIENTED_EDGE('',*,*,#5879,.T.);
#7860 = ORIENTED_EDGE('',*,*,#7861,.T.);
#7861 = EDGE_CURVE('',#5871,#7862,#7864,.T.);
#7862 = VERTEX_POINT('',#7863);
#7863 = CARTESIAN_POINT('',(-1.79103553224,-1.1380414661,0.241058763019)
  );
#7864 = LINE('',#7865,#7866);
#7865 = CARTESIAN_POINT('',(-1.79103553224,-1.1380414661,0.22052938151)
  );
#7866 = VECTOR('',#7867,1.);
#7867 = DIRECTION('',(0.,0.,1.));
#7868 = ORIENTED_EDGE('',*,*,#7869,.F.);
#7869 = EDGE_CURVE('',#5880,#7862,#7870,.T.);
#7870 = LINE('',#7871,#7872);
#7871 = CARTESIAN_POINT('',(-1.7955187932,-1.14401912513,0.22052938151)
  );
#7872 = VECTOR('',#7873,1.);
#7873 = DIRECTION('',(0.205212574788,0.273615748066,0.939692620786));
#7874 = PLANE('',#7875);
#7875 = AXIS2_PLACEMENT_3D('',#7876,#7877,#7878);
#7876 = CARTESIAN_POINT('',(-3.00000491242,-2.74999464045,0.2));
#7877 = DIRECTION('',(0.799998928149,-0.600001429133,0.));
#7878 = DIRECTION('',(0.600001429133,0.799998928149,0.));
#7879 = ADVANCED_FACE('',(#7880),#7907,.T.);
#7880 = FACE_BOUND('',#7881,.T.);
#7881 = EDGE_LOOP('',(#7882,#7893,#7901));
#7882 = ORIENTED_EDGE('',*,*,#7883,.T.);
#7883 = EDGE_CURVE('',#7884,#7886,#7888,.T.);
#7884 = VERTEX_POINT('',#7885);
#7885 = CARTESIAN_POINT('',(-1.46801483133,-1.26249913456,0.5));
#7886 = VERTEX_POINT('',#7887);
#7887 = CARTESIAN_POINT('',(-1.41548522898,-1.28865602285,0.5));
#7888 = CIRCLE('',#7889,2.15);
#7889 = AXIS2_PLACEMENT_3D('',#7890,#7891,#7892);
#7890 = CARTESIAN_POINT('',(-2.40000571653,-3.19999571259,0.5));
#7891 = DIRECTION('',(0.,0.,-1.));
#7892 = DIRECTION('',(-1.,0.,0.));
#7893 = ORIENTED_EDGE('',*,*,#7894,.T.);
#7894 = EDGE_CURVE('',#7886,#7895,#7897,.T.);
#7895 = VERTEX_POINT('',#7896);
#7896 = CARTESIAN_POINT('',(-1.42184065017,-1.29712990692,0.5));
#7897 = LINE('',#7898,#7899);
#7898 = CARTESIAN_POINT('',(-1.41866293957,-1.29289296488,0.5));
#7899 = VECTOR('',#7900,1.);
#7900 = DIRECTION('',(-0.600000491818,-0.799999631136,0.));
#7901 = ORIENTED_EDGE('',*,*,#7902,.F.);
#7902 = EDGE_CURVE('',#7884,#7895,#7903,.T.);
#7903 = LINE('',#7904,#7905);
#7904 = CARTESIAN_POINT('',(-1.44492774075,-1.27981452074,0.5));
#7905 = VECTOR('',#7906,1.);
#7906 = DIRECTION('',(0.799998864901,-0.600001513463,0.));
#7907 = PLANE('',#7908);
#7908 = AXIS2_PLACEMENT_3D('',#7909,#7910,#7911);
#7909 = CARTESIAN_POINT('',(0.,0.,0.5));
#7910 = DIRECTION('',(-0.,0.,-1.));
#7911 = DIRECTION('',(-1.,-1.22464679915E-16,0.));
#7912 = ADVANCED_FACE('',(#7913),#7930,.T.);
#7913 = FACE_BOUND('',#7914,.T.);
#7914 = EDGE_LOOP('',(#7915,#7920,#7921,#7922,#7929));
#7915 = ORIENTED_EDGE('',*,*,#7916,.T.);
#7916 = EDGE_CURVE('',#7895,#5888,#7917,.T.);
#7917 = B_SPLINE_CURVE_WITH_KNOTS('',1,(#7918,#7919),.UNSPECIFIED.,.F.,
  .F.,(2,2),(0.883888949424,1.22129875909),.PIECEWISE_BEZIER_KNOTS.);
#7918 = CARTESIAN_POINT('',(-1.42184053105,-1.29712996132,0.5));
#7919 = CARTESIAN_POINT('',(-1.40000259008,-1.44999749872,0.2));
#7920 = ORIENTED_EDGE('',*,*,#5887,.T.);
#7921 = ORIENTED_EDGE('',*,*,#7869,.T.);
#7922 = ORIENTED_EDGE('',*,*,#7923,.T.);
#7923 = EDGE_CURVE('',#7862,#7884,#7924,.T.);
#7924 = B_SPLINE_CURVE_WITH_KNOTS('',3,(#7925,#7926,#7927,#7928),
  .UNSPECIFIED.,.F.,.F.,(4,4),(0.,0.613424707674),
  .PIECEWISE_BEZIER_KNOTS.);
#7925 = CARTESIAN_POINT('',(-1.79103553224,-1.1380414661,0.241058763019)
  );
#7926 = CARTESIAN_POINT('',(-1.69092578481,-1.16760752046,0.3411031521)
  );
#7927 = CARTESIAN_POINT('',(-1.583007899,-1.20718420057,0.432016037095)
  );
#7928 = CARTESIAN_POINT('',(-1.46801473814,-1.26249917712,0.5));
#7929 = ORIENTED_EDGE('',*,*,#7902,.T.);
#7930 = PLANE('',#7931);
#7931 = AXIS2_PLACEMENT_3D('',#7932,#7933,#7934);
#7932 = CARTESIAN_POINT('',(-1.60000232212,-1.29999714144,0.2));
#7933 = DIRECTION('',(0.563816915417,0.751753089418,-0.342020143326));
#7934 = DIRECTION('',(-0.799998928149,0.600001429133,2.484124017599E-14)
  );
#7935 = ADVANCED_FACE('',(#7936),#7948,.T.);
#7936 = FACE_BOUND('',#7937,.T.);
#7937 = EDGE_LOOP('',(#7938,#7939,#7940,#7941));
#7938 = ORIENTED_EDGE('',*,*,#5895,.T.);
#7939 = ORIENTED_EDGE('',*,*,#7916,.F.);
#7940 = ORIENTED_EDGE('',*,*,#7894,.F.);
#7941 = ORIENTED_EDGE('',*,*,#7942,.F.);
#7942 = EDGE_CURVE('',#5896,#7886,#7943,.T.);
#7943 = B_SPLINE_CURVE_WITH_KNOTS('',3,(#7944,#7945,#7946,#7947),
  .UNSPECIFIED.,.F.,.F.,(4,4),(0.,0.452047081455),
  .PIECEWISE_BEZIER_KNOTS.);
#7944 = CARTESIAN_POINT('',(-1.31875300653,-1.34166512383,0.2));
#7945 = CARTESIAN_POINT('',(-1.35044078401,-1.32322787942,0.300042689176
    ));
#7946 = CARTESIAN_POINT('',(-1.38268330082,-1.30555211374,0.400049393383
    ));
#7947 = CARTESIAN_POINT('',(-1.41548509831,-1.28865608253,0.5));
#7948 = PLANE('',#7949);
#7949 = AXIS2_PLACEMENT_3D('',#7950,#7951,#7952);
#7950 = CARTESIAN_POINT('',(-2.45000509106,-2.84999562298,0.2));
#7951 = DIRECTION('',(-0.751753089418,0.563816915417,-0.342020143326));
#7952 = DIRECTION('',(-0.600001429133,-0.799998928149,2.484124017599E-14
    ));
#7953 = ADVANCED_FACE('',(#7954),#7988,.T.);
#7954 = FACE_BOUND('',#7955,.T.);
#7955 = EDGE_LOOP('',(#7956,#7966,#7974,#7982));
#7956 = ORIENTED_EDGE('',*,*,#7957,.T.);
#7957 = EDGE_CURVE('',#7958,#7960,#7962,.T.);
#7958 = VERTEX_POINT('',#7959);
#7959 = CARTESIAN_POINT('',(-2.24713594524,-1.92815777071,0.5));
#7960 = VERTEX_POINT('',#7961);
#7961 = CARTESIAN_POINT('',(-2.07816482817,-1.70286378588,0.5));
#7962 = LINE('',#7963,#7964);
#7963 = CARTESIAN_POINT('',(-2.16265038685,-1.81551077829,0.5));
#7964 = VECTOR('',#7965,1.);
#7965 = DIRECTION('',(0.600001428829,0.799998928376,0.));
#7966 = ORIENTED_EDGE('',*,*,#7967,.T.);
#7967 = EDGE_CURVE('',#7960,#7968,#7970,.T.);
#7968 = VERTEX_POINT('',#7969);
#7969 = CARTESIAN_POINT('',(-1.85287084187,-1.87183490425,0.5));
#7970 = LINE('',#7971,#7972);
#7971 = CARTESIAN_POINT('',(-1.96551783447,-1.78734934532,0.5));
#7972 = VECTOR('',#7973,1.);
#7973 = DIRECTION('',(0.799998927983,-0.600001429354,0.));
#7974 = ORIENTED_EDGE('',*,*,#7975,.T.);
#7975 = EDGE_CURVE('',#7968,#7976,#7978,.T.);
#7976 = VERTEX_POINT('',#7977);
#7977 = CARTESIAN_POINT('',(-2.02184195915,-2.09712888906,0.5));
#7978 = LINE('',#7979,#7980);
#7979 = CARTESIAN_POINT('',(-1.9373564002,-1.98448189627,0.5));
#7980 = VECTOR('',#7981,1.);
#7981 = DIRECTION('',(-0.600001428829,-0.799998928376,0.));
#7982 = ORIENTED_EDGE('',*,*,#7983,.T.);
#7983 = EDGE_CURVE('',#7976,#7958,#7984,.T.);
#7984 = LINE('',#7985,#7986);
#7985 = CARTESIAN_POINT('',(-2.13448895264,-2.01264332964,0.5));
#7986 = VECTOR('',#7987,1.);
#7987 = DIRECTION('',(-0.799998927983,0.600001429354,0.));
#7988 = PLANE('',#7989);
#7989 = AXIS2_PLACEMENT_3D('',#7990,#7991,#7992);
#7990 = CARTESIAN_POINT('',(0.,0.,0.5));
#7991 = DIRECTION('',(-0.,0.,-1.));
#7992 = DIRECTION('',(-1.,-1.22464679915E-16,0.));
#7993 = ADVANCED_FACE('',(#7994),#8008,.T.);
#7994 = FACE_BOUND('',#7995,.T.);
#7995 = EDGE_LOOP('',(#7996,#8001,#8002,#8007));
#7996 = ORIENTED_EDGE('',*,*,#7997,.T.);
#7997 = EDGE_CURVE('',#7968,#6175,#7998,.T.);
#7998 = B_SPLINE_CURVE_WITH_KNOTS('',1,(#7999,#8000),.UNSPECIFIED.,.F.,
  .F.,(2,2),(0.666868175017,1.00427798592),.PIECEWISE_BEZIER_KNOTS.);
#7999 = CARTESIAN_POINT('',(-1.85287084261,-1.87183490385,0.5000000011)
  );
#8000 = CARTESIAN_POINT('',(-1.70000330465,-1.8499969628,0.2));
#8001 = ORIENTED_EDGE('',*,*,#6198,.T.);
#8002 = ORIENTED_EDGE('',*,*,#8003,.F.);
#8003 = EDGE_CURVE('',#7976,#6191,#8004,.T.);
#8004 = B_SPLINE_CURVE_WITH_KNOTS('',1,(#8005,#8006),.UNSPECIFIED.,.F.,
  .F.,(2,2),(0.666868175017,1.00427798592),.PIECEWISE_BEZIER_KNOTS.);
#8005 = CARTESIAN_POINT('',(-2.02184196027,-2.09712888891,0.5000000011)
  );
#8006 = CARTESIAN_POINT('',(-2.00000401922,-2.24999642687,0.2));
#8007 = ORIENTED_EDGE('',*,*,#7975,.F.);
#8008 = PLANE('',#8009);
#8009 = AXIS2_PLACEMENT_3D('',#8010,#8011,#8012);
#8010 = CARTESIAN_POINT('',(-2.45000509106,-2.84999562298,0.2));
#8011 = DIRECTION('',(-0.751753089418,0.563816915417,-0.342020143326));
#8012 = DIRECTION('',(-0.600001429133,-0.799998928149,2.484124017599E-14
    ));
#8013 = ADVANCED_FACE('',(#8014),#8024,.T.);
#8014 = FACE_BOUND('',#8015,.T.);
#8015 = EDGE_LOOP('',(#8016,#8021,#8022,#8023));
#8016 = ORIENTED_EDGE('',*,*,#8017,.T.);
#8017 = EDGE_CURVE('',#7960,#6173,#8018,.T.);
#8018 = B_SPLINE_CURVE_WITH_KNOTS('',1,(#8019,#8020),.UNSPECIFIED.,.F.,
  .F.,(2,2),(0.666868175017,1.00427798592),.PIECEWISE_BEZIER_KNOTS.);
#8019 = CARTESIAN_POINT('',(-2.07816482767,-1.70286378619,0.5000000011)
  );
#8020 = CARTESIAN_POINT('',(-2.10000276872,-1.54999624823,0.2));
#8021 = ORIENTED_EDGE('',*,*,#6172,.T.);
#8022 = ORIENTED_EDGE('',*,*,#7997,.F.);
#8023 = ORIENTED_EDGE('',*,*,#7967,.F.);
#8024 = PLANE('',#8025);
#8025 = AXIS2_PLACEMENT_3D('',#8026,#8027,#8028);
#8026 = CARTESIAN_POINT('',(-1.90000303669,-1.69999660551,0.2));
#8027 = DIRECTION('',(-0.563816915417,-0.751753089418,-0.342020143326));
#8028 = DIRECTION('',(0.799998928149,-0.600001429133,2.484124017599E-14)
  );
#8029 = ADVANCED_FACE('',(#8030),#8040,.T.);
#8030 = FACE_BOUND('',#8031,.T.);
#8031 = EDGE_LOOP('',(#8032,#8037,#8038,#8039));
#8032 = ORIENTED_EDGE('',*,*,#8033,.T.);
#8033 = EDGE_CURVE('',#7958,#6183,#8034,.T.);
#8034 = B_SPLINE_CURVE_WITH_KNOTS('',1,(#8035,#8036),.UNSPECIFIED.,.F.,
  .F.,(2,2),(0.666868175017,1.00427798592),.PIECEWISE_BEZIER_KNOTS.);
#8035 = CARTESIAN_POINT('',(-2.24713594533,-1.92815777125,0.5000000011)
  );
#8036 = CARTESIAN_POINT('',(-2.40000348329,-1.9499957123,0.2));
#8037 = ORIENTED_EDGE('',*,*,#6182,.T.);
#8038 = ORIENTED_EDGE('',*,*,#8017,.F.);
#8039 = ORIENTED_EDGE('',*,*,#7957,.F.);
#8040 = PLANE('',#8041);
#8041 = AXIS2_PLACEMENT_3D('',#8042,#8043,#8044);
#8042 = CARTESIAN_POINT('',(-2.85000455514,-2.54999490841,0.2));
#8043 = DIRECTION('',(0.751753089418,-0.563816915417,-0.342020143326));
#8044 = DIRECTION('',(0.600001429133,0.799998928149,2.484124017599E-14)
  );
#8045 = ADVANCED_FACE('',(#8046),#8052,.T.);
#8046 = FACE_BOUND('',#8047,.T.);
#8047 = EDGE_LOOP('',(#8048,#8049,#8050,#8051));
#8048 = ORIENTED_EDGE('',*,*,#8003,.T.);
#8049 = ORIENTED_EDGE('',*,*,#6190,.T.);
#8050 = ORIENTED_EDGE('',*,*,#8033,.F.);
#8051 = ORIENTED_EDGE('',*,*,#7983,.F.);
#8052 = PLANE('',#8053);
#8053 = AXIS2_PLACEMENT_3D('',#8054,#8055,#8056);
#8054 = CARTESIAN_POINT('',(-2.20000375125,-2.09999606959,0.2));
#8055 = DIRECTION('',(0.563816915417,0.751753089418,-0.342020143326));
#8056 = DIRECTION('',(-0.799998928149,0.600001429133,2.484124017599E-14)
  );
#8057 = ADVANCED_FACE('',(#8058),#8113,.T.);
#8058 = FACE_BOUND('',#8059,.T.);
#8059 = EDGE_LOOP('',(#8060,#8071,#8078,#8079,#8085,#8086,#8092,#8093,
    #8094,#8095,#8096,#8097,#8098,#8099,#8100,#8101,#8102,#8103,#8104,
    #8105,#8106));
#8060 = ORIENTED_EDGE('',*,*,#8061,.F.);
#8061 = EDGE_CURVE('',#8062,#8064,#8066,.T.);
#8062 = VERTEX_POINT('',#8063);
#8063 = CARTESIAN_POINT('',(-2.87905260739,-1.10404388196,0.5));
#8064 = VERTEX_POINT('',#8065);
#8065 = CARTESIAN_POINT('',(-2.87716304306,-1.10361290267,0.5));
#8066 = CIRCLE('',#8067,2.15);
#8067 = AXIS2_PLACEMENT_3D('',#8068,#8069,#8070);
#8068 = CARTESIAN_POINT('',(-2.40000571653,-3.19999571259,0.5));
#8069 = DIRECTION('',(0.,0.,-1.));
#8070 = DIRECTION('',(-1.,0.,0.));
#8071 = ORIENTED_EDGE('',*,*,#8072,.F.);
#8072 = EDGE_CURVE('',#5830,#8062,#8073,.T.);
#8073 = B_SPLINE_CURVE_WITH_KNOTS('',3,(#8074,#8075,#8076,#8077),
  .UNSPECIFIED.,.F.,.F.,(4,4),(0.,0.493423196573),
  .PIECEWISE_BEZIER_KNOTS.);
#8074 = CARTESIAN_POINT('',(-3.050602296,-1.15079487061,0.2));
#8075 = CARTESIAN_POINT('',(-2.99174943967,-1.13210979776,0.298555178934
    ));
#8076 = CARTESIAN_POINT('',(-2.93464678163,-1.11675038405,0.398748118358
    ));
#8077 = CARTESIAN_POINT('',(-2.87905260739,-1.10404388196,0.5));
#8078 = ORIENTED_EDGE('',*,*,#5829,.F.);
#8079 = ORIENTED_EDGE('',*,*,#8080,.F.);
#8080 = EDGE_CURVE('',#4546,#5821,#8081,.T.);
#8081 = LINE('',#8082,#8083);
#8082 = CARTESIAN_POINT('',(-4.55000571653,-3.19999571259,0.6));
#8083 = VECTOR('',#8084,1.);
#8084 = DIRECTION('',(0.,0.,-1.));
#8085 = ORIENTED_EDGE('',*,*,#4556,.F.);
#8086 = ORIENTED_EDGE('',*,*,#8087,.T.);
#8087 = EDGE_CURVE('',#4548,#7634,#8088,.T.);
#8088 = LINE('',#8089,#8090);
#8089 = CARTESIAN_POINT('',(-0.250005716531,-3.19999571259,0.6));
#8090 = VECTOR('',#8091,1.);
#8091 = DIRECTION('',(0.,0.,-1.));
#8092 = ORIENTED_EDGE('',*,*,#7633,.T.);
#8093 = ORIENTED_EDGE('',*,*,#7529,.F.);
#8094 = ORIENTED_EDGE('',*,*,#7584,.F.);
#8095 = ORIENTED_EDGE('',*,*,#5936,.F.);
#8096 = ORIENTED_EDGE('',*,*,#7804,.T.);
#8097 = ORIENTED_EDGE('',*,*,#7844,.F.);
#8098 = ORIENTED_EDGE('',*,*,#7763,.F.);
#8099 = ORIENTED_EDGE('',*,*,#7826,.F.);
#8100 = ORIENTED_EDGE('',*,*,#5903,.F.);
#8101 = ORIENTED_EDGE('',*,*,#7942,.T.);
#8102 = ORIENTED_EDGE('',*,*,#7883,.F.);
#8103 = ORIENTED_EDGE('',*,*,#7923,.F.);
#8104 = ORIENTED_EDGE('',*,*,#7861,.F.);
#8105 = ORIENTED_EDGE('',*,*,#5870,.F.);
#8106 = ORIENTED_EDGE('',*,*,#8107,.F.);
#8107 = EDGE_CURVE('',#8064,#5863,#8108,.T.);
#8108 = B_SPLINE_CURVE_WITH_KNOTS('',3,(#8109,#8110,#8111,#8112),
  .UNSPECIFIED.,.F.,.F.,(4,4),(0.,0.472822750041),
  .PIECEWISE_BEZIER_KNOTS.);
#8109 = CARTESIAN_POINT('',(-2.87716304306,-1.10361290267,0.5));
#8110 = CARTESIAN_POINT('',(-2.83035636309,-1.09295924239,0.399423116981
    ));
#8111 = CARTESIAN_POINT('',(-2.78210760812,-1.0836199903,0.299358047979)
  );
#8112 = CARTESIAN_POINT('',(-2.73223566542,-1.07581981097,0.2));
#8113 = CYLINDRICAL_SURFACE('',#8114,2.15);
#8114 = AXIS2_PLACEMENT_3D('',#8115,#8116,#8117);
#8115 = CARTESIAN_POINT('',(-2.40000571653,-3.19999571259,0.6));
#8116 = DIRECTION('',(-0.,0.,-1.));
#8117 = DIRECTION('',(-1.,-1.22464679915E-16,0.));
#8118 = ADVANCED_FACE('',(#8119),#8152,.T.);
#8119 = FACE_BOUND('',#8120,.T.);
#8120 = EDGE_LOOP('',(#8121,#8122,#8130,#8138,#8146));
#8121 = ORIENTED_EDGE('',*,*,#8061,.T.);
#8122 = ORIENTED_EDGE('',*,*,#8123,.T.);
#8123 = EDGE_CURVE('',#8064,#8124,#8126,.T.);
#8124 = VERTEX_POINT('',#8125);
#8125 = CARTESIAN_POINT('',(-2.65286983769,-1.27183348568,0.5));
#8126 = LINE('',#8127,#8128);
#8127 = CARTESIAN_POINT('',(-2.76501644037,-1.18772319418,0.5));
#8128 = VECTOR('',#8129,1.);
#8129 = DIRECTION('',(0.799998837548,-0.600001549933,0.));
#8130 = ORIENTED_EDGE('',*,*,#8131,.T.);
#8131 = EDGE_CURVE('',#8124,#8132,#8134,.T.);
#8132 = VERTEX_POINT('',#8133);
#8133 = CARTESIAN_POINT('',(-2.82184112988,-1.49712749987,0.5));
#8134 = LINE('',#8135,#8136);
#8135 = CARTESIAN_POINT('',(-2.73735548378,-1.38448049278,0.5));
#8136 = VECTOR('',#8137,1.);
#8137 = DIRECTION('',(-0.60000177613,-0.799998667899,0.));
#8138 = ORIENTED_EDGE('',*,*,#8139,.T.);
#8139 = EDGE_CURVE('',#8132,#8140,#8142,.T.);
#8140 = VERTEX_POINT('',#8141);
#8141 = CARTESIAN_POINT('',(-3.04713573856,-1.32815648371,0.5));
#8142 = LINE('',#8143,#8144);
#8143 = CARTESIAN_POINT('',(-2.93448843422,-1.41264199179,0.5));
#8144 = VECTOR('',#8145,1.);
#8145 = DIRECTION('',(-0.799999898329,0.600000135561,0.));
#8146 = ORIENTED_EDGE('',*,*,#8147,.F.);
#8147 = EDGE_CURVE('',#8062,#8140,#8148,.T.);
#8148 = LINE('',#8149,#8150);
#8149 = CARTESIAN_POINT('',(-2.96309417297,-1.21610018284,0.5));
#8150 = VECTOR('',#8151,1.);
#8151 = DIRECTION('',(-0.599996984002,-0.80000226199,0.));
#8152 = PLANE('',#8153);
#8153 = AXIS2_PLACEMENT_3D('',#8154,#8155,#8156);
#8154 = CARTESIAN_POINT('',(0.,0.,0.5));
#8155 = DIRECTION('',(-0.,0.,-1.));
#8156 = DIRECTION('',(-1.,-1.22464679915E-16,0.));
#8157 = ADVANCED_FACE('',(#8158),#8168,.T.);
#8158 = FACE_BOUND('',#8159,.T.);
#8159 = EDGE_LOOP('',(#8160,#8165,#8166,#8167));
#8160 = ORIENTED_EDGE('',*,*,#8161,.F.);
#8161 = EDGE_CURVE('',#5839,#8140,#8162,.T.);
#8162 = B_SPLINE_CURVE_WITH_KNOTS('',1,(#8163,#8164),.UNSPECIFIED.,.F.,
  .F.,(2,2),(-1.00427798592,-0.666868176254),.PIECEWISE_BEZIER_KNOTS.);
#8163 = CARTESIAN_POINT('',(-3.20000241144,-1.34999428317,0.2));
#8164 = CARTESIAN_POINT('',(-3.04713487403,-1.3281563422,0.5));
#8165 = ORIENTED_EDGE('',*,*,#5838,.T.);
#8166 = ORIENTED_EDGE('',*,*,#8072,.T.);
#8167 = ORIENTED_EDGE('',*,*,#8147,.T.);
#8168 = PLANE('',#8169);
#8169 = AXIS2_PLACEMENT_3D('',#8170,#8171,#8172);
#8170 = CARTESIAN_POINT('',(-3.65000348329,-1.94999347928,0.2));
#8171 = DIRECTION('',(0.751753089418,-0.563816915417,-0.342020143326));
#8172 = DIRECTION('',(0.600001429133,0.799998928149,2.484124017599E-14)
  );
#8173 = ADVANCED_FACE('',(#8174),#8184,.T.);
#8174 = FACE_BOUND('',#8175,.T.);
#8175 = EDGE_LOOP('',(#8176,#8181,#8182,#8183));
#8176 = ORIENTED_EDGE('',*,*,#8177,.T.);
#8177 = EDGE_CURVE('',#8132,#5847,#8178,.T.);
#8178 = B_SPLINE_CURVE_WITH_KNOTS('',1,(#8179,#8180),.UNSPECIFIED.,.F.,
  .F.,(2,2),(0.666868176254,1.00427798592),.PIECEWISE_BEZIER_KNOTS.);
#8179 = CARTESIAN_POINT('',(-2.82184088833,-1.49712746033,0.5));
#8180 = CARTESIAN_POINT('',(-2.80000294736,-1.64999499774,0.2));
#8181 = ORIENTED_EDGE('',*,*,#5846,.T.);
#8182 = ORIENTED_EDGE('',*,*,#8161,.T.);
#8183 = ORIENTED_EDGE('',*,*,#8139,.F.);
#8184 = PLANE('',#8185);
#8185 = AXIS2_PLACEMENT_3D('',#8186,#8187,#8188);
#8186 = CARTESIAN_POINT('',(-3.0000026794,-1.49999464045,0.2));
#8187 = DIRECTION('',(0.563816915417,0.751753089418,-0.342020143326));
#8188 = DIRECTION('',(-0.799998928149,0.600001429133,2.484124017599E-14)
  );
#8189 = ADVANCED_FACE('',(#8190),#8200,.T.);
#8190 = FACE_BOUND('',#8191,.T.);
#8191 = EDGE_LOOP('',(#8192,#8197,#8198,#8199));
#8192 = ORIENTED_EDGE('',*,*,#8193,.F.);
#8193 = EDGE_CURVE('',#5855,#8124,#8194,.T.);
#8194 = B_SPLINE_CURVE_WITH_KNOTS('',1,(#8195,#8196),.UNSPECIFIED.,.F.,
  .F.,(2,2),(-1.00427798592,-0.666868176254),.PIECEWISE_BEZIER_KNOTS.);
#8195 = CARTESIAN_POINT('',(-2.5000022328,-1.24999553366,0.2));
#8196 = CARTESIAN_POINT('',(-2.6528697702,-1.27183347463,0.5));
#8197 = ORIENTED_EDGE('',*,*,#5854,.T.);
#8198 = ORIENTED_EDGE('',*,*,#8177,.F.);
#8199 = ORIENTED_EDGE('',*,*,#8131,.F.);
#8200 = PLANE('',#8201);
#8201 = AXIS2_PLACEMENT_3D('',#8202,#8203,#8204);
#8202 = CARTESIAN_POINT('',(-3.25000401921,-2.24999419385,0.2));
#8203 = DIRECTION('',(-0.751753089418,0.563816915417,-0.342020143326));
#8204 = DIRECTION('',(-0.600001429133,-0.799998928149,2.484124017599E-14
    ));
#8205 = ADVANCED_FACE('',(#8206),#8212,.T.);
#8206 = FACE_BOUND('',#8207,.T.);
#8207 = EDGE_LOOP('',(#8208,#8209,#8210,#8211));
#8208 = ORIENTED_EDGE('',*,*,#8123,.F.);
#8209 = ORIENTED_EDGE('',*,*,#8107,.T.);
#8210 = ORIENTED_EDGE('',*,*,#5862,.T.);
#8211 = ORIENTED_EDGE('',*,*,#8193,.T.);
#8212 = PLANE('',#8213);
#8213 = AXIS2_PLACEMENT_3D('',#8214,#8215,#8216);
#8214 = CARTESIAN_POINT('',(-2.70000196483,-1.09999517638,0.2));
#8215 = DIRECTION('',(-0.563816915417,-0.751753089418,-0.342020143326));
#8216 = DIRECTION('',(0.799998928149,-0.600001429133,2.484124017599E-14)
  );
#8217 = ADVANCED_FACE('',(#8218),#8255,.T.);
#8218 = FACE_BOUND('',#8219,.T.);
#8219 = EDGE_LOOP('',(#8220,#8231,#8238,#8239,#8240,#8241,#8242,#8243,
    #8244,#8245,#8246,#8247,#8248));
#8220 = ORIENTED_EDGE('',*,*,#8221,.F.);
#8221 = EDGE_CURVE('',#8222,#8224,#8226,.T.);
#8222 = VERTEX_POINT('',#8223);
#8223 = CARTESIAN_POINT('',(-2.22485705223,-5.34284963795,0.5));
#8224 = VERTEX_POINT('',#8225);
#8225 = CARTESIAN_POINT('',(-2.31217452693,-5.34820093606,0.5));
#8226 = CIRCLE('',#8227,2.15);
#8227 = AXIS2_PLACEMENT_3D('',#8228,#8229,#8230);
#8228 = CARTESIAN_POINT('',(-2.40000571653,-3.19999571259,0.5));
#8229 = DIRECTION('',(0.,0.,-1.));
#8230 = DIRECTION('',(-1.,0.,0.));
#8231 = ORIENTED_EDGE('',*,*,#8232,.F.);
#8232 = EDGE_CURVE('',#5978,#8222,#8233,.T.);
#8233 = B_SPLINE_CURVE_WITH_KNOTS('',3,(#8234,#8235,#8236,#8237),
  .UNSPECIFIED.,.F.,.F.,(4,4),(0.,0.479736415365),
  .PIECEWISE_BEZIER_KNOTS.);
#8234 = CARTESIAN_POINT('',(-2.06777576663,-5.32417161406,0.2));
#8235 = CARTESIAN_POINT('',(-2.11837694224,-5.33208584849,0.300810872099
    ));
#8236 = CARTESIAN_POINT('',(-2.17064828087,-5.33841882081,0.400898716095
    ));
#8237 = CARTESIAN_POINT('',(-2.22485705223,-5.34284963795,0.5));
#8238 = ORIENTED_EDGE('',*,*,#5977,.F.);
#8239 = ORIENTED_EDGE('',*,*,#7642,.T.);
#8240 = ORIENTED_EDGE('',*,*,#8087,.F.);
#8241 = ORIENTED_EDGE('',*,*,#4545,.F.);
#8242 = ORIENTED_EDGE('',*,*,#8080,.T.);
#8243 = ORIENTED_EDGE('',*,*,#5820,.F.);
#8244 = ORIENTED_EDGE('',*,*,#7096,.F.);
#8245 = ORIENTED_EDGE('',*,*,#7040,.F.);
#8246 = ORIENTED_EDGE('',*,*,#7079,.F.);
#8247 = ORIENTED_EDGE('',*,*,#5793,.F.);
#8248 = ORIENTED_EDGE('',*,*,#8249,.F.);
#8249 = EDGE_CURVE('',#8224,#5794,#8250,.T.);
#8250 = B_SPLINE_CURVE_WITH_KNOTS('',3,(#8251,#8252,#8253,#8254),
  .UNSPECIFIED.,.F.,.F.,(4,4),(0.,0.466658812773),
  .PIECEWISE_BEZIER_KNOTS.);
#8251 = CARTESIAN_POINT('',(-2.31217452693,-5.34820093606,0.5));
#8252 = CARTESIAN_POINT('',(-2.35890149727,-5.35011140781,0.400444495194
    ));
#8253 = CARTESIAN_POINT('',(-2.40467749122,-5.35045974694,0.300404032308
    ));
#8254 = CARTESIAN_POINT('',(-2.44958089738,-5.3494240788,0.2));
#8255 = CYLINDRICAL_SURFACE('',#8256,2.15);
#8256 = AXIS2_PLACEMENT_3D('',#8257,#8258,#8259);
#8257 = CARTESIAN_POINT('',(-2.40000571653,-3.19999571259,0.6));
#8258 = DIRECTION('',(-0.,0.,-1.));
#8259 = DIRECTION('',(-1.,-1.22464679915E-16,0.));
#8260 = ADVANCED_FACE('',(#8261),#8278,.T.);
#8261 = FACE_BOUND('',#8262,.T.);
#8262 = EDGE_LOOP('',(#8263,#8264,#8272));
#8263 = ORIENTED_EDGE('',*,*,#8221,.T.);
#8264 = ORIENTED_EDGE('',*,*,#8265,.T.);
#8265 = EDGE_CURVE('',#8224,#8266,#8268,.T.);
#8266 = VERTEX_POINT('',#8267);
#8267 = CARTESIAN_POINT('',(-2.27817156023,-5.30286345432,0.5));
#8268 = LINE('',#8269,#8270);
#8269 = CARTESIAN_POINT('',(-2.29517304358,-5.32553219519,0.5));
#8270 = VECTOR('',#8271,1.);
#8271 = DIRECTION('',(0.59999836685,0.80000122486,0.));
#8272 = ORIENTED_EDGE('',*,*,#8273,.F.);
#8273 = EDGE_CURVE('',#8222,#8266,#8274,.T.);
#8274 = LINE('',#8275,#8276);
#8275 = CARTESIAN_POINT('',(-2.25151430623,-5.32285654613,0.5));
#8276 = VECTOR('',#8277,1.);
#8277 = DIRECTION('',(-0.799997820322,0.600002906226,0.));
#8278 = PLANE('',#8279);
#8279 = AXIS2_PLACEMENT_3D('',#8280,#8281,#8282);
#8280 = CARTESIAN_POINT('',(0.,0.,0.5));
#8281 = DIRECTION('',(-0.,0.,-1.));
#8282 = DIRECTION('',(-1.,-1.22464679915E-16,0.));
#8283 = ADVANCED_FACE('',(#8284),#8294,.T.);
#8284 = FACE_BOUND('',#8285,.T.);
#8285 = EDGE_LOOP('',(#8286,#8291,#8292,#8293));
#8286 = ORIENTED_EDGE('',*,*,#8287,.T.);
#8287 = EDGE_CURVE('',#8266,#5987,#8288,.T.);
#8288 = B_SPLINE_CURVE_WITH_KNOTS('',1,(#8289,#8290),.UNSPECIFIED.,.F.,
  .F.,(2,2),(0.883888949424,1.22129875909),.PIECEWISE_BEZIER_KNOTS.);
#8289 = CARTESIAN_POINT('',(-2.27817125885,-5.30286342834,0.5));
#8290 = CARTESIAN_POINT('',(-2.30000919982,-5.14999589094,0.2));
#8291 = ORIENTED_EDGE('',*,*,#5986,.T.);
#8292 = ORIENTED_EDGE('',*,*,#8232,.T.);
#8293 = ORIENTED_EDGE('',*,*,#8273,.T.);
#8294 = PLANE('',#8295);
#8295 = AXIS2_PLACEMENT_3D('',#8296,#8297,#8298);
#8296 = CARTESIAN_POINT('',(-2.10000946779,-5.29999624822,0.2));
#8297 = DIRECTION('',(-0.563816915417,-0.751753089418,-0.342020143326));
#8298 = DIRECTION('',(0.799998928149,-0.600001429133,2.484124017599E-14)
  );
#8299 = ADVANCED_FACE('',(#8300),#8306,.T.);
#8300 = FACE_BOUND('',#8301,.T.);
#8301 = EDGE_LOOP('',(#8302,#8303,#8304,#8305));
#8302 = ORIENTED_EDGE('',*,*,#8265,.F.);
#8303 = ORIENTED_EDGE('',*,*,#8249,.T.);
#8304 = ORIENTED_EDGE('',*,*,#5994,.T.);
#8305 = ORIENTED_EDGE('',*,*,#8287,.F.);
#8306 = PLANE('',#8307);
#8307 = AXIS2_PLACEMENT_3D('',#8308,#8309,#8310);
#8308 = CARTESIAN_POINT('',(-1.25000669884,-3.74999776668,0.2));
#8309 = DIRECTION('',(0.751753089418,-0.563816915417,-0.342020143326));
#8310 = DIRECTION('',(0.600001429133,0.799998928149,2.484124017599E-14)
  );
#8311 = ( GEOMETRIC_REPRESENTATION_CONTEXT(3) 
GLOBAL_UNCERTAINTY_ASSIGNED_CONTEXT((#8315)) 
GLOBAL_UNIT_ASSIGNED_CONTEXT((#8312,#8313,#8314)) REPRESENTATION_CONTEXT
('Context #1','3D Context with UNIT and UNCERTAINTY') );
#8312 = ( LENGTH_UNIT() NAMED_UNIT(*) SI_UNIT(.MILLI.,.METRE.) );
#8313 = ( NAMED_UNIT(*) PLANE_ANGLE_UNIT() SI_UNIT($,.RADIAN.) );
#8314 = ( NAMED_UNIT(*) SI_UNIT($,.STERADIAN.) SOLID_ANGLE_UNIT() );
#8315 = UNCERTAINTY_MEASURE_WITH_UNIT(LENGTH_MEASURE(2.E-04),#8312,
  'distance_accuracy_value','confusion accuracy');
#8316 = CONTEXT_DEPENDENT_SHAPE_REPRESENTATION(#8317,#8319);
#8317 = ( REPRESENTATION_RELATIONSHIP('','',#4453,#10) 
REPRESENTATION_RELATIONSHIP_WITH_TRANSFORMATION(#8318) 
SHAPE_REPRESENTATION_RELATIONSHIP() );
#8318 = ITEM_DEFINED_TRANSFORMATION('','',#11,#19);
#8319 = PRODUCT_DEFINITION_SHAPE('Placement','Placement of an item',
  #8320);
#8320 = NEXT_ASSEMBLY_USAGE_OCCURRENCE('8','E-SNAP-IN_VS_TERMINAL-','',
  #5,#4448,$);
#8321 = PRODUCT_RELATED_PRODUCT_CATEGORY('part',$,(#4450));
#8322 = SHAPE_DEFINITION_REPRESENTATION(#8323,#8329);
#8323 = PRODUCT_DEFINITION_SHAPE('','',#8324);
#8324 = PRODUCT_DEFINITION('design','',#8325,#8328);
#8325 = PRODUCT_DEFINITION_FORMATION('','',#8326);
#8326 = PRODUCT('E-SNAP-IN_VS_TERMINAL+','E-SNAP-IN_VS_TERMINAL+','',(
    #8327));
#8327 = PRODUCT_CONTEXT('',#2,'mechanical');
#8328 = PRODUCT_DEFINITION_CONTEXT('part definition',#2,'design');
#8329 = ADVANCED_BREP_SHAPE_REPRESENTATION('',(#11,#8330),#9725);
#8330 = MANIFOLD_SOLID_BREP('',#8331);
#8331 = CLOSED_SHELL('',(#8332,#8374,#8398,#8408,#8503,#8545,#8623,#8710
    ,#8742,#8799,#8836,#8876,#8909,#8931,#8973,#9021,#9038,#9055,#9072,
    #9100,#9130,#9157,#9188,#9263,#9308,#9350,#9434,#9445,#9463,#9487,
    #9506,#9524,#9561,#9583,#9678,#9695,#9713));
#8332 = ADVANCED_FACE('',(#8333),#8369,.T.);
#8333 = FACE_BOUND('',#8334,.T.);
#8334 = EDGE_LOOP('',(#8335,#8345,#8354,#8362));
#8335 = ORIENTED_EDGE('',*,*,#8336,.F.);
#8336 = EDGE_CURVE('',#8337,#8339,#8341,.T.);
#8337 = VERTEX_POINT('',#8338);
#8338 = CARTESIAN_POINT('',(4.55000571653,3.19999571259,1.));
#8339 = VERTEX_POINT('',#8340);
#8340 = CARTESIAN_POINT('',(4.55000571653,3.19999571259,0.2));
#8341 = LINE('',#8342,#8343);
#8342 = CARTESIAN_POINT('',(4.55000571653,3.19999571259,0.6));
#8343 = VECTOR('',#8344,1.);
#8344 = DIRECTION('',(0.,0.,-1.));
#8345 = ORIENTED_EDGE('',*,*,#8346,.T.);
#8346 = EDGE_CURVE('',#8337,#8347,#8349,.T.);
#8347 = VERTEX_POINT('',#8348);
#8348 = CARTESIAN_POINT('',(0.250005716531,3.19999571259,1.));
#8349 = CIRCLE('',#8350,2.15);
#8350 = AXIS2_PLACEMENT_3D('',#8351,#8352,#8353);
#8351 = CARTESIAN_POINT('',(2.40000571653,3.19999571259,1.));
#8352 = DIRECTION('',(0.,0.,-1.));
#8353 = DIRECTION('',(-1.,0.,-0.));
#8354 = ORIENTED_EDGE('',*,*,#8355,.T.);
#8355 = EDGE_CURVE('',#8347,#8356,#8358,.T.);
#8356 = VERTEX_POINT('',#8357);
#8357 = CARTESIAN_POINT('',(0.250005716531,3.19999571259,0.2));
#8358 = LINE('',#8359,#8360);
#8359 = CARTESIAN_POINT('',(0.250005716531,3.19999571259,0.6));
#8360 = VECTOR('',#8361,1.);
#8361 = DIRECTION('',(0.,0.,-1.));
#8362 = ORIENTED_EDGE('',*,*,#8363,.F.);
#8363 = EDGE_CURVE('',#8339,#8356,#8364,.T.);
#8364 = CIRCLE('',#8365,2.15);
#8365 = AXIS2_PLACEMENT_3D('',#8366,#8367,#8368);
#8366 = CARTESIAN_POINT('',(2.40000571653,3.19999571259,0.2));
#8367 = DIRECTION('',(0.,0.,-1.));
#8368 = DIRECTION('',(-1.,0.,-0.));
#8369 = CYLINDRICAL_SURFACE('',#8370,2.15);
#8370 = AXIS2_PLACEMENT_3D('',#8371,#8372,#8373);
#8371 = CARTESIAN_POINT('',(2.40000571653,3.19999571259,0.6));
#8372 = DIRECTION('',(0.,0.,-1.));
#8373 = DIRECTION('',(1.,0.,0.));
#8374 = ADVANCED_FACE('',(#8375),#8393,.T.);
#8375 = FACE_BOUND('',#8376,.T.);
#8376 = EDGE_LOOP('',(#8377,#8378,#8385,#8386));
#8377 = ORIENTED_EDGE('',*,*,#8355,.F.);
#8378 = ORIENTED_EDGE('',*,*,#8379,.T.);
#8379 = EDGE_CURVE('',#8347,#8337,#8380,.T.);
#8380 = CIRCLE('',#8381,2.15);
#8381 = AXIS2_PLACEMENT_3D('',#8382,#8383,#8384);
#8382 = CARTESIAN_POINT('',(2.40000571653,3.19999571259,1.));
#8383 = DIRECTION('',(0.,0.,-1.));
#8384 = DIRECTION('',(-1.,0.,-0.));
#8385 = ORIENTED_EDGE('',*,*,#8336,.T.);
#8386 = ORIENTED_EDGE('',*,*,#8387,.F.);
#8387 = EDGE_CURVE('',#8356,#8339,#8388,.T.);
#8388 = CIRCLE('',#8389,2.15);
#8389 = AXIS2_PLACEMENT_3D('',#8390,#8391,#8392);
#8390 = CARTESIAN_POINT('',(2.40000571653,3.19999571259,0.2));
#8391 = DIRECTION('',(0.,0.,-1.));
#8392 = DIRECTION('',(-1.,0.,-0.));
#8393 = CYLINDRICAL_SURFACE('',#8394,2.15);
#8394 = AXIS2_PLACEMENT_3D('',#8395,#8396,#8397);
#8395 = CARTESIAN_POINT('',(2.40000571653,3.19999571259,0.6));
#8396 = DIRECTION('',(0.,0.,-1.));
#8397 = DIRECTION('',(1.,0.,0.));
#8398 = ADVANCED_FACE('',(#8399),#8403,.T.);
#8399 = FACE_BOUND('',#8400,.T.);
#8400 = EDGE_LOOP('',(#8401,#8402));
#8401 = ORIENTED_EDGE('',*,*,#8363,.T.);
#8402 = ORIENTED_EDGE('',*,*,#8387,.T.);
#8403 = PLANE('',#8404);
#8404 = AXIS2_PLACEMENT_3D('',#8405,#8406,#8407);
#8405 = CARTESIAN_POINT('',(0.,0.,0.2));
#8406 = DIRECTION('',(0.,0.,-1.));
#8407 = DIRECTION('',(1.,0.,0.));
#8408 = ADVANCED_FACE('',(#8409,#8494),#8498,.F.);
#8409 = FACE_BOUND('',#8410,.T.);
#8410 = EDGE_LOOP('',(#8411,#8421,#8429,#8438,#8446,#8454,#8463,#8471,
    #8479,#8488));
#8411 = ORIENTED_EDGE('',*,*,#8412,.T.);
#8412 = EDGE_CURVE('',#8413,#8415,#8417,.T.);
#8413 = VERTEX_POINT('',#8414);
#8414 = CARTESIAN_POINT('',(5.03948785353,2.80263479317,1.));
#8415 = VERTEX_POINT('',#8416);
#8416 = CARTESIAN_POINT('',(3.52051854183,0.77734991509,1.));
#8417 = LINE('',#8418,#8419);
#8418 = CARTESIAN_POINT('',(4.28000319768,1.78999235413,1.));
#8419 = VECTOR('',#8420,1.);
#8420 = DIRECTION('',(-0.600001429133,-0.799998928149,0.));
#8421 = ORIENTED_EDGE('',*,*,#8422,.T.);
#8422 = EDGE_CURVE('',#8415,#8423,#8425,.T.);
#8423 = VERTEX_POINT('',#8424);
#8424 = CARTESIAN_POINT('',(3.82761333564,0.547027962546,1.));
#8425 = LINE('',#8426,#8427);
#8426 = CARTESIAN_POINT('',(3.67406593873,0.662188938818,1.));
#8427 = VECTOR('',#8428,1.);
#8428 = DIRECTION('',(0.799998928149,-0.600001429133,0.));
#8429 = ORIENTED_EDGE('',*,*,#8430,.T.);
#8430 = EDGE_CURVE('',#8423,#8431,#8433,.T.);
#8431 = VERTEX_POINT('',#8432);
#8432 = CARTESIAN_POINT('',(3.74750215242,0.541835535343,1.));
#8433 = CIRCLE('',#8434,1.);
#8434 = AXIS2_PLACEMENT_3D('',#8435,#8436,#8437);
#8435 = CARTESIAN_POINT('',(3.85218516033,-0.452670104588,1.));
#8436 = DIRECTION('',(0.,0.,1.));
#8437 = DIRECTION('',(1.,0.,-0.));
#8438 = ORIENTED_EDGE('',*,*,#8439,.T.);
#8439 = EDGE_CURVE('',#8431,#8440,#8442,.T.);
#8440 = VERTEX_POINT('',#8441);
#8441 = CARTESIAN_POINT('',(2.02000064311,0.359996391437,1.));
#8442 = LINE('',#8443,#8444);
#8443 = CARTESIAN_POINT('',(2.88375139776,0.45091596339,1.));
#8444 = VECTOR('',#8445,1.);
#8445 = DIRECTION('',(-0.994505639931,-0.104683007916,0.));
#8446 = ORIENTED_EDGE('',*,*,#8447,.F.);
#8447 = EDGE_CURVE('',#8448,#8440,#8450,.T.);
#8448 = VERTEX_POINT('',#8449);
#8449 = CARTESIAN_POINT('',(-0.108758121781,1.95657140707,1.));
#8450 = LINE('',#8451,#8452);
#8451 = CARTESIAN_POINT('',(0.955621260663,1.15828389925,1.));
#8452 = VECTOR('',#8453,1.);
#8453 = DIRECTION('',(0.799998928149,-0.600001429133,0.));
#8454 = ORIENTED_EDGE('',*,*,#8455,.F.);
#8455 = EDGE_CURVE('',#8456,#8448,#8458,.T.);
#8456 = VERTEX_POINT('',#8457);
#8457 = CARTESIAN_POINT('',(2.89124902388,5.95656604781,1.));
#8458 = CIRCLE('',#8459,2.8);
#8459 = AXIS2_PLACEMENT_3D('',#8460,#8461,#8462);
#8460 = CARTESIAN_POINT('',(2.40000571653,3.19999571259,1.));
#8461 = DIRECTION('',(0.,0.,1.));
#8462 = DIRECTION('',(1.,0.,-0.));
#8463 = ORIENTED_EDGE('',*,*,#8464,.F.);
#8464 = EDGE_CURVE('',#8465,#8456,#8467,.T.);
#8465 = VERTEX_POINT('',#8466);
#8466 = CARTESIAN_POINT('',(5.02000778877,4.35999103218,1.));
#8467 = LINE('',#8468,#8469);
#8468 = CARTESIAN_POINT('',(3.95562840633,5.15827853999,1.));
#8469 = VECTOR('',#8470,1.);
#8470 = DIRECTION('',(-0.799998928149,0.600001429133,0.));
#8471 = ORIENTED_EDGE('',*,*,#8472,.T.);
#8472 = EDGE_CURVE('',#8465,#8473,#8475,.T.);
#8473 = VERTEX_POINT('',#8474);
#8474 = CARTESIAN_POINT('',(5.32913652575,2.65067352051,1.));
#8475 = LINE('',#8476,#8477);
#8476 = CARTESIAN_POINT('',(5.17457215726,3.50533227634,1.));
#8477 = VECTOR('',#8478,1.);
#8478 = DIRECTION('',(0.17796237578,-0.984037292386,0.));
#8479 = ORIENTED_EDGE('',*,*,#8480,.T.);
#8480 = EDGE_CURVE('',#8473,#8481,#8483,.T.);
#8481 = VERTEX_POINT('',#8482);
#8482 = CARTESIAN_POINT('',(5.34658264755,2.57231284047,1.));
#8483 = CIRCLE('',#8484,1.);
#8484 = AXIS2_PLACEMENT_3D('',#8485,#8486,#8487);
#8485 = CARTESIAN_POINT('',(6.31317381814,2.82863589629,1.));
#8486 = DIRECTION('',(0.,0.,1.));
#8487 = DIRECTION('',(1.,0.,-0.));
#8488 = ORIENTED_EDGE('',*,*,#8489,.F.);
#8489 = EDGE_CURVE('',#8413,#8481,#8490,.T.);
#8490 = LINE('',#8491,#8492);
#8491 = CARTESIAN_POINT('',(5.19303525054,2.68747381682,1.));
#8492 = VECTOR('',#8493,1.);
#8493 = DIRECTION('',(0.799998928149,-0.600001429133,0.));
#8494 = FACE_BOUND('',#8495,.T.);
#8495 = EDGE_LOOP('',(#8496,#8497));
#8496 = ORIENTED_EDGE('',*,*,#8379,.F.);
#8497 = ORIENTED_EDGE('',*,*,#8346,.F.);
#8498 = PLANE('',#8499);
#8499 = AXIS2_PLACEMENT_3D('',#8500,#8501,#8502);
#8500 = CARTESIAN_POINT('',(0.,0.,1.));
#8501 = DIRECTION('',(0.,0.,1.));
#8502 = DIRECTION('',(1.,0.,-0.));
#8503 = ADVANCED_FACE('',(#8504),#8540,.F.);
#8504 = FACE_BOUND('',#8505,.F.);
#8505 = EDGE_LOOP('',(#8506,#8515,#8516,#8525,#8534));
#8506 = ORIENTED_EDGE('',*,*,#8507,.T.);
#8507 = EDGE_CURVE('',#8508,#8415,#8510,.T.);
#8508 = VERTEX_POINT('',#8509);
#8509 = CARTESIAN_POINT('',(3.91760697547,0.723277183759,0.887257537642)
  );
#8510 = B_SPLINE_CURVE_WITH_KNOTS('',3,(#8511,#8512,#8513,#8514),
  .UNSPECIFIED.,.F.,.F.,(4,4),(0.,0.59781017462),
  .PIECEWISE_BEZIER_KNOTS.);
#8511 = CARTESIAN_POINT('',(3.91760697547,0.723277183759,0.887257537642)
  );
#8512 = CARTESIAN_POINT('',(3.80390762231,0.75246404414,0.965198940769)
  );
#8513 = CARTESIAN_POINT('',(3.66080121872,0.764119321239,1.));
#8514 = CARTESIAN_POINT('',(3.52051854183,0.77734991509,1.));
#8515 = ORIENTED_EDGE('',*,*,#8422,.T.);
#8516 = ORIENTED_EDGE('',*,*,#8517,.T.);
#8517 = EDGE_CURVE('',#8423,#8518,#8520,.T.);
#8518 = VERTEX_POINT('',#8519);
#8519 = CARTESIAN_POINT('',(3.96016519205,0.541482958451,0.987098314524)
  );
#8520 = B_SPLINE_CURVE_WITH_KNOTS('',3,(#8521,#8522,#8523,#8524),
  .UNSPECIFIED.,.F.,.F.,(4,4),(0.,0.188723648561),
  .PIECEWISE_BEZIER_KNOTS.);
#8521 = CARTESIAN_POINT('',(3.82761333564,0.547027962546,1.));
#8522 = CARTESIAN_POINT('',(3.87208249544,0.548120980963,1.));
#8523 = CARTESIAN_POINT('',(3.91664676808,0.546209716308,0.995004350037)
  );
#8524 = CARTESIAN_POINT('',(3.96016519205,0.541482958451,0.987098314524)
  );
#8525 = ORIENTED_EDGE('',*,*,#8526,.F.);
#8526 = EDGE_CURVE('',#8527,#8518,#8529,.T.);
#8527 = VERTEX_POINT('',#8528);
#8528 = CARTESIAN_POINT('',(4.03210548018,0.637402985631,0.887257537642)
  );
#8529 = CIRCLE('',#8530,0.225);
#8530 = AXIS2_PLACEMENT_3D('',#8531,#8532,#8533);
#8531 = CARTESIAN_POINT('',(3.91510790116,0.481406794181,0.775));
#8532 = DIRECTION('',(0.799998928149,-0.600001429133,-1.665334536939E-16
    ));
#8533 = DIRECTION('',(0.600001429133,0.799998928149,0.));
#8534 = ORIENTED_EDGE('',*,*,#8535,.F.);
#8535 = EDGE_CURVE('',#8508,#8527,#8536,.T.);
#8536 = LINE('',#8537,#8538);
#8537 = CARTESIAN_POINT('',(2.1328337728,2.06186206757,0.887257537642));
#8538 = VECTOR('',#8539,1.);
#8539 = DIRECTION('',(0.799998928149,-0.600001429133,-1.743895157749E-16
    ));
#8540 = CYLINDRICAL_SURFACE('',#8541,0.225);
#8541 = AXIS2_PLACEMENT_3D('',#8542,#8543,#8544);
#8542 = CARTESIAN_POINT('',(2.01583619378,1.90586587612,0.775));
#8543 = DIRECTION('',(0.799998928149,-0.600001429133,-1.665334536939E-16
    ));
#8544 = DIRECTION('',(0.519989240074,0.693316406444,0.498922389519));
#8545 = ADVANCED_FACE('',(#8546),#8586,.F.);
#8546 = FACE_BOUND('',#8547,.F.);
#8547 = EDGE_LOOP('',(#8548,#8557,#8567,#8585));
#8548 = ORIENTED_EDGE('',*,*,#8549,.T.);
#8549 = EDGE_CURVE('',#8518,#8550,#8552,.T.);
#8550 = VERTEX_POINT('',#8551);
#8551 = CARTESIAN_POINT('',(4.08853847528,0.51899707635,0.9590851106));
#8552 = B_SPLINE_CURVE_WITH_KNOTS('',3,(#8553,#8554,#8555,#8556),
  .UNSPECIFIED.,.F.,.F.,(4,4),(0.,0.22111162886),
  .PIECEWISE_BEZIER_KNOTS.);
#8553 = CARTESIAN_POINT('',(3.96016519205,0.541482958451,0.987098314524)
  );
#8554 = CARTESIAN_POINT('',(4.00462892636,0.536653525622,0.979020543541)
  );
#8555 = CARTESIAN_POINT('',(4.04728664209,0.529032301237,0.968611934434)
  );
#8556 = CARTESIAN_POINT('',(4.0885384346,0.518997413063,0.959085610899)
  );
#8557 = ORIENTED_EDGE('',*,*,#8558,.T.);
#8558 = EDGE_CURVE('',#8550,#8559,#8561,.T.);
#8559 = VERTEX_POINT('',#8560);
#8560 = CARTESIAN_POINT('',(4.68757926824,0.373283317583,0.774999983393)
  );
#8561 = B_SPLINE_CURVE_WITH_KNOTS('',4,(#8562,#8563,#8564,#8565,#8566),
  .UNSPECIFIED.,.F.,.F.,(5,5),(0.,1.12143196367),
  .PIECEWISE_BEZIER_KNOTS.);
#8562 = CARTESIAN_POINT('',(4.0885384346,0.518997413063,0.959085610899)
  );
#8563 = CARTESIAN_POINT('',(4.24542417086,0.480835720911,0.922854474957)
  );
#8564 = CARTESIAN_POINT('',(4.39273571171,0.444997211515,0.875020702609)
  );
#8565 = CARTESIAN_POINT('',(4.5393830949,0.409331246349,0.825546161757)
  );
#8566 = CARTESIAN_POINT('',(4.68757927861,0.373283364881,0.77499998178)
  );
#8567 = ORIENTED_EDGE('',*,*,#8568,.T.);
#8568 = EDGE_CURVE('',#8559,#8527,#8569,.T.);
#8569 = B_SPLINE_CURVE_WITH_KNOTS('',5,(#8570,#8571,#8572,#8573,#8574,
    #8575,#8576,#8577,#8578,#8579,#8580,#8581,#8582,#8583,#8584),
  .UNSPECIFIED.,.F.,.F.,(6,3,3,3,6),(3.66775774283,3.79363845933,
    4.26650153829,4.50300080007,4.73952521131),.UNSPECIFIED.);
#8570 = CARTESIAN_POINT('',(4.68757927861,0.373283364881,0.77499998178)
  );
#8571 = CARTESIAN_POINT('',(4.6712971892,0.377243890745,0.777689828872)
  );
#8572 = CARTESIAN_POINT('',(4.65504624298,0.381331805735,0.780379652895)
  );
#8573 = CARTESIAN_POINT('',(4.63882837065,0.385546642179,0.783069134244)
  );
#8574 = CARTESIAN_POINT('',(4.56185542794,0.406196856957,0.795858395454)
  );
#8575 = CARTESIAN_POINT('',(4.48571230094,0.429714358234,0.808626932561)
  );
#8576 = CARTESIAN_POINT('',(4.42623955557,0.450061926482,0.818675105845)
  );
#8577 = CARTESIAN_POINT('',(4.33807848176,0.483347723317,0.833688894689)
  );
#8578 = CARTESIAN_POINT('',(4.25201572739,0.520955918483,0.848539250885)
  );
#8579 = CARTESIAN_POINT('',(4.2235860979,0.53398350513,0.853467795047));
#8580 = CARTESIAN_POINT('',(4.16728163363,0.561060286325,0.863277157601)
  );
#8581 = CARTESIAN_POINT('',(4.11226678655,0.590244825159,0.872965262189)
  );
#8582 = CARTESIAN_POINT('',(4.08512477326,0.6053804373,0.87777294676));
#8583 = CARTESIAN_POINT('',(4.05838071516,0.621091012481,0.88254040946)
  );
#8584 = CARTESIAN_POINT('',(4.03210548018,0.637402985631,0.887257537642)
  );
#8585 = ORIENTED_EDGE('',*,*,#8526,.T.);
#8586 = B_SPLINE_SURFACE_WITH_KNOTS('',5,5,(
    (#8587,#8588,#8589,#8590,#8591,#8592)
    ,(#8593,#8594,#8595,#8596,#8597,#8598)
    ,(#8599,#8600,#8601,#8602,#8603,#8604)
    ,(#8605,#8606,#8607,#8608,#8609,#8610)
    ,(#8611,#8612,#8613,#8614,#8615,#8616)
    ,(#8617,#8618,#8619,#8620,#8621,#8622
    )),.UNSPECIFIED.,.F.,.F.,.F.,(6,6),(6,6),(3.66775774283,
    4.73952521131),(0.,0.151973125765),.PIECEWISE_BEZIER_KNOTS.);
#8587 = CARTESIAN_POINT('',(4.68757927861,0.37328336488,0.77499998178));
#8588 = CARTESIAN_POINT('',(4.68757928071,0.373283365542,0.822743750815)
  );
#8589 = CARTESIAN_POINT('',(4.68458617423,0.360978459095,0.870487520142)
  );
#8590 = CARTESIAN_POINT('',(4.67859065541,0.33633039782,0.913733440478)
  );
#8591 = CARTESIAN_POINT('',(4.6702019989,0.301843958967,0.948086789));
#8592 = CARTESIAN_POINT('',(4.66035263483,0.261352437209,0.971386867027)
  );
#8593 = CARTESIAN_POINT('',(4.54895110559,0.407003881396,0.797901746941)
  );
#8594 = CARTESIAN_POINT('',(4.54780251646,0.402281944562,0.842551778091)
  );
#8595 = CARTESIAN_POINT('',(4.54319171674,0.387058241994,0.885912826929)
  );
#8596 = CARTESIAN_POINT('',(4.53521840887,0.361754256054,0.924362257585)
  );
#8597 = CARTESIAN_POINT('',(4.52460855822,0.32859487057,0.954600802566)
  );
#8598 = CARTESIAN_POINT('',(4.51239537316,0.290665186723,0.975014384981)
  );
#8599 = CARTESIAN_POINT('',(4.41258052662,0.449958934034,0.820801839927)
  );
#8600 = CARTESIAN_POINT('',(4.40964731739,0.441480352349,0.861740054979)
  );
#8601 = CARTESIAN_POINT('',(4.40308598264,0.424340253816,0.900518025869)
  );
#8602 = CARTESIAN_POINT('',(4.39313115266,0.399178348774,0.934305121278)
  );
#8603 = CARTESIAN_POINT('',(4.38056467596,0.367869734729,0.960655197123)
  );
#8604 = CARTESIAN_POINT('',(4.36641708837,0.332844129485,0.978373726984)
  );
#8605 = CARTESIAN_POINT('',(4.27985467715,0.501921903684,0.843474405086)
  );
#8606 = CARTESIAN_POINT('',(4.27481363204,0.490770102955,0.88025167582)
  );
#8607 = CARTESIAN_POINT('',(4.26621105688,0.472714622894,0.914356081473)
  );
#8608 = CARTESIAN_POINT('',(4.2543807776,0.448446905342,0.943635864143)
  );
#8609 = CARTESIAN_POINT('',(4.24010198504,0.419481549315,0.966307434594)
  );
#8610 = CARTESIAN_POINT('',(4.22434646146,0.387685456525,0.98150071688)
  );
#8611 = CARTESIAN_POINT('',(4.15116694166,0.563488237986,0.865882726885)
  );
#8612 = CARTESIAN_POINT('',(4.14382839628,0.550824508486,0.898130422698)
  );
#8613 = CARTESIAN_POINT('',(4.13318264889,0.532865822151,0.927510727749)
  );
#8614 = CARTESIAN_POINT('',(4.11961724951,0.510248746137,0.952430196156)
  );
#8615 = CARTESIAN_POINT('',(4.10386288806,0.484144348892,0.971610026335)
  );
#8616 = CARTESIAN_POINT('',(4.08679264962,0.455944487505,0.984426596177)
  );
#8617 = CARTESIAN_POINT('',(4.03210548018,0.637402985632,0.887257537642)
  );
#8618 = CARTESIAN_POINT('',(4.02256596636,0.624683681221,0.914874953205)
  );
#8619 = CARTESIAN_POINT('',(4.0100928331,0.608052898758,0.939677602007)
  );
#8620 = CARTESIAN_POINT('',(3.99508314874,0.588040060762,0.960508468635)
  );
#8621 = CARTESIAN_POINT('',(3.97818905792,0.565514690168,0.976462488235)
  );
#8622 = CARTESIAN_POINT('',(3.96016519205,0.541482958453,0.987098314524)
  );
#8623 = ADVANCED_FACE('',(#8624),#8673,.F.);
#8624 = FACE_BOUND('',#8625,.F.);
#8625 = EDGE_LOOP('',(#8626,#8637,#8646,#8655));
#8626 = ORIENTED_EDGE('',*,*,#8627,.F.);
#8627 = EDGE_CURVE('',#8628,#8630,#8632,.T.);
#8628 = VERTEX_POINT('',#8629);
#8629 = CARTESIAN_POINT('',(5.44655046991,2.32967299957,0.959085114951)
  );
#8630 = VERTEX_POINT('',#8631);
#8631 = CARTESIAN_POINT('',(5.75416517878,1.79539261376,0.775000003229)
  );
#8632 = B_SPLINE_CURVE_WITH_KNOTS('',3,(#8633,#8634,#8635,#8636),
  .UNSPECIFIED.,.F.,.F.,(4,4),(0.,1.11444549962),
  .PIECEWISE_BEZIER_KNOTS.);
#8633 = CARTESIAN_POINT('',(5.44655008176,2.32967304895,0.959085664077)
  );
#8634 = CARTESIAN_POINT('',(5.55330143015,2.14426204628,0.911076643938)
  );
#8635 = CARTESIAN_POINT('',(5.65332909518,1.97053042727,0.841984289061)
  );
#8636 = CARTESIAN_POINT('',(5.75416516363,1.79539260538,0.775000002793)
  );
#8637 = ORIENTED_EDGE('',*,*,#8638,.F.);
#8638 = EDGE_CURVE('',#8639,#8628,#8641,.T.);
#8639 = VERTEX_POINT('',#8640);
#8640 = CARTESIAN_POINT('',(5.38901992306,2.4466155065,0.987098314333));
#8641 = B_SPLINE_CURVE_WITH_KNOTS('',3,(#8642,#8643,#8644,#8645),
  .UNSPECIFIED.,.F.,.F.,(4,4),(0.,0.221109078069),
  .PIECEWISE_BEZIER_KNOTS.);
#8642 = CARTESIAN_POINT('',(5.38901999605,2.44661552238,0.987098338391)
  );
#8643 = CARTESIAN_POINT('',(5.40610500705,2.40528479794,0.979021018184)
  );
#8644 = CARTESIAN_POINT('',(5.42536589269,2.36646564594,0.968612173104)
  );
#8645 = CARTESIAN_POINT('',(5.44655008176,2.32967304895,0.959085664077)
  );
#8646 = ORIENTED_EDGE('',*,*,#8647,.F.);
#8647 = EDGE_CURVE('',#8648,#8639,#8650,.T.);
#8648 = VERTEX_POINT('',#8649);
#8649 = CARTESIAN_POINT('',(5.31707963526,2.35069547975,0.887257537642)
  );
#8650 = B_SPLINE_CURVE_WITH_KNOTS('',3,(#8651,#8652,#8653,#8654),
  .UNSPECIFIED.,.F.,.F.,(4,4),(0.,0.151973125218),
  .PIECEWISE_BEZIER_KNOTS.);
#8651 = CARTESIAN_POINT('',(5.31707970302,2.3506954812,0.887257563795));
#8652 = CARTESIAN_POINT('',(5.33297888658,2.37189431824,0.933286597634)
  );
#8653 = CARTESIAN_POINT('',(5.35898021168,2.40656262536,0.969371972438)
  );
#8654 = CARTESIAN_POINT('',(5.38901999605,2.44661552238,0.987098338391)
  );
#8655 = ORIENTED_EDGE('',*,*,#8656,.T.);
#8656 = EDGE_CURVE('',#8648,#8630,#8657,.T.);
#8657 = B_SPLINE_CURVE_WITH_KNOTS('',5,(#8658,#8659,#8660,#8661,#8662,
    #8663,#8664,#8665,#8666,#8667,#8668,#8669,#8670,#8671,#8672),
  .UNSPECIFIED.,.F.,.F.,(6,3,3,3,6),(3.70970718834,3.84459293968,
    4.28046582288,4.74669637734,4.78144782379),.UNSPECIFIED.);
#8658 = CARTESIAN_POINT('',(5.31707970302,2.3506954812,0.887257563795));
#8659 = CARTESIAN_POINT('',(5.33020453038,2.33891613303,0.884567681621)
  );
#8660 = CARTESIAN_POINT('',(5.34318442265,2.32693557441,0.881861413202)
  );
#8661 = CARTESIAN_POINT('',(5.35602173883,2.31476648331,0.879140335435)
  );
#8662 = CARTESIAN_POINT('',(5.40974794081,2.26252112564,0.867569165381)
  );
#8663 = CARTESIAN_POINT('',(5.46098416181,2.20726981997,0.855779396502)
  );
#8664 = CARTESIAN_POINT('',(5.49870656497,2.16365930771,0.84669125902));
#8665 = CARTESIAN_POINT('',(5.57402556256,2.07076192829,0.827735362996)
  );
#8666 = CARTESIAN_POINT('',(5.64365064538,1.97308189745,0.808570404859)
  );
#8667 = CARTESIAN_POINT('',(5.67813056028,1.92149618011,0.798632543277)
  );
#8668 = CARTESIAN_POINT('',(5.71356678685,1.86497947928,0.7879320847));
#8669 = CARTESIAN_POINT('',(5.74721460707,1.80740461384,0.777227718932)
  );
#8670 = CARTESIAN_POINT('',(5.74954005302,1.80340572224,0.776485169488)
  );
#8671 = CARTESIAN_POINT('',(5.75185690859,1.79940171409,0.775742596447)
  );
#8672 = CARTESIAN_POINT('',(5.75416516363,1.79539260538,0.775000002793)
  );
#8673 = B_SPLINE_SURFACE_WITH_KNOTS('',5,5,(
    (#8674,#8675,#8676,#8677,#8678,#8679)
    ,(#8680,#8681,#8682,#8683,#8684,#8685)
    ,(#8686,#8687,#8688,#8689,#8690,#8691)
    ,(#8692,#8693,#8694,#8695,#8696,#8697)
    ,(#8698,#8699,#8700,#8701,#8702,#8703)
    ,(#8704,#8705,#8706,#8707,#8708,#8709
    )),.UNSPECIFIED.,.F.,.F.,.F.,(6,6),(6,6),(3.70970718833,
    4.78144782379),(0.,0.151973125218),.PIECEWISE_BEZIER_KNOTS.);
#8674 = CARTESIAN_POINT('',(5.31707970301,2.3506954812,0.887257563796));
#8675 = CARTESIAN_POINT('',(5.32661921316,2.36341478342,0.914874984099)
  );
#8676 = CARTESIAN_POINT('',(5.33909234536,2.38004556665,0.939677635798)
  );
#8677 = CARTESIAN_POINT('',(5.35410203116,2.40005840813,0.960508502527)
  );
#8678 = CARTESIAN_POINT('',(5.37099612542,2.42258378417,0.976462518819)
  );
#8679 = CARTESIAN_POINT('',(5.38901999605,2.44661552238,0.987098338391)
  );
#8680 = CARTESIAN_POINT('',(5.42136359272,2.25710215523,0.865884987357)
  );
#8681 = CARTESIAN_POINT('',(5.43146595832,2.26769319357,0.898132189553)
  );
#8682 = CARTESIAN_POINT('',(5.44572535265,2.28294163892,0.927512007546)
  );
#8683 = CARTESIAN_POINT('',(5.46363919437,2.30229720851,0.95243104187));
#8684 = CARTESIAN_POINT('',(5.48428787585,2.32473056135,0.971610530863)
  );
#8685 = CARTESIAN_POINT('',(5.50657970951,2.34901384345,0.984426871543)
  );
#8686 = CARTESIAN_POINT('',(5.51649748928,2.15080607875,0.843477920057)
  );
#8687 = CARTESIAN_POINT('',(5.52579198781,2.15876843216,0.880254442345)
  );
#8688 = CARTESIAN_POINT('',(5.54071656445,2.17208274803,0.91435806861));
#8689 = CARTESIAN_POINT('',(5.56070090765,2.19023494497,0.94363713131));
#8690 = CARTESIAN_POINT('',(5.58450923605,2.21205293522,0.966308147354)
  );
#8691 = CARTESIAN_POINT('',(5.61062148396,2.23608112072,0.981501074942)
  );
#8692 = CARTESIAN_POINT('',(5.60361109539,2.03782459343,0.820783831628)
  );
#8693 = CARTESIAN_POINT('',(5.61092596534,2.04301254494,0.861724485));
#8694 = CARTESIAN_POINT('',(5.62554143284,2.05410870246,0.90050590307));
#8695 = CARTESIAN_POINT('',(5.64690938938,2.07070888247,0.934296774659)
  );
#8696 = CARTESIAN_POINT('',(5.67344843314,2.09153753231,0.960650082692)
  );
#8697 = CARTESIAN_POINT('',(5.70311401401,2.11492494288,0.978370878906)
  );
#8698 = CARTESIAN_POINT('',(5.6829781777,1.91903421333,0.79790171988));
#8699 = CARTESIAN_POINT('',(5.68718964173,1.92145898281,0.842551756606)
  );
#8700 = CARTESIAN_POINT('',(5.70051340877,1.9301479387,0.885912811262));
#8701 = CARTESIAN_POINT('',(5.72257277177,1.9448873533,0.924362247479));
#8702 = CARTESIAN_POINT('',(5.75143510672,1.96435733914,0.954600796736)
  );
#8703 = CARTESIAN_POINT('',(5.78442800658,1.98670219676,0.975014381968)
  );
#8704 = CARTESIAN_POINT('',(5.75416516363,1.79539260538,0.775000002792)
  );
#8705 = CARTESIAN_POINT('',(5.75416516367,1.7953926057,0.822743767666));
#8706 = CARTESIAN_POINT('',(5.76513982679,1.80171132537,0.870487532483)
  );
#8707 = CARTESIAN_POINT('',(5.78712326583,1.81436840501,0.913733448544)
  );
#8708 = CARTESIAN_POINT('',(5.817881487,1.83207761104,0.948086793662));
#8709 = CARTESIAN_POINT('',(5.8539956009,1.85287050011,0.971386869452));
#8710 = ADVANCED_FACE('',(#8711),#8737,.F.);
#8711 = FACE_BOUND('',#8712,.F.);
#8712 = EDGE_LOOP('',(#8713,#8720,#8721,#8730,#8736));
#8713 = ORIENTED_EDGE('',*,*,#8714,.F.);
#8714 = EDGE_CURVE('',#8481,#8639,#8715,.T.);
#8715 = B_SPLINE_CURVE_WITH_KNOTS('',3,(#8716,#8717,#8718,#8719),
  .UNSPECIFIED.,.F.,.F.,(4,4),(0.,0.188723650764),
  .PIECEWISE_BEZIER_KNOTS.);
#8716 = CARTESIAN_POINT('',(5.34658264755,2.57231284047,1.));
#8717 = CARTESIAN_POINT('',(5.35798456123,2.52931636069,1.));
#8718 = CARTESIAN_POINT('',(5.37229722099,2.48706976147,0.99500434995));
#8719 = CARTESIAN_POINT('',(5.38901992306,2.4466155065,0.987098314333));
#8720 = ORIENTED_EDGE('',*,*,#8489,.F.);
#8721 = ORIENTED_EDGE('',*,*,#8722,.F.);
#8722 = EDGE_CURVE('',#8723,#8413,#8725,.T.);
#8723 = VERTEX_POINT('',#8724);
#8724 = CARTESIAN_POINT('',(5.20258112914,2.43656967894,0.887257537642)
  );
#8725 = B_SPLINE_CURVE_WITH_KNOTS('',3,(#8726,#8727,#8728,#8729),
  .UNSPECIFIED.,.F.,.F.,(4,4),(0.,0.597810174623),
  .PIECEWISE_BEZIER_KNOTS.);
#8726 = CARTESIAN_POINT('',(5.20258112914,2.43656967894,0.887257537642)
  );
#8727 = CARTESIAN_POINT('',(5.14272628507,2.53754895092,0.965198940769)
  );
#8728 = CARTESIAN_POINT('',(5.09146790523,2.67166780392,1.));
#8729 = CARTESIAN_POINT('',(5.03948785353,2.80263479317,1.));
#8730 = ORIENTED_EDGE('',*,*,#8731,.T.);
#8731 = EDGE_CURVE('',#8723,#8648,#8732,.T.);
#8732 = LINE('',#8733,#8734);
#8733 = CARTESIAN_POINT('',(2.91323856943,4.15358298892,0.887257537642)
  );
#8734 = VECTOR('',#8735,1.);
#8735 = DIRECTION('',(0.799998928149,-0.600001429133,1.654456671439E-16)
  );
#8736 = ORIENTED_EDGE('',*,*,#8647,.T.);
#8737 = CYLINDRICAL_SURFACE('',#8738,0.225);
#8738 = AXIS2_PLACEMENT_3D('',#8739,#8740,#8741);
#8739 = CARTESIAN_POINT('',(3.03023614845,4.30957918037,0.775));
#8740 = DIRECTION('',(0.799998928149,-0.600001429133,1.665334536939E-16)
  );
#8741 = DIRECTION('',(-3.330673833846E-16,-1.665330966952E-16,1.));
#8742 = ADVANCED_FACE('',(#8743),#8794,.T.);
#8743 = FACE_BOUND('',#8744,.T.);
#8744 = EDGE_LOOP('',(#8745,#8755,#8763,#8771,#8779));
#8745 = ORIENTED_EDGE('',*,*,#8746,.F.);
#8746 = EDGE_CURVE('',#8747,#8749,#8751,.T.);
#8747 = VERTEX_POINT('',#8748);
#8748 = CARTESIAN_POINT('',(5.93000266175,1.48998940654,-2.48));
#8749 = VERTEX_POINT('',#8750);
#8750 = CARTESIAN_POINT('',(5.93000266164,1.48998940663,0.214732833878)
  );
#8751 = LINE('',#8752,#8753);
#8752 = CARTESIAN_POINT('',(5.93000266037,1.48998940758,-1.13263358306)
  );
#8753 = VECTOR('',#8754,1.);
#8754 = DIRECTION('',(9.42483362407E-10,-7.06865076189E-10,1.));
#8755 = ORIENTED_EDGE('',*,*,#8756,.F.);
#8756 = EDGE_CURVE('',#8757,#8747,#8759,.T.);
#8757 = VERTEX_POINT('',#8758);
#8758 = CARTESIAN_POINT('',(5.21000362642,2.02999069276,-2.48));
#8759 = LINE('',#8760,#8761);
#8760 = CARTESIAN_POINT('',(5.57000314409,1.75999004965,-2.48));
#8761 = VECTOR('',#8762,1.);
#8762 = DIRECTION('',(0.799998928149,-0.600001429133,9.868649107774E-16)
  );
#8763 = ORIENTED_EDGE('',*,*,#8764,.F.);
#8764 = EDGE_CURVE('',#8765,#8757,#8767,.T.);
#8765 = VERTEX_POINT('',#8766);
#8766 = CARTESIAN_POINT('',(5.21000362642,2.02999069276,
    6.27172837753E-02));
#8767 = LINE('',#8768,#8769);
#8768 = CARTESIAN_POINT('',(5.21000362642,2.02999069276,-1.20864135811)
  );
#8769 = VECTOR('',#8770,1.);
#8770 = DIRECTION('',(0.,0.,-1.));
#8771 = ORIENTED_EDGE('',*,*,#8772,.T.);
#8772 = EDGE_CURVE('',#8765,#8773,#8775,.T.);
#8773 = VERTEX_POINT('',#8774);
#8774 = CARTESIAN_POINT('',(5.47451086642,1.83160952445,
    6.27172837753E-02));
#8775 = LINE('',#8776,#8777);
#8776 = CARTESIAN_POINT('',(5.34225724642,1.93080010861,
    6.27172837753E-02));
#8777 = VECTOR('',#8778,1.);
#8778 = DIRECTION('',(0.799998928149,-0.600001429133,-2.938124022538E-16
    ));
#8779 = ORIENTED_EDGE('',*,*,#8780,.T.);
#8780 = EDGE_CURVE('',#8773,#8749,#8781,.T.);
#8781 = B_SPLINE_CURVE_WITH_KNOTS('',5,(#8782,#8783,#8784,#8785,#8786,
    #8787,#8788,#8789,#8790,#8791,#8792,#8793),.UNSPECIFIED.,.F.,.F.,(6,
    3,3,6),(0.686859735504,1.02362933953,1.35554633901,1.40123307267),
  .UNSPECIFIED.);
#8782 = CARTESIAN_POINT('',(5.47451086642,1.83160952445,
    6.27172837753E-02));
#8783 = CARTESIAN_POINT('',(5.51681156487,1.79988388254,
    6.27172837753E-02));
#8784 = CARTESIAN_POINT('',(5.55948448184,1.7678790757,6.47001297827E-02
    ));
#8785 = CARTESIAN_POINT('',(5.60243770167,1.73566404093,
    6.90290431218E-02));
#8786 = CARTESIAN_POINT('',(5.68866881536,1.67099046497,
    8.33243501424E-02));
#8787 = CARTESIAN_POINT('',(5.77567083573,1.60573870685,0.112683189203)
  );
#8788 = CARTESIAN_POINT('',(5.81930147008,1.57301560929,0.132017603553)
  );
#8789 = CARTESIAN_POINT('',(5.86802152731,1.53647543038,0.161015773071)
  );
#8790 = CARTESIAN_POINT('',(5.91373078514,1.50219335942,0.199781047454)
  );
#8791 = CARTESIAN_POINT('',(5.91921198394,1.49808244502,0.204617006847)
  );
#8792 = CARTESIAN_POINT('',(5.9246380507,1.49401287981,0.209600630915));
#8793 = CARTESIAN_POINT('',(5.93000266164,1.48998940663,0.214732833878)
  );
#8794 = PLANE('',#8795);
#8795 = AXIS2_PLACEMENT_3D('',#8796,#8797,#8798);
#8796 = CARTESIAN_POINT('',(3.30483442953,3.45887290829,
    3.94430452611E-31));
#8797 = DIRECTION('',(0.600001429133,0.799998928149,-0.));
#8798 = DIRECTION('',(-0.799998928149,0.600001429133,0.));
#8799 = ADVANCED_FACE('',(#8800),#8831,.F.);
#8800 = FACE_BOUND('',#8801,.T.);
#8801 = EDGE_LOOP('',(#8802,#8803,#8817,#8825));
#8802 = ORIENTED_EDGE('',*,*,#8535,.F.);
#8803 = ORIENTED_EDGE('',*,*,#8804,.F.);
#8804 = EDGE_CURVE('',#8805,#8508,#8807,.T.);
#8805 = VERTEX_POINT('',#8806);
#8806 = CARTESIAN_POINT('',(4.21224223366,0.736620123372,0.561639673294)
  );
#8807 = B_SPLINE_CURVE_WITH_KNOTS('',5,(#8808,#8809,#8810,#8811,#8812,
    #8813,#8814,#8815,#8816),.UNSPECIFIED.,.F.,.F.,(6,3,6),(
    0.266188480742,0.610809327531,0.898026567484),.UNSPECIFIED.);
#8808 = CARTESIAN_POINT('',(4.21224223366,0.736620123372,0.561639673294)
  );
#8809 = CARTESIAN_POINT('',(4.18886533116,0.724598994063,0.602708553686)
  );
#8810 = CARTESIAN_POINT('',(4.16278395322,0.715165864698,0.642999748612)
  );
#8811 = CARTESIAN_POINT('',(4.13413064149,0.708482976392,0.682149665129)
  );
#8812 = CARTESIAN_POINT('',(4.07717753532,0.701579706579,0.751100574812)
  );
#8813 = CARTESIAN_POINT('',(4.01286179325,0.705000431165,0.813378496221)
  );
#8814 = CARTESIAN_POINT('',(3.9822282018,0.708778600064,0.840055333611)
  );
#8815 = CARTESIAN_POINT('',(3.95038920151,0.714861985165,0.86478508543)
  );
#8816 = CARTESIAN_POINT('',(3.91760697547,0.723277183759,0.887257537642)
  );
#8817 = ORIENTED_EDGE('',*,*,#8818,.T.);
#8818 = EDGE_CURVE('',#8805,#8819,#8821,.T.);
#8819 = VERTEX_POINT('',#8820);
#8820 = CARTESIAN_POINT('',(4.49449653225,0.524928611581,0.561639673294)
  );
#8821 = LINE('',#8822,#8823);
#8822 = CARTESIAN_POINT('',(4.35336938296,0.630774367476,0.561639673294)
  );
#8823 = VECTOR('',#8824,1.);
#8824 = DIRECTION('',(0.799998928149,-0.600001429133,0.));
#8825 = ORIENTED_EDGE('',*,*,#8826,.F.);
#8826 = EDGE_CURVE('',#8527,#8819,#8827,.T.);
#8827 = LINE('',#8828,#8829);
#8828 = CARTESIAN_POINT('',(4.26330100621,0.581165798606,0.724448605468)
  );
#8829 = VECTOR('',#8830,1.);
#8830 = DIRECTION('',(0.801908326407,-0.195060299402,-0.564707460228));
#8831 = PLANE('',#8832);
#8832 = AXIS2_PLACEMENT_3D('',#8833,#8834,#8835);
#8833 = CARTESIAN_POINT('',(4.31000148226,0.829992299935,0.33));
#8834 = DIRECTION('',(0.519989240074,0.693316406444,0.498922389519));
#8835 = DIRECTION('',(-0.299354146737,-0.399137376845,0.866646669201));
#8836 = ADVANCED_FACE('',(#8837),#8871,.T.);
#8837 = FACE_BOUND('',#8838,.T.);
#8838 = EDGE_LOOP('',(#8839,#8849,#8857,#8865));
#8839 = ORIENTED_EDGE('',*,*,#8840,.F.);
#8840 = EDGE_CURVE('',#8841,#8843,#8845,.T.);
#8841 = VERTEX_POINT('',#8842);
#8842 = CARTESIAN_POINT('',(4.31000148272,0.829992300541,-2.48));
#8843 = VERTEX_POINT('',#8844);
#8844 = CARTESIAN_POINT('',(5.03000051805,0.289991014322,-2.48));
#8845 = LINE('',#8846,#8847);
#8846 = CARTESIAN_POINT('',(4.67000100039,0.559991657432,-2.48));
#8847 = VECTOR('',#8848,1.);
#8848 = DIRECTION('',(0.799998928149,-0.600001429133,0.));
#8849 = ORIENTED_EDGE('',*,*,#8850,.T.);
#8850 = EDGE_CURVE('',#8841,#8851,#8853,.T.);
#8851 = VERTEX_POINT('',#8852);
#8852 = CARTESIAN_POINT('',(4.53911565549,1.13547672732,-3.7276722169));
#8853 = LINE('',#8854,#8855);
#8854 = CARTESIAN_POINT('',(4.42455856911,0.98273451393,-3.10383610845)
  );
#8855 = VECTOR('',#8856,1.);
#8856 = DIRECTION('',(0.175593483545,0.234123773387,-0.956218064707));
#8857 = ORIENTED_EDGE('',*,*,#8858,.T.);
#8858 = EDGE_CURVE('',#8851,#8859,#8861,.T.);
#8859 = VERTEX_POINT('',#8860);
#8860 = CARTESIAN_POINT('',(5.25911469083,0.595475441099,-3.7276722169)
  );
#8861 = LINE('',#8862,#8863);
#8862 = CARTESIAN_POINT('',(4.89911517316,0.865476084209,-3.7276722169)
  );
#8863 = VECTOR('',#8864,1.);
#8864 = DIRECTION('',(0.799998928149,-0.600001429133,0.));
#8865 = ORIENTED_EDGE('',*,*,#8866,.F.);
#8866 = EDGE_CURVE('',#8843,#8859,#8867,.T.);
#8867 = LINE('',#8868,#8869);
#8868 = CARTESIAN_POINT('',(5.14455760444,0.442733227711,-3.10383610845)
  );
#8869 = VECTOR('',#8870,1.);
#8870 = DIRECTION('',(0.175593483545,0.234123773387,-0.956218064707));
#8871 = PLANE('',#8872);
#8872 = AXIS2_PLACEMENT_3D('',#8873,#8874,#8875);
#8873 = CARTESIAN_POINT('',(4.31000148272,0.829992300541,-2.48));
#8874 = DIRECTION('',(-0.573732205387,-0.764973426842,-0.292655108837));
#8875 = DIRECTION('',(0.175593483545,0.234123773387,-0.956218064707));
#8876 = ADVANCED_FACE('',(#8877),#8904,.T.);
#8877 = FACE_BOUND('',#8878,.T.);
#8878 = EDGE_LOOP('',(#8879,#8888,#8889,#8898));
#8879 = ORIENTED_EDGE('',*,*,#8880,.T.);
#8880 = EDGE_CURVE('',#8881,#8859,#8883,.T.);
#8881 = VERTEX_POINT('',#8882);
#8882 = CARTESIAN_POINT('',(5.70088848898,1.18450497977,-3.7276722169));
#8883 = CIRCLE('',#8884,0.385);
#8884 = AXIS2_PLACEMENT_3D('',#8885,#8886,#8887);
#8885 = CARTESIAN_POINT('',(5.4800015899,0.889990210433,-3.615));
#8886 = DIRECTION('',(-0.799998928149,0.600001429133,0.));
#8887 = DIRECTION('',(-0.600001429133,-0.799998928149,0.));
#8888 = ORIENTED_EDGE('',*,*,#8858,.F.);
#8889 = ORIENTED_EDGE('',*,*,#8890,.F.);
#8890 = EDGE_CURVE('',#8891,#8851,#8893,.T.);
#8891 = VERTEX_POINT('',#8892);
#8892 = CARTESIAN_POINT('',(4.98088945364,1.72450626599,-3.7276722169));
#8893 = CIRCLE('',#8894,0.385);
#8894 = AXIS2_PLACEMENT_3D('',#8895,#8896,#8897);
#8895 = CARTESIAN_POINT('',(4.76000255457,1.42999149665,-3.615));
#8896 = DIRECTION('',(-0.799998928149,0.600001429133,0.));
#8897 = DIRECTION('',(-0.600001429133,-0.799998928149,0.));
#8898 = ORIENTED_EDGE('',*,*,#8899,.F.);
#8899 = EDGE_CURVE('',#8881,#8891,#8900,.T.);
#8900 = LINE('',#8901,#8902);
#8901 = CARTESIAN_POINT('',(7.29633182564,-1.20819760586E-02,
    -3.7276722169));
#8902 = VECTOR('',#8903,1.);
#8903 = DIRECTION('',(-0.799998928149,0.600001429133,0.));
#8904 = CYLINDRICAL_SURFACE('',#8905,0.385);
#8905 = AXIS2_PLACEMENT_3D('',#8906,#8907,#8908);
#8906 = CARTESIAN_POINT('',(7.07544492656,-0.306596745393,-3.615));
#8907 = DIRECTION('',(-0.799998928149,0.600001429133,0.));
#8908 = DIRECTION('',(0.573732205387,0.764973426842,-0.292655108837));
#8909 = ADVANCED_FACE('',(#8910),#8926,.F.);
#8910 = FACE_BOUND('',#8911,.T.);
#8911 = EDGE_LOOP('',(#8912,#8918,#8919,#8925));
#8912 = ORIENTED_EDGE('',*,*,#8913,.T.);
#8913 = EDGE_CURVE('',#8747,#8881,#8914,.T.);
#8914 = LINE('',#8915,#8916);
#8915 = CARTESIAN_POINT('',(5.81544557536,1.33724719316,-3.10383610845)
  );
#8916 = VECTOR('',#8917,1.);
#8917 = DIRECTION('',(-0.175593483545,-0.234123773387,-0.956218064707));
#8918 = ORIENTED_EDGE('',*,*,#8899,.T.);
#8919 = ORIENTED_EDGE('',*,*,#8920,.F.);
#8920 = EDGE_CURVE('',#8757,#8891,#8921,.T.);
#8921 = LINE('',#8922,#8923);
#8922 = CARTESIAN_POINT('',(5.09544654003,1.87724847938,-3.10383610845)
  );
#8923 = VECTOR('',#8924,1.);
#8924 = DIRECTION('',(-0.175593483545,-0.234123773387,-0.956218064707));
#8925 = ORIENTED_EDGE('',*,*,#8756,.T.);
#8926 = PLANE('',#8927);
#8927 = AXIS2_PLACEMENT_3D('',#8928,#8929,#8930);
#8928 = CARTESIAN_POINT('',(5.21000362642,2.02999069276,-2.48));
#8929 = DIRECTION('',(-0.573732205387,-0.764973426842,0.292655108837));
#8930 = DIRECTION('',(-0.175593483545,-0.234123773387,-0.956218064707));
#8931 = ADVANCED_FACE('',(#8932),#8968,.T.);
#8932 = FACE_BOUND('',#8933,.T.);
#8933 = EDGE_LOOP('',(#8934,#8935,#8943,#8951,#8962));
#8934 = ORIENTED_EDGE('',*,*,#8472,.F.);
#8935 = ORIENTED_EDGE('',*,*,#8936,.F.);
#8936 = EDGE_CURVE('',#8937,#8465,#8939,.T.);
#8937 = VERTEX_POINT('',#8938);
#8938 = CARTESIAN_POINT('',(5.02000778877,4.35999103218,1.9));
#8939 = LINE('',#8940,#8941);
#8940 = CARTESIAN_POINT('',(5.02000778877,4.35999103218,1.45));
#8941 = VECTOR('',#8942,1.);
#8942 = DIRECTION('',(0.,0.,-1.));
#8943 = ORIENTED_EDGE('',*,*,#8944,.T.);
#8944 = EDGE_CURVE('',#8937,#8945,#8947,.T.);
#8945 = VERTEX_POINT('',#8946);
#8946 = CARTESIAN_POINT('',(5.25071979553,3.08427633432,1.9));
#8947 = LINE('',#8948,#8949);
#8948 = CARTESIAN_POINT('',(5.13536379215,3.72213368325,1.9));
#8949 = VECTOR('',#8950,1.);
#8950 = DIRECTION('',(0.17796237578,-0.984037292386,0.));
#8951 = ORIENTED_EDGE('',*,*,#8952,.F.);
#8952 = EDGE_CURVE('',#8953,#8945,#8955,.T.);
#8953 = VERTEX_POINT('',#8954);
#8954 = CARTESIAN_POINT('',(5.32913652575,2.65067352051,1.86483391908));
#8955 = B_SPLINE_CURVE_WITH_KNOTS('',5,(#8956,#8957,#8958,#8959,#8960,
    #8961),.UNSPECIFIED.,.F.,.F.,(6,6),(0.24999108763,0.875790813369),
  .PIECEWISE_BEZIER_KNOTS.);
#8956 = CARTESIAN_POINT('',(5.32913652575,2.65067352051,1.86483391908));
#8957 = CARTESIAN_POINT('',(5.31358804865,2.73664832976,1.87894676978));
#8958 = CARTESIAN_POINT('',(5.29793675575,2.82319165566,1.88948510549));
#8959 = CARTESIAN_POINT('',(5.28221964279,2.91009893149,1.89649504301));
#8960 = CARTESIAN_POINT('',(5.26646972311,2.99718761107,1.9));
#8961 = CARTESIAN_POINT('',(5.25071979553,3.08427633432,1.9));
#8962 = ORIENTED_EDGE('',*,*,#8963,.T.);
#8963 = EDGE_CURVE('',#8953,#8473,#8964,.T.);
#8964 = LINE('',#8965,#8966);
#8965 = CARTESIAN_POINT('',(5.32913652575,2.65067352051,1.43241695954));
#8966 = VECTOR('',#8967,1.);
#8967 = DIRECTION('',(0.,0.,-1.));
#8968 = PLANE('',#8969);
#8969 = AXIS2_PLACEMENT_3D('',#8970,#8971,#8972);
#8970 = CARTESIAN_POINT('',(5.02000778877,4.35999103218,1.9));
#8971 = DIRECTION('',(0.984037292386,0.17796237578,0.));
#8972 = DIRECTION('',(0.17796237578,-0.984037292386,0.));
#8973 = ADVANCED_FACE('',(#8974),#9016,.T.);
#8974 = FACE_BOUND('',#8975,.T.);
#8975 = EDGE_LOOP('',(#8976,#8977,#8985,#8994,#9002,#9010));
#8976 = ORIENTED_EDGE('',*,*,#8944,.F.);
#8977 = ORIENTED_EDGE('',*,*,#8978,.T.);
#8978 = EDGE_CURVE('',#8937,#8979,#8981,.T.);
#8979 = VERTEX_POINT('',#8980);
#8980 = CARTESIAN_POINT('',(2.89124902388,5.95656604781,1.9));
#8981 = LINE('',#8982,#8983);
#8982 = CARTESIAN_POINT('',(3.95562840633,5.15827853999,1.9));
#8983 = VECTOR('',#8984,1.);
#8984 = DIRECTION('',(-0.799998928149,0.600001429133,0.));
#8985 = ORIENTED_EDGE('',*,*,#8986,.T.);
#8986 = EDGE_CURVE('',#8979,#8987,#8989,.T.);
#8987 = VERTEX_POINT('',#8988);
#8988 = CARTESIAN_POINT('',(-0.108758121781,1.95657140707,1.9));
#8989 = CIRCLE('',#8990,2.8);
#8990 = AXIS2_PLACEMENT_3D('',#8991,#8992,#8993);
#8991 = CARTESIAN_POINT('',(2.40000571653,3.19999571259,1.9));
#8992 = DIRECTION('',(0.,0.,1.));
#8993 = DIRECTION('',(1.,0.,-0.));
#8994 = ORIENTED_EDGE('',*,*,#8995,.T.);
#8995 = EDGE_CURVE('',#8987,#8996,#8998,.T.);
#8996 = VERTEX_POINT('',#8997);
#8997 = CARTESIAN_POINT('',(2.02000064311,0.359996391437,1.9));
#8998 = LINE('',#8999,#9000);
#8999 = CARTESIAN_POINT('',(0.955621260663,1.15828389925,1.9));
#9000 = VECTOR('',#9001,1.);
#9001 = DIRECTION('',(0.799998928149,-0.600001429133,0.));
#9002 = ORIENTED_EDGE('',*,*,#9003,.F.);
#9003 = EDGE_CURVE('',#9004,#8996,#9006,.T.);
#9004 = VERTEX_POINT('',#9005);
#9005 = CARTESIAN_POINT('',(3.30928659983,0.495708373949,1.9));
#9006 = LINE('',#9007,#9008);
#9007 = CARTESIAN_POINT('',(2.66464362147,0.427852382693,1.9));
#9008 = VECTOR('',#9009,1.);
#9009 = DIRECTION('',(-0.994505639931,-0.104683007916,0.));
#9010 = ORIENTED_EDGE('',*,*,#9011,.T.);
#9011 = EDGE_CURVE('',#9004,#8945,#9012,.T.);
#9012 = LINE('',#9013,#9014);
#9013 = CARTESIAN_POINT('',(4.28000319768,1.78999235413,1.9));
#9014 = VECTOR('',#9015,1.);
#9015 = DIRECTION('',(0.600001429133,0.799998928149,0.));
#9016 = PLANE('',#9017);
#9017 = AXIS2_PLACEMENT_3D('',#9018,#9019,#9020);
#9018 = CARTESIAN_POINT('',(0.,0.,1.9));
#9019 = DIRECTION('',(0.,0.,1.));
#9020 = DIRECTION('',(1.,0.,-0.));
#9021 = ADVANCED_FACE('',(#9022),#9033,.F.);
#9022 = FACE_BOUND('',#9023,.T.);
#9023 = EDGE_LOOP('',(#9024,#9025,#9031,#9032));
#9024 = ORIENTED_EDGE('',*,*,#8464,.T.);
#9025 = ORIENTED_EDGE('',*,*,#9026,.F.);
#9026 = EDGE_CURVE('',#8979,#8456,#9027,.T.);
#9027 = LINE('',#9028,#9029);
#9028 = CARTESIAN_POINT('',(2.89124902388,5.95656604781,1.45));
#9029 = VECTOR('',#9030,1.);
#9030 = DIRECTION('',(0.,0.,-1.));
#9031 = ORIENTED_EDGE('',*,*,#8978,.F.);
#9032 = ORIENTED_EDGE('',*,*,#8936,.T.);
#9033 = PLANE('',#9034);
#9034 = AXIS2_PLACEMENT_3D('',#9035,#9036,#9037);
#9035 = CARTESIAN_POINT('',(5.02000778877,4.35999103218,1.9));
#9036 = DIRECTION('',(-0.600001429133,-0.799998928149,-0.));
#9037 = DIRECTION('',(-0.799998928149,0.600001429133,0.));
#9038 = ADVANCED_FACE('',(#9039),#9050,.T.);
#9039 = FACE_BOUND('',#9040,.T.);
#9040 = EDGE_LOOP('',(#9041,#9042,#9048,#9049));
#9041 = ORIENTED_EDGE('',*,*,#8455,.T.);
#9042 = ORIENTED_EDGE('',*,*,#9043,.T.);
#9043 = EDGE_CURVE('',#8448,#8987,#9044,.T.);
#9044 = LINE('',#9045,#9046);
#9045 = CARTESIAN_POINT('',(-0.108758121781,1.95657140707,1.45));
#9046 = VECTOR('',#9047,1.);
#9047 = DIRECTION('',(0.,0.,1.));
#9048 = ORIENTED_EDGE('',*,*,#8986,.F.);
#9049 = ORIENTED_EDGE('',*,*,#9026,.T.);
#9050 = CYLINDRICAL_SURFACE('',#9051,2.8);
#9051 = AXIS2_PLACEMENT_3D('',#9052,#9053,#9054);
#9052 = CARTESIAN_POINT('',(2.40000571653,3.19999571259,1.45));
#9053 = DIRECTION('',(0.,0.,1.));
#9054 = DIRECTION('',(0.17544403834,0.984489405434,-0.));
#9055 = ADVANCED_FACE('',(#9056),#9067,.F.);
#9056 = FACE_BOUND('',#9057,.T.);
#9057 = EDGE_LOOP('',(#9058,#9059,#9065,#9066));
#9058 = ORIENTED_EDGE('',*,*,#8447,.T.);
#9059 = ORIENTED_EDGE('',*,*,#9060,.F.);
#9060 = EDGE_CURVE('',#8996,#8440,#9061,.T.);
#9061 = LINE('',#9062,#9063);
#9062 = CARTESIAN_POINT('',(2.02000064311,0.359996391437,1.45));
#9063 = VECTOR('',#9064,1.);
#9064 = DIRECTION('',(0.,0.,-1.));
#9065 = ORIENTED_EDGE('',*,*,#8995,.F.);
#9066 = ORIENTED_EDGE('',*,*,#9043,.F.);
#9067 = PLANE('',#9068);
#9068 = AXIS2_PLACEMENT_3D('',#9069,#9070,#9071);
#9069 = CARTESIAN_POINT('',(-0.108758121781,1.95657140707,1.9));
#9070 = DIRECTION('',(0.600001429133,0.799998928149,0.));
#9071 = DIRECTION('',(0.799998928149,-0.600001429133,0.));
#9072 = ADVANCED_FACE('',(#9073),#9095,.T.);
#9073 = FACE_BOUND('',#9074,.T.);
#9074 = EDGE_LOOP('',(#9075,#9086,#9087,#9088,#9089));
#9075 = ORIENTED_EDGE('',*,*,#9076,.T.);
#9076 = EDGE_CURVE('',#9077,#9004,#9079,.T.);
#9077 = VERTEX_POINT('',#9078);
#9078 = CARTESIAN_POINT('',(3.74750215242,0.541835535343,1.86483391875)
  );
#9079 = B_SPLINE_CURVE_WITH_KNOTS('',5,(#9080,#9081,#9082,#9083,#9084,
    #9085),.UNSPECIFIED.,.F.,.F.,(6,6),(0.249991084668,0.875790813373),
  .PIECEWISE_BEZIER_KNOTS.);
#9080 = CARTESIAN_POINT('',(3.74750215242,0.541835535343,1.86483391875)
  );
#9081 = CARTESIAN_POINT('',(3.66061272887,0.532689437173,1.87894676958)
  );
#9082 = CARTESIAN_POINT('',(3.57314874069,0.523482859554,1.88948510539)
  );
#9083 = CARTESIAN_POINT('',(3.48531693082,0.514237564526,1.89649504297)
  );
#9084 = CARTESIAN_POINT('',(3.39730178739,0.50497297156,1.9));
#9085 = CARTESIAN_POINT('',(3.30928659983,0.495708373949,1.9));
#9086 = ORIENTED_EDGE('',*,*,#9003,.T.);
#9087 = ORIENTED_EDGE('',*,*,#9060,.T.);
#9088 = ORIENTED_EDGE('',*,*,#8439,.F.);
#9089 = ORIENTED_EDGE('',*,*,#9090,.F.);
#9090 = EDGE_CURVE('',#9077,#8431,#9091,.T.);
#9091 = LINE('',#9092,#9093);
#9092 = CARTESIAN_POINT('',(3.74750215242,0.541835535343,1.43241695937)
  );
#9093 = VECTOR('',#9094,1.);
#9094 = DIRECTION('',(0.,0.,-1.));
#9095 = PLANE('',#9096);
#9096 = AXIS2_PLACEMENT_3D('',#9097,#9098,#9099);
#9097 = CARTESIAN_POINT('',(3.92000100039,0.559992997244,1.9));
#9098 = DIRECTION('',(0.104683007916,-0.994505639931,0.));
#9099 = DIRECTION('',(-0.994505639931,-0.104683007916,0.));
#9100 = ADVANCED_FACE('',(#9101),#9125,.T.);
#9101 = FACE_BOUND('',#9102,.T.);
#9102 = EDGE_LOOP('',(#9103,#9104,#9118,#9124));
#9103 = ORIENTED_EDGE('',*,*,#8826,.T.);
#9104 = ORIENTED_EDGE('',*,*,#9105,.F.);
#9105 = EDGE_CURVE('',#9106,#8819,#9108,.T.);
#9106 = VERTEX_POINT('',#9107);
#9107 = CARTESIAN_POINT('',(4.83055953687,0.338504062785,0.674312633347)
  );
#9108 = B_SPLINE_CURVE_WITH_KNOTS('',5,(#9109,#9110,#9111,#9112,#9113,
    #9114,#9115,#9116,#9117),.UNSPECIFIED.,.F.,.F.,(6,3,6),(
    0.524455274602,1.06339723788,1.81085518913),.UNSPECIFIED.);
#9109 = CARTESIAN_POINT('',(4.83055953687,0.338504062785,0.674312633347)
  );
#9110 = CARTESIAN_POINT('',(4.85833932347,0.331746764833,0.62407683375)
  );
#9111 = CARTESIAN_POINT('',(4.87886286935,0.32840325743,0.575614329302)
  );
#9112 = CARTESIAN_POINT('',(4.88920489174,0.329960758735,0.528884621762)
  );
#9113 = CARTESIAN_POINT('',(4.85015278037,0.359815233474,0.459418571173)
  );
#9114 = CARTESIAN_POINT('',(4.7252091831,0.42066001191,0.475790406901));
#9115 = CARTESIAN_POINT('',(4.65076405694,0.454910602886,0.49931487019)
  );
#9116 = CARTESIAN_POINT('',(4.57321743404,0.489954289043,0.528196015377)
  );
#9117 = CARTESIAN_POINT('',(4.49449648218,0.524929106147,0.561639038216)
  );
#9118 = ORIENTED_EDGE('',*,*,#9119,.F.);
#9119 = EDGE_CURVE('',#8559,#9106,#9120,.T.);
#9120 = LINE('',#9121,#9122);
#9121 = CARTESIAN_POINT('',(4.49271576341,0.42068291719,0.912223742363)
  );
#9122 = VECTOR('',#9123,1.);
#9123 = DIRECTION('',(0.801908326407,-0.195060299402,-0.564707460227));
#9124 = ORIENTED_EDGE('',*,*,#8568,.T.);
#9125 = CYLINDRICAL_SURFACE('',#9126,0.5);
#9126 = AXIS2_PLACEMENT_3D('',#9127,#9128,#9129);
#9127 = CARTESIAN_POINT('',(4.61089242089,0.906516507659,0.912223742363)
  );
#9128 = DIRECTION('',(0.801908326407,-0.195060299402,-0.564707460228));
#9129 = DIRECTION('',(-0.236353314951,-0.971667180938,
    -1.352251643993E-13));
#9130 = ADVANCED_FACE('',(#9131),#9152,.F.);
#9131 = FACE_BOUND('',#9132,.F.);
#9132 = EDGE_LOOP('',(#9133,#9142,#9148,#9149,#9150,#9151));
#9133 = ORIENTED_EDGE('',*,*,#9134,.F.);
#9134 = EDGE_CURVE('',#9135,#9077,#9137,.T.);
#9135 = VERTEX_POINT('',#9136);
#9136 = CARTESIAN_POINT('',(4.08853847528,0.51899707635,1.77061952091));
#9137 = B_SPLINE_CURVE_WITH_KNOTS('',3,(#9138,#9139,#9140,#9141),
  .UNSPECIFIED.,.F.,.F.,(4,4),(0.,0.504878902961),
  .PIECEWISE_BEZIER_KNOTS.);
#9138 = CARTESIAN_POINT('',(4.08853847528,0.51899707635,1.77061952091));
#9139 = CARTESIAN_POINT('',(3.98150276933,0.545032991133,1.81563896418)
  );
#9140 = CARTESIAN_POINT('',(3.8643350176,0.554133520654,1.8458575479));
#9141 = CARTESIAN_POINT('',(3.74750215242,0.541835535343,1.86483391875)
  );
#9142 = ORIENTED_EDGE('',*,*,#9143,.T.);
#9143 = EDGE_CURVE('',#9135,#8550,#9144,.T.);
#9144 = LINE('',#9145,#9146);
#9145 = CARTESIAN_POINT('',(4.08853847528,0.51899707635,1.2719150458));
#9146 = VECTOR('',#9147,1.);
#9147 = DIRECTION('',(0.,0.,-1.));
#9148 = ORIENTED_EDGE('',*,*,#8549,.F.);
#9149 = ORIENTED_EDGE('',*,*,#8517,.F.);
#9150 = ORIENTED_EDGE('',*,*,#8430,.T.);
#9151 = ORIENTED_EDGE('',*,*,#9090,.F.);
#9152 = CYLINDRICAL_SURFACE('',#9153,1.);
#9153 = AXIS2_PLACEMENT_3D('',#9154,#9155,#9156);
#9154 = CARTESIAN_POINT('',(3.85218516033,-0.452670104588,1.2719150458)
  );
#9155 = DIRECTION('',(0.,0.,-1.));
#9156 = DIRECTION('',(-0.104683007916,0.994505639931,0.));
#9157 = ADVANCED_FACE('',(#9158),#9183,.F.);
#9158 = FACE_BOUND('',#9159,.F.);
#9159 = EDGE_LOOP('',(#9160,#9161,#9162,#9176,#9182));
#9160 = ORIENTED_EDGE('',*,*,#8558,.F.);
#9161 = ORIENTED_EDGE('',*,*,#9143,.F.);
#9162 = ORIENTED_EDGE('',*,*,#9163,.F.);
#9163 = EDGE_CURVE('',#9164,#9135,#9166,.T.);
#9164 = VERTEX_POINT('',#9165);
#9165 = CARTESIAN_POINT('',(4.83055834543,0.338504352598,1.12827972104)
  );
#9166 = B_SPLINE_CURVE_WITH_KNOTS('',5,(#9167,#9168,#9169,#9170,#9171,
    #9172,#9173,#9174,#9175),.UNSPECIFIED.,.F.,.F.,(6,3,6),(
    1.08344482958,1.89824051433,2.51888742095),.UNSPECIFIED.);
#9167 = CARTESIAN_POINT('',(4.83055834543,0.338504352598,1.12827972104)
  );
#9168 = CARTESIAN_POINT('',(4.77265460762,0.35258915514,1.22690490179));
#9169 = CARTESIAN_POINT('',(4.70535385475,0.36895973588,1.31969055432));
#9170 = CARTESIAN_POINT('',(4.62965885845,0.387372175503,1.40554039708)
  );
#9171 = CARTESIAN_POINT('',(4.48362229204,0.422894859866,1.5432052538));
#9172 = CARTESIAN_POINT('',(4.31870769048,0.463009534445,1.6554340024));
#9173 = CARTESIAN_POINT('',(4.24436874475,0.48109212136,1.69898445305));
#9174 = CARTESIAN_POINT('',(4.16748903725,0.499792736218,1.7374126423));
#9175 = CARTESIAN_POINT('',(4.08853847528,0.51899707635,1.77061952091));
#9176 = ORIENTED_EDGE('',*,*,#9177,.F.);
#9177 = EDGE_CURVE('',#9106,#9164,#9178,.T.);
#9178 = LINE('',#9179,#9180);
#9179 = CARTESIAN_POINT('',(4.83055834543,0.338504352598,0.901296596702)
  );
#9180 = VECTOR('',#9181,1.);
#9181 = DIRECTION('',(0.,0.,1.));
#9182 = ORIENTED_EDGE('',*,*,#9119,.F.);
#9183 = PLANE('',#9184);
#9184 = AXIS2_PLACEMENT_3D('',#9185,#9186,#9187);
#9185 = CARTESIAN_POINT('',(3.92000100039,0.559992997244,1.9));
#9186 = DIRECTION('',(0.236353314951,0.971667180938,0.));
#9187 = DIRECTION('',(0.971667180938,-0.236353314951,0.));
#9188 = ADVANCED_FACE('',(#9189),#9258,.T.);
#9189 = FACE_BOUND('',#9190,.T.);
#9190 = EDGE_LOOP('',(#9191,#9201,#9211,#9220,#9229,#9236,#9237,#9238,
    #9239,#9240,#9241,#9250));
#9191 = ORIENTED_EDGE('',*,*,#9192,.T.);
#9192 = EDGE_CURVE('',#9193,#9195,#9197,.T.);
#9193 = VERTEX_POINT('',#9194);
#9194 = CARTESIAN_POINT('',(5.0248958543,0.283184821312,0.4));
#9195 = VERTEX_POINT('',#9196);
#9196 = CARTESIAN_POINT('',(5.93510728206,1.49679554162,0.4));
#9197 = LINE('',#9198,#9199);
#9198 = CARTESIAN_POINT('',(5.94724647465,1.51298107151,0.4));
#9199 = VECTOR('',#9200,1.);
#9200 = DIRECTION('',(0.600001429133,0.799998928149,0.));
#9201 = ORIENTED_EDGE('',*,*,#9202,.T.);
#9202 = EDGE_CURVE('',#9195,#9203,#9205,.T.);
#9203 = VERTEX_POINT('',#9204);
#9204 = CARTESIAN_POINT('',(5.92593023604,1.52671924629,0.674313316208)
  );
#9205 = B_SPLINE_CURVE_WITH_KNOTS('',4,(#9206,#9207,#9208,#9209,#9210),
  .UNSPECIFIED.,.F.,.F.,(5,5),(0.,0.547445895145),
  .PIECEWISE_BEZIER_KNOTS.);
#9206 = CARTESIAN_POINT('',(5.93510728206,1.49679554162,0.4));
#9207 = CARTESIAN_POINT('',(5.93777893075,1.50035772662,0.459096964744)
  );
#9208 = CARTESIAN_POINT('',(5.93914452164,1.50708910206,0.527006955577)
  );
#9209 = CARTESIAN_POINT('',(5.93470811419,1.5161838669,0.602578675958));
#9210 = CARTESIAN_POINT('',(5.92593023604,1.52671924629,0.674313316208)
  );
#9211 = ORIENTED_EDGE('',*,*,#9212,.T.);
#9212 = EDGE_CURVE('',#9203,#9213,#9215,.T.);
#9213 = VERTEX_POINT('',#9214);
#9214 = CARTESIAN_POINT('',(5.82758668563,1.6678705224,1.12827971785));
#9215 = B_SPLINE_CURVE_WITH_KNOTS('',3,(#9216,#9217,#9218,#9219),
  .UNSPECIFIED.,.F.,.F.,(4,4),(0.,0.690154367575),
  .PIECEWISE_BEZIER_KNOTS.);
#9216 = CARTESIAN_POINT('',(5.92593023604,1.52671924629,0.674313316208)
  );
#9217 = CARTESIAN_POINT('',(5.90637891225,1.55018521106,0.834091069374)
  );
#9218 = CARTESIAN_POINT('',(5.86956221953,1.59496523904,0.989051217818)
  );
#9219 = CARTESIAN_POINT('',(5.8275865767,1.6678706041,1.12828012763));
#9220 = ORIENTED_EDGE('',*,*,#9221,.T.);
#9221 = EDGE_CURVE('',#9213,#9222,#9224,.T.);
#9222 = VERTEX_POINT('',#9223);
#9223 = CARTESIAN_POINT('',(5.44655046991,2.32967299957,1.77061952158));
#9224 = B_SPLINE_CURVE_WITH_KNOTS('',3,(#9225,#9226,#9227,#9228),
  .UNSPECIFIED.,.F.,.F.,(4,4),(1.08344482431,2.51888742345),
  .PIECEWISE_BEZIER_KNOTS.);
#9225 = CARTESIAN_POINT('',(5.8275865767,1.6678706041,1.12828012763));
#9226 = CARTESIAN_POINT('',(5.74028009243,1.81950814894,1.41786608496));
#9227 = CARTESIAN_POINT('',(5.6028272905,2.05824323254,1.64261795596));
#9228 = CARTESIAN_POINT('',(5.44655038008,2.32967306694,1.77061970297));
#9229 = ORIENTED_EDGE('',*,*,#9230,.T.);
#9230 = EDGE_CURVE('',#9222,#8953,#9231,.T.);
#9231 = B_SPLINE_CURVE_WITH_KNOTS('',3,(#9232,#9233,#9234,#9235),
  .UNSPECIFIED.,.F.,.F.,(4,4),(0.,0.504878911306),
  .PIECEWISE_BEZIER_KNOTS.);
#9232 = CARTESIAN_POINT('',(5.44655038008,2.32967306694,1.77061970297));
#9233 = CARTESIAN_POINT('',(5.39158624437,2.42513748652,1.81563914688));
#9234 = CARTESIAN_POINT('',(5.35004326553,2.53507044615,1.84585754908));
#9235 = CARTESIAN_POINT('',(5.32913654185,2.65067350924,1.86483392014));
#9236 = ORIENTED_EDGE('',*,*,#8952,.T.);
#9237 = ORIENTED_EDGE('',*,*,#9011,.F.);
#9238 = ORIENTED_EDGE('',*,*,#9076,.F.);
#9239 = ORIENTED_EDGE('',*,*,#9134,.F.);
#9240 = ORIENTED_EDGE('',*,*,#9163,.F.);
#9241 = ORIENTED_EDGE('',*,*,#9242,.F.);
#9242 = EDGE_CURVE('',#9243,#9164,#9245,.T.);
#9243 = VERTEX_POINT('',#9244);
#9244 = CARTESIAN_POINT('',(4.99359928559,0.28361610464,0.674313851059)
  );
#9245 = B_SPLINE_CURVE_WITH_KNOTS('',3,(#9246,#9247,#9248,#9249),
  .UNSPECIFIED.,.F.,.F.,(4,4),(0.,0.690194275558),
  .PIECEWISE_BEZIER_KNOTS.);
#9246 = CARTESIAN_POINT('',(4.99359928559,0.28361610464,0.674313851059)
  );
#9247 = CARTESIAN_POINT('',(4.96559592115,0.29581568369,0.834100829275)
  );
#9248 = CARTESIAN_POINT('',(4.91230522297,0.318619877504,0.989043170342)
  );
#9249 = CARTESIAN_POINT('',(4.8305582365,0.338504434294,1.12828013081));
#9250 = ORIENTED_EDGE('',*,*,#9251,.F.);
#9251 = EDGE_CURVE('',#9193,#9243,#9252,.T.);
#9252 = B_SPLINE_CURVE_WITH_KNOTS('',4,(#9253,#9254,#9255,#9256,#9257),
  .UNSPECIFIED.,.F.,.F.,(5,5),(0.,0.547162715825),
  .PIECEWISE_BEZIER_KNOTS.);
#9253 = CARTESIAN_POINT('',(5.0248958543,0.283184821312,0.4));
#9254 = CARTESIAN_POINT('',(5.02222551626,0.27962438385,0.45906821132));
#9255 = CARTESIAN_POINT('',(5.01614416722,0.276444018264,0.526906130969)
  );
#9256 = CARTESIAN_POINT('',(5.00623731459,0.278109999702,0.602200109162)
  );
#9257 = CARTESIAN_POINT('',(4.99359928559,0.28361610464,0.674313851059)
  );
#9258 = CYLINDRICAL_SURFACE('',#9259,1.5);
#9259 = AXIS2_PLACEMENT_3D('',#9260,#9261,#9262);
#9260 = CARTESIAN_POINT('',(4.74724808243,2.41298321521,0.4));
#9261 = DIRECTION('',(0.600001429133,0.799998928149,0.));
#9262 = DIRECTION('',(-1.469574190021E-16,1.102184744509E-16,1.));
#9263 = ADVANCED_FACE('',(#9264),#9303,.F.);
#9264 = FACE_BOUND('',#9265,.T.);
#9265 = EDGE_LOOP('',(#9266,#9267,#9281,#9287,#9288,#9289,#9290,#9291));
#9266 = ORIENTED_EDGE('',*,*,#9192,.F.);
#9267 = ORIENTED_EDGE('',*,*,#9268,.F.);
#9268 = EDGE_CURVE('',#9269,#9193,#9271,.T.);
#9269 = VERTEX_POINT('',#9270);
#9270 = CARTESIAN_POINT('',(5.03000051805,0.289991014322,0.21473317943)
  );
#9271 = B_SPLINE_CURVE_WITH_KNOTS('',5,(#9272,#9273,#9274,#9275,#9276,
    #9277,#9278,#9279,#9280),.UNSPECIFIED.,.F.,.F.,(6,3,6),(0.,
    0.343721773001,0.466605653825),.UNSPECIFIED.);
#9272 = CARTESIAN_POINT('',(5.03000051805,0.289991014322,0.21473317943)
  );
#9273 = CARTESIAN_POINT('',(5.0300005127,0.289991007187,0.241128633014)
  );
#9274 = CARTESIAN_POINT('',(5.02967100181,0.289551660962,0.267556210112)
  );
#9275 = CARTESIAN_POINT('',(5.02904998585,0.288723642763,0.294051571422)
  );
#9276 = CARTESIAN_POINT('',(5.02785984789,0.287136798057,0.330479513905)
  );
#9277 = CARTESIAN_POINT('',(5.02628621301,0.285038626035,0.368598145123)
  );
#9278 = CARTESIAN_POINT('',(5.02584495384,0.284450282662,0.378833948965)
  );
#9279 = CARTESIAN_POINT('',(5.02537982095,0.283830107778,0.389294535105)
  );
#9280 = CARTESIAN_POINT('',(5.0248958543,0.283184821312,0.4));
#9281 = ORIENTED_EDGE('',*,*,#9282,.F.);
#9282 = EDGE_CURVE('',#8843,#9269,#9283,.T.);
#9283 = LINE('',#9284,#9285);
#9284 = CARTESIAN_POINT('',(5.03000051805,0.289991014322,-1.13263341029)
  );
#9285 = VECTOR('',#9286,1.);
#9286 = DIRECTION('',(0.,0.,1.));
#9287 = ORIENTED_EDGE('',*,*,#8866,.T.);
#9288 = ORIENTED_EDGE('',*,*,#8880,.F.);
#9289 = ORIENTED_EDGE('',*,*,#8913,.F.);
#9290 = ORIENTED_EDGE('',*,*,#8746,.T.);
#9291 = ORIENTED_EDGE('',*,*,#9292,.T.);
#9292 = EDGE_CURVE('',#8749,#9195,#9293,.T.);
#9293 = B_SPLINE_CURVE_WITH_KNOTS('',5,(#9294,#9295,#9296,#9297,#9298,
    #9299,#9300,#9301,#9302),.UNSPECIFIED.,.F.,.F.,(6,3,6),(0.,
    0.343884919199,0.466832237005),.UNSPECIFIED.);
#9294 = CARTESIAN_POINT('',(5.93000266175,1.48998940654,0.214732833878)
  );
#9295 = CARTESIAN_POINT('',(5.93000266307,1.48998940831,0.241140267834)
  );
#9296 = CARTESIAN_POINT('',(5.93033247504,1.49042915596,0.267580365794)
  );
#9297 = CARTESIAN_POINT('',(5.93095231523,1.49125560646,0.294025056732)
  );
#9298 = CARTESIAN_POINT('',(5.93214295387,1.49284311875,0.33047186769));
#9299 = CARTESIAN_POINT('',(5.93371761488,1.49494265894,0.36861368443));
#9300 = CARTESIAN_POINT('',(5.93415879943,1.49553090282,0.378847851252)
  );
#9301 = CARTESIAN_POINT('',(5.9346236426,1.49615069141,0.389301942176));
#9302 = CARTESIAN_POINT('',(5.93510728206,1.49679554162,0.4));
#9303 = PLANE('',#9304);
#9304 = AXIS2_PLACEMENT_3D('',#9305,#9306,#9307);
#9305 = CARTESIAN_POINT('',(5.4800015899,0.889990210433,-4.));
#9306 = DIRECTION('',(-0.799998928149,0.600001429133,0.));
#9307 = DIRECTION('',(0.,0.,1.));
#9308 = ADVANCED_FACE('',(#9309),#9345,.F.);
#9309 = FACE_BOUND('',#9310,.F.);
#9310 = EDGE_LOOP('',(#9311,#9312,#9321,#9329,#9338));
#9311 = ORIENTED_EDGE('',*,*,#8818,.T.);
#9312 = ORIENTED_EDGE('',*,*,#9313,.F.);
#9313 = EDGE_CURVE('',#9314,#8819,#9316,.T.);
#9314 = VERTEX_POINT('',#9315);
#9315 = CARTESIAN_POINT('',(4.57450872131,0.631611133285,
    6.27172837753E-02));
#9316 = CIRCLE('',#9317,1.);
#9317 = AXIS2_PLACEMENT_3D('',#9318,#9319,#9320);
#9318 = CARTESIAN_POINT('',(3.97450729218,-0.168387794863,
    6.27172837753E-02));
#9319 = DIRECTION('',(0.799998928149,-0.600001429133,-1.116723217949E-16
    ));
#9320 = DIRECTION('',(0.600001429133,0.799998928149,6.162975822039E-33)
  );
#9321 = ORIENTED_EDGE('',*,*,#9322,.F.);
#9322 = EDGE_CURVE('',#9323,#9314,#9325,.T.);
#9323 = VERTEX_POINT('',#9324);
#9324 = CARTESIAN_POINT('',(4.31000148272,0.829992300541,
    6.27172837753E-02));
#9325 = LINE('',#9326,#9327);
#9326 = CARTESIAN_POINT('',(4.42665794551,0.742499627824,
    6.27172837753E-02));
#9327 = VECTOR('',#9328,1.);
#9328 = DIRECTION('',(0.799998928149,-0.600001429133,-1.116723217949E-16
    ));
#9329 = ORIENTED_EDGE('',*,*,#9330,.T.);
#9330 = EDGE_CURVE('',#9323,#9331,#9333,.T.);
#9331 = VERTEX_POINT('',#9332);
#9332 = CARTESIAN_POINT('',(4.27484344146,0.783115086664,0.4));
#9333 = CIRCLE('',#9334,1.);
#9334 = AXIS2_PLACEMENT_3D('',#9335,#9336,#9337);
#9335 = CARTESIAN_POINT('',(3.71000005359,2.99933723928E-02,
    6.27172837753E-02));
#9336 = DIRECTION('',(0.799998928149,-0.600001429133,-1.116723217949E-16
    ));
#9337 = DIRECTION('',(0.600001429133,0.799998928149,6.162975822039E-33)
  );
#9338 = ORIENTED_EDGE('',*,*,#9339,.T.);
#9339 = EDGE_CURVE('',#9331,#8805,#9340,.T.);
#9340 = B_SPLINE_CURVE_WITH_KNOTS('',3,(#9341,#9342,#9343,#9344),
  .UNSPECIFIED.,.F.,.F.,(4,4),(0.,0.254756231089),
  .PIECEWISE_BEZIER_KNOTS.);
#9341 = CARTESIAN_POINT('',(4.27484344146,0.783115086664,0.4));
#9342 = CARTESIAN_POINT('',(4.26269180036,0.766912958827,0.456528092021)
  );
#9343 = CARTESIAN_POINT('',(4.24102949211,0.751423637182,0.511065507505)
  );
#9344 = CARTESIAN_POINT('',(4.21224223366,0.736620123372,0.561639673294)
  );
#9345 = CYLINDRICAL_SURFACE('',#9346,1.);
#9346 = AXIS2_PLACEMENT_3D('',#9347,#9348,#9349);
#9347 = CARTESIAN_POINT('',(3.82665651638,-5.74993003249E-02,
    6.27172837753E-02));
#9348 = DIRECTION('',(0.799998928149,-0.600001429133,-1.116723217949E-16
    ));
#9349 = DIRECTION('',(0.600001429133,0.799998928149,1.232595164408E-32)
  );
#9350 = ADVANCED_FACE('',(#9351),#9379,.F.);
#9351 = FACE_BOUND('',#9352,.F.);
#9352 = EDGE_LOOP('',(#9353,#9368,#9369,#9370,#9377,#9378));
#9353 = ORIENTED_EDGE('',*,*,#9354,.T.);
#9354 = EDGE_CURVE('',#9269,#9314,#9355,.T.);
#9355 = B_SPLINE_CURVE_WITH_KNOTS('',5,(#9356,#9357,#9358,#9359,#9360,
    #9361,#9362,#9363,#9364,#9365,#9366,#9367),.UNSPECIFIED.,.F.,.F.,(6,
    3,3,6),(1.09610585923,1.30867557891,1.64113345344,1.8108523867),
  .UNSPECIFIED.);
#9356 = CARTESIAN_POINT('',(5.03000051805,0.289991014322,0.21473317943)
  );
#9357 = CARTESIAN_POINT('',(5.0050246661,0.308722972999,0.190840765795)
  );
#9358 = CARTESIAN_POINT('',(4.97867708801,0.328483730115,0.170133759831)
  );
#9359 = CARTESIAN_POINT('',(4.95153407252,0.348841067496,0.152485813198)
  );
#9360 = CARTESIAN_POINT('',(4.88149537034,0.401370289625,0.114140197071)
  );
#9361 = CARTESIAN_POINT('',(4.81038131914,0.454706026524,
    9.04753398245E-02));
#9362 = CARTESIAN_POINT('',(4.76727642811,0.487034815114,
    8.00819983923E-02));
#9363 = CARTESIAN_POINT('',(4.70257506719,0.535561016402,
    6.91843328248E-02));
#9364 = CARTESIAN_POINT('',(4.63865729458,0.583499524275,
    6.42699752836E-02));
#9365 = CARTESIAN_POINT('',(4.6171637666,0.599619730253,
    6.32177467523E-02));
#9366 = CARTESIAN_POINT('',(4.59578216245,0.615655993046,
    6.27150614906E-02));
#9367 = CARTESIAN_POINT('',(4.57450872142,0.631611133201,
    6.27139418048E-02));
#9368 = ORIENTED_EDGE('',*,*,#9313,.T.);
#9369 = ORIENTED_EDGE('',*,*,#9105,.F.);
#9370 = ORIENTED_EDGE('',*,*,#9371,.F.);
#9371 = EDGE_CURVE('',#9243,#9106,#9372,.T.);
#9372 = B_SPLINE_CURVE_WITH_KNOTS('',3,(#9373,#9374,#9375,#9376),
  .UNSPECIFIED.,.F.,.F.,(4,4),(0.574595247353,1.),
  .PIECEWISE_BEZIER_KNOTS.);
#9373 = CARTESIAN_POINT('',(4.99359928559,0.28361610464,0.674313851059)
  );
#9374 = CARTESIAN_POINT('',(4.94096289221,0.306547058132,0.674313656352)
  );
#9375 = CARTESIAN_POINT('',(4.8863475621,0.324933373758,0.674313465631)
  );
#9376 = CARTESIAN_POINT('',(4.83055986144,0.338503520052,0.674313281712)
  );
#9377 = ORIENTED_EDGE('',*,*,#9251,.F.);
#9378 = ORIENTED_EDGE('',*,*,#9268,.F.);
#9379 = B_SPLINE_SURFACE_WITH_KNOTS('',5,5,(
    (#9380,#9381,#9382,#9383,#9384,#9385)
    ,(#9386,#9387,#9388,#9389,#9390,#9391)
    ,(#9392,#9393,#9394,#9395,#9396,#9397)
    ,(#9398,#9399,#9400,#9401,#9402,#9403)
    ,(#9404,#9405,#9406,#9407,#9408,#9409)
    ,(#9410,#9411,#9412,#9413,#9414,#9415)
    ,(#9416,#9417,#9418,#9419,#9420,#9421)
    ,(#9422,#9423,#9424,#9425,#9426,#9427)
    ,(#9428,#9429,#9430,#9431,#9432,#9433
    )),.UNSPECIFIED.,.F.,.F.,.F.,(6,3,6),(6,6),(0.524455274602,
    1.06339723788,1.8108523867),(0.,1.),.UNSPECIFIED.);
#9380 = CARTESIAN_POINT('',(5.19420873061,0.166834396556,0.674314654583)
  );
#9381 = CARTESIAN_POINT('',(5.12942599829,0.215421744967,0.674314372361)
  );
#9382 = CARTESIAN_POINT('',(5.05972512012,0.257451589979,0.674314090138)
  );
#9383 = CARTESIAN_POINT('',(4.9859908479,0.292259612103,0.674313811772)
  );
#9384 = CARTESIAN_POINT('',(4.90924403266,0.319363894258,0.674313541116)
  );
#9385 = CARTESIAN_POINT('',(4.83055986144,0.338503520052,0.674313281713)
  );
#9386 = CARTESIAN_POINT('',(5.19420772186,0.166835153116,0.582294602257)
  );
#9387 = CARTESIAN_POINT('',(5.13399931532,0.21199122303,0.590883884498)
  );
#9388 = CARTESIAN_POINT('',(5.06956743938,0.251516021379,0.599473166738)
  );
#9389 = CARTESIAN_POINT('',(5.00160946046,0.284886100338,0.607945094531)
  );
#9390 = CARTESIAN_POINT('',(4.93092018201,0.311708409971,0.616182374633)
  );
#9391 = CARTESIAN_POINT('',(4.85833947947,0.331746445202,0.624077165673)
  );
#9392 = CARTESIAN_POINT('',(5.18442893205,0.174169272772,0.488753558582)
  );
#9393 = CARTESIAN_POINT('',(5.12935477576,0.21547527822,0.506717256144)
  );
#9394 = CARTESIAN_POINT('',(5.07063595582,0.25192175023,0.524680953707)
  );
#9395 = CARTESIAN_POINT('',(5.00881517006,0.283101382106,0.542436198795)
  );
#9396 = CARTESIAN_POINT('',(4.944506832,0.30870276588,0.559774596905));
#9397 = CARTESIAN_POINT('',(4.87836257968,0.328527898185,0.576501142666)
  );
#9398 = CARTESIAN_POINT('',(5.1607664653,0.19191618888,0.386964586732));
#9399 = CARTESIAN_POINT('',(5.11191283226,0.228556406008,0.41597280652)
  );
#9400 = CARTESIAN_POINT('',(5.05987737576,0.260954207649,0.444981026309)
  );
#9401 = CARTESIAN_POINT('',(5.00508691719,0.288789293219,0.473725042994)
  );
#9402 = CARTESIAN_POINT('',(4.94802565304,0.311818086544,0.5019407138));
#9403 = CARTESIAN_POINT('',(4.88920983869,0.329886316586,0.529378318987)
  );
#9404 = CARTESIAN_POINT('',(5.03922908285,0.283069564964,0.178091970171)
  );
#9405 = CARTESIAN_POINT('',(5.00705478925,0.307200574707,0.235155890058)
  );
#9406 = CARTESIAN_POINT('',(4.97173573708,0.327138588624,0.292219809945)
  );
#9407 = CARTESIAN_POINT('',(4.93357061207,0.342659412986,0.34881372984)
  );
#9408 = CARTESIAN_POINT('',(4.89291158687,0.3536103031,0.404467722365));
#9409 = CARTESIAN_POINT('',(4.85014600455,0.359918411775,0.458734016993)
  );
#9410 = CARTESIAN_POINT('',(4.86038423843,0.417203697488,
    9.41312829717E-02));
#9411 = CARTESIAN_POINT('',(4.84221850486,0.430827771355,0.172609389765)
  );
#9412 = CARTESIAN_POINT('',(4.81928698707,0.438097489911,0.251087496559)
  );
#9413 = CARTESIAN_POINT('',(4.79186488733,0.438805823492,0.32858033208)
  );
#9414 = CARTESIAN_POINT('',(4.76034740583,0.432905938049,0.40410300549)
  );
#9415 = CARTESIAN_POINT('',(4.72521924281,0.420516559285,0.476739949248)
  );
#9416 = CARTESIAN_POINT('',(4.76493868628,0.488788128015,
    7.34875785893E-02));
#9417 = CARTESIAN_POINT('',(4.75323926623,0.497563461001,0.161442416779)
  );
#9418 = CARTESIAN_POINT('',(4.73571913427,0.498577873657,0.249397254969)
  );
#9419 = CARTESIAN_POINT('',(4.71259371955,0.491668728856,0.335967785756)
  );
#9420 = CARTESIAN_POINT('',(4.68425891288,0.476914344306,0.419770449938)
  );
#9421 = CARTESIAN_POINT('',(4.65125351691,0.454630943228,0.499541341229)
  );
#9422 = CARTESIAN_POINT('',(4.66819858105,0.561343476968,
    6.27188729869E-02));
#9423 = CARTESIAN_POINT('',(4.66264528816,0.565508003873,0.159471460568)
  );
#9424 = CARTESIAN_POINT('',(4.65011592465,0.560371137902,0.256224048149)
  );
#9425 = CARTESIAN_POINT('',(4.63073587679,0.545836932445,0.351127406985)
  );
#9426 = CARTESIAN_POINT('',(4.60489813962,0.522166619912,0.442333923676)
  );
#9427 = CARTESIAN_POINT('',(4.57321881884,0.489953785097,0.528195889783)
  );
#9428 = CARTESIAN_POINT('',(4.57450872142,0.631611133201,
    6.27139418048E-02));
#9429 = CARTESIAN_POINT('',(4.5745092732,0.631611537954,0.167185341994)
  );
#9430 = CARTESIAN_POINT('',(4.56632399704,0.620697546088,0.271656742183)
  );
#9431 = CARTESIAN_POINT('',(4.54995123659,0.598866956647,0.373752010687)
  );
#9432 = CARTESIAN_POINT('',(4.52577151194,0.566627135395,0.471098346532)
  );
#9433 = CARTESIAN_POINT('',(4.49449755285,0.524928391666,0.561637856398)
  );
#9434 = ADVANCED_FACE('',(#9435),#9440,.F.);
#9435 = FACE_BOUND('',#9436,.F.);
#9436 = EDGE_LOOP('',(#9437,#9438,#9439));
#9437 = ORIENTED_EDGE('',*,*,#9242,.F.);
#9438 = ORIENTED_EDGE('',*,*,#9371,.T.);
#9439 = ORIENTED_EDGE('',*,*,#9177,.T.);
#9440 = CYLINDRICAL_SURFACE('',#9441,1.);
#9441 = AXIS2_PLACEMENT_3D('',#9442,#9443,#9444);
#9442 = CARTESIAN_POINT('',(4.59420503048,-0.63316282834,-0.510750767242
    ));
#9443 = DIRECTION('',(0.,-0.,1.));
#9444 = DIRECTION('',(0.600001429133,0.799998928149,0.));
#9445 = ADVANCED_FACE('',(#9446),#9458,.F.);
#9446 = FACE_BOUND('',#9447,.T.);
#9447 = EDGE_LOOP('',(#9448,#9449,#9450,#9456,#9457));
#9448 = ORIENTED_EDGE('',*,*,#9354,.T.);
#9449 = ORIENTED_EDGE('',*,*,#9322,.F.);
#9450 = ORIENTED_EDGE('',*,*,#9451,.T.);
#9451 = EDGE_CURVE('',#9323,#8841,#9452,.T.);
#9452 = LINE('',#9453,#9454);
#9453 = CARTESIAN_POINT('',(4.31000148272,0.829992300541,-1.20864135811)
  );
#9454 = VECTOR('',#9455,1.);
#9455 = DIRECTION('',(0.,0.,-1.));
#9456 = ORIENTED_EDGE('',*,*,#8840,.T.);
#9457 = ORIENTED_EDGE('',*,*,#9282,.T.);
#9458 = PLANE('',#9459);
#9459 = AXIS2_PLACEMENT_3D('',#9460,#9461,#9462);
#9460 = CARTESIAN_POINT('',(2.40483228583,2.25887451607,
    3.94430452611E-31));
#9461 = DIRECTION('',(0.600001429133,0.799998928149,-0.));
#9462 = DIRECTION('',(-0.799998928149,0.600001429133,0.));
#9463 = ADVANCED_FACE('',(#9464),#9482,.F.);
#9464 = FACE_BOUND('',#9465,.F.);
#9465 = EDGE_LOOP('',(#9466,#9467,#9475));
#9466 = ORIENTED_EDGE('',*,*,#9212,.T.);
#9467 = ORIENTED_EDGE('',*,*,#9468,.F.);
#9468 = EDGE_CURVE('',#9469,#9213,#9471,.T.);
#9469 = VERTEX_POINT('',#9470);
#9470 = CARTESIAN_POINT('',(5.827586825,1.66787028034,0.674313281243));
#9471 = LINE('',#9472,#9473);
#9472 = CARTESIAN_POINT('',(5.82758668563,1.6678705224,-0.510750635571)
  );
#9473 = VECTOR('',#9474,1.);
#9474 = DIRECTION('',(0.,0.,1.));
#9475 = ORIENTED_EDGE('',*,*,#9476,.T.);
#9476 = EDGE_CURVE('',#9469,#9203,#9477,.T.);
#9477 = CIRCLE('',#9478,1.);
#9478 = AXIS2_PLACEMENT_3D('',#9479,#9480,#9481);
#9479 = CARTESIAN_POINT('',(6.69421003386,2.16683341912,0.674313472369)
  );
#9480 = DIRECTION('',(0.,0.,1.));
#9481 = DIRECTION('',(1.,0.,-0.));
#9482 = CYLINDRICAL_SURFACE('',#9483,1.);
#9483 = AXIS2_PLACEMENT_3D('',#9484,#9485,#9486);
#9484 = CARTESIAN_POINT('',(6.69421003386,2.16683341912,-0.510750635571)
  );
#9485 = DIRECTION('',(0.,0.,1.));
#9486 = DIRECTION('',(-0.866623348231,-0.498962896717,0.));
#9487 = ADVANCED_FACE('',(#9488),#9501,.F.);
#9488 = FACE_BOUND('',#9489,.F.);
#9489 = EDGE_LOOP('',(#9490,#9491,#9492,#9493,#9494,#9495));
#9490 = ORIENTED_EDGE('',*,*,#9230,.T.);
#9491 = ORIENTED_EDGE('',*,*,#8963,.T.);
#9492 = ORIENTED_EDGE('',*,*,#8480,.T.);
#9493 = ORIENTED_EDGE('',*,*,#8714,.T.);
#9494 = ORIENTED_EDGE('',*,*,#8638,.T.);
#9495 = ORIENTED_EDGE('',*,*,#9496,.F.);
#9496 = EDGE_CURVE('',#9222,#8628,#9497,.T.);
#9497 = LINE('',#9498,#9499);
#9498 = CARTESIAN_POINT('',(5.44655046991,2.32967299957,1.2719150458));
#9499 = VECTOR('',#9500,1.);
#9500 = DIRECTION('',(0.,0.,-1.));
#9501 = CYLINDRICAL_SURFACE('',#9502,1.);
#9502 = AXIS2_PLACEMENT_3D('',#9503,#9504,#9505);
#9503 = CARTESIAN_POINT('',(6.31317381814,2.82863589629,1.2719150458));
#9504 = DIRECTION('',(-0.,0.,-1.));
#9505 = DIRECTION('',(-0.866623348231,-0.498962896717,0.));
#9506 = ADVANCED_FACE('',(#9507),#9519,.T.);
#9507 = FACE_BOUND('',#9508,.T.);
#9508 = EDGE_LOOP('',(#9509,#9510,#9511,#9512,#9513));
#9509 = ORIENTED_EDGE('',*,*,#8627,.F.);
#9510 = ORIENTED_EDGE('',*,*,#9496,.F.);
#9511 = ORIENTED_EDGE('',*,*,#9221,.F.);
#9512 = ORIENTED_EDGE('',*,*,#9468,.F.);
#9513 = ORIENTED_EDGE('',*,*,#9514,.F.);
#9514 = EDGE_CURVE('',#8630,#9469,#9515,.T.);
#9515 = LINE('',#9516,#9517);
#9516 = CARTESIAN_POINT('',(5.7908759322,1.73163156808,0.724656737799));
#9517 = VECTOR('',#9518,1.);
#9518 = DIRECTION('',(0.411789663472,-0.715216580779,-0.564707460227));
#9519 = PLANE('',#9520);
#9520 = AXIS2_PLACEMENT_3D('',#9521,#9522,#9523);
#9521 = CARTESIAN_POINT('',(5.36000443076,2.47999042541,1.9));
#9522 = DIRECTION('',(0.866623348231,0.498962896717,0.));
#9523 = DIRECTION('',(0.498962896717,-0.866623348231,0.));
#9524 = ADVANCED_FACE('',(#9525),#9556,.F.);
#9525 = FACE_BOUND('',#9526,.F.);
#9526 = EDGE_LOOP('',(#9527,#9536,#9537,#9538,#9539,#9540,#9541,#9549));
#9527 = ORIENTED_EDGE('',*,*,#9528,.T.);
#9528 = EDGE_CURVE('',#9529,#8723,#9531,.T.);
#9529 = VERTEX_POINT('',#9530);
#9530 = CARTESIAN_POINT('',(5.27226875548,2.149983559,0.561639673294));
#9531 = B_SPLINE_CURVE_WITH_KNOTS('',3,(#9532,#9533,#9534,#9535),
  .UNSPECIFIED.,.F.,.F.,(4,4),(0.266188480743,0.898026567486),
  .PIECEWISE_BEZIER_KNOTS.);
#9532 = CARTESIAN_POINT('',(5.27226969131,2.14998285713,0.561638950763)
  );
#9533 = CARTESIAN_POINT('',(5.2875329712,2.22884359605,0.68713360917));
#9534 = CARTESIAN_POINT('',(5.26585710005,2.32982053392,0.804862270856)
  );
#9535 = CARTESIAN_POINT('',(5.20258188341,2.43656911324,0.88725711963));
#9536 = ORIENTED_EDGE('',*,*,#8722,.T.);
#9537 = ORIENTED_EDGE('',*,*,#8412,.T.);
#9538 = ORIENTED_EDGE('',*,*,#8507,.F.);
#9539 = ORIENTED_EDGE('',*,*,#8804,.F.);
#9540 = ORIENTED_EDGE('',*,*,#9339,.F.);
#9541 = ORIENTED_EDGE('',*,*,#9542,.F.);
#9542 = EDGE_CURVE('',#9543,#9331,#9545,.T.);
#9543 = VERTEX_POINT('',#9544);
#9544 = CARTESIAN_POINT('',(5.24516166767,2.07686790664,0.4));
#9545 = LINE('',#9546,#9547);
#9546 = CARTESIAN_POINT('',(4.96560802866,1.70413110851,0.4));
#9547 = VECTOR('',#9548,1.);
#9548 = DIRECTION('',(-0.600001429133,-0.799998928149,0.));
#9549 = ORIENTED_EDGE('',*,*,#9550,.T.);
#9550 = EDGE_CURVE('',#9543,#9529,#9551,.T.);
#9551 = B_SPLINE_CURVE_WITH_KNOTS('',3,(#9552,#9553,#9554,#9555),
  .UNSPECIFIED.,.F.,.F.,(4,4),(0.,0.254756231086),
  .PIECEWISE_BEZIER_KNOTS.);
#9552 = CARTESIAN_POINT('',(5.24516166767,2.07686790664,0.4));
#9553 = CARTESIAN_POINT('',(5.25731330878,2.09307003448,0.456528092021)
  );
#9554 = CARTESIAN_POINT('',(5.26611863687,2.11820212712,0.511064784975)
  );
#9555 = CARTESIAN_POINT('',(5.27226969131,2.14998285713,0.561638950763)
  );
#9556 = CYLINDRICAL_SURFACE('',#9557,0.6);
#9557 = AXIS2_PLACEMENT_3D('',#9558,#9559,#9560);
#9558 = CARTESIAN_POINT('',(4.48560867177,2.06413196599,0.4));
#9559 = DIRECTION('',(-0.600001429133,-0.799998928149,0.));
#9560 = DIRECTION('',(0.799998928149,-0.600001429133,0.));
#9561 = ADVANCED_FACE('',(#9562),#9578,.F.);
#9562 = FACE_BOUND('',#9563,.T.);
#9563 = EDGE_LOOP('',(#9564,#9565,#9566,#9567,#9568,#9569,#9570,#9571));
#9564 = ORIENTED_EDGE('',*,*,#8764,.T.);
#9565 = ORIENTED_EDGE('',*,*,#8920,.T.);
#9566 = ORIENTED_EDGE('',*,*,#8890,.T.);
#9567 = ORIENTED_EDGE('',*,*,#8850,.F.);
#9568 = ORIENTED_EDGE('',*,*,#9451,.F.);
#9569 = ORIENTED_EDGE('',*,*,#9330,.T.);
#9570 = ORIENTED_EDGE('',*,*,#9542,.F.);
#9571 = ORIENTED_EDGE('',*,*,#9572,.T.);
#9572 = EDGE_CURVE('',#9543,#8765,#9573,.T.);
#9573 = CIRCLE('',#9574,1.);
#9574 = AXIS2_PLACEMENT_3D('',#9575,#9576,#9577);
#9575 = CARTESIAN_POINT('',(5.81000505555,2.82998962091,
    6.27172837753E-02));
#9576 = DIRECTION('',(0.799998928149,-0.600001429133,0.));
#9577 = DIRECTION('',(0.600001429133,0.799998928149,0.));
#9578 = PLANE('',#9579);
#9579 = AXIS2_PLACEMENT_3D('',#9580,#9581,#9582);
#9580 = CARTESIAN_POINT('',(4.76000255457,1.42999149665,1.));
#9581 = DIRECTION('',(0.799998928149,-0.600001429133,0.));
#9582 = DIRECTION('',(0.,0.,-1.));
#9583 = ADVANCED_FACE('',(#9584),#9623,.T.);
#9584 = FACE_BOUND('',#9585,.T.);
#9585 = EDGE_LOOP('',(#9586,#9587,#9596,#9620,#9621,#9622));
#9586 = ORIENTED_EDGE('',*,*,#8780,.F.);
#9587 = ORIENTED_EDGE('',*,*,#9588,.F.);
#9588 = EDGE_CURVE('',#9589,#8773,#9591,.T.);
#9589 = VERTEX_POINT('',#9590);
#9590 = CARTESIAN_POINT('',(5.55452305548,1.93829204615,0.561639673294)
  );
#9591 = B_SPLINE_CURVE_WITH_KNOTS('',3,(#9592,#9593,#9594,#9595),
  .UNSPECIFIED.,.F.,.F.,(4,4),(0.,1.),.PIECEWISE_BEZIER_KNOTS.);
#9592 = CARTESIAN_POINT('',(5.55452305548,1.93829204615,0.561639673294)
  );
#9593 = CARTESIAN_POINT('',(5.5024000199,1.86879492403,0.410740627247));
#9594 = CARTESIAN_POINT('',(5.47451086642,1.83160952445,0.236835585281)
  );
#9595 = CARTESIAN_POINT('',(5.47451086642,1.83160952445,
    6.27172837753E-02));
#9596 = ORIENTED_EDGE('',*,*,#9597,.T.);
#9597 = EDGE_CURVE('',#9589,#9469,#9598,.T.);
#9598 = B_SPLINE_CURVE_WITH_KNOTS('',5,(#9599,#9600,#9601,#9602,#9603,
    #9604,#9605,#9606,#9607,#9608,#9609,#9610,#9611,#9612,#9613,#9614,
    #9615,#9616,#9617,#9618,#9619),.UNSPECIFIED.,.F.,.F.,(6,3,3,3,3,3,6)
  ,(0.686859735504,1.02362933953,1.35554633901,1.52917966507,
    1.65832061493,1.92170878763,1.97319559999),.UNSPECIFIED.);
#9599 = CARTESIAN_POINT('',(5.55452305548,1.93829204615,0.561639673294)
  );
#9600 = CARTESIAN_POINT('',(5.57963446031,1.908592086,0.54653951044));
#9601 = CARTESIAN_POINT('',(5.60465944787,1.87916469641,0.53238896508));
#9602 = CARTESIAN_POINT('',(5.62948713567,1.85017220269,0.519419149047)
  );
#9603 = CARTESIAN_POINT('',(5.67846118593,1.79347711878,0.496441310419)
  );
#9604 = CARTESIAN_POINT('',(5.72555774999,1.74029685969,0.481411873337)
  );
#9605 = CARTESIAN_POINT('',(5.74846133775,1.71486910839,0.476392197976)
  );
#9606 = CARTESIAN_POINT('',(5.7811646225,1.6795249493,0.474302632617));
#9607 = CARTESIAN_POINT('',(5.80795017278,1.65268410238,0.48369739502));
#9608 = CARTESIAN_POINT('',(5.81626083743,1.644707066,0.488461180321));
#9609 = CARTESIAN_POINT('',(5.82874694599,1.63349963743,0.4997152411));
#9610 = CARTESIAN_POINT('',(5.83734419306,1.62736420403,0.515797887804)
  );
#9611 = CARTESIAN_POINT('',(5.84024867615,1.62572014053,0.523490677933)
  );
#9612 = CARTESIAN_POINT('',(5.84678477471,1.62359858435,0.549118508333)
  );
#9613 = CARTESIAN_POINT('',(5.84674081699,1.6295908489,0.580450257046));
#9614 = CARTESIAN_POINT('',(5.84412401076,1.63671602049,0.603262713819)
  );
#9615 = CARTESIAN_POINT('',(5.83884850473,1.64766908189,0.631274882598)
  );
#9616 = CARTESIAN_POINT('',(5.83149741636,1.66099037664,0.66007912553));
#9617 = CARTESIAN_POINT('',(5.83024288514,1.66322828677,0.664807802097)
  );
#9618 = CARTESIAN_POINT('',(5.82893854378,1.66552258451,0.669553132361)
  );
#9619 = CARTESIAN_POINT('',(5.82758686291,1.66787028583,0.67431330193));
#9620 = ORIENTED_EDGE('',*,*,#9476,.T.);
#9621 = ORIENTED_EDGE('',*,*,#9202,.F.);
#9622 = ORIENTED_EDGE('',*,*,#9292,.F.);
#9623 = B_SPLINE_SURFACE_WITH_KNOTS('',5,5,(
    (#9624,#9625,#9626,#9627,#9628,#9629)
    ,(#9630,#9631,#9632,#9633,#9634,#9635)
    ,(#9636,#9637,#9638,#9639,#9640,#9641)
    ,(#9642,#9643,#9644,#9645,#9646,#9647)
    ,(#9648,#9649,#9650,#9651,#9652,#9653)
    ,(#9654,#9655,#9656,#9657,#9658,#9659)
    ,(#9660,#9661,#9662,#9663,#9664,#9665)
    ,(#9666,#9667,#9668,#9669,#9670,#9671)
    ,(#9672,#9673,#9674,#9675,#9676,#9677
    )),.UNSPECIFIED.,.F.,.F.,.F.,(6,3,6),(6,6),(0.686859735504,
    1.35554633901,1.9731956),(0.,1.),.UNSPECIFIED.);
#9624 = CARTESIAN_POINT('',(5.55452305548,1.93829204615,0.561639673294)
  );
#9625 = CARTESIAN_POINT('',(5.52324923413,1.89659377288,0.471100245666)
  );
#9626 = CARTESIAN_POINT('',(5.4990694868,1.86435422974,0.373754153432));
#9627 = CARTESIAN_POINT('',(5.48269652531,1.84252369567,0.271659245582)
  );
#9628 = CARTESIAN_POINT('',(5.47451086642,1.83160952445,0.167188264679)
  );
#9629 = CARTESIAN_POINT('',(5.47451086642,1.83160952445,
    6.27172837753E-02));
#9630 = CARTESIAN_POINT('',(5.60438402809,1.87932008062,0.531656929927)
  );
#9631 = CARTESIAN_POINT('',(5.58137524774,1.83965363642,0.445310792583)
  );
#9632 = CARTESIAN_POINT('',(5.56498648043,1.80813812074,0.353468665709)
  );
#9633 = CARTESIAN_POINT('',(5.55564772301,1.78555115043,0.257820737026)
  );
#9634 = CARTESIAN_POINT('',(5.55352454957,1.77234904154,0.160269010401)
  );
#9635 = CARTESIAN_POINT('',(5.55850274109,1.768615384,6.27172837753E-02)
  );
#9636 = CARTESIAN_POINT('',(5.65399945632,1.82133549658,0.50549492314));
#9637 = CARTESIAN_POINT('',(5.63971951527,1.78311338009,0.424382779094)
  );
#9638 = CARTESIAN_POINT('',(5.63149537596,1.75178116949,0.338960335388)
  );
#9639 = CARTESIAN_POINT('',(5.62953242908,1.72797778903,0.250572603587)
  );
#9640 = CARTESIAN_POINT('',(5.63383304083,1.7121159198,0.160701757625));
#9641 = CARTESIAN_POINT('',(5.64419986413,1.70434230252,
    7.08309116635E-02));
#9642 = CARTESIAN_POINT('',(5.70305147286,1.76484004028,0.48400684194));
#9643 = CARTESIAN_POINT('',(5.69796355911,1.72736968874,0.40929610131));
#9644 = CARTESIAN_POINT('',(5.69829616981,1.69559046522,0.331330094359)
  );
#9645 = CARTESIAN_POINT('',(5.70408692468,1.67003389886,0.25113629683));
#9646 = CARTESIAN_POINT('',(5.71522221438,1.65107580696,0.169828349348)
  );
#9647 = CARTESIAN_POINT('',(5.73144845093,1.63890561888,8.8520401886E-02
    ));
#9648 = CARTESIAN_POINT('',(5.79478020516,1.66221074031,0.459735236411)
  );
#9649 = CARTESIAN_POINT('',(5.80869138865,1.62370678956,0.401286186666)
  );
#9650 = CARTESIAN_POINT('',(5.82675345791,1.58885665418,0.34123634792));
#9651 = CARTESIAN_POINT('',(5.84879706407,1.55803668311,0.280101956246)
  );
#9652 = CARTESIAN_POINT('',(5.87457664222,1.53155864604,0.218425248358)
  );
#9653 = CARTESIAN_POINT('',(5.90378520539,1.509652572,0.156748540451));
#9654 = CARTESIAN_POINT('',(5.85110680118,1.61133548756,0.508832236885)
  );
#9655 = CARTESIAN_POINT('',(5.88280264922,1.56290752193,0.476193143445)
  );
#9656 = CARTESIAN_POINT('',(5.91848917497,1.51743801677,0.442717120834)
  );
#9657 = CARTESIAN_POINT('',(5.95790266326,1.47533583019,0.408673433789)
  );
#9658 = CARTESIAN_POINT('',(6.00071068074,1.43695859198,0.374345883137)
  );
#9659 = CARTESIAN_POINT('',(6.04652864149,1.40259459649,0.340018332502)
  );
#9660 = CARTESIAN_POINT('',(5.85351489067,1.61903807488,0.56298705733));
#9661 = CARTESIAN_POINT('',(5.89062501055,1.56279770386,0.543889379078)
  );
#9662 = CARTESIAN_POINT('',(5.93248065448,1.50983657612,0.524098932531)
  );
#9663 = CARTESIAN_POINT('',(5.97873712994,1.46067477506,0.503836931494)
  );
#9664 = CARTESIAN_POINT('',(6.02896248551,1.41577046844,0.483339124232)
  );
#9665 = CARTESIAN_POINT('',(6.08266013782,1.37549587338,0.462841317149)
  );
#9666 = CARTESIAN_POINT('',(5.84380197992,1.63970664696,0.617209063372)
  );
#9667 = CARTESIAN_POINT('',(5.88324471672,1.57647509906,0.608234588046)
  );
#9668 = CARTESIAN_POINT('',(5.92851770316,1.51690774388,0.59887078751));
#9669 = CARTESIAN_POINT('',(5.97917094179,1.46171470766,0.589240250937)
  );
#9670 = CARTESIAN_POINT('',(6.03462486979,1.41152269554,0.579476311362)
  );
#9671 = CARTESIAN_POINT('',(6.09420736572,1.36683542023,0.569712371735)
  );
#9672 = CARTESIAN_POINT('',(5.82758686291,1.66787028583,0.674313301931)
  );
#9673 = CARTESIAN_POINT('',(5.86799206109,1.59769254385,0.67431330842));
#9674 = CARTESIAN_POINT('',(5.915500866,1.53160474011,0.67431331521));
#9675 = CARTESIAN_POINT('',(5.96956175194,1.47056599659,0.674313322213)
  );
#9676 = CARTESIAN_POINT('',(6.02942624705,1.41542139346,0.67431332933));
#9677 = CARTESIAN_POINT('',(6.09420888072,1.36683428397,0.674313336465)
  );
#9678 = ADVANCED_FACE('',(#9679),#9690,.T.);
#9679 = FACE_BOUND('',#9680,.T.);
#9680 = EDGE_LOOP('',(#9681,#9682,#9683,#9689));
#9681 = ORIENTED_EDGE('',*,*,#9514,.T.);
#9682 = ORIENTED_EDGE('',*,*,#9597,.F.);
#9683 = ORIENTED_EDGE('',*,*,#9684,.F.);
#9684 = EDGE_CURVE('',#8648,#9589,#9685,.T.);
#9685 = LINE('',#9686,#9687);
#9686 = CARTESIAN_POINT('',(5.48078336218,2.06636677942,0.66276254892));
#9687 = VECTOR('',#9688,1.);
#9688 = DIRECTION('',(0.411789663472,-0.715216580779,-0.564707460227));
#9689 = ORIENTED_EDGE('',*,*,#8656,.T.);
#9690 = CYLINDRICAL_SURFACE('',#9691,0.5);
#9691 = AXIS2_PLACEMENT_3D('',#9692,#9693,#9694);
#9692 = CARTESIAN_POINT('',(5.22078874214,1.7197085762,0.91222374368));
#9693 = DIRECTION('',(0.411789663472,-0.715216580779,-0.564707460227));
#9694 = DIRECTION('',(0.519989240074,0.693316406444,-0.498922389519));
#9695 = ADVANCED_FACE('',(#9696),#9708,.F.);
#9696 = FACE_BOUND('',#9697,.F.);
#9697 = EDGE_LOOP('',(#9698,#9699,#9700,#9706,#9707));
#9698 = ORIENTED_EDGE('',*,*,#8772,.T.);
#9699 = ORIENTED_EDGE('',*,*,#9588,.F.);
#9700 = ORIENTED_EDGE('',*,*,#9701,.F.);
#9701 = EDGE_CURVE('',#9529,#9589,#9702,.T.);
#9702 = LINE('',#9703,#9704);
#9703 = CARTESIAN_POINT('',(5.40667227813,2.04918054186,0.561639673294)
  );
#9704 = VECTOR('',#9705,1.);
#9705 = DIRECTION('',(0.799998928149,-0.600001429133,-2.233446435499E-16
    ));
#9706 = ORIENTED_EDGE('',*,*,#9550,.F.);
#9707 = ORIENTED_EDGE('',*,*,#9572,.T.);
#9708 = CYLINDRICAL_SURFACE('',#9709,1.);
#9709 = AXIS2_PLACEMENT_3D('',#9710,#9711,#9712);
#9710 = CARTESIAN_POINT('',(5.92666151821,2.7424969483,6.27172837753E-02
    ));
#9711 = DIRECTION('',(0.799998928149,-0.600001429133,-2.498001805409E-16
    ));
#9712 = DIRECTION('',(-0.519989240074,-0.693316406444,0.498922389519));
#9713 = ADVANCED_FACE('',(#9714),#9720,.T.);
#9714 = FACE_BOUND('',#9715,.T.);
#9715 = EDGE_LOOP('',(#9716,#9717,#9718,#9719));
#9716 = ORIENTED_EDGE('',*,*,#9684,.T.);
#9717 = ORIENTED_EDGE('',*,*,#9701,.F.);
#9718 = ORIENTED_EDGE('',*,*,#9528,.T.);
#9719 = ORIENTED_EDGE('',*,*,#8731,.T.);
#9720 = PLANE('',#9721);
#9721 = AXIS2_PLACEMENT_3D('',#9722,#9723,#9724);
#9722 = CARTESIAN_POINT('',(5.21000362687,2.02999069337,0.33));
#9723 = DIRECTION('',(0.519989240074,0.693316406444,-0.498922389519));
#9724 = DIRECTION('',(0.299354146737,0.399137376845,0.866646669201));
#9725 = ( GEOMETRIC_REPRESENTATION_CONTEXT(3) 
GLOBAL_UNCERTAINTY_ASSIGNED_CONTEXT((#9729)) 
GLOBAL_UNIT_ASSIGNED_CONTEXT((#9726,#9727,#9728)) REPRESENTATION_CONTEXT
('Context #1','3D Context with UNIT and UNCERTAINTY') );
#9726 = ( LENGTH_UNIT() NAMED_UNIT(*) SI_UNIT(.MILLI.,.METRE.) );
#9727 = ( NAMED_UNIT(*) PLANE_ANGLE_UNIT() SI_UNIT($,.RADIAN.) );
#9728 = ( NAMED_UNIT(*) SI_UNIT($,.STERADIAN.) SOLID_ANGLE_UNIT() );
#9729 = UNCERTAINTY_MEASURE_WITH_UNIT(LENGTH_MEASURE(5.E-04),#9726,
  'distance_accuracy_value','confusion accuracy');
#9730 = CONTEXT_DEPENDENT_SHAPE_REPRESENTATION(#9731,#9733);
#9731 = ( REPRESENTATION_RELATIONSHIP('','',#8329,#10) 
REPRESENTATION_RELATIONSHIP_WITH_TRANSFORMATION(#9732) 
SHAPE_REPRESENTATION_RELATIONSHIP() );
#9732 = ITEM_DEFINED_TRANSFORMATION('','',#11,#23);
#9733 = PRODUCT_DEFINITION_SHAPE('Placement','Placement of an item',
  #9734);
#9734 = NEXT_ASSEMBLY_USAGE_OCCURRENCE('9','E-SNAP-IN_VS_TERMINAL+','',
  #5,#8324,$);
#9735 = PRODUCT_RELATED_PRODUCT_CATEGORY('part',$,(#8326));
#9736 = MECHANICAL_DESIGN_GEOMETRIC_PRESENTATION_REPRESENTATION('',(
    #9737,#9748,#9756,#9764,#9771,#9778,#9785,#9792,#9799,#9806,#9813,
    #9820,#9827,#9834,#9841,#9848,#9855,#9862,#9869,#9876,#9883,#9890,
    #9897,#9904,#9911,#9918,#9925,#9932,#9939,#9946,#9953,#9960,#9967,
    #9974,#9981,#9988,#9995,#10003,#10010,#10017,#10024,#10031,#10038,
    #10045,#10052,#10059,#10066,#10073,#10080,#10087,#10094,#10101,
    #10108,#10115,#10122,#10129,#10136,#10143,#10150,#10157,#10164,
    #10171,#10178,#10185,#10192,#10199,#10206,#10213,#10220,#10227,
    #10234,#10241,#10248,#10255,#10262,#10269,#10276,#10283,#10290,
    #10297,#10304,#10311,#10318,#10325,#10332,#10339,#10346,#10353,
    #10360,#10367,#10374,#10381,#10388,#10395,#10402,#10409,#10416,
    #10423,#10430,#10437,#10444,#10451,#10458,#10465,#10472,#10479,
    #10486,#10493,#10500,#10507,#10515,#10522,#10529,#10536,#10543,
    #10550,#10557,#10564,#10571,#10578,#10585,#10592,#10599,#10606,
    #10613,#10620,#10627,#10634,#10641,#10648,#10655,#10662,#10669,
    #10676),#4435);
#9737 = STYLED_ITEM('color',(#9738),#41);
#9738 = PRESENTATION_STYLE_ASSIGNMENT((#9739,#9745));
#9739 = SURFACE_STYLE_USAGE(.BOTH.,#9740);
#9740 = SURFACE_SIDE_STYLE('',(#9741));
#9741 = SURFACE_STYLE_FILL_AREA(#9742);
#9742 = FILL_AREA_STYLE('',(#9743));
#9743 = FILL_AREA_STYLE_COLOUR('',#9744);
#9744 = COLOUR_RGB('',0.443137255223,0.,0.);
#9745 = CURVE_STYLE('',#9746,POSITIVE_LENGTH_MEASURE(0.1),#9747);
#9746 = DRAUGHTING_PRE_DEFINED_CURVE_FONT('continuous');
#9747 = COLOUR_RGB('',9.803921802644E-02,9.803921802644E-02,
  9.803921802644E-02);
#9748 = OVER_RIDING_STYLED_ITEM('overriding color',(#9749),#43,#9737);
#9749 = PRESENTATION_STYLE_ASSIGNMENT((#9750));
#9750 = SURFACE_STYLE_USAGE(.BOTH.,#9751);
#9751 = SURFACE_SIDE_STYLE('',(#9752));
#9752 = SURFACE_STYLE_FILL_AREA(#9753);
#9753 = FILL_AREA_STYLE('',(#9754));
#9754 = FILL_AREA_STYLE_COLOUR('',#9755);
#9755 = DRAUGHTING_PRE_DEFINED_COLOUR('black');
#9756 = OVER_RIDING_STYLED_ITEM('overriding color',(#9757),#197,#9737);
#9757 = PRESENTATION_STYLE_ASSIGNMENT((#9758));
#9758 = SURFACE_STYLE_USAGE(.BOTH.,#9759);
#9759 = SURFACE_SIDE_STYLE('',(#9760));
#9760 = SURFACE_STYLE_FILL_AREA(#9761);
#9761 = FILL_AREA_STYLE('',(#9762));
#9762 = FILL_AREA_STYLE_COLOUR('',#9763);
#9763 = DRAUGHTING_PRE_DEFINED_COLOUR('white');
#9764 = OVER_RIDING_STYLED_ITEM('overriding color',(#9765),#501,#9737);
#9765 = PRESENTATION_STYLE_ASSIGNMENT((#9766));
#9766 = SURFACE_STYLE_USAGE(.BOTH.,#9767);
#9767 = SURFACE_SIDE_STYLE('',(#9768));
#9768 = SURFACE_STYLE_FILL_AREA(#9769);
#9769 = FILL_AREA_STYLE('',(#9770));
#9770 = FILL_AREA_STYLE_COLOUR('',#9763);
#9771 = OVER_RIDING_STYLED_ITEM('overriding color',(#9772),#534,#9737);
#9772 = PRESENTATION_STYLE_ASSIGNMENT((#9773));
#9773 = SURFACE_STYLE_USAGE(.BOTH.,#9774);
#9774 = SURFACE_SIDE_STYLE('',(#9775));
#9775 = SURFACE_STYLE_FILL_AREA(#9776);
#9776 = FILL_AREA_STYLE('',(#9777));
#9777 = FILL_AREA_STYLE_COLOUR('',#9763);
#9778 = OVER_RIDING_STYLED_ITEM('overriding color',(#9779),#559,#9737);
#9779 = PRESENTATION_STYLE_ASSIGNMENT((#9780));
#9780 = SURFACE_STYLE_USAGE(.BOTH.,#9781);
#9781 = SURFACE_SIDE_STYLE('',(#9782));
#9782 = SURFACE_STYLE_FILL_AREA(#9783);
#9783 = FILL_AREA_STYLE('',(#9784));
#9784 = FILL_AREA_STYLE_COLOUR('',#9763);
#9785 = OVER_RIDING_STYLED_ITEM('overriding color',(#9786),#585,#9737);
#9786 = PRESENTATION_STYLE_ASSIGNMENT((#9787));
#9787 = SURFACE_STYLE_USAGE(.BOTH.,#9788);
#9788 = SURFACE_SIDE_STYLE('',(#9789));
#9789 = SURFACE_STYLE_FILL_AREA(#9790);
#9790 = FILL_AREA_STYLE('',(#9791));
#9791 = FILL_AREA_STYLE_COLOUR('',#9763);
#9792 = OVER_RIDING_STYLED_ITEM('overriding color',(#9793),#609,#9737);
#9793 = PRESENTATION_STYLE_ASSIGNMENT((#9794));
#9794 = SURFACE_STYLE_USAGE(.BOTH.,#9795);
#9795 = SURFACE_SIDE_STYLE('',(#9796));
#9796 = SURFACE_STYLE_FILL_AREA(#9797);
#9797 = FILL_AREA_STYLE('',(#9798));
#9798 = FILL_AREA_STYLE_COLOUR('',#9763);
#9799 = OVER_RIDING_STYLED_ITEM('overriding color',(#9800),#635,#9737);
#9800 = PRESENTATION_STYLE_ASSIGNMENT((#9801));
#9801 = SURFACE_STYLE_USAGE(.BOTH.,#9802);
#9802 = SURFACE_SIDE_STYLE('',(#9803));
#9803 = SURFACE_STYLE_FILL_AREA(#9804);
#9804 = FILL_AREA_STYLE('',(#9805));
#9805 = FILL_AREA_STYLE_COLOUR('',#9763);
#9806 = OVER_RIDING_STYLED_ITEM('overriding color',(#9807),#662,#9737);
#9807 = PRESENTATION_STYLE_ASSIGNMENT((#9808));
#9808 = SURFACE_STYLE_USAGE(.BOTH.,#9809);
#9809 = SURFACE_SIDE_STYLE('',(#9810));
#9810 = SURFACE_STYLE_FILL_AREA(#9811);
#9811 = FILL_AREA_STYLE('',(#9812));
#9812 = FILL_AREA_STYLE_COLOUR('',#9763);
#9813 = OVER_RIDING_STYLED_ITEM('overriding color',(#9814),#687,#9737);
#9814 = PRESENTATION_STYLE_ASSIGNMENT((#9815));
#9815 = SURFACE_STYLE_USAGE(.BOTH.,#9816);
#9816 = SURFACE_SIDE_STYLE('',(#9817));
#9817 = SURFACE_STYLE_FILL_AREA(#9818);
#9818 = FILL_AREA_STYLE('',(#9819));
#9819 = FILL_AREA_STYLE_COLOUR('',#9763);
#9820 = OVER_RIDING_STYLED_ITEM('overriding color',(#9821),#714,#9737);
#9821 = PRESENTATION_STYLE_ASSIGNMENT((#9822));
#9822 = SURFACE_STYLE_USAGE(.BOTH.,#9823);
#9823 = SURFACE_SIDE_STYLE('',(#9824));
#9824 = SURFACE_STYLE_FILL_AREA(#9825);
#9825 = FILL_AREA_STYLE('',(#9826));
#9826 = FILL_AREA_STYLE_COLOUR('',#9763);
#9827 = OVER_RIDING_STYLED_ITEM('overriding color',(#9828),#741,#9737);
#9828 = PRESENTATION_STYLE_ASSIGNMENT((#9829));
#9829 = SURFACE_STYLE_USAGE(.BOTH.,#9830);
#9830 = SURFACE_SIDE_STYLE('',(#9831));
#9831 = SURFACE_STYLE_FILL_AREA(#9832);
#9832 = FILL_AREA_STYLE('',(#9833));
#9833 = FILL_AREA_STYLE_COLOUR('',#9763);
#9834 = OVER_RIDING_STYLED_ITEM('overriding color',(#9835),#766,#9737);
#9835 = PRESENTATION_STYLE_ASSIGNMENT((#9836));
#9836 = SURFACE_STYLE_USAGE(.BOTH.,#9837);
#9837 = SURFACE_SIDE_STYLE('',(#9838));
#9838 = SURFACE_STYLE_FILL_AREA(#9839);
#9839 = FILL_AREA_STYLE('',(#9840));
#9840 = FILL_AREA_STYLE_COLOUR('',#9763);
#9841 = OVER_RIDING_STYLED_ITEM('overriding color',(#9842),#793,#9737);
#9842 = PRESENTATION_STYLE_ASSIGNMENT((#9843));
#9843 = SURFACE_STYLE_USAGE(.BOTH.,#9844);
#9844 = SURFACE_SIDE_STYLE('',(#9845));
#9845 = SURFACE_STYLE_FILL_AREA(#9846);
#9846 = FILL_AREA_STYLE('',(#9847));
#9847 = FILL_AREA_STYLE_COLOUR('',#9763);
#9848 = OVER_RIDING_STYLED_ITEM('overriding color',(#9849),#819,#9737);
#9849 = PRESENTATION_STYLE_ASSIGNMENT((#9850));
#9850 = SURFACE_STYLE_USAGE(.BOTH.,#9851);
#9851 = SURFACE_SIDE_STYLE('',(#9852));
#9852 = SURFACE_STYLE_FILL_AREA(#9853);
#9853 = FILL_AREA_STYLE('',(#9854));
#9854 = FILL_AREA_STYLE_COLOUR('',#9763);
#9855 = OVER_RIDING_STYLED_ITEM('overriding color',(#9856),#843,#9737);
#9856 = PRESENTATION_STYLE_ASSIGNMENT((#9857));
#9857 = SURFACE_STYLE_USAGE(.BOTH.,#9858);
#9858 = SURFACE_SIDE_STYLE('',(#9859));
#9859 = SURFACE_STYLE_FILL_AREA(#9860);
#9860 = FILL_AREA_STYLE('',(#9861));
#9861 = FILL_AREA_STYLE_COLOUR('',#9763);
#9862 = OVER_RIDING_STYLED_ITEM('overriding color',(#9863),#869,#9737);
#9863 = PRESENTATION_STYLE_ASSIGNMENT((#9864));
#9864 = SURFACE_STYLE_USAGE(.BOTH.,#9865);
#9865 = SURFACE_SIDE_STYLE('',(#9866));
#9866 = SURFACE_STYLE_FILL_AREA(#9867);
#9867 = FILL_AREA_STYLE('',(#9868));
#9868 = FILL_AREA_STYLE_COLOUR('',#9763);
#9869 = OVER_RIDING_STYLED_ITEM('overriding color',(#9870),#894,#9737);
#9870 = PRESENTATION_STYLE_ASSIGNMENT((#9871));
#9871 = SURFACE_STYLE_USAGE(.BOTH.,#9872);
#9872 = SURFACE_SIDE_STYLE('',(#9873));
#9873 = SURFACE_STYLE_FILL_AREA(#9874);
#9874 = FILL_AREA_STYLE('',(#9875));
#9875 = FILL_AREA_STYLE_COLOUR('',#9763);
#9876 = OVER_RIDING_STYLED_ITEM('overriding color',(#9877),#913,#9737);
#9877 = PRESENTATION_STYLE_ASSIGNMENT((#9878));
#9878 = SURFACE_STYLE_USAGE(.BOTH.,#9879);
#9879 = SURFACE_SIDE_STYLE('',(#9880));
#9880 = SURFACE_STYLE_FILL_AREA(#9881);
#9881 = FILL_AREA_STYLE('',(#9882));
#9882 = FILL_AREA_STYLE_COLOUR('',#9763);
#9883 = OVER_RIDING_STYLED_ITEM('overriding color',(#9884),#935,#9737);
#9884 = PRESENTATION_STYLE_ASSIGNMENT((#9885));
#9885 = SURFACE_STYLE_USAGE(.BOTH.,#9886);
#9886 = SURFACE_SIDE_STYLE('',(#9887));
#9887 = SURFACE_STYLE_FILL_AREA(#9888);
#9888 = FILL_AREA_STYLE('',(#9889));
#9889 = FILL_AREA_STYLE_COLOUR('',#9763);
#9890 = OVER_RIDING_STYLED_ITEM('overriding color',(#9891),#952,#9737);
#9891 = PRESENTATION_STYLE_ASSIGNMENT((#9892));
#9892 = SURFACE_STYLE_USAGE(.BOTH.,#9893);
#9893 = SURFACE_SIDE_STYLE('',(#9894));
#9894 = SURFACE_STYLE_FILL_AREA(#9895);
#9895 = FILL_AREA_STYLE('',(#9896));
#9896 = FILL_AREA_STYLE_COLOUR('',#9763);
#9897 = OVER_RIDING_STYLED_ITEM('overriding color',(#9898),#969,#9737);
#9898 = PRESENTATION_STYLE_ASSIGNMENT((#9899));
#9899 = SURFACE_STYLE_USAGE(.BOTH.,#9900);
#9900 = SURFACE_SIDE_STYLE('',(#9901));
#9901 = SURFACE_STYLE_FILL_AREA(#9902);
#9902 = FILL_AREA_STYLE('',(#9903));
#9903 = FILL_AREA_STYLE_COLOUR('',#9763);
#9904 = OVER_RIDING_STYLED_ITEM('overriding color',(#9905),#986,#9737);
#9905 = PRESENTATION_STYLE_ASSIGNMENT((#9906));
#9906 = SURFACE_STYLE_USAGE(.BOTH.,#9907);
#9907 = SURFACE_SIDE_STYLE('',(#9908));
#9908 = SURFACE_STYLE_FILL_AREA(#9909);
#9909 = FILL_AREA_STYLE('',(#9910));
#9910 = FILL_AREA_STYLE_COLOUR('',#9763);
#9911 = OVER_RIDING_STYLED_ITEM('overriding color',(#9912),#1003,#9737);
#9912 = PRESENTATION_STYLE_ASSIGNMENT((#9913));
#9913 = SURFACE_STYLE_USAGE(.BOTH.,#9914);
#9914 = SURFACE_SIDE_STYLE('',(#9915));
#9915 = SURFACE_STYLE_FILL_AREA(#9916);
#9916 = FILL_AREA_STYLE('',(#9917));
#9917 = FILL_AREA_STYLE_COLOUR('',#9763);
#9918 = OVER_RIDING_STYLED_ITEM('overriding color',(#9919),#1020,#9737);
#9919 = PRESENTATION_STYLE_ASSIGNMENT((#9920));
#9920 = SURFACE_STYLE_USAGE(.BOTH.,#9921);
#9921 = SURFACE_SIDE_STYLE('',(#9922));
#9922 = SURFACE_STYLE_FILL_AREA(#9923);
#9923 = FILL_AREA_STYLE('',(#9924));
#9924 = FILL_AREA_STYLE_COLOUR('',#9763);
#9925 = OVER_RIDING_STYLED_ITEM('overriding color',(#9926),#1037,#9737);
#9926 = PRESENTATION_STYLE_ASSIGNMENT((#9927));
#9927 = SURFACE_STYLE_USAGE(.BOTH.,#9928);
#9928 = SURFACE_SIDE_STYLE('',(#9929));
#9929 = SURFACE_STYLE_FILL_AREA(#9930);
#9930 = FILL_AREA_STYLE('',(#9931));
#9931 = FILL_AREA_STYLE_COLOUR('',#9763);
#9932 = OVER_RIDING_STYLED_ITEM('overriding color',(#9933),#1054,#9737);
#9933 = PRESENTATION_STYLE_ASSIGNMENT((#9934));
#9934 = SURFACE_STYLE_USAGE(.BOTH.,#9935);
#9935 = SURFACE_SIDE_STYLE('',(#9936));
#9936 = SURFACE_STYLE_FILL_AREA(#9937);
#9937 = FILL_AREA_STYLE('',(#9938));
#9938 = FILL_AREA_STYLE_COLOUR('',#9763);
#9939 = OVER_RIDING_STYLED_ITEM('overriding color',(#9940),#1071,#9737);
#9940 = PRESENTATION_STYLE_ASSIGNMENT((#9941));
#9941 = SURFACE_STYLE_USAGE(.BOTH.,#9942);
#9942 = SURFACE_SIDE_STYLE('',(#9943));
#9943 = SURFACE_STYLE_FILL_AREA(#9944);
#9944 = FILL_AREA_STYLE('',(#9945));
#9945 = FILL_AREA_STYLE_COLOUR('',#9763);
#9946 = OVER_RIDING_STYLED_ITEM('overriding color',(#9947),#1088,#9737);
#9947 = PRESENTATION_STYLE_ASSIGNMENT((#9948));
#9948 = SURFACE_STYLE_USAGE(.BOTH.,#9949);
#9949 = SURFACE_SIDE_STYLE('',(#9950));
#9950 = SURFACE_STYLE_FILL_AREA(#9951);
#9951 = FILL_AREA_STYLE('',(#9952));
#9952 = FILL_AREA_STYLE_COLOUR('',#9763);
#9953 = OVER_RIDING_STYLED_ITEM('overriding color',(#9954),#1105,#9737);
#9954 = PRESENTATION_STYLE_ASSIGNMENT((#9955));
#9955 = SURFACE_STYLE_USAGE(.BOTH.,#9956);
#9956 = SURFACE_SIDE_STYLE('',(#9957));
#9957 = SURFACE_STYLE_FILL_AREA(#9958);
#9958 = FILL_AREA_STYLE('',(#9959));
#9959 = FILL_AREA_STYLE_COLOUR('',#9763);
#9960 = OVER_RIDING_STYLED_ITEM('overriding color',(#9961),#1122,#9737);
#9961 = PRESENTATION_STYLE_ASSIGNMENT((#9962));
#9962 = SURFACE_STYLE_USAGE(.BOTH.,#9963);
#9963 = SURFACE_SIDE_STYLE('',(#9964));
#9964 = SURFACE_STYLE_FILL_AREA(#9965);
#9965 = FILL_AREA_STYLE('',(#9966));
#9966 = FILL_AREA_STYLE_COLOUR('',#9763);
#9967 = OVER_RIDING_STYLED_ITEM('overriding color',(#9968),#1139,#9737);
#9968 = PRESENTATION_STYLE_ASSIGNMENT((#9969));
#9969 = SURFACE_STYLE_USAGE(.BOTH.,#9970);
#9970 = SURFACE_SIDE_STYLE('',(#9971));
#9971 = SURFACE_STYLE_FILL_AREA(#9972);
#9972 = FILL_AREA_STYLE('',(#9973));
#9973 = FILL_AREA_STYLE_COLOUR('',#9763);
#9974 = OVER_RIDING_STYLED_ITEM('overriding color',(#9975),#1156,#9737);
#9975 = PRESENTATION_STYLE_ASSIGNMENT((#9976));
#9976 = SURFACE_STYLE_USAGE(.BOTH.,#9977);
#9977 = SURFACE_SIDE_STYLE('',(#9978));
#9978 = SURFACE_STYLE_FILL_AREA(#9979);
#9979 = FILL_AREA_STYLE('',(#9980));
#9980 = FILL_AREA_STYLE_COLOUR('',#9763);
#9981 = OVER_RIDING_STYLED_ITEM('overriding color',(#9982),#1173,#9737);
#9982 = PRESENTATION_STYLE_ASSIGNMENT((#9983));
#9983 = SURFACE_STYLE_USAGE(.BOTH.,#9984);
#9984 = SURFACE_SIDE_STYLE('',(#9985));
#9985 = SURFACE_STYLE_FILL_AREA(#9986);
#9986 = FILL_AREA_STYLE('',(#9987));
#9987 = FILL_AREA_STYLE_COLOUR('',#9763);
#9988 = OVER_RIDING_STYLED_ITEM('overriding color',(#9989),#1185,#9737);
#9989 = PRESENTATION_STYLE_ASSIGNMENT((#9990));
#9990 = SURFACE_STYLE_USAGE(.BOTH.,#9991);
#9991 = SURFACE_SIDE_STYLE('',(#9992));
#9992 = SURFACE_STYLE_FILL_AREA(#9993);
#9993 = FILL_AREA_STYLE('',(#9994));
#9994 = FILL_AREA_STYLE_COLOUR('',#9755);
#9995 = OVER_RIDING_STYLED_ITEM('overriding color',(#9996),#1245,#9737);
#9996 = PRESENTATION_STYLE_ASSIGNMENT((#9997));
#9997 = SURFACE_STYLE_USAGE(.BOTH.,#9998);
#9998 = SURFACE_SIDE_STYLE('',(#9999));
#9999 = SURFACE_STYLE_FILL_AREA(#10000);
#10000 = FILL_AREA_STYLE('',(#10001));
#10001 = FILL_AREA_STYLE_COLOUR('',#10002);
#10002 = COLOUR_RGB('',0.243137258719,0.243137258719,0.243137258719);
#10003 = OVER_RIDING_STYLED_ITEM('overriding color',(#10004),#1441,#9737
  );
#10004 = PRESENTATION_STYLE_ASSIGNMENT((#10005));
#10005 = SURFACE_STYLE_USAGE(.BOTH.,#10006);
#10006 = SURFACE_SIDE_STYLE('',(#10007));
#10007 = SURFACE_STYLE_FILL_AREA(#10008);
#10008 = FILL_AREA_STYLE('',(#10009));
#10009 = FILL_AREA_STYLE_COLOUR('',#9755);
#10010 = OVER_RIDING_STYLED_ITEM('overriding color',(#10011),#1595,#9737
  );
#10011 = PRESENTATION_STYLE_ASSIGNMENT((#10012));
#10012 = SURFACE_STYLE_USAGE(.BOTH.,#10013);
#10013 = SURFACE_SIDE_STYLE('',(#10014));
#10014 = SURFACE_STYLE_FILL_AREA(#10015);
#10015 = FILL_AREA_STYLE('',(#10016));
#10016 = FILL_AREA_STYLE_COLOUR('',#9763);
#10017 = OVER_RIDING_STYLED_ITEM('overriding color',(#10018),#1626,#9737
  );
#10018 = PRESENTATION_STYLE_ASSIGNMENT((#10019));
#10019 = SURFACE_STYLE_USAGE(.BOTH.,#10020);
#10020 = SURFACE_SIDE_STYLE('',(#10021));
#10021 = SURFACE_STYLE_FILL_AREA(#10022);
#10022 = FILL_AREA_STYLE('',(#10023));
#10023 = FILL_AREA_STYLE_COLOUR('',#9763);
#10024 = OVER_RIDING_STYLED_ITEM('overriding color',(#10025),#1652,#9737
  );
#10025 = PRESENTATION_STYLE_ASSIGNMENT((#10026));
#10026 = SURFACE_STYLE_USAGE(.BOTH.,#10027);
#10027 = SURFACE_SIDE_STYLE('',(#10028));
#10028 = SURFACE_STYLE_FILL_AREA(#10029);
#10029 = FILL_AREA_STYLE('',(#10030));
#10030 = FILL_AREA_STYLE_COLOUR('',#9763);
#10031 = OVER_RIDING_STYLED_ITEM('overriding color',(#10032),#1679,#9737
  );
#10032 = PRESENTATION_STYLE_ASSIGNMENT((#10033));
#10033 = SURFACE_STYLE_USAGE(.BOTH.,#10034);
#10034 = SURFACE_SIDE_STYLE('',(#10035));
#10035 = SURFACE_STYLE_FILL_AREA(#10036);
#10036 = FILL_AREA_STYLE('',(#10037));
#10037 = FILL_AREA_STYLE_COLOUR('',#9763);
#10038 = OVER_RIDING_STYLED_ITEM('overriding color',(#10039),#1704,#9737
  );
#10039 = PRESENTATION_STYLE_ASSIGNMENT((#10040));
#10040 = SURFACE_STYLE_USAGE(.BOTH.,#10041);
#10041 = SURFACE_SIDE_STYLE('',(#10042));
#10042 = SURFACE_STYLE_FILL_AREA(#10043);
#10043 = FILL_AREA_STYLE('',(#10044));
#10044 = FILL_AREA_STYLE_COLOUR('',#9763);
#10045 = OVER_RIDING_STYLED_ITEM('overriding color',(#10046),#1731,#9737
  );
#10046 = PRESENTATION_STYLE_ASSIGNMENT((#10047));
#10047 = SURFACE_STYLE_USAGE(.BOTH.,#10048);
#10048 = SURFACE_SIDE_STYLE('',(#10049));
#10049 = SURFACE_STYLE_FILL_AREA(#10050);
#10050 = FILL_AREA_STYLE('',(#10051));
#10051 = FILL_AREA_STYLE_COLOUR('',#9763);
#10052 = OVER_RIDING_STYLED_ITEM('overriding color',(#10053),#1758,#9737
  );
#10053 = PRESENTATION_STYLE_ASSIGNMENT((#10054));
#10054 = SURFACE_STYLE_USAGE(.BOTH.,#10055);
#10055 = SURFACE_SIDE_STYLE('',(#10056));
#10056 = SURFACE_STYLE_FILL_AREA(#10057);
#10057 = FILL_AREA_STYLE('',(#10058));
#10058 = FILL_AREA_STYLE_COLOUR('',#9763);
#10059 = OVER_RIDING_STYLED_ITEM('overriding color',(#10060),#1783,#9737
  );
#10060 = PRESENTATION_STYLE_ASSIGNMENT((#10061));
#10061 = SURFACE_STYLE_USAGE(.BOTH.,#10062);
#10062 = SURFACE_SIDE_STYLE('',(#10063));
#10063 = SURFACE_STYLE_FILL_AREA(#10064);
#10064 = FILL_AREA_STYLE('',(#10065));
#10065 = FILL_AREA_STYLE_COLOUR('',#9763);
#10066 = OVER_RIDING_STYLED_ITEM('overriding color',(#10067),#1810,#9737
  );
#10067 = PRESENTATION_STYLE_ASSIGNMENT((#10068));
#10068 = SURFACE_STYLE_USAGE(.BOTH.,#10069);
#10069 = SURFACE_SIDE_STYLE('',(#10070));
#10070 = SURFACE_STYLE_FILL_AREA(#10071);
#10071 = FILL_AREA_STYLE('',(#10072));
#10072 = FILL_AREA_STYLE_COLOUR('',#9763);
#10073 = OVER_RIDING_STYLED_ITEM('overriding color',(#10074),#1836,#9737
  );
#10074 = PRESENTATION_STYLE_ASSIGNMENT((#10075));
#10075 = SURFACE_STYLE_USAGE(.BOTH.,#10076);
#10076 = SURFACE_SIDE_STYLE('',(#10077));
#10077 = SURFACE_STYLE_FILL_AREA(#10078);
#10078 = FILL_AREA_STYLE('',(#10079));
#10079 = FILL_AREA_STYLE_COLOUR('',#9763);
#10080 = OVER_RIDING_STYLED_ITEM('overriding color',(#10081),#1860,#9737
  );
#10081 = PRESENTATION_STYLE_ASSIGNMENT((#10082));
#10082 = SURFACE_STYLE_USAGE(.BOTH.,#10083);
#10083 = SURFACE_SIDE_STYLE('',(#10084));
#10084 = SURFACE_STYLE_FILL_AREA(#10085);
#10085 = FILL_AREA_STYLE('',(#10086));
#10086 = FILL_AREA_STYLE_COLOUR('',#9763);
#10087 = OVER_RIDING_STYLED_ITEM('overriding color',(#10088),#1886,#9737
  );
#10088 = PRESENTATION_STYLE_ASSIGNMENT((#10089));
#10089 = SURFACE_STYLE_USAGE(.BOTH.,#10090);
#10090 = SURFACE_SIDE_STYLE('',(#10091));
#10091 = SURFACE_STYLE_FILL_AREA(#10092);
#10092 = FILL_AREA_STYLE('',(#10093));
#10093 = FILL_AREA_STYLE_COLOUR('',#9763);
#10094 = OVER_RIDING_STYLED_ITEM('overriding color',(#10095),#1911,#9737
  );
#10095 = PRESENTATION_STYLE_ASSIGNMENT((#10096));
#10096 = SURFACE_STYLE_USAGE(.BOTH.,#10097);
#10097 = SURFACE_SIDE_STYLE('',(#10098));
#10098 = SURFACE_STYLE_FILL_AREA(#10099);
#10099 = FILL_AREA_STYLE('',(#10100));
#10100 = FILL_AREA_STYLE_COLOUR('',#9763);
#10101 = OVER_RIDING_STYLED_ITEM('overriding color',(#10102),#1936,#9737
  );
#10102 = PRESENTATION_STYLE_ASSIGNMENT((#10103));
#10103 = SURFACE_STYLE_USAGE(.BOTH.,#10104);
#10104 = SURFACE_SIDE_STYLE('',(#10105));
#10105 = SURFACE_STYLE_FILL_AREA(#10106);
#10106 = FILL_AREA_STYLE('',(#10107));
#10107 = FILL_AREA_STYLE_COLOUR('',#9763);
#10108 = OVER_RIDING_STYLED_ITEM('overriding color',(#10109),#1961,#9737
  );
#10109 = PRESENTATION_STYLE_ASSIGNMENT((#10110));
#10110 = SURFACE_STYLE_USAGE(.BOTH.,#10111);
#10111 = SURFACE_SIDE_STYLE('',(#10112));
#10112 = SURFACE_STYLE_FILL_AREA(#10113);
#10113 = FILL_AREA_STYLE('',(#10114));
#10114 = FILL_AREA_STYLE_COLOUR('',#9763);
#10115 = OVER_RIDING_STYLED_ITEM('overriding color',(#10116),#1986,#9737
  );
#10116 = PRESENTATION_STYLE_ASSIGNMENT((#10117));
#10117 = SURFACE_STYLE_USAGE(.BOTH.,#10118);
#10118 = SURFACE_SIDE_STYLE('',(#10119));
#10119 = SURFACE_STYLE_FILL_AREA(#10120);
#10120 = FILL_AREA_STYLE('',(#10121));
#10121 = FILL_AREA_STYLE_COLOUR('',#9763);
#10122 = OVER_RIDING_STYLED_ITEM('overriding color',(#10123),#2005,#9737
  );
#10123 = PRESENTATION_STYLE_ASSIGNMENT((#10124));
#10124 = SURFACE_STYLE_USAGE(.BOTH.,#10125);
#10125 = SURFACE_SIDE_STYLE('',(#10126));
#10126 = SURFACE_STYLE_FILL_AREA(#10127);
#10127 = FILL_AREA_STYLE('',(#10128));
#10128 = FILL_AREA_STYLE_COLOUR('',#9763);
#10129 = OVER_RIDING_STYLED_ITEM('overriding color',(#10130),#2179,#9737
  );
#10130 = PRESENTATION_STYLE_ASSIGNMENT((#10131));
#10131 = SURFACE_STYLE_USAGE(.BOTH.,#10132);
#10132 = SURFACE_SIDE_STYLE('',(#10133));
#10133 = SURFACE_STYLE_FILL_AREA(#10134);
#10134 = FILL_AREA_STYLE('',(#10135));
#10135 = FILL_AREA_STYLE_COLOUR('',#9763);
#10136 = OVER_RIDING_STYLED_ITEM('overriding color',(#10137),#2213,#9737
  );
#10137 = PRESENTATION_STYLE_ASSIGNMENT((#10138));
#10138 = SURFACE_STYLE_USAGE(.BOTH.,#10139);
#10139 = SURFACE_SIDE_STYLE('',(#10140));
#10140 = SURFACE_STYLE_FILL_AREA(#10141);
#10141 = FILL_AREA_STYLE('',(#10142));
#10142 = FILL_AREA_STYLE_COLOUR('',#9763);
#10143 = OVER_RIDING_STYLED_ITEM('overriding color',(#10144),#2238,#9737
  );
#10144 = PRESENTATION_STYLE_ASSIGNMENT((#10145));
#10145 = SURFACE_STYLE_USAGE(.BOTH.,#10146);
#10146 = SURFACE_SIDE_STYLE('',(#10147));
#10147 = SURFACE_STYLE_FILL_AREA(#10148);
#10148 = FILL_AREA_STYLE('',(#10149));
#10149 = FILL_AREA_STYLE_COLOUR('',#9763);
#10150 = OVER_RIDING_STYLED_ITEM('overriding color',(#10151),#2265,#9737
  );
#10151 = PRESENTATION_STYLE_ASSIGNMENT((#10152));
#10152 = SURFACE_STYLE_USAGE(.BOTH.,#10153);
#10153 = SURFACE_SIDE_STYLE('',(#10154));
#10154 = SURFACE_STYLE_FILL_AREA(#10155);
#10155 = FILL_AREA_STYLE('',(#10156));
#10156 = FILL_AREA_STYLE_COLOUR('',#9763);
#10157 = OVER_RIDING_STYLED_ITEM('overriding color',(#10158),#2291,#9737
  );
#10158 = PRESENTATION_STYLE_ASSIGNMENT((#10159));
#10159 = SURFACE_STYLE_USAGE(.BOTH.,#10160);
#10160 = SURFACE_SIDE_STYLE('',(#10161));
#10161 = SURFACE_STYLE_FILL_AREA(#10162);
#10162 = FILL_AREA_STYLE('',(#10163));
#10163 = FILL_AREA_STYLE_COLOUR('',#9763);
#10164 = OVER_RIDING_STYLED_ITEM('overriding color',(#10165),#2315,#9737
  );
#10165 = PRESENTATION_STYLE_ASSIGNMENT((#10166));
#10166 = SURFACE_STYLE_USAGE(.BOTH.,#10167);
#10167 = SURFACE_SIDE_STYLE('',(#10168));
#10168 = SURFACE_STYLE_FILL_AREA(#10169);
#10169 = FILL_AREA_STYLE('',(#10170));
#10170 = FILL_AREA_STYLE_COLOUR('',#9763);
#10171 = OVER_RIDING_STYLED_ITEM('overriding color',(#10172),#2341,#9737
  );
#10172 = PRESENTATION_STYLE_ASSIGNMENT((#10173));
#10173 = SURFACE_STYLE_USAGE(.BOTH.,#10174);
#10174 = SURFACE_SIDE_STYLE('',(#10175));
#10175 = SURFACE_STYLE_FILL_AREA(#10176);
#10176 = FILL_AREA_STYLE('',(#10177));
#10177 = FILL_AREA_STYLE_COLOUR('',#9763);
#10178 = OVER_RIDING_STYLED_ITEM('overriding color',(#10179),#2366,#9737
  );
#10179 = PRESENTATION_STYLE_ASSIGNMENT((#10180));
#10180 = SURFACE_STYLE_USAGE(.BOTH.,#10181);
#10181 = SURFACE_SIDE_STYLE('',(#10182));
#10182 = SURFACE_STYLE_FILL_AREA(#10183);
#10183 = FILL_AREA_STYLE('',(#10184));
#10184 = FILL_AREA_STYLE_COLOUR('',#9763);
#10185 = OVER_RIDING_STYLED_ITEM('overriding color',(#10186),#2392,#9737
  );
#10186 = PRESENTATION_STYLE_ASSIGNMENT((#10187));
#10187 = SURFACE_STYLE_USAGE(.BOTH.,#10188);
#10188 = SURFACE_SIDE_STYLE('',(#10189));
#10189 = SURFACE_STYLE_FILL_AREA(#10190);
#10190 = FILL_AREA_STYLE('',(#10191));
#10191 = FILL_AREA_STYLE_COLOUR('',#9763);
#10192 = OVER_RIDING_STYLED_ITEM('overriding color',(#10193),#2418,#9737
  );
#10193 = PRESENTATION_STYLE_ASSIGNMENT((#10194));
#10194 = SURFACE_STYLE_USAGE(.BOTH.,#10195);
#10195 = SURFACE_SIDE_STYLE('',(#10196));
#10196 = SURFACE_STYLE_FILL_AREA(#10197);
#10197 = FILL_AREA_STYLE('',(#10198));
#10198 = FILL_AREA_STYLE_COLOUR('',#9763);
#10199 = OVER_RIDING_STYLED_ITEM('overriding color',(#10200),#2443,#9737
  );
#10200 = PRESENTATION_STYLE_ASSIGNMENT((#10201));
#10201 = SURFACE_STYLE_USAGE(.BOTH.,#10202);
#10202 = SURFACE_SIDE_STYLE('',(#10203));
#10203 = SURFACE_STYLE_FILL_AREA(#10204);
#10204 = FILL_AREA_STYLE('',(#10205));
#10205 = FILL_AREA_STYLE_COLOUR('',#9763);
#10206 = OVER_RIDING_STYLED_ITEM('overriding color',(#10207),#2469,#9737
  );
#10207 = PRESENTATION_STYLE_ASSIGNMENT((#10208));
#10208 = SURFACE_STYLE_USAGE(.BOTH.,#10209);
#10209 = SURFACE_SIDE_STYLE('',(#10210));
#10210 = SURFACE_STYLE_FILL_AREA(#10211);
#10211 = FILL_AREA_STYLE('',(#10212));
#10212 = FILL_AREA_STYLE_COLOUR('',#9763);
#10213 = OVER_RIDING_STYLED_ITEM('overriding color',(#10214),#2493,#9737
  );
#10214 = PRESENTATION_STYLE_ASSIGNMENT((#10215));
#10215 = SURFACE_STYLE_USAGE(.BOTH.,#10216);
#10216 = SURFACE_SIDE_STYLE('',(#10217));
#10217 = SURFACE_STYLE_FILL_AREA(#10218);
#10218 = FILL_AREA_STYLE('',(#10219));
#10219 = FILL_AREA_STYLE_COLOUR('',#9763);
#10220 = OVER_RIDING_STYLED_ITEM('overriding color',(#10221),#2519,#9737
  );
#10221 = PRESENTATION_STYLE_ASSIGNMENT((#10222));
#10222 = SURFACE_STYLE_USAGE(.BOTH.,#10223);
#10223 = SURFACE_SIDE_STYLE('',(#10224));
#10224 = SURFACE_STYLE_FILL_AREA(#10225);
#10225 = FILL_AREA_STYLE('',(#10226));
#10226 = FILL_AREA_STYLE_COLOUR('',#9763);
#10227 = OVER_RIDING_STYLED_ITEM('overriding color',(#10228),#2546,#9737
  );
#10228 = PRESENTATION_STYLE_ASSIGNMENT((#10229));
#10229 = SURFACE_STYLE_USAGE(.BOTH.,#10230);
#10230 = SURFACE_SIDE_STYLE('',(#10231));
#10231 = SURFACE_STYLE_FILL_AREA(#10232);
#10232 = FILL_AREA_STYLE('',(#10233));
#10233 = FILL_AREA_STYLE_COLOUR('',#9763);
#10234 = OVER_RIDING_STYLED_ITEM('overriding color',(#10235),#2571,#9737
  );
#10235 = PRESENTATION_STYLE_ASSIGNMENT((#10236));
#10236 = SURFACE_STYLE_USAGE(.BOTH.,#10237);
#10237 = SURFACE_SIDE_STYLE('',(#10238));
#10238 = SURFACE_STYLE_FILL_AREA(#10239);
#10239 = FILL_AREA_STYLE('',(#10240));
#10240 = FILL_AREA_STYLE_COLOUR('',#9763);
#10241 = OVER_RIDING_STYLED_ITEM('overriding color',(#10242),#2591,#9737
  );
#10242 = PRESENTATION_STYLE_ASSIGNMENT((#10243));
#10243 = SURFACE_STYLE_USAGE(.BOTH.,#10244);
#10244 = SURFACE_SIDE_STYLE('',(#10245));
#10245 = SURFACE_STYLE_FILL_AREA(#10246);
#10246 = FILL_AREA_STYLE('',(#10247));
#10247 = FILL_AREA_STYLE_COLOUR('',#9755);
#10248 = OVER_RIDING_STYLED_ITEM('overriding color',(#10249),#2633,#9737
  );
#10249 = PRESENTATION_STYLE_ASSIGNMENT((#10250));
#10250 = SURFACE_STYLE_USAGE(.BOTH.,#10251);
#10251 = SURFACE_SIDE_STYLE('',(#10252));
#10252 = SURFACE_STYLE_FILL_AREA(#10253);
#10253 = FILL_AREA_STYLE('',(#10254));
#10254 = FILL_AREA_STYLE_COLOUR('',#9755);
#10255 = OVER_RIDING_STYLED_ITEM('overriding color',(#10256),#2676,#9737
  );
#10256 = PRESENTATION_STYLE_ASSIGNMENT((#10257));
#10257 = SURFACE_STYLE_USAGE(.BOTH.,#10258);
#10258 = SURFACE_SIDE_STYLE('',(#10259));
#10259 = SURFACE_STYLE_FILL_AREA(#10260);
#10260 = FILL_AREA_STYLE('',(#10261));
#10261 = FILL_AREA_STYLE_COLOUR('',#9755);
#10262 = OVER_RIDING_STYLED_ITEM('overriding color',(#10263),#2715,#9737
  );
#10263 = PRESENTATION_STYLE_ASSIGNMENT((#10264));
#10264 = SURFACE_STYLE_USAGE(.BOTH.,#10265);
#10265 = SURFACE_SIDE_STYLE('',(#10266));
#10266 = SURFACE_STYLE_FILL_AREA(#10267);
#10267 = FILL_AREA_STYLE('',(#10268));
#10268 = FILL_AREA_STYLE_COLOUR('',#9755);
#10269 = OVER_RIDING_STYLED_ITEM('overriding color',(#10270),#2749,#9737
  );
#10270 = PRESENTATION_STYLE_ASSIGNMENT((#10271));
#10271 = SURFACE_STYLE_USAGE(.BOTH.,#10272);
#10272 = SURFACE_SIDE_STYLE('',(#10273));
#10273 = SURFACE_STYLE_FILL_AREA(#10274);
#10274 = FILL_AREA_STYLE('',(#10275));
#10275 = FILL_AREA_STYLE_COLOUR('',#9755);
#10276 = OVER_RIDING_STYLED_ITEM('overriding color',(#10277),#2783,#9737
  );
#10277 = PRESENTATION_STYLE_ASSIGNMENT((#10278));
#10278 = SURFACE_STYLE_USAGE(.BOTH.,#10279);
#10279 = SURFACE_SIDE_STYLE('',(#10280));
#10280 = SURFACE_STYLE_FILL_AREA(#10281);
#10281 = FILL_AREA_STYLE('',(#10282));
#10282 = FILL_AREA_STYLE_COLOUR('',#10002);
#10283 = OVER_RIDING_STYLED_ITEM('overriding color',(#10284),#2809,#9737
  );
#10284 = PRESENTATION_STYLE_ASSIGNMENT((#10285));
#10285 = SURFACE_STYLE_USAGE(.BOTH.,#10286);
#10286 = SURFACE_SIDE_STYLE('',(#10287));
#10287 = SURFACE_STYLE_FILL_AREA(#10288);
#10288 = FILL_AREA_STYLE('',(#10289));
#10289 = FILL_AREA_STYLE_COLOUR('',#9755);
#10290 = OVER_RIDING_STYLED_ITEM('overriding color',(#10291),#2841,#9737
  );
#10291 = PRESENTATION_STYLE_ASSIGNMENT((#10292));
#10292 = SURFACE_STYLE_USAGE(.BOTH.,#10293);
#10293 = SURFACE_SIDE_STYLE('',(#10294));
#10294 = SURFACE_STYLE_FILL_AREA(#10295);
#10295 = FILL_AREA_STYLE('',(#10296));
#10296 = FILL_AREA_STYLE_COLOUR('',#9755);
#10297 = OVER_RIDING_STYLED_ITEM('overriding color',(#10298),#2873,#9737
  );
#10298 = PRESENTATION_STYLE_ASSIGNMENT((#10299));
#10299 = SURFACE_STYLE_USAGE(.BOTH.,#10300);
#10300 = SURFACE_SIDE_STYLE('',(#10301));
#10301 = SURFACE_STYLE_FILL_AREA(#10302);
#10302 = FILL_AREA_STYLE('',(#10303));
#10303 = FILL_AREA_STYLE_COLOUR('',#9755);
#10304 = OVER_RIDING_STYLED_ITEM('overriding color',(#10305),#2907,#9737
  );
#10305 = PRESENTATION_STYLE_ASSIGNMENT((#10306));
#10306 = SURFACE_STYLE_USAGE(.BOTH.,#10307);
#10307 = SURFACE_SIDE_STYLE('',(#10308));
#10308 = SURFACE_STYLE_FILL_AREA(#10309);
#10309 = FILL_AREA_STYLE('',(#10310));
#10310 = FILL_AREA_STYLE_COLOUR('',#9755);
#10311 = OVER_RIDING_STYLED_ITEM('overriding color',(#10312),#2932,#9737
  );
#10312 = PRESENTATION_STYLE_ASSIGNMENT((#10313));
#10313 = SURFACE_STYLE_USAGE(.BOTH.,#10314);
#10314 = SURFACE_SIDE_STYLE('',(#10315));
#10315 = SURFACE_STYLE_FILL_AREA(#10316);
#10316 = FILL_AREA_STYLE('',(#10317));
#10317 = FILL_AREA_STYLE_COLOUR('',#9755);
#10318 = OVER_RIDING_STYLED_ITEM('overriding color',(#10319),#2963,#9737
  );
#10319 = PRESENTATION_STYLE_ASSIGNMENT((#10320));
#10320 = SURFACE_STYLE_USAGE(.BOTH.,#10321);
#10321 = SURFACE_SIDE_STYLE('',(#10322));
#10322 = SURFACE_STYLE_FILL_AREA(#10323);
#10323 = FILL_AREA_STYLE('',(#10324));
#10324 = FILL_AREA_STYLE_COLOUR('',#9755);
#10325 = OVER_RIDING_STYLED_ITEM('overriding color',(#10326),#2989,#9737
  );
#10326 = PRESENTATION_STYLE_ASSIGNMENT((#10327));
#10327 = SURFACE_STYLE_USAGE(.BOTH.,#10328);
#10328 = SURFACE_SIDE_STYLE('',(#10329));
#10329 = SURFACE_STYLE_FILL_AREA(#10330);
#10330 = FILL_AREA_STYLE('',(#10331));
#10331 = FILL_AREA_STYLE_COLOUR('',#9755);
#10332 = OVER_RIDING_STYLED_ITEM('overriding color',(#10333),#3015,#9737
  );
#10333 = PRESENTATION_STYLE_ASSIGNMENT((#10334));
#10334 = SURFACE_STYLE_USAGE(.BOTH.,#10335);
#10335 = SURFACE_SIDE_STYLE('',(#10336));
#10336 = SURFACE_STYLE_FILL_AREA(#10337);
#10337 = FILL_AREA_STYLE('',(#10338));
#10338 = FILL_AREA_STYLE_COLOUR('',#9755);
#10339 = OVER_RIDING_STYLED_ITEM('overriding color',(#10340),#3040,#9737
  );
#10340 = PRESENTATION_STYLE_ASSIGNMENT((#10341));
#10341 = SURFACE_STYLE_USAGE(.BOTH.,#10342);
#10342 = SURFACE_SIDE_STYLE('',(#10343));
#10343 = SURFACE_STYLE_FILL_AREA(#10344);
#10344 = FILL_AREA_STYLE('',(#10345));
#10345 = FILL_AREA_STYLE_COLOUR('',#9755);
#10346 = OVER_RIDING_STYLED_ITEM('overriding color',(#10347),#3090,#9737
  );
#10347 = PRESENTATION_STYLE_ASSIGNMENT((#10348));
#10348 = SURFACE_STYLE_USAGE(.BOTH.,#10349);
#10349 = SURFACE_SIDE_STYLE('',(#10350));
#10350 = SURFACE_STYLE_FILL_AREA(#10351);
#10351 = FILL_AREA_STYLE('',(#10352));
#10352 = FILL_AREA_STYLE_COLOUR('',#9755);
#10353 = OVER_RIDING_STYLED_ITEM('overriding color',(#10354),#3108,#9737
  );
#10354 = PRESENTATION_STYLE_ASSIGNMENT((#10355));
#10355 = SURFACE_STYLE_USAGE(.BOTH.,#10356);
#10356 = SURFACE_SIDE_STYLE('',(#10357));
#10357 = SURFACE_STYLE_FILL_AREA(#10358);
#10358 = FILL_AREA_STYLE('',(#10359));
#10359 = FILL_AREA_STYLE_COLOUR('',#9755);
#10360 = OVER_RIDING_STYLED_ITEM('overriding color',(#10361),#3139,#9737
  );
#10361 = PRESENTATION_STYLE_ASSIGNMENT((#10362));
#10362 = SURFACE_STYLE_USAGE(.BOTH.,#10363);
#10363 = SURFACE_SIDE_STYLE('',(#10364));
#10364 = SURFACE_STYLE_FILL_AREA(#10365);
#10365 = FILL_AREA_STYLE('',(#10366));
#10366 = FILL_AREA_STYLE_COLOUR('',#9755);
#10367 = OVER_RIDING_STYLED_ITEM('overriding color',(#10368),#3165,#9737
  );
#10368 = PRESENTATION_STYLE_ASSIGNMENT((#10369));
#10369 = SURFACE_STYLE_USAGE(.BOTH.,#10370);
#10370 = SURFACE_SIDE_STYLE('',(#10371));
#10371 = SURFACE_STYLE_FILL_AREA(#10372);
#10372 = FILL_AREA_STYLE('',(#10373));
#10373 = FILL_AREA_STYLE_COLOUR('',#9755);
#10374 = OVER_RIDING_STYLED_ITEM('overriding color',(#10375),#3191,#9737
  );
#10375 = PRESENTATION_STYLE_ASSIGNMENT((#10376));
#10376 = SURFACE_STYLE_USAGE(.BOTH.,#10377);
#10377 = SURFACE_SIDE_STYLE('',(#10378));
#10378 = SURFACE_STYLE_FILL_AREA(#10379);
#10379 = FILL_AREA_STYLE('',(#10380));
#10380 = FILL_AREA_STYLE_COLOUR('',#9755);
#10381 = OVER_RIDING_STYLED_ITEM('overriding color',(#10382),#3216,#9737
  );
#10382 = PRESENTATION_STYLE_ASSIGNMENT((#10383));
#10383 = SURFACE_STYLE_USAGE(.BOTH.,#10384);
#10384 = SURFACE_SIDE_STYLE('',(#10385));
#10385 = SURFACE_STYLE_FILL_AREA(#10386);
#10386 = FILL_AREA_STYLE('',(#10387));
#10387 = FILL_AREA_STYLE_COLOUR('',#9763);
#10388 = OVER_RIDING_STYLED_ITEM('overriding color',(#10389),#3260,#9737
  );
#10389 = PRESENTATION_STYLE_ASSIGNMENT((#10390));
#10390 = SURFACE_STYLE_USAGE(.BOTH.,#10391);
#10391 = SURFACE_SIDE_STYLE('',(#10392));
#10392 = SURFACE_STYLE_FILL_AREA(#10393);
#10393 = FILL_AREA_STYLE('',(#10394));
#10394 = FILL_AREA_STYLE_COLOUR('',#9763);
#10395 = OVER_RIDING_STYLED_ITEM('overriding color',(#10396),#3292,#9737
  );
#10396 = PRESENTATION_STYLE_ASSIGNMENT((#10397));
#10397 = SURFACE_STYLE_USAGE(.BOTH.,#10398);
#10398 = SURFACE_SIDE_STYLE('',(#10399));
#10399 = SURFACE_STYLE_FILL_AREA(#10400);
#10400 = FILL_AREA_STYLE('',(#10401));
#10401 = FILL_AREA_STYLE_COLOUR('',#9763);
#10402 = OVER_RIDING_STYLED_ITEM('overriding color',(#10403),#3326,#9737
  );
#10403 = PRESENTATION_STYLE_ASSIGNMENT((#10404));
#10404 = SURFACE_STYLE_USAGE(.BOTH.,#10405);
#10405 = SURFACE_SIDE_STYLE('',(#10406));
#10406 = SURFACE_STYLE_FILL_AREA(#10407);
#10407 = FILL_AREA_STYLE('',(#10408));
#10408 = FILL_AREA_STYLE_COLOUR('',#9763);
#10409 = OVER_RIDING_STYLED_ITEM('overriding color',(#10410),#3360,#9737
  );
#10410 = PRESENTATION_STYLE_ASSIGNMENT((#10411));
#10411 = SURFACE_STYLE_USAGE(.BOTH.,#10412);
#10412 = SURFACE_SIDE_STYLE('',(#10413));
#10413 = SURFACE_STYLE_FILL_AREA(#10414);
#10414 = FILL_AREA_STYLE('',(#10415));
#10415 = FILL_AREA_STYLE_COLOUR('',#9763);
#10416 = OVER_RIDING_STYLED_ITEM('overriding color',(#10417),#3399,#9737
  );
#10417 = PRESENTATION_STYLE_ASSIGNMENT((#10418));
#10418 = SURFACE_STYLE_USAGE(.BOTH.,#10419);
#10419 = SURFACE_SIDE_STYLE('',(#10420));
#10420 = SURFACE_STYLE_FILL_AREA(#10421);
#10421 = FILL_AREA_STYLE('',(#10422));
#10422 = FILL_AREA_STYLE_COLOUR('',#9763);
#10423 = OVER_RIDING_STYLED_ITEM('overriding color',(#10424),#3431,#9737
  );
#10424 = PRESENTATION_STYLE_ASSIGNMENT((#10425));
#10425 = SURFACE_STYLE_USAGE(.BOTH.,#10426);
#10426 = SURFACE_SIDE_STYLE('',(#10427));
#10427 = SURFACE_STYLE_FILL_AREA(#10428);
#10428 = FILL_AREA_STYLE('',(#10429));
#10429 = FILL_AREA_STYLE_COLOUR('',#9763);
#10430 = OVER_RIDING_STYLED_ITEM('overriding color',(#10431),#3465,#9737
  );
#10431 = PRESENTATION_STYLE_ASSIGNMENT((#10432));
#10432 = SURFACE_STYLE_USAGE(.BOTH.,#10433);
#10433 = SURFACE_SIDE_STYLE('',(#10434));
#10434 = SURFACE_STYLE_FILL_AREA(#10435);
#10435 = FILL_AREA_STYLE('',(#10436));
#10436 = FILL_AREA_STYLE_COLOUR('',#9763);
#10437 = OVER_RIDING_STYLED_ITEM('overriding color',(#10438),#3497,#9737
  );
#10438 = PRESENTATION_STYLE_ASSIGNMENT((#10439));
#10439 = SURFACE_STYLE_USAGE(.BOTH.,#10440);
#10440 = SURFACE_SIDE_STYLE('',(#10441));
#10441 = SURFACE_STYLE_FILL_AREA(#10442);
#10442 = FILL_AREA_STYLE('',(#10443));
#10443 = FILL_AREA_STYLE_COLOUR('',#9755);
#10444 = OVER_RIDING_STYLED_ITEM('overriding color',(#10445),#3523,#9737
  );
#10445 = PRESENTATION_STYLE_ASSIGNMENT((#10446));
#10446 = SURFACE_STYLE_USAGE(.BOTH.,#10447);
#10447 = SURFACE_SIDE_STYLE('',(#10448));
#10448 = SURFACE_STYLE_FILL_AREA(#10449);
#10449 = FILL_AREA_STYLE('',(#10450));
#10450 = FILL_AREA_STYLE_COLOUR('',#9755);
#10451 = OVER_RIDING_STYLED_ITEM('overriding color',(#10452),#3557,#9737
  );
#10452 = PRESENTATION_STYLE_ASSIGNMENT((#10453));
#10453 = SURFACE_STYLE_USAGE(.BOTH.,#10454);
#10454 = SURFACE_SIDE_STYLE('',(#10455));
#10455 = SURFACE_STYLE_FILL_AREA(#10456);
#10456 = FILL_AREA_STYLE('',(#10457));
#10457 = FILL_AREA_STYLE_COLOUR('',#9755);
#10458 = OVER_RIDING_STYLED_ITEM('overriding color',(#10459),#3583,#9737
  );
#10459 = PRESENTATION_STYLE_ASSIGNMENT((#10460));
#10460 = SURFACE_STYLE_USAGE(.BOTH.,#10461);
#10461 = SURFACE_SIDE_STYLE('',(#10462));
#10462 = SURFACE_STYLE_FILL_AREA(#10463);
#10463 = FILL_AREA_STYLE('',(#10464));
#10464 = FILL_AREA_STYLE_COLOUR('',#9755);
#10465 = OVER_RIDING_STYLED_ITEM('overriding color',(#10466),#3609,#9737
  );
#10466 = PRESENTATION_STYLE_ASSIGNMENT((#10467));
#10467 = SURFACE_STYLE_USAGE(.BOTH.,#10468);
#10468 = SURFACE_SIDE_STYLE('',(#10469));
#10469 = SURFACE_STYLE_FILL_AREA(#10470);
#10470 = FILL_AREA_STYLE('',(#10471));
#10471 = FILL_AREA_STYLE_COLOUR('',#9763);
#10472 = OVER_RIDING_STYLED_ITEM('overriding color',(#10473),#3656,#9737
  );
#10473 = PRESENTATION_STYLE_ASSIGNMENT((#10474));
#10474 = SURFACE_STYLE_USAGE(.BOTH.,#10475);
#10475 = SURFACE_SIDE_STYLE('',(#10476));
#10476 = SURFACE_STYLE_FILL_AREA(#10477);
#10477 = FILL_AREA_STYLE('',(#10478));
#10478 = FILL_AREA_STYLE_COLOUR('',#9763);
#10479 = OVER_RIDING_STYLED_ITEM('overriding color',(#10480),#3681,#9737
  );
#10480 = PRESENTATION_STYLE_ASSIGNMENT((#10481));
#10481 = SURFACE_STYLE_USAGE(.BOTH.,#10482);
#10482 = SURFACE_SIDE_STYLE('',(#10483));
#10483 = SURFACE_STYLE_FILL_AREA(#10484);
#10484 = FILL_AREA_STYLE('',(#10485));
#10485 = FILL_AREA_STYLE_COLOUR('',#9763);
#10486 = OVER_RIDING_STYLED_ITEM('overriding color',(#10487),#3721,#9737
  );
#10487 = PRESENTATION_STYLE_ASSIGNMENT((#10488));
#10488 = SURFACE_STYLE_USAGE(.BOTH.,#10489);
#10489 = SURFACE_SIDE_STYLE('',(#10490));
#10490 = SURFACE_STYLE_FILL_AREA(#10491);
#10491 = FILL_AREA_STYLE('',(#10492));
#10492 = FILL_AREA_STYLE_COLOUR('',#9755);
#10493 = OVER_RIDING_STYLED_ITEM('overriding color',(#10494),#3759,#9737
  );
#10494 = PRESENTATION_STYLE_ASSIGNMENT((#10495));
#10495 = SURFACE_STYLE_USAGE(.BOTH.,#10496);
#10496 = SURFACE_SIDE_STYLE('',(#10497));
#10497 = SURFACE_STYLE_FILL_AREA(#10498);
#10498 = FILL_AREA_STYLE('',(#10499));
#10499 = FILL_AREA_STYLE_COLOUR('',#9755);
#10500 = OVER_RIDING_STYLED_ITEM('overriding color',(#10501),#3795,#9737
  );
#10501 = PRESENTATION_STYLE_ASSIGNMENT((#10502));
#10502 = SURFACE_STYLE_USAGE(.BOTH.,#10503);
#10503 = SURFACE_SIDE_STYLE('',(#10504));
#10504 = SURFACE_STYLE_FILL_AREA(#10505);
#10505 = FILL_AREA_STYLE('',(#10506));
#10506 = FILL_AREA_STYLE_COLOUR('',#9755);
#10507 = OVER_RIDING_STYLED_ITEM('overriding color',(#10508),#3813,#9737
  );
#10508 = PRESENTATION_STYLE_ASSIGNMENT((#10509));
#10509 = SURFACE_STYLE_USAGE(.BOTH.,#10510);
#10510 = SURFACE_SIDE_STYLE('',(#10511));
#10511 = SURFACE_STYLE_FILL_AREA(#10512);
#10512 = FILL_AREA_STYLE('',(#10513));
#10513 = FILL_AREA_STYLE_COLOUR('',#10514);
#10514 = COLOUR_RGB('',0.28235292142,0.28235292142,0.28235292142);
#10515 = OVER_RIDING_STYLED_ITEM('overriding color',(#10516),#3870,#9737
  );
#10516 = PRESENTATION_STYLE_ASSIGNMENT((#10517));
#10517 = SURFACE_STYLE_USAGE(.BOTH.,#10518);
#10518 = SURFACE_SIDE_STYLE('',(#10519));
#10519 = SURFACE_STYLE_FILL_AREA(#10520);
#10520 = FILL_AREA_STYLE('',(#10521));
#10521 = FILL_AREA_STYLE_COLOUR('',#9755);
#10522 = OVER_RIDING_STYLED_ITEM('overriding color',(#10523),#3900,#9737
  );
#10523 = PRESENTATION_STYLE_ASSIGNMENT((#10524));
#10524 = SURFACE_STYLE_USAGE(.BOTH.,#10525);
#10525 = SURFACE_SIDE_STYLE('',(#10526));
#10526 = SURFACE_STYLE_FILL_AREA(#10527);
#10527 = FILL_AREA_STYLE('',(#10528));
#10528 = FILL_AREA_STYLE_COLOUR('',#10514);
#10529 = OVER_RIDING_STYLED_ITEM('overriding color',(#10530),#3929,#9737
  );
#10530 = PRESENTATION_STYLE_ASSIGNMENT((#10531));
#10531 = SURFACE_STYLE_USAGE(.BOTH.,#10532);
#10532 = SURFACE_SIDE_STYLE('',(#10533));
#10533 = SURFACE_STYLE_FILL_AREA(#10534);
#10534 = FILL_AREA_STYLE('',(#10535));
#10535 = FILL_AREA_STYLE_COLOUR('',#10514);
#10536 = OVER_RIDING_STYLED_ITEM('overriding color',(#10537),#3954,#9737
  );
#10537 = PRESENTATION_STYLE_ASSIGNMENT((#10538));
#10538 = SURFACE_STYLE_USAGE(.BOTH.,#10539);
#10539 = SURFACE_SIDE_STYLE('',(#10540));
#10540 = SURFACE_STYLE_FILL_AREA(#10541);
#10541 = FILL_AREA_STYLE('',(#10542));
#10542 = FILL_AREA_STYLE_COLOUR('',#10514);
#10543 = OVER_RIDING_STYLED_ITEM('overriding color',(#10544),#3980,#9737
  );
#10544 = PRESENTATION_STYLE_ASSIGNMENT((#10545));
#10545 = SURFACE_STYLE_USAGE(.BOTH.,#10546);
#10546 = SURFACE_SIDE_STYLE('',(#10547));
#10547 = SURFACE_STYLE_FILL_AREA(#10548);
#10548 = FILL_AREA_STYLE('',(#10549));
#10549 = FILL_AREA_STYLE_COLOUR('',#10514);
#10550 = OVER_RIDING_STYLED_ITEM('overriding color',(#10551),#3997,#9737
  );
#10551 = PRESENTATION_STYLE_ASSIGNMENT((#10552));
#10552 = SURFACE_STYLE_USAGE(.BOTH.,#10553);
#10553 = SURFACE_SIDE_STYLE('',(#10554));
#10554 = SURFACE_STYLE_FILL_AREA(#10555);
#10555 = FILL_AREA_STYLE('',(#10556));
#10556 = FILL_AREA_STYLE_COLOUR('',#10514);
#10557 = OVER_RIDING_STYLED_ITEM('overriding color',(#10558),#4014,#9737
  );
#10558 = PRESENTATION_STYLE_ASSIGNMENT((#10559));
#10559 = SURFACE_STYLE_USAGE(.BOTH.,#10560);
#10560 = SURFACE_SIDE_STYLE('',(#10561));
#10561 = SURFACE_STYLE_FILL_AREA(#10562);
#10562 = FILL_AREA_STYLE('',(#10563));
#10563 = FILL_AREA_STYLE_COLOUR('',#10514);
#10564 = OVER_RIDING_STYLED_ITEM('overriding color',(#10565),#4031,#9737
  );
#10565 = PRESENTATION_STYLE_ASSIGNMENT((#10566));
#10566 = SURFACE_STYLE_USAGE(.BOTH.,#10567);
#10567 = SURFACE_SIDE_STYLE('',(#10568));
#10568 = SURFACE_STYLE_FILL_AREA(#10569);
#10569 = FILL_AREA_STYLE('',(#10570));
#10570 = FILL_AREA_STYLE_COLOUR('',#10514);
#10571 = OVER_RIDING_STYLED_ITEM('overriding color',(#10572),#4059,#9737
  );
#10572 = PRESENTATION_STYLE_ASSIGNMENT((#10573));
#10573 = SURFACE_STYLE_USAGE(.BOTH.,#10574);
#10574 = SURFACE_SIDE_STYLE('',(#10575));
#10575 = SURFACE_STYLE_FILL_AREA(#10576);
#10576 = FILL_AREA_STYLE('',(#10577));
#10577 = FILL_AREA_STYLE_COLOUR('',#10514);
#10578 = OVER_RIDING_STYLED_ITEM('overriding color',(#10579),#4084,#9737
  );
#10579 = PRESENTATION_STYLE_ASSIGNMENT((#10580));
#10580 = SURFACE_STYLE_USAGE(.BOTH.,#10581);
#10581 = SURFACE_SIDE_STYLE('',(#10582));
#10582 = SURFACE_STYLE_FILL_AREA(#10583);
#10583 = FILL_AREA_STYLE('',(#10584));
#10584 = FILL_AREA_STYLE_COLOUR('',#10514);
#10585 = OVER_RIDING_STYLED_ITEM('overriding color',(#10586),#4106,#9737
  );
#10586 = PRESENTATION_STYLE_ASSIGNMENT((#10587));
#10587 = SURFACE_STYLE_USAGE(.BOTH.,#10588);
#10588 = SURFACE_SIDE_STYLE('',(#10589));
#10589 = SURFACE_STYLE_FILL_AREA(#10590);
#10590 = FILL_AREA_STYLE('',(#10591));
#10591 = FILL_AREA_STYLE_COLOUR('',#9755);
#10592 = OVER_RIDING_STYLED_ITEM('overriding color',(#10593),#4128,#9737
  );
#10593 = PRESENTATION_STYLE_ASSIGNMENT((#10594));
#10594 = SURFACE_STYLE_USAGE(.BOTH.,#10595);
#10595 = SURFACE_SIDE_STYLE('',(#10596));
#10596 = SURFACE_STYLE_FILL_AREA(#10597);
#10597 = FILL_AREA_STYLE('',(#10598));
#10598 = FILL_AREA_STYLE_COLOUR('',#9755);
#10599 = OVER_RIDING_STYLED_ITEM('overriding color',(#10600),#4140,#9737
  );
#10600 = PRESENTATION_STYLE_ASSIGNMENT((#10601));
#10601 = SURFACE_STYLE_USAGE(.BOTH.,#10602);
#10602 = SURFACE_SIDE_STYLE('',(#10603));
#10603 = SURFACE_STYLE_FILL_AREA(#10604);
#10604 = FILL_AREA_STYLE('',(#10605));
#10605 = FILL_AREA_STYLE_COLOUR('',#10514);
#10606 = OVER_RIDING_STYLED_ITEM('overriding color',(#10607),#4171,#9737
  );
#10607 = PRESENTATION_STYLE_ASSIGNMENT((#10608));
#10608 = SURFACE_STYLE_USAGE(.BOTH.,#10609);
#10609 = SURFACE_SIDE_STYLE('',(#10610));
#10610 = SURFACE_STYLE_FILL_AREA(#10611);
#10611 = FILL_AREA_STYLE('',(#10612));
#10612 = FILL_AREA_STYLE_COLOUR('',#10514);
#10613 = OVER_RIDING_STYLED_ITEM('overriding color',(#10614),#4196,#9737
  );
#10614 = PRESENTATION_STYLE_ASSIGNMENT((#10615));
#10615 = SURFACE_STYLE_USAGE(.BOTH.,#10616);
#10616 = SURFACE_SIDE_STYLE('',(#10617));
#10617 = SURFACE_STYLE_FILL_AREA(#10618);
#10618 = FILL_AREA_STYLE('',(#10619));
#10619 = FILL_AREA_STYLE_COLOUR('',#10514);
#10620 = OVER_RIDING_STYLED_ITEM('overriding color',(#10621),#4220,#9737
  );
#10621 = PRESENTATION_STYLE_ASSIGNMENT((#10622));
#10622 = SURFACE_STYLE_USAGE(.BOTH.,#10623);
#10623 = SURFACE_SIDE_STYLE('',(#10624));
#10624 = SURFACE_STYLE_FILL_AREA(#10625);
#10625 = FILL_AREA_STYLE('',(#10626));
#10626 = FILL_AREA_STYLE_COLOUR('',#10514);
#10627 = OVER_RIDING_STYLED_ITEM('overriding color',(#10628),#4249,#9737
  );
#10628 = PRESENTATION_STYLE_ASSIGNMENT((#10629));
#10629 = SURFACE_STYLE_USAGE(.BOTH.,#10630);
#10630 = SURFACE_SIDE_STYLE('',(#10631));
#10631 = SURFACE_STYLE_FILL_AREA(#10632);
#10632 = FILL_AREA_STYLE('',(#10633));
#10633 = FILL_AREA_STYLE_COLOUR('',#10514);
#10634 = OVER_RIDING_STYLED_ITEM('overriding color',(#10635),#4274,#9737
  );
#10635 = PRESENTATION_STYLE_ASSIGNMENT((#10636));
#10636 = SURFACE_STYLE_USAGE(.BOTH.,#10637);
#10637 = SURFACE_SIDE_STYLE('',(#10638));
#10638 = SURFACE_STYLE_FILL_AREA(#10639);
#10639 = FILL_AREA_STYLE('',(#10640));
#10640 = FILL_AREA_STYLE_COLOUR('',#10514);
#10641 = OVER_RIDING_STYLED_ITEM('overriding color',(#10642),#4302,#9737
  );
#10642 = PRESENTATION_STYLE_ASSIGNMENT((#10643));
#10643 = SURFACE_STYLE_USAGE(.BOTH.,#10644);
#10644 = SURFACE_SIDE_STYLE('',(#10645));
#10645 = SURFACE_STYLE_FILL_AREA(#10646);
#10646 = FILL_AREA_STYLE('',(#10647));
#10647 = FILL_AREA_STYLE_COLOUR('',#10514);
#10648 = OVER_RIDING_STYLED_ITEM('overriding color',(#10649),#4328,#9737
  );
#10649 = PRESENTATION_STYLE_ASSIGNMENT((#10650));
#10650 = SURFACE_STYLE_USAGE(.BOTH.,#10651);
#10651 = SURFACE_SIDE_STYLE('',(#10652));
#10652 = SURFACE_STYLE_FILL_AREA(#10653);
#10653 = FILL_AREA_STYLE('',(#10654));
#10654 = FILL_AREA_STYLE_COLOUR('',#10514);
#10655 = OVER_RIDING_STYLED_ITEM('overriding color',(#10656),#4356,#9737
  );
#10656 = PRESENTATION_STYLE_ASSIGNMENT((#10657));
#10657 = SURFACE_STYLE_USAGE(.BOTH.,#10658);
#10658 = SURFACE_SIDE_STYLE('',(#10659));
#10659 = SURFACE_STYLE_FILL_AREA(#10660);
#10660 = FILL_AREA_STYLE('',(#10661));
#10661 = FILL_AREA_STYLE_COLOUR('',#10514);
#10662 = OVER_RIDING_STYLED_ITEM('overriding color',(#10663),#4381,#9737
  );
#10663 = PRESENTATION_STYLE_ASSIGNMENT((#10664));
#10664 = SURFACE_STYLE_USAGE(.BOTH.,#10665);
#10665 = SURFACE_SIDE_STYLE('',(#10666));
#10666 = SURFACE_STYLE_FILL_AREA(#10667);
#10667 = FILL_AREA_STYLE('',(#10668));
#10668 = FILL_AREA_STYLE_COLOUR('',#10514);
#10669 = OVER_RIDING_STYLED_ITEM('overriding color',(#10670),#4403,#9737
  );
#10670 = PRESENTATION_STYLE_ASSIGNMENT((#10671));
#10671 = SURFACE_STYLE_USAGE(.BOTH.,#10672);
#10672 = SURFACE_SIDE_STYLE('',(#10673));
#10673 = SURFACE_STYLE_FILL_AREA(#10674);
#10674 = FILL_AREA_STYLE('',(#10675));
#10675 = FILL_AREA_STYLE_COLOUR('',#10514);
#10676 = OVER_RIDING_STYLED_ITEM('overriding color',(#10677),#4419,#9737
  );
#10677 = PRESENTATION_STYLE_ASSIGNMENT((#10678));
#10678 = SURFACE_STYLE_USAGE(.BOTH.,#10679);
#10679 = SURFACE_SIDE_STYLE('',(#10680));
#10680 = SURFACE_STYLE_FILL_AREA(#10681);
#10681 = FILL_AREA_STYLE('',(#10682));
#10682 = FILL_AREA_STYLE_COLOUR('',#10514);
#10683 = MECHANICAL_DESIGN_GEOMETRIC_PRESENTATION_REPRESENTATION('',(
    #10684),#8311);
#10684 = STYLED_ITEM('color',(#10685),#4454);
#10685 = PRESENTATION_STYLE_ASSIGNMENT((#10686,#10692));
#10686 = SURFACE_STYLE_USAGE(.BOTH.,#10687);
#10687 = SURFACE_SIDE_STYLE('',(#10688));
#10688 = SURFACE_STYLE_FILL_AREA(#10689);
#10689 = FILL_AREA_STYLE('',(#10690));
#10690 = FILL_AREA_STYLE_COLOUR('',#10691);
#10691 = COLOUR_RGB('',0.768627468855,0.701960807317,0.819607860991);
#10692 = CURVE_STYLE('',#10693,POSITIVE_LENGTH_MEASURE(0.1),#9747);
#10693 = DRAUGHTING_PRE_DEFINED_CURVE_FONT('continuous');
#10694 = MECHANICAL_DESIGN_GEOMETRIC_PRESENTATION_REPRESENTATION('',(
    #10695),#9725);
#10695 = STYLED_ITEM('color',(#10696),#8330);
#10696 = PRESENTATION_STYLE_ASSIGNMENT((#10697,#10702));
#10697 = SURFACE_STYLE_USAGE(.BOTH.,#10698);
#10698 = SURFACE_SIDE_STYLE('',(#10699));
#10699 = SURFACE_STYLE_FILL_AREA(#10700);
#10700 = FILL_AREA_STYLE('',(#10701));
#10701 = FILL_AREA_STYLE_COLOUR('',#10691);
#10702 = CURVE_STYLE('',#10703,POSITIVE_LENGTH_MEASURE(0.1),#9747);
#10703 = DRAUGHTING_PRE_DEFINED_CURVE_FONT('continuous');
ENDSEC;
END-ISO-10303-21;
