ISO-10303-21;
HEADER;
/* Generated by software containing ST-Developer
 * from STEP Tools, Inc. (www.steptools.com) 
 */
/* OPTION: using custom schema-name function */

FILE_DESCRIPTION(
/* description */ (''),
/* implementation_level */ '2;1');

FILE_NAME(
/* name */ 'NTC MS35 long leads v2',
/* time_stamp */ '2022-05-06T07:26:27+02:00',
/* author */ (''),
/* organization */ (''),
/* preprocessor_version */ 'ST-DEVELOPER v16.5',
/* originating_system */ '',
/* authorisation */ '');

FILE_SCHEMA (('AUTOMOTIVE_DESIGN'));
ENDSEC;

DATA;
#10=SHAPE_REPRESENTATION_RELATIONSHIP('','',#465,#42);
#11=COLOUR_RGB('',0.901960784313726,0.901960784313726,0.901960784313726);
#12=COLOUR_RGB('',0.901960784313726,0.901960784313726,0.901960784313726);
#13=COLOUR_RGB('',0.294117647058824,0.192156862745098,0.192156862745098);
#14=FILL_AREA_STYLE_COLOUR('',#11);
#15=FILL_AREA_STYLE_COLOUR('',#12);
#16=FILL_AREA_STYLE_COLOUR('',#13);
#17=FILL_AREA_STYLE('',(#14));
#18=FILL_AREA_STYLE('',(#15));
#19=FILL_AREA_STYLE('',(#16));
#20=SURFACE_STYLE_FILL_AREA(#17);
#21=SURFACE_STYLE_FILL_AREA(#18);
#22=SURFACE_STYLE_FILL_AREA(#19);
#23=SURFACE_SIDE_STYLE('',(#20));
#24=SURFACE_SIDE_STYLE('',(#21));
#25=SURFACE_SIDE_STYLE('',(#22));
#26=SURFACE_STYLE_USAGE(.BOTH.,#23);
#27=SURFACE_STYLE_USAGE(.BOTH.,#24);
#28=SURFACE_STYLE_USAGE(.BOTH.,#25);
#29=MECHANICAL_DESIGN_GEOMETRIC_PRESENTATION_REPRESENTATION('',(#33,#34,
#35),#464);
#30=PRESENTATION_STYLE_ASSIGNMENT((#26));
#31=PRESENTATION_STYLE_ASSIGNMENT((#27));
#32=PRESENTATION_STYLE_ASSIGNMENT((#28));
#33=STYLED_ITEM('',(#30),#39);
#34=STYLED_ITEM('',(#31),#40);
#35=STYLED_ITEM('',(#32),#41);
#36=PRESENTATION_LAYER_ASSIGNMENT('Default','',(#39));
#37=PRESENTATION_LAYER_ASSIGNMENT('Default','',(#40));
#38=PRESENTATION_LAYER_ASSIGNMENT('Default','',(#41));
#39=MANIFOLD_SOLID_BREP('brep_1',#43);
#40=MANIFOLD_SOLID_BREP('brep_2',#44);
#41=MANIFOLD_SOLID_BREP('brep_3',#45);
#42=ADVANCED_BREP_SHAPE_REPRESENTATION('brep_rep_0',(#39,#40,#41,#473),
#464);
#43=CLOSED_SHELL('',(#46,#47,#48,#49));
#44=CLOSED_SHELL('',(#50,#51,#52,#53));
#45=CLOSED_SHELL('',(#54,#55,#56,#57,#58,#59,#60,#61,#62,#63,#64,#65,#66,
#67,#68,#69,#70,#71,#72,#73,#74,#75));
#46=ADVANCED_FACE('',(#76),#423,.T.);
#47=ADVANCED_FACE('',(#77),#417,.T.);
#48=ADVANCED_FACE('',(#78),#418,.T.);
#49=ADVANCED_FACE('',(#79),#424,.T.);
#50=ADVANCED_FACE('',(#80),#425,.T.);
#51=ADVANCED_FACE('',(#81),#419,.T.);
#52=ADVANCED_FACE('',(#82),#420,.T.);
#53=ADVANCED_FACE('',(#83),#426,.T.);
#54=ADVANCED_FACE('',(#84),#427,.T.);
#55=ADVANCED_FACE('',(#85),#428,.T.);
#56=ADVANCED_FACE('',(#86),#429,.T.);
#57=ADVANCED_FACE('',(#87),#430,.T.);
#58=ADVANCED_FACE('',(#88),#431,.T.);
#59=ADVANCED_FACE('',(#89),#432,.T.);
#60=ADVANCED_FACE('',(#90),#433,.T.);
#61=ADVANCED_FACE('',(#91),#434,.T.);
#62=ADVANCED_FACE('',(#92),#435,.T.);
#63=ADVANCED_FACE('',(#93),#421,.T.);
#64=ADVANCED_FACE('',(#94),#436,.T.);
#65=ADVANCED_FACE('',(#95),#437,.T.);
#66=ADVANCED_FACE('',(#96),#438,.T.);
#67=ADVANCED_FACE('',(#97),#439,.T.);
#68=ADVANCED_FACE('',(#98),#440,.T.);
#69=ADVANCED_FACE('',(#99),#422,.T.);
#70=ADVANCED_FACE('',(#100),#441,.T.);
#71=ADVANCED_FACE('',(#101),#442,.T.);
#72=ADVANCED_FACE('',(#102),#443,.T.);
#73=ADVANCED_FACE('',(#103),#444,.T.);
#74=ADVANCED_FACE('',(#104),#445,.T.);
#75=ADVANCED_FACE('',(#105),#446,.T.);
#76=FACE_OUTER_BOUND('',#106,.T.);
#77=FACE_OUTER_BOUND('',#107,.T.);
#78=FACE_OUTER_BOUND('',#108,.T.);
#79=FACE_OUTER_BOUND('',#109,.T.);
#80=FACE_OUTER_BOUND('',#110,.T.);
#81=FACE_OUTER_BOUND('',#111,.T.);
#82=FACE_OUTER_BOUND('',#112,.T.);
#83=FACE_OUTER_BOUND('',#113,.T.);
#84=FACE_OUTER_BOUND('',#114,.T.);
#85=FACE_OUTER_BOUND('',#115,.T.);
#86=FACE_OUTER_BOUND('',#116,.T.);
#87=FACE_OUTER_BOUND('',#117,.T.);
#88=FACE_OUTER_BOUND('',#118,.T.);
#89=FACE_OUTER_BOUND('',#119,.T.);
#90=FACE_OUTER_BOUND('',#120,.T.);
#91=FACE_OUTER_BOUND('',#121,.T.);
#92=FACE_OUTER_BOUND('',#122,.T.);
#93=FACE_OUTER_BOUND('',#123,.T.);
#94=FACE_OUTER_BOUND('',#124,.T.);
#95=FACE_OUTER_BOUND('',#125,.T.);
#96=FACE_OUTER_BOUND('',#126,.T.);
#97=FACE_OUTER_BOUND('',#127,.T.);
#98=FACE_OUTER_BOUND('',#128,.T.);
#99=FACE_OUTER_BOUND('',#129,.T.);
#100=FACE_OUTER_BOUND('',#130,.T.);
#101=FACE_OUTER_BOUND('',#131,.T.);
#102=FACE_OUTER_BOUND('',#132,.T.);
#103=FACE_OUTER_BOUND('',#133,.T.);
#104=FACE_OUTER_BOUND('',#134,.T.);
#105=FACE_OUTER_BOUND('',#135,.T.);
#106=EDGE_LOOP('',(#136,#137,#138,#139));
#107=EDGE_LOOP('',(#140));
#108=EDGE_LOOP('',(#141));
#109=EDGE_LOOP('',(#142,#143,#144,#145));
#110=EDGE_LOOP('',(#146,#147,#148,#149));
#111=EDGE_LOOP('',(#150));
#112=EDGE_LOOP('',(#151));
#113=EDGE_LOOP('',(#152,#153,#154,#155));
#114=EDGE_LOOP('',(#156,#157,#158,#159,#160,#161,#162,#163));
#115=EDGE_LOOP('',(#164,#165,#166));
#116=EDGE_LOOP('',(#167,#168,#169));
#117=EDGE_LOOP('',(#170,#171,#172));
#118=EDGE_LOOP('',(#173,#174,#175,#176));
#119=EDGE_LOOP('',(#177,#178,#179,#180,#181,#182));
#120=EDGE_LOOP('',(#183,#184,#185,#186,#187,#188,#189));
#121=EDGE_LOOP('',(#190,#191,#192,#193,#194,#195,#196,#197));
#122=EDGE_LOOP('',(#198,#199,#200,#201));
#123=EDGE_LOOP('',(#202,#203,#204,#205,#206,#207));
#124=EDGE_LOOP('',(#208,#209,#210,#211));
#125=EDGE_LOOP('',(#212,#213,#214,#215));
#126=EDGE_LOOP('',(#216,#217,#218,#219));
#127=EDGE_LOOP('',(#220,#221,#222,#223));
#128=EDGE_LOOP('',(#224,#225,#226,#227));
#129=EDGE_LOOP('',(#228,#229,#230,#231,#232,#233));
#130=EDGE_LOOP('',(#234,#235,#236,#237));
#131=EDGE_LOOP('',(#238,#239,#240,#241));
#132=EDGE_LOOP('',(#242,#243,#244,#245));
#133=EDGE_LOOP('',(#246,#247,#248,#249));
#134=EDGE_LOOP('',(#250,#251,#252,#253));
#135=EDGE_LOOP('',(#254,#255,#256,#257));
#136=ORIENTED_EDGE('',*,*,#259,.T.);
#137=ORIENTED_EDGE('',*,*,#258,.T.);
#138=ORIENTED_EDGE('',*,*,#259,.F.);
#139=ORIENTED_EDGE('',*,*,#260,.F.);
#140=ORIENTED_EDGE('',*,*,#258,.F.);
#141=ORIENTED_EDGE('',*,*,#262,.T.);
#142=ORIENTED_EDGE('',*,*,#260,.T.);
#143=ORIENTED_EDGE('',*,*,#261,.T.);
#144=ORIENTED_EDGE('',*,*,#262,.F.);
#145=ORIENTED_EDGE('',*,*,#261,.F.);
#146=ORIENTED_EDGE('',*,*,#264,.T.);
#147=ORIENTED_EDGE('',*,*,#263,.T.);
#148=ORIENTED_EDGE('',*,*,#264,.F.);
#149=ORIENTED_EDGE('',*,*,#265,.F.);
#150=ORIENTED_EDGE('',*,*,#263,.F.);
#151=ORIENTED_EDGE('',*,*,#267,.T.);
#152=ORIENTED_EDGE('',*,*,#265,.T.);
#153=ORIENTED_EDGE('',*,*,#266,.T.);
#154=ORIENTED_EDGE('',*,*,#267,.F.);
#155=ORIENTED_EDGE('',*,*,#266,.F.);
#156=ORIENTED_EDGE('',*,*,#299,.F.);
#157=ORIENTED_EDGE('',*,*,#306,.F.);
#158=ORIENTED_EDGE('',*,*,#313,.T.);
#159=ORIENTED_EDGE('',*,*,#268,.F.);
#160=ORIENTED_EDGE('',*,*,#270,.F.);
#161=ORIENTED_EDGE('',*,*,#268,.T.);
#162=ORIENTED_EDGE('',*,*,#315,.T.);
#163=ORIENTED_EDGE('',*,*,#309,.F.);
#164=ORIENTED_EDGE('',*,*,#269,.T.);
#165=ORIENTED_EDGE('',*,*,#270,.T.);
#166=ORIENTED_EDGE('',*,*,#269,.F.);
#167=ORIENTED_EDGE('',*,*,#317,.T.);
#168=ORIENTED_EDGE('',*,*,#299,.T.);
#169=ORIENTED_EDGE('',*,*,#302,.T.);
#170=ORIENTED_EDGE('',*,*,#272,.T.);
#171=ORIENTED_EDGE('',*,*,#273,.T.);
#172=ORIENTED_EDGE('',*,*,#272,.F.);
#173=ORIENTED_EDGE('',*,*,#279,.T.);
#174=ORIENTED_EDGE('',*,*,#275,.F.);
#175=ORIENTED_EDGE('',*,*,#276,.F.);
#176=ORIENTED_EDGE('',*,*,#275,.T.);
#177=ORIENTED_EDGE('',*,*,#294,.T.);
#178=ORIENTED_EDGE('',*,*,#278,.F.);
#179=ORIENTED_EDGE('',*,*,#277,.F.);
#180=ORIENTED_EDGE('',*,*,#276,.T.);
#181=ORIENTED_EDGE('',*,*,#277,.T.);
#182=ORIENTED_EDGE('',*,*,#284,.F.);
#183=ORIENTED_EDGE('',*,*,#300,.T.);
#184=ORIENTED_EDGE('',*,*,#280,.F.);
#185=ORIENTED_EDGE('',*,*,#279,.F.);
#186=ORIENTED_EDGE('',*,*,#280,.T.);
#187=ORIENTED_EDGE('',*,*,#281,.T.);
#188=ORIENTED_EDGE('',*,*,#314,.F.);
#189=ORIENTED_EDGE('',*,*,#312,.F.);
#190=ORIENTED_EDGE('',*,*,#290,.T.);
#191=ORIENTED_EDGE('',*,*,#274,.F.);
#192=ORIENTED_EDGE('',*,*,#271,.F.);
#193=ORIENTED_EDGE('',*,*,#273,.F.);
#194=ORIENTED_EDGE('',*,*,#271,.T.);
#195=ORIENTED_EDGE('',*,*,#283,.F.);
#196=ORIENTED_EDGE('',*,*,#282,.T.);
#197=ORIENTED_EDGE('',*,*,#295,.F.);
#198=ORIENTED_EDGE('',*,*,#283,.T.);
#199=ORIENTED_EDGE('',*,*,#274,.T.);
#200=ORIENTED_EDGE('',*,*,#297,.F.);
#201=ORIENTED_EDGE('',*,*,#286,.F.);
#202=ORIENTED_EDGE('',*,*,#287,.T.);
#203=ORIENTED_EDGE('',*,*,#298,.T.);
#204=ORIENTED_EDGE('',*,*,#291,.F.);
#205=ORIENTED_EDGE('',*,*,#284,.T.);
#206=ORIENTED_EDGE('',*,*,#278,.T.);
#207=ORIENTED_EDGE('',*,*,#293,.F.);
#208=ORIENTED_EDGE('',*,*,#286,.T.);
#209=ORIENTED_EDGE('',*,*,#285,.T.);
#210=ORIENTED_EDGE('',*,*,#287,.F.);
#211=ORIENTED_EDGE('',*,*,#288,.T.);
#212=ORIENTED_EDGE('',*,*,#289,.F.);
#213=ORIENTED_EDGE('',*,*,#291,.T.);
#214=ORIENTED_EDGE('',*,*,#292,.F.);
#215=ORIENTED_EDGE('',*,*,#290,.F.);
#216=ORIENTED_EDGE('',*,*,#288,.F.);
#217=ORIENTED_EDGE('',*,*,#293,.T.);
#218=ORIENTED_EDGE('',*,*,#296,.T.);
#219=ORIENTED_EDGE('',*,*,#282,.F.);
#220=ORIENTED_EDGE('',*,*,#289,.T.);
#221=ORIENTED_EDGE('',*,*,#295,.T.);
#222=ORIENTED_EDGE('',*,*,#296,.F.);
#223=ORIENTED_EDGE('',*,*,#294,.F.);
#224=ORIENTED_EDGE('',*,*,#297,.T.);
#225=ORIENTED_EDGE('',*,*,#292,.T.);
#226=ORIENTED_EDGE('',*,*,#298,.F.);
#227=ORIENTED_EDGE('',*,*,#285,.F.);
#228=ORIENTED_EDGE('',*,*,#310,.T.);
#229=ORIENTED_EDGE('',*,*,#281,.F.);
#230=ORIENTED_EDGE('',*,*,#300,.F.);
#231=ORIENTED_EDGE('',*,*,#307,.T.);
#232=ORIENTED_EDGE('',*,*,#318,.F.);
#233=ORIENTED_EDGE('',*,*,#303,.F.);
#234=ORIENTED_EDGE('',*,*,#304,.F.);
#235=ORIENTED_EDGE('',*,*,#303,.T.);
#236=ORIENTED_EDGE('',*,*,#301,.F.);
#237=ORIENTED_EDGE('',*,*,#302,.F.);
#238=ORIENTED_EDGE('',*,*,#306,.T.);
#239=ORIENTED_EDGE('',*,*,#308,.T.);
#240=ORIENTED_EDGE('',*,*,#307,.F.);
#241=ORIENTED_EDGE('',*,*,#305,.T.);
#242=ORIENTED_EDGE('',*,*,#309,.T.);
#243=ORIENTED_EDGE('',*,*,#311,.T.);
#244=ORIENTED_EDGE('',*,*,#310,.F.);
#245=ORIENTED_EDGE('',*,*,#304,.T.);
#246=ORIENTED_EDGE('',*,*,#312,.T.);
#247=ORIENTED_EDGE('',*,*,#316,.F.);
#248=ORIENTED_EDGE('',*,*,#313,.F.);
#249=ORIENTED_EDGE('',*,*,#305,.F.);
#250=ORIENTED_EDGE('',*,*,#314,.T.);
#251=ORIENTED_EDGE('',*,*,#311,.F.);
#252=ORIENTED_EDGE('',*,*,#315,.F.);
#253=ORIENTED_EDGE('',*,*,#316,.T.);
#254=ORIENTED_EDGE('',*,*,#301,.T.);
#255=ORIENTED_EDGE('',*,*,#318,.T.);
#256=ORIENTED_EDGE('',*,*,#308,.F.);
#257=ORIENTED_EDGE('',*,*,#317,.F.);
#258=EDGE_CURVE('',#380,#380,#319,.T.);
#259=EDGE_CURVE('',#381,#380,#320,.T.);
#260=EDGE_CURVE('',#381,#381,#321,.T.);
#261=EDGE_CURVE('',#381,#382,#322,.T.);
#262=EDGE_CURVE('',#382,#382,#323,.T.);
#263=EDGE_CURVE('',#383,#383,#324,.T.);
#264=EDGE_CURVE('',#384,#383,#325,.T.);
#265=EDGE_CURVE('',#384,#384,#326,.T.);
#266=EDGE_CURVE('',#384,#385,#327,.T.);
#267=EDGE_CURVE('',#385,#385,#328,.T.);
#268=EDGE_CURVE('',#386,#408,#329,.T.);
#269=EDGE_CURVE('',#387,#386,#330,.T.);
#270=EDGE_CURVE('',#386,#386,#331,.T.);
#271=EDGE_CURVE('',#388,#389,#332,.T.);
#272=EDGE_CURVE('',#390,#388,#333,.T.);
#273=EDGE_CURVE('',#388,#388,#334,.T.);
#274=EDGE_CURVE('',#389,#396,#335,.T.);
#275=EDGE_CURVE('',#391,#393,#336,.T.);
#276=EDGE_CURVE('',#391,#391,#337,.T.);
#277=EDGE_CURVE('',#391,#392,#338,.T.);
#278=EDGE_CURVE('',#392,#401,#339,.T.);
#279=EDGE_CURVE('',#393,#393,#340,.T.);
#280=EDGE_CURVE('',#393,#394,#341,.T.);
#281=EDGE_CURVE('',#394,#412,#342,.T.);
#282=EDGE_CURVE('',#397,#398,#343,.T.);
#283=EDGE_CURVE('',#397,#389,#344,.T.);
#284=EDGE_CURVE('',#404,#392,#345,.T.);
#285=EDGE_CURVE('',#399,#402,#346,.T.);
#286=EDGE_CURVE('',#397,#399,#347,.T.);
#287=EDGE_CURVE('',#400,#402,#348,.T.);
#288=EDGE_CURVE('',#400,#397,#349,.T.);
#289=EDGE_CURVE('',#404,#395,#350,.T.);
#290=EDGE_CURVE('',#395,#396,#351,.T.);
#291=EDGE_CURVE('',#404,#403,#352,.T.);
#292=EDGE_CURVE('',#396,#403,#353,.T.);
#293=EDGE_CURVE('',#400,#401,#354,.T.);
#294=EDGE_CURVE('',#404,#401,#355,.T.);
#295=EDGE_CURVE('',#395,#398,#356,.T.);
#296=EDGE_CURVE('',#401,#398,#357,.T.);
#297=EDGE_CURVE('',#399,#396,#358,.T.);
#298=EDGE_CURVE('',#402,#403,#359,.T.);
#299=EDGE_CURVE('',#409,#405,#360,.T.);
#300=EDGE_CURVE('',#415,#394,#361,.T.);
#301=EDGE_CURVE('',#410,#413,#362,.T.);
#302=EDGE_CURVE('',#405,#410,#363,.T.);
#303=EDGE_CURVE('',#411,#413,#364,.T.);
#304=EDGE_CURVE('',#411,#405,#365,.T.);
#305=EDGE_CURVE('',#415,#407,#366,.T.);
#306=EDGE_CURVE('',#407,#409,#367,.T.);
#307=EDGE_CURVE('',#415,#414,#368,.T.);
#308=EDGE_CURVE('',#409,#414,#369,.T.);
#309=EDGE_CURVE('',#405,#406,#370,.T.);
#310=EDGE_CURVE('',#411,#412,#371,.T.);
#311=EDGE_CURVE('',#406,#412,#372,.T.);
#312=EDGE_CURVE('',#415,#416,#373,.T.);
#313=EDGE_CURVE('',#407,#408,#374,.T.);
#314=EDGE_CURVE('',#416,#412,#375,.T.);
#315=EDGE_CURVE('',#408,#406,#376,.T.);
#316=EDGE_CURVE('',#408,#416,#377,.T.);
#317=EDGE_CURVE('',#410,#409,#378,.T.);
#318=EDGE_CURVE('',#413,#414,#379,.T.);
#319=(
BOUNDED_CURVE()
B_SPLINE_CURVE(2,(#535,#536,#537,#538,#539,#540,#541,#542,#543),
 .UNSPECIFIED.,.T.,.F.)
B_SPLINE_CURVE_WITH_KNOTS((3,2,2,2,3),(0.,0.785398163397448,1.5707963267949,
2.35619449019234,3.14159265358979),.UNSPECIFIED.)
CURVE()
GEOMETRIC_REPRESENTATION_ITEM()
RATIONAL_B_SPLINE_CURVE((1.,0.707106781186548,1.,0.707106781186548,1.,0.707106781186548,
1.,0.707106781186548,1.))
REPRESENTATION_ITEM('')
);
#320=(
BOUNDED_CURVE()
B_SPLINE_CURVE(1,(#544,#545),.UNSPECIFIED.,.F.,.F.)
B_SPLINE_CURVE_WITH_KNOTS((2,2),(0.249999999999984,38.),.UNSPECIFIED.)
CURVE()
GEOMETRIC_REPRESENTATION_ITEM()
RATIONAL_B_SPLINE_CURVE((1.,1.))
REPRESENTATION_ITEM('')
);
#321=(
BOUNDED_CURVE()
B_SPLINE_CURVE(2,(#546,#547,#548,#549,#550,#551,#552,#553,#554),
 .UNSPECIFIED.,.T.,.F.)
B_SPLINE_CURVE_WITH_KNOTS((3,2,2,2,3),(0.,0.392689160953132,0.785378321906264,
1.1780674828594,1.57075664381253),.UNSPECIFIED.)
CURVE()
GEOMETRIC_REPRESENTATION_ITEM()
RATIONAL_B_SPLINE_CURVE((1.,0.707106781186548,1.,0.707106781186548,1.,0.707106781186548,
1.,0.707106781186548,1.))
REPRESENTATION_ITEM('')
);
#322=(
BOUNDED_CURVE()
B_SPLINE_CURVE(2,(#555,#556,#557),.UNSPECIFIED.,.F.,.F.)
B_SPLINE_CURVE_WITH_KNOTS((3,3),(0.,0.392699087273318),.UNSPECIFIED.)
CURVE()
GEOMETRIC_REPRESENTATION_ITEM()
RATIONAL_B_SPLINE_CURVE((1.,0.707106781186553,1.))
REPRESENTATION_ITEM('')
);
#323=(
BOUNDED_CURVE()
B_SPLINE_CURVE(2,(#558,#559,#560,#561,#562,#563,#564,#565,#566),
 .UNSPECIFIED.,.T.,.F.)
B_SPLINE_CURVE_WITH_KNOTS((3,2,2,2,3),(0.,0.392689160953132,0.785378321906264,
1.1780674828594,1.57075664381253),.UNSPECIFIED.)
CURVE()
GEOMETRIC_REPRESENTATION_ITEM()
RATIONAL_B_SPLINE_CURVE((1.,0.707106781186548,1.,0.707106781186548,1.,0.707106781186548,
1.,0.707106781186548,1.))
REPRESENTATION_ITEM('')
);
#324=(
BOUNDED_CURVE()
B_SPLINE_CURVE(2,(#617,#618,#619,#620,#621,#622,#623,#624,#625),
 .UNSPECIFIED.,.T.,.F.)
B_SPLINE_CURVE_WITH_KNOTS((3,2,2,2,3),(0.,0.785398163397448,1.5707963267949,
2.35619449019234,3.14159265358979),.UNSPECIFIED.)
CURVE()
GEOMETRIC_REPRESENTATION_ITEM()
RATIONAL_B_SPLINE_CURVE((1.,0.707106781186548,1.,0.707106781186548,1.,0.707106781186548,
1.,0.707106781186548,1.))
REPRESENTATION_ITEM('')
);
#325=(
BOUNDED_CURVE()
B_SPLINE_CURVE(1,(#626,#627),.UNSPECIFIED.,.F.,.F.)
B_SPLINE_CURVE_WITH_KNOTS((2,2),(0.250000000000006,38.),.UNSPECIFIED.)
CURVE()
GEOMETRIC_REPRESENTATION_ITEM()
RATIONAL_B_SPLINE_CURVE((1.,1.))
REPRESENTATION_ITEM('')
);
#326=(
BOUNDED_CURVE()
B_SPLINE_CURVE(2,(#628,#629,#630,#631,#632,#633,#634,#635,#636),
 .UNSPECIFIED.,.T.,.F.)
B_SPLINE_CURVE_WITH_KNOTS((3,2,2,2,3),(0.,0.392689160953132,0.785378321906264,
1.1780674828594,1.57075664381253),.UNSPECIFIED.)
CURVE()
GEOMETRIC_REPRESENTATION_ITEM()
RATIONAL_B_SPLINE_CURVE((1.,0.707106781186548,1.,0.707106781186548,1.,0.707106781186548,
1.,0.707106781186548,1.))
REPRESENTATION_ITEM('')
);
#327=(
BOUNDED_CURVE()
B_SPLINE_CURVE(2,(#637,#638,#639),.UNSPECIFIED.,.F.,.F.)
B_SPLINE_CURVE_WITH_KNOTS((3,3),(0.,0.392699087273318),.UNSPECIFIED.)
CURVE()
GEOMETRIC_REPRESENTATION_ITEM()
RATIONAL_B_SPLINE_CURVE((1.,0.707106781186553,1.))
REPRESENTATION_ITEM('')
);
#328=(
BOUNDED_CURVE()
B_SPLINE_CURVE(2,(#640,#641,#642,#643,#644,#645,#646,#647,#648),
 .UNSPECIFIED.,.T.,.F.)
B_SPLINE_CURVE_WITH_KNOTS((3,2,2,2,3),(0.,0.392689160953132,0.785378321906264,
1.1780674828594,1.57075664381253),.UNSPECIFIED.)
CURVE()
GEOMETRIC_REPRESENTATION_ITEM()
RATIONAL_B_SPLINE_CURVE((1.,0.707106781186548,1.,0.707106781186548,1.,0.707106781186548,
1.,0.707106781186548,1.))
REPRESENTATION_ITEM('')
);
#329=(
BOUNDED_CURVE()
B_SPLINE_CURVE(3,(#1777,#1778,#1779,#1780),.UNSPECIFIED.,.F.,.F.)
B_SPLINE_CURVE_WITH_KNOTS((4,4),(0.,4.24284604258125),.UNSPECIFIED.)
CURVE()
GEOMETRIC_REPRESENTATION_ITEM()
RATIONAL_B_SPLINE_CURVE((1.,0.999999999999999,1.,1.))
REPRESENTATION_ITEM('')
);
#330=(
BOUNDED_CURVE()
B_SPLINE_CURVE(2,(#1781,#1782,#1783),.UNSPECIFIED.,.F.,.F.)
B_SPLINE_CURVE_WITH_KNOTS((3,3),(0.,2.59181393921158),.UNSPECIFIED.)
CURVE()
GEOMETRIC_REPRESENTATION_ITEM()
RATIONAL_B_SPLINE_CURVE((1.,0.707106781186548,1.))
REPRESENTATION_ITEM('')
);
#331=(
BOUNDED_CURVE()
B_SPLINE_CURVE(2,(#1784,#1785,#1786,#1787,#1788,#1789,#1790,#1791,#1792),
 .UNSPECIFIED.,.T.,.F.)
B_SPLINE_CURVE_WITH_KNOTS((3,2,2,2,3),(0.,1.5707963267949,3.14159265358979,
4.71238898038469,6.28318530717959),.UNSPECIFIED.)
CURVE()
GEOMETRIC_REPRESENTATION_ITEM()
RATIONAL_B_SPLINE_CURVE((1.,0.707106781186548,1.,0.707106781186548,1.,0.707106781186548,
1.,0.707106781186548,1.))
REPRESENTATION_ITEM('')
);
#332=(
BOUNDED_CURVE()
B_SPLINE_CURVE(3,(#1793,#1794,#1795,#1796,#1797,#1798,#1799,#1800,#1801,
#1802,#1803,#1804,#1805,#1806,#1807,#1808,#1809,#1810,#1811,#1812),
 .UNSPECIFIED.,.F.,.F.)
B_SPLINE_CURVE_WITH_KNOTS((4,1,1,1,1,1,1,1,1,1,1,1,1,1,1,1,1,4),(0.,5.33398440601718,
8.35937667210771,9.2517159065958,9.86135200056755,10.625172299032,10.7929013764213,
10.9767690432014,11.454798358951,11.7842834162455,12.1988515861052,12.7171046128691,
13.3574400964132,14.1380551431243,15.0769870343376,17.5013903374789,20.7731055977193,
25.0338276103554),.UNSPECIFIED.)
CURVE()
GEOMETRIC_REPRESENTATION_ITEM()
RATIONAL_B_SPLINE_CURVE((1.,0.999999999999999,1.,1.,1.,1.,1.,1.,1.,1.,1.,
1.,1.,0.999999999999999,1.,1.,1.,1.,1.,1.))
REPRESENTATION_ITEM('')
);
#333=(
BOUNDED_CURVE()
B_SPLINE_CURVE(2,(#1813,#1814,#1815),.UNSPECIFIED.,.F.,.F.)
B_SPLINE_CURVE_WITH_KNOTS((3,3),(0.,2.59181393921158),.UNSPECIFIED.)
CURVE()
GEOMETRIC_REPRESENTATION_ITEM()
RATIONAL_B_SPLINE_CURVE((1.,0.707106781186548,1.))
REPRESENTATION_ITEM('')
);
#334=(
BOUNDED_CURVE()
B_SPLINE_CURVE(2,(#1816,#1817,#1818,#1819,#1820,#1821,#1822,#1823,#1824),
 .UNSPECIFIED.,.T.,.F.)
B_SPLINE_CURVE_WITH_KNOTS((3,2,2,2,3),(0.,1.5707963267949,3.14159265358979,
4.71238898038469,6.28318530717959),.UNSPECIFIED.)
CURVE()
GEOMETRIC_REPRESENTATION_ITEM()
RATIONAL_B_SPLINE_CURVE((1.,0.707106781186548,1.,0.707106781186548,1.,0.707106781186548,
1.,0.707106781186548,1.))
REPRESENTATION_ITEM('')
);
#335=(
BOUNDED_CURVE()
B_SPLINE_CURVE(2,(#1825,#1826,#1827),.UNSPECIFIED.,.F.,.F.)
B_SPLINE_CURVE_WITH_KNOTS((3,3),(-4.71238898038469,-3.27355426130984),
 .UNSPECIFIED.)
CURVE()
GEOMETRIC_REPRESENTATION_ITEM()
RATIONAL_B_SPLINE_CURVE((1.,0.752189785701743,1.))
REPRESENTATION_ITEM('')
);
#336=(
BOUNDED_CURVE()
B_SPLINE_CURVE(1,(#1828,#1829),.UNSPECIFIED.,.F.,.F.)
B_SPLINE_CURVE_WITH_KNOTS((2,2),(2.,4.7),.UNSPECIFIED.)
CURVE()
GEOMETRIC_REPRESENTATION_ITEM()
RATIONAL_B_SPLINE_CURVE((1.,1.))
REPRESENTATION_ITEM('')
);
#337=(
BOUNDED_CURVE()
B_SPLINE_CURVE(2,(#1830,#1831,#1832,#1833,#1834,#1835,#1836,#1837,#1838),
 .UNSPECIFIED.,.T.,.F.)
B_SPLINE_CURVE_WITH_KNOTS((3,2,2,2,3),(0.,21.2055880319209,42.4111760638418,
63.6167640957627,84.8223521276835),.UNSPECIFIED.)
CURVE()
GEOMETRIC_REPRESENTATION_ITEM()
RATIONAL_B_SPLINE_CURVE((1.,0.707106781186548,1.,0.707106781186548,1.,0.707106781186548,
1.,0.707106781186548,1.))
REPRESENTATION_ITEM('')
);
#338=(
BOUNDED_CURVE()
B_SPLINE_CURVE(2,(#1839,#1840,#1841),.UNSPECIFIED.,.F.,.F.)
B_SPLINE_CURVE_WITH_KNOTS((3,3),(0.,3.14159265973617),.UNSPECIFIED.)
CURVE()
GEOMETRIC_REPRESENTATION_ITEM()
RATIONAL_B_SPLINE_CURVE((1.,0.707106781186539,1.))
REPRESENTATION_ITEM('')
);
#339=(
BOUNDED_CURVE()
B_SPLINE_CURVE(2,(#1842,#1843,#1844),.UNSPECIFIED.,.F.,.F.)
B_SPLINE_CURVE_WITH_KNOTS((3,3),(0.,15.2271597597124),.UNSPECIFIED.)
CURVE()
GEOMETRIC_REPRESENTATION_ITEM()
RATIONAL_B_SPLINE_CURVE((1.,0.845137920840736,1.))
REPRESENTATION_ITEM('')
);
#340=(
BOUNDED_CURVE()
B_SPLINE_CURVE(2,(#1845,#1846,#1847,#1848,#1849,#1850,#1851,#1852,#1853),
 .UNSPECIFIED.,.T.,.F.)
B_SPLINE_CURVE_WITH_KNOTS((3,2,2,2,3),(0.,21.2055880319209,42.4111760638417,
63.6167640957626,84.8223521276835),.UNSPECIFIED.)
CURVE()
GEOMETRIC_REPRESENTATION_ITEM()
RATIONAL_B_SPLINE_CURVE((1.,0.707106781186548,1.,0.707106781186548,1.,0.707106781186548,
1.,0.707106781186548,1.))
REPRESENTATION_ITEM('')
);
#341=(
BOUNDED_CURVE()
B_SPLINE_CURVE(2,(#1854,#1855,#1856),.UNSPECIFIED.,.F.,.F.)
B_SPLINE_CURVE_WITH_KNOTS((3,3),(0.,3.14159265973616),.UNSPECIFIED.)
CURVE()
GEOMETRIC_REPRESENTATION_ITEM()
RATIONAL_B_SPLINE_CURVE((1.,0.70710678118654,1.))
REPRESENTATION_ITEM('')
);
#342=(
BOUNDED_CURVE()
B_SPLINE_CURVE(2,(#1857,#1858,#1859,#1860,#1861),.UNSPECIFIED.,.F.,.F.)
B_SPLINE_CURVE_WITH_KNOTS((3,2,3),(0.,11.6151469136065,23.230293827213),
 .UNSPECIFIED.)
CURVE()
GEOMETRIC_REPRESENTATION_ITEM()
RATIONAL_B_SPLINE_CURVE((1.,0.908884891894321,1.,0.908884891894321,1.))
REPRESENTATION_ITEM('')
);
#343=(
BOUNDED_CURVE()
B_SPLINE_CURVE(3,(#1862,#1863,#1864,#1865,#1866,#1867,#1868,#1869,#1870,
#1871,#1872,#1873,#1874,#1875,#1876,#1877,#1878,#1879,#1880,#1881,#1882,
#1883,#1884,#1885,#1886,#1887,#1888,#1889,#1890,#1891,#1892,#1893,#1894,
#1895,#1896,#1897,#1898,#1899,#1900,#1901,#1902,#1903,#1904,#1905,#1906,
#1907,#1908,#1909,#1910),.UNSPECIFIED.,.F.,.F.)
B_SPLINE_CURVE_WITH_KNOTS((4,3,3,3,3,3,3,3,3,3,3,3,3,3,3,3,4),(0.,4.56653817785716,
8.07308298379772,10.6714994515898,11.6778238057527,12.5144680182697,13.2007640083786,
13.7562149919181,14.2005390687704,14.5536731358855,15.0660133247154,15.2630782159556,
15.4428461597837,16.2614901697932,16.9148833011605,17.8712707795749,19.0023638736073),
 .UNSPECIFIED.)
CURVE()
GEOMETRIC_REPRESENTATION_ITEM()
RATIONAL_B_SPLINE_CURVE((1.,0.983587089476138,0.967443562584141,0.951564997954562,
0.951564997954562,0.951564997954562,0.951564997954562,0.951564997954562,
0.951564997954562,0.951564997954562,0.951564997954562,0.951564997954563,
0.951564997954562,0.951564997954562,0.951564997954562,0.951564997954562,
0.951564997954562,0.951564997954563,0.951564997954563,0.951564997954563,
0.951564997954562,0.951564997954562,0.951564997954562,0.951564997954562,
0.951564997954562,0.951564997954562,0.951564997954562,0.951564997954562,
0.951564997954562,0.951564997954562,0.951564997954562,0.951564997954562,
0.951564997954562,0.951564997954562,0.951564997954562,0.951564997954562,
0.951564997954562,0.951564997954562,0.951564997954562,0.951564997954562,
0.951564997954563,0.951564997954563,0.951564997954563,0.951564997954563,
0.951564997954562,0.951564997954562,0.967443562584142,0.983587089476139,
1.))
REPRESENTATION_ITEM('')
);
#344=(
BOUNDED_CURVE()
B_SPLINE_CURVE(2,(#1911,#1912,#1913),.UNSPECIFIED.,.F.,.F.)
B_SPLINE_CURVE_WITH_KNOTS((3,3),(-6.15122404847309,-4.71238898038469),
 .UNSPECIFIED.)
CURVE()
GEOMETRIC_REPRESENTATION_ITEM()
RATIONAL_B_SPLINE_CURVE((1.,0.752189670711098,1.))
REPRESENTATION_ITEM('')
);
#345=(
BOUNDED_CURVE()
B_SPLINE_CURVE(2,(#1914,#1915,#1916,#1917,#1918,#1919,#1920,#1921,#1922),
 .UNSPECIFIED.,.F.,.F.)
B_SPLINE_CURVE_WITH_KNOTS((3,2,2,2,3),(19.1807931980624,35.5911829304677,
52.001572662873,68.4119623952783,84.8223521276835),.UNSPECIFIED.)
CURVE()
GEOMETRIC_REPRESENTATION_ITEM()
RATIONAL_B_SPLINE_CURVE((1.,0.820908131158791,1.,0.820908131158791,1.,0.820908131158791,
1.,0.820908131158791,1.))
REPRESENTATION_ITEM('')
);
#346=(
BOUNDED_CURVE()
B_SPLINE_CURVE(2,(#1923,#1924,#1925),.UNSPECIFIED.,.F.,.F.)
B_SPLINE_CURVE_WITH_KNOTS((3,3),(0.,0.35970868031066),.UNSPECIFIED.)
CURVE()
GEOMETRIC_REPRESENTATION_ITEM()
RATIONAL_B_SPLINE_CURVE((1.,0.752189785519655,1.))
REPRESENTATION_ITEM('')
);
#347=(
BOUNDED_CURVE()
B_SPLINE_CURVE(3,(#1926,#1927,#1928,#1929,#1930,#1931,#1932),
 .UNSPECIFIED.,.F.,.F.)
B_SPLINE_CURVE_WITH_KNOTS((4,1,1,1,4),(1.11022302462516E-16,0.975131634566046,
2.02145227278818,2.8095188616206,2.95833328183963),.UNSPECIFIED.)
CURVE()
GEOMETRIC_REPRESENTATION_ITEM()
RATIONAL_B_SPLINE_CURVE((1.,0.999999999999999,1.,1.,1.,1.,1.))
REPRESENTATION_ITEM('')
);
#348=(
BOUNDED_CURVE()
B_SPLINE_CURVE(3,(#1933,#1934,#1935,#1936,#1937,#1938,#1939),
 .UNSPECIFIED.,.F.,.F.)
B_SPLINE_CURVE_WITH_KNOTS((4,1,1,1,4),(0.,0.975131634566047,2.02145227278818,
2.8095188616206,2.95833328183963),.UNSPECIFIED.)
CURVE()
GEOMETRIC_REPRESENTATION_ITEM()
RATIONAL_B_SPLINE_CURVE((1.,0.999999999999999,1.,1.,1.,1.,1.))
REPRESENTATION_ITEM('')
);
#349=(
BOUNDED_CURVE()
B_SPLINE_CURVE(2,(#1940,#1941,#1942),.UNSPECIFIED.,.F.,.F.)
B_SPLINE_CURVE_WITH_KNOTS((3,3),(0.,0.35970868031066),.UNSPECIFIED.)
CURVE()
GEOMETRIC_REPRESENTATION_ITEM()
RATIONAL_B_SPLINE_CURVE((1.,0.752189789441194,1.))
REPRESENTATION_ITEM('')
);
#350=(
BOUNDED_CURVE()
B_SPLINE_CURVE(2,(#1943,#1944,#1945),.UNSPECIFIED.,.F.,.F.)
B_SPLINE_CURVE_WITH_KNOTS((3,3),(0.,0.359751216473707),.UNSPECIFIED.)
CURVE()
GEOMETRIC_REPRESENTATION_ITEM()
RATIONAL_B_SPLINE_CURVE((1.,0.752189720181964,1.))
REPRESENTATION_ITEM('')
);
#351=(
BOUNDED_CURVE()
B_SPLINE_CURVE(3,(#1946,#1947,#1948,#1949,#1950,#1951,#1952,#1953,#1954,
#1955,#1956,#1957,#1958,#1959,#1960,#1961,#1962,#1963,#1964,#1965,#1966,
#1967,#1968,#1969,#1970,#1971,#1972,#1973,#1974,#1975,#1976,#1977,#1978,
#1979,#1980,#1981,#1982,#1983,#1984,#1985,#1986,#1987,#1988,#1989,#1990,
#1991,#1992,#1993,#1994,#1995,#1996,#1997,#1998,#1999,#2000,#2001,#2002,
#2003,#2004,#2005,#2006,#2007,#2008,#2009,#2010,#2011,#2012,#2013,#2014,
#2015,#2016,#2017,#2018,#2019,#2020,#2021,#2022,#2023,#2024,#2025,#2026,
#2027,#2028,#2029,#2030,#2031,#2032,#2033,#2034,#2035,#2036,#2037,#2038,
#2039,#2040,#2041,#2042,#2043,#2044,#2045,#2046,#2047,#2048,#2049,#2050,
#2051,#2052,#2053,#2054,#2055,#2056,#2057,#2058,#2059,#2060,#2061,#2062,
#2063,#2064,#2065,#2066,#2067,#2068,#2069),.UNSPECIFIED.,.F.,.F.)
B_SPLINE_CURVE_WITH_KNOTS((4,3,3,3,3,3,3,3,3,3,3,3,3,3,3,3,3,3,3,3,3,3,
3,3,3,3,3,3,3,3,3,3,3,3,3,3,3,3,3,3,3,4),(-0.0374706642901297,3.43611809016389,
4.57020019274298,4.58360666113103,4.59701312951907,4.59979437571892,4.60257562191877,
4.60550348633171,4.60770455217817,4.61118152892142,4.61292001729304,4.61465850566467,
4.61667045919224,4.61868241271981,4.6191274626908,4.61957251266178,4.62084296423621,
4.62211341581065,4.62704694909781,4.63198048238498,4.64184754895932,4.680106810662,
4.71836607236467,4.75662533406735,4.79488459577003,4.92522584806194,5.05556710035386,
5.15596449551671,5.25636189067956,5.35675928584241,5.45715668100526,5.77613989887875,
6.09512311675224,6.41410633462573,6.73308955249922,6.9582496981177,7.18340984373618,
7.40856998935466,7.63373013497314,9.90940363063146,13.7423857323136,17.5753678339958),
 .UNSPECIFIED.)
CURVE()
GEOMETRIC_REPRESENTATION_ITEM()
RATIONAL_B_SPLINE_CURVE((1.,1.,0.999999999999999,0.999999999999999,0.999999999999999,
0.999999999999999,0.999999999999998,0.999999999999998,0.999999999999998,
0.999999999999999,1.,1.,1.,1.,1.,1.,1.,1.,1.,1.,1.,1.,1.,1.,1.,1.,1.,1.,
1.,1.,1.,1.,1.,1.,1.,1.,1.,1.,1.,1.,1.,1.,1.,1.,1.,1.,1.,1.,1.,0.999999999999999,
0.999999999999999,0.999999999999999,0.999999999999999,0.999999999999999,
1.,1.,1.,1.,1.,1.,1.,0.999999999999999,0.999999999999999,0.999999999999999,
1.,1.,1.,1.,0.999999999999999,0.999999999999999,0.999999999999999,0.999999999999999,
0.999999999999999,1.,1.,1.,1.,0.999999999999999,1.,1.,1.,1.,1.,1.,1.,1.,
1.,1.,1.,1.,1.,1.,1.,1.,1.,1.,1.,1.,1.,1.,1.,0.999999999999998,0.999999999999999,
1.,1.,1.,1.,1.,0.999999999999999,0.999999999999999,1.,1.,1.,1.,1.,1.,1.,
1.,0.999999999999999,0.999999999999999,0.999999999999999,0.999999999999999,
1.,1.))
REPRESENTATION_ITEM('')
);
#352=(
BOUNDED_CURVE()
B_SPLINE_CURVE(3,(#2070,#2071,#2072,#2073,#2074,#2075,#2076,#2077,#2078,
#2079,#2080,#2081,#2082,#2083,#2084,#2085,#2086,#2087,#2088,#2089,#2090,
#2091,#2092,#2093,#2094,#2095,#2096,#2097,#2098,#2099,#2100,#2101,#2102,
#2103,#2104,#2105,#2106,#2107,#2108,#2109,#2110,#2111,#2112,#2113,#2114,
#2115,#2116,#2117,#2118,#2119,#2120,#2121,#2122,#2123,#2124,#2125,#2126,
#2127,#2128,#2129,#2130,#2131,#2132,#2133,#2134,#2135,#2136,#2137,#2138,
#2139,#2140,#2141,#2142,#2143,#2144,#2145,#2146,#2147,#2148,#2149,#2150,
#2151,#2152,#2153,#2154,#2155,#2156,#2157,#2158,#2159,#2160,#2161,#2162,
#2163,#2164,#2165,#2166,#2167,#2168,#2169,#2170,#2171,#2172,#2173,#2174,
#2175,#2176,#2177,#2178,#2179,#2180,#2181,#2182,#2183,#2184,#2185,#2186,
#2187,#2188,#2189,#2190,#2191,#2192,#2193),.UNSPECIFIED.,.F.,.F.)
B_SPLINE_CURVE_WITH_KNOTS((4,3,3,3,3,3,3,3,3,3,3,3,3,3,3,3,3,3,3,3,3,3,
3,3,3,3,3,3,3,3,3,3,3,3,3,3,3,3,3,3,3,4),(-0.0374706642901264,3.43611809016389,
4.57020019274298,4.58360666113103,4.59701312951908,4.59979437571892,4.60257562191877,
4.60550348633171,4.60770455217817,4.61118152892142,4.61292001729304,4.61465850566467,
4.61667045919224,4.61868241271981,4.6191274626908,4.61957251266179,4.62084296423622,
4.62211341581065,4.62704694909782,4.63198048238499,4.64184754895932,4.680106810662,
4.71836607236468,4.75662533406735,4.79488459577003,4.92522584806194,5.05556710035386,
5.15596449551671,5.25636189067956,5.35675928584241,5.45715668100527,5.77613989887875,
6.09512311675224,6.41410633462573,6.73308955249922,6.9582496981177,7.18340984373618,
7.40856998935466,7.63373013497314,9.90940363063146,13.7423857323136,17.5753678339958),
 .UNSPECIFIED.)
CURVE()
GEOMETRIC_REPRESENTATION_ITEM()
RATIONAL_B_SPLINE_CURVE((1.,1.,0.999999999999998,0.999999999999999,0.999999999999999,
0.999999999999999,0.999999999999998,0.999999999999998,0.999999999999998,
0.999999999999999,1.,1.,1.,1.,1.,1.,1.,1.,1.,1.,1.,1.,1.,1.,1.,1.,1.,1.,
1.,1.,1.,1.,1.,1.,1.,1.,1.,1.,1.,1.,1.,0.999999999999999,1.,1.,1.,1.,1.,
1.,1.,0.999999999999999,0.999999999999999,0.999999999999999,0.999999999999999,
0.999999999999999,1.,1.,1.,1.,1.,1.,1.,0.999999999999999,0.999999999999999,
0.999999999999999,1.,1.,1.,1.,0.999999999999999,0.999999999999999,0.999999999999999,
0.999999999999999,0.999999999999999,1.,1.,1.,1.,0.999999999999999,1.,1.,
1.,1.,1.,1.,1.,1.,1.,1.,1.,1.,1.,1.,1.,1.,1.,1.,1.,1.,1.,1.,1.,0.999999999999998,
0.999999999999999,1.,1.,1.,1.,1.,0.999999999999999,0.999999999999999,1.,
1.,1.,1.,1.,1.,1.,1.,0.999999999999999,0.999999999999999,0.999999999999999,
0.999999999999999,1.,1.))
REPRESENTATION_ITEM('')
);
#353=(
BOUNDED_CURVE()
B_SPLINE_CURVE(2,(#2194,#2195,#2196),.UNSPECIFIED.,.F.,.F.)
B_SPLINE_CURVE_WITH_KNOTS((3,3),(0.,0.359751216473707),.UNSPECIFIED.)
CURVE()
GEOMETRIC_REPRESENTATION_ITEM()
RATIONAL_B_SPLINE_CURVE((1.,0.752189785542097,1.))
REPRESENTATION_ITEM('')
);
#354=(
BOUNDED_CURVE()
B_SPLINE_CURVE(3,(#2197,#2198,#2199,#2200,#2201,#2202,#2203,#2204,#2205,
#2206,#2207,#2208,#2209,#2210,#2211,#2212,#2213,#2214,#2215,#2216,#2217,
#2218,#2219,#2220,#2221,#2222,#2223,#2224,#2225,#2226,#2227,#2228,#2229,
#2230,#2231,#2232,#2233,#2234,#2235,#2236,#2237,#2238,#2239,#2240,#2241,
#2242,#2243,#2244,#2245,#2246,#2247,#2248,#2249,#2250,#2251,#2252,#2253,
#2254),.UNSPECIFIED.,.F.,.F.)
B_SPLINE_CURVE_WITH_KNOTS((4,3,3,3,3,3,3,3,3,3,3,3,3,3,3,3,3,3,3,4),(0.,
8.0859575900795,10.3819354376054,11.3996551647252,12.982945331834,13.6097616230338,
13.8863835760921,14.1630055291504,14.6004335978866,15.0378616666227,15.152398021657,
15.2669343766914,15.3814707317258,15.4960070867601,15.762749350725,16.0294916146899,
16.5629761426197,17.512365766531,18.4617553904423,19.0023638736073),
 .UNSPECIFIED.)
CURVE()
GEOMETRIC_REPRESENTATION_ITEM()
RATIONAL_B_SPLINE_CURVE((1.,1.,1.,1.,1.,1.00000000000001,1.00000000000001,
1.,1.,1.,1.,0.999999999999998,0.999999999999999,0.999999999999999,1.,0.999999999999999,
0.999999999999999,0.999999999999998,0.999999999999998,0.999999999999999,
1.,1.,1.,0.999999999999999,0.999999999999999,0.999999999999999,1.,1.,1.,
1.,1.,0.999999999999999,0.999999999999999,0.999999999999999,0.999999999999999,
1.,1.,1.,1.,0.999999999999999,0.999999999999999,1.,1.,1.,1.,1.,0.999999999999999,
0.999999999999999,0.999999999999999,1.,0.999999999999999,1.,1.,1.,1.,1.,
1.,1.))
REPRESENTATION_ITEM('')
);
#355=(
BOUNDED_CURVE()
B_SPLINE_CURVE(3,(#2255,#2256,#2257,#2258,#2259,#2260,#2261,#2262,#2263,
#2264,#2265,#2266,#2267,#2268,#2269,#2270,#2271),.UNSPECIFIED.,.F.,.F.)
B_SPLINE_CURVE_WITH_KNOTS((4,1,1,1,1,1,1,1,1,1,1,1,1,1,4),(0.0374844003645736,
0.913689214059094,1.68434066297348,2.3589653149179,2.83406546752182,3.25441053332106,
3.99535993489937,4.68999817852158,5.41217999960813,6.14364792401883,6.70675582099709,
7.15347897969214,7.81920068932642,8.49880986593974,9.38596255836126),
 .UNSPECIFIED.)
CURVE()
GEOMETRIC_REPRESENTATION_ITEM()
RATIONAL_B_SPLINE_CURVE((1.,1.,0.999999999999998,1.,1.,1.,1.,0.999999999999999,
0.999999999999997,1.,0.999999999999997,1.,0.999999999999999,1.,0.999999999999998,
0.999999999999999,1.))
REPRESENTATION_ITEM('')
);
#356=(
BOUNDED_CURVE()
B_SPLINE_CURVE(3,(#2272,#2273,#2274,#2275,#2276,#2277,#2278,#2279,#2280,
#2281,#2282,#2283,#2284,#2285,#2286,#2287,#2288),.UNSPECIFIED.,.F.,.F.)
B_SPLINE_CURVE_WITH_KNOTS((4,1,1,1,1,1,1,1,1,1,1,1,1,1,4),(0.0374844003645733,
0.913689214059095,1.68434066297348,2.35896531491791,2.83406546752182,3.25441053332107,
3.99535993489938,4.68999817852158,5.41217999960813,6.14364792401883,6.70675582099709,
7.15347897969214,7.81920068932642,8.49880986593974,9.38596255836126),
 .UNSPECIFIED.)
CURVE()
GEOMETRIC_REPRESENTATION_ITEM()
RATIONAL_B_SPLINE_CURVE((1.,1.,0.999999999999998,1.,1.,1.,1.,0.999999999999999,
0.999999999999997,1.,0.999999999999997,1.,0.999999999999999,1.,0.999999999999998,
0.999999999999999,1.))
REPRESENTATION_ITEM('')
);
#357=(
BOUNDED_CURVE()
B_SPLINE_CURVE(2,(#2289,#2290,#2291),.UNSPECIFIED.,.F.,.F.)
B_SPLINE_CURVE_WITH_KNOTS((3,3),(0.,0.481099195810858),.UNSPECIFIED.)
CURVE()
GEOMETRIC_REPRESENTATION_ITEM()
RATIONAL_B_SPLINE_CURVE((1.,0.752189943703048,1.))
REPRESENTATION_ITEM('')
);
#358=(
BOUNDED_CURVE()
B_SPLINE_CURVE(3,(#2292,#2293,#2294,#2295,#2296,#2297,#2298),
 .UNSPECIFIED.,.F.,.F.)
B_SPLINE_CURVE_WITH_KNOTS((4,1,1,1,4),(0.,0.148814420219025,0.936881009051441,
1.98320164727358,2.95833328182421),.UNSPECIFIED.)
CURVE()
GEOMETRIC_REPRESENTATION_ITEM()
RATIONAL_B_SPLINE_CURVE((1.,1.,0.999999999999998,1.,1.,0.999999999999999,
1.))
REPRESENTATION_ITEM('')
);
#359=(
BOUNDED_CURVE()
B_SPLINE_CURVE(3,(#2299,#2300,#2301,#2302,#2303,#2304,#2305),
 .UNSPECIFIED.,.F.,.F.)
B_SPLINE_CURVE_WITH_KNOTS((4,1,1,1,4),(0.,0.148814420219026,0.936881009051441,
1.98320164727358,2.95833328182421),.UNSPECIFIED.)
CURVE()
GEOMETRIC_REPRESENTATION_ITEM()
RATIONAL_B_SPLINE_CURVE((1.,1.,0.999999999999998,1.,1.,0.999999999999999,
1.))
REPRESENTATION_ITEM('')
);
#360=(
BOUNDED_CURVE()
B_SPLINE_CURVE(2,(#2306,#2307,#2308,#2309,#2310),.UNSPECIFIED.,.F.,.F.)
B_SPLINE_CURVE_WITH_KNOTS((3,2,3),(-3.00963169752921,-1.57079681728973,
-0.131961937050245),.UNSPECIFIED.)
CURVE()
GEOMETRIC_REPRESENTATION_ITEM()
RATIONAL_B_SPLINE_CURVE((1.,0.752189732468787,1.,0.752189732468787,1.))
REPRESENTATION_ITEM('')
);
#361=(
BOUNDED_CURVE()
B_SPLINE_CURVE(2,(#2311,#2312,#2313,#2314,#2315,#2316,#2317,#2318,#2319),
 .UNSPECIFIED.,.F.,.F.)
B_SPLINE_CURVE_WITH_KNOTS((3,2,2,2,3),(27.1840330194225,41.5936127964877,
56.003192573553,70.4127723506182,84.8223521276835),.UNSPECIFIED.)
CURVE()
GEOMETRIC_REPRESENTATION_ITEM()
RATIONAL_B_SPLINE_CURVE((1.,0.860934650009226,1.,0.860934650009226,1.,0.860934650009226,
1.,0.860934650009226,1.))
REPRESENTATION_ITEM('')
);
#362=(
BOUNDED_CURVE()
B_SPLINE_CURVE(2,(#2320,#2321,#2322),.UNSPECIFIED.,.F.,.F.)
B_SPLINE_CURVE_WITH_KNOTS((3,3),(0.,0.359708679913236),.UNSPECIFIED.)
CURVE()
GEOMETRIC_REPRESENTATION_ITEM()
RATIONAL_B_SPLINE_CURVE((1.,0.752189785540579,1.))
REPRESENTATION_ITEM('')
);
#363=(
BOUNDED_CURVE()
B_SPLINE_CURVE(3,(#2323,#2324,#2325,#2326,#2327,#2328),.UNSPECIFIED.,.F.,
 .F.)
B_SPLINE_CURVE_WITH_KNOTS((4,1,1,4),(0.,1.47935577006773,2.81351573975209,
2.95871258495095),.UNSPECIFIED.)
CURVE()
GEOMETRIC_REPRESENTATION_ITEM()
RATIONAL_B_SPLINE_CURVE((1.,1.,1.,1.,1.,1.))
REPRESENTATION_ITEM('')
);
#364=(
BOUNDED_CURVE()
B_SPLINE_CURVE(3,(#2329,#2330,#2331,#2332,#2333,#2334),.UNSPECIFIED.,.F.,
 .F.)
B_SPLINE_CURVE_WITH_KNOTS((4,1,1,4),(0.,1.47935577006773,2.81351573975209,
2.95871258495095),.UNSPECIFIED.)
CURVE()
GEOMETRIC_REPRESENTATION_ITEM()
RATIONAL_B_SPLINE_CURVE((1.,1.,1.,1.,1.,1.))
REPRESENTATION_ITEM('')
);
#365=(
BOUNDED_CURVE()
B_SPLINE_CURVE(2,(#2335,#2336,#2337),.UNSPECIFIED.,.F.,.F.)
B_SPLINE_CURVE_WITH_KNOTS((3,3),(0.,0.359708679913236),.UNSPECIFIED.)
CURVE()
GEOMETRIC_REPRESENTATION_ITEM()
RATIONAL_B_SPLINE_CURVE((1.,0.752189785540571,1.))
REPRESENTATION_ITEM('')
);
#366=(
BOUNDED_CURVE()
B_SPLINE_CURVE(2,(#2338,#2339,#2340),.UNSPECIFIED.,.F.,.F.)
B_SPLINE_CURVE_WITH_KNOTS((3,3),(0.,0.359719830031816),.UNSPECIFIED.)
CURVE()
GEOMETRIC_REPRESENTATION_ITEM()
RATIONAL_B_SPLINE_CURVE((1.,0.752188940937531,1.))
REPRESENTATION_ITEM('')
);
#367=(
BOUNDED_CURVE()
B_SPLINE_CURVE(3,(#2341,#2342,#2343,#2344,#2345,#2346,#2347,#2348,#2349,
#2350,#2351,#2352,#2353,#2354,#2355,#2356,#2357,#2358,#2359,#2360,#2361,
#2362,#2363,#2364,#2365,#2366,#2367,#2368,#2369,#2370,#2371,#2372,#2373,
#2374,#2375,#2376,#2377,#2378,#2379,#2380,#2381,#2382,#2383,#2384,#2385,
#2386,#2387,#2388,#2389,#2390,#2391,#2392,#2393,#2394,#2395,#2396,#2397,
#2398,#2399,#2400,#2401),.UNSPECIFIED.,.F.,.F.)
B_SPLINE_CURVE_WITH_KNOTS((4,3,3,3,3,3,3,3,3,3,3,3,3,3,3,3,3,3,3,3,4),(0.108330448331165,
0.64892680941249,2.54770605723508,3.08119058516487,3.34793284912976,3.61467511309466,
3.72921146812902,3.84374782316338,3.95828417819775,4.07282053323211,4.51024860196822,
4.94767667070433,5.22429862376269,5.50092057682104,6.12773686802078,6.91938195157521,
7.71102703512963,9.36787582245247,11.0247246097753,15.067703404815,19.1106821998548),
 .UNSPECIFIED.)
CURVE()
GEOMETRIC_REPRESENTATION_ITEM()
RATIONAL_B_SPLINE_CURVE((1.,1.,1.,1.,1.,1.,1.,1.,1.,1.,1.,1.,1.,1.,1.,1.,
1.,1.,1.,1.,0.999999999999999,0.999999999999999,0.999999999999999,0.999999999999999,
1.,1.,1.,1.,1.,1.,1.,0.999999999999999,0.999999999999998,0.999999999999998,
0.999999999999998,0.999999999999999,1.,1.,1.,1.,1.,1.,1.,1.,1.,1.,1.,1.,
1.,1.,1.,1.,1.,1.,0.999999999999999,0.999999999999999,0.999999999999999,
1.,1.,1.,1.))
REPRESENTATION_ITEM('')
);
#368=(
BOUNDED_CURVE()
B_SPLINE_CURVE(3,(#2402,#2403,#2404,#2405,#2406,#2407,#2408,#2409,#2410,
#2411,#2412,#2413,#2414,#2415,#2416,#2417,#2418,#2419,#2420,#2421,#2422,
#2423,#2424,#2425,#2426,#2427,#2428,#2429,#2430,#2431,#2432,#2433,#2434,
#2435,#2436,#2437,#2438,#2439,#2440,#2441,#2442,#2443,#2444,#2445,#2446,
#2447,#2448,#2449,#2450,#2451,#2452,#2453,#2454,#2455,#2456,#2457,#2458,
#2459,#2460,#2461,#2462),.UNSPECIFIED.,.F.,.F.)
B_SPLINE_CURVE_WITH_KNOTS((4,3,3,3,3,3,3,3,3,3,3,3,3,3,3,3,3,3,3,3,4),(0.108330448331166,
0.64892680941249,2.54770605723508,3.08119058516487,3.34793284912976,3.61467511309466,
3.72921146812902,3.84374782316338,3.95828417819775,4.07282053323211,4.51024860196822,
4.94767667070433,5.22429862376269,5.50092057682104,6.12773686802078,6.91938195157521,
7.71102703512963,9.36787582245247,11.0247246097753,15.067703404815,19.1106821998548),
 .UNSPECIFIED.)
CURVE()
GEOMETRIC_REPRESENTATION_ITEM()
RATIONAL_B_SPLINE_CURVE((1.,1.,1.,1.,1.,1.,1.,1.,1.,1.,1.,1.,1.,1.,1.,1.,
1.,1.,1.,1.,0.999999999999999,0.999999999999999,0.999999999999999,0.999999999999999,
1.,1.,1.,1.,1.,1.,1.,0.999999999999999,0.999999999999998,0.999999999999998,
0.999999999999998,0.999999999999999,1.,1.,1.,1.,1.,1.,1.,1.,1.,1.,1.,1.,
1.,1.,1.,1.,1.,1.,0.999999999999999,0.999999999999999,0.999999999999999,
1.,1.,1.,1.))
REPRESENTATION_ITEM('')
);
#369=(
BOUNDED_CURVE()
B_SPLINE_CURVE(2,(#2463,#2464,#2465),.UNSPECIFIED.,.F.,.F.)
B_SPLINE_CURVE_WITH_KNOTS((3,3),(0.,0.359719830031816),.UNSPECIFIED.)
CURVE()
GEOMETRIC_REPRESENTATION_ITEM()
RATIONAL_B_SPLINE_CURVE((1.,0.752189785523001,1.))
REPRESENTATION_ITEM('')
);
#370=(
BOUNDED_CURVE()
B_SPLINE_CURVE(3,(#2466,#2467,#2468,#2469,#2470,#2471,#2472,#2473,#2474,
#2475,#2476,#2477,#2478,#2479,#2480,#2481,#2482,#2483,#2484,#2485,#2486,
#2487,#2488,#2489,#2490,#2491,#2492,#2493,#2494,#2495,#2496,#2497,#2498,
#2499,#2500,#2501,#2502,#2503,#2504,#2505,#2506,#2507,#2508,#2509,#2510,
#2511,#2512,#2513,#2514,#2515,#2516,#2517,#2518,#2519,#2520,#2521,#2522,
#2523,#2524,#2525,#2526,#2527,#2528,#2529,#2530,#2531,#2532),
 .UNSPECIFIED.,.F.,.F.)
B_SPLINE_CURVE_WITH_KNOTS((4,3,3,3,3,3,3,3,3,3,3,3,3,3,3,3,3,3,3,3,3,3,
4),(0.,7.66596420336432,9.94163769902264,10.8422782814966,12.1182111529905,
12.5198007336419,12.7790642650413,12.8555384720281,12.9320126790149,12.9401373242017,
12.9482619693886,12.9563866145755,12.9645112597624,12.974526571092,12.9845418824217,
12.9945571937513,13.004572505081,13.2880930307258,13.5716135563705,14.1386546076601,
15.3133236742801,16.4879927409002,17.6122534590286),.UNSPECIFIED.)
CURVE()
GEOMETRIC_REPRESENTATION_ITEM()
RATIONAL_B_SPLINE_CURVE((1.,0.999999999999998,1.,1.,1.,1.,1.,1.,1.,1.,1.,
1.,1.,1.,1.,1.,1.,1.,1.,1.,1.,1.,1.,1.,1.,1.,0.999999999999999,0.999999999999999,
1.,1.,1.,1.,1.,1.,1.,1.,1.,1.,1.,1.,1.,1.,1.,1.,1.,0.999999999999999,0.999999999999999,
0.999999999999999,0.999999999999999,1.,1.,1.,1.,1.,1.,0.999999999999999,
1.,1.,1.,0.999999999999999,0.999999999999999,0.999999999999999,1.,1.,1.,
1.,1.))
REPRESENTATION_ITEM('')
);
#371=(
BOUNDED_CURVE()
B_SPLINE_CURVE(3,(#2533,#2534,#2535,#2536,#2537,#2538,#2539,#2540,#2541,
#2542,#2543,#2544,#2545,#2546,#2547,#2548,#2549,#2550,#2551,#2552,#2553,
#2554,#2555,#2556,#2557,#2558,#2559,#2560,#2561,#2562,#2563,#2564,#2565,
#2566,#2567,#2568,#2569,#2570,#2571,#2572,#2573,#2574,#2575,#2576,#2577,
#2578,#2579,#2580,#2581,#2582,#2583,#2584,#2585,#2586,#2587,#2588,#2589,
#2590,#2591,#2592,#2593,#2594,#2595,#2596,#2597,#2598,#2599),
 .UNSPECIFIED.,.F.,.F.)
B_SPLINE_CURVE_WITH_KNOTS((4,3,3,3,3,3,3,3,3,3,3,3,3,3,3,3,3,3,3,3,3,3,
4),(0.,7.66596420336432,9.94163769902264,10.8422782814966,12.1182111529905,
12.5198007336419,12.7790642650413,12.8555384720281,12.9320126790149,12.9401373242017,
12.9482619693886,12.9563866145755,12.9645112597624,12.974526571092,12.9845418824217,
12.9945571937513,13.004572505081,13.2880930307258,13.5716135563705,14.1386546076601,
15.3133236742801,16.4879927409002,17.6122534590286),.UNSPECIFIED.)
CURVE()
GEOMETRIC_REPRESENTATION_ITEM()
RATIONAL_B_SPLINE_CURVE((1.,0.999999999999998,1.,1.,1.,1.,1.,1.,1.,1.,1.,
1.,1.,1.,1.,1.,1.,1.,1.,1.,1.,1.,1.,1.,1.,1.,0.999999999999999,0.999999999999999,
1.,1.,1.,1.,1.,1.,1.,1.,1.,1.,1.,1.,1.,1.,1.,1.,1.,0.999999999999999,0.999999999999999,
0.999999999999999,0.999999999999999,1.,1.,1.,1.,1.,1.,0.999999999999999,
1.,1.,1.,0.999999999999999,0.999999999999999,0.999999999999999,1.,1.,1.,
1.,1.))
REPRESENTATION_ITEM('')
);
#372=(
BOUNDED_CURVE()
B_SPLINE_CURVE(2,(#2600,#2601,#2602),.UNSPECIFIED.,.F.,.F.)
B_SPLINE_CURVE_WITH_KNOTS((3,3),(0.,0.359751067374597),.UNSPECIFIED.)
CURVE()
GEOMETRIC_REPRESENTATION_ITEM()
RATIONAL_B_SPLINE_CURVE((1.,0.752189855026958,1.))
REPRESENTATION_ITEM('')
);
#373=(
BOUNDED_CURVE()
B_SPLINE_CURVE(3,(#2603,#2604,#2605,#2606,#2607,#2608,#2609,#2610,#2611,
#2612,#2613,#2614),.UNSPECIFIED.,.F.,.F.)
B_SPLINE_CURVE_WITH_KNOTS((4,1,1,1,1,1,1,1,1,4),(-0.108342088669017,0.797561203988183,
1.48107323121102,2.16458525843386,2.64073269180169,2.94258857813884,3.24444446447599,
3.61627979996853,3.98811513546108,4.73822471750165),.UNSPECIFIED.)
CURVE()
GEOMETRIC_REPRESENTATION_ITEM()
RATIONAL_B_SPLINE_CURVE((1.,1.,1.,1.,1.,0.999999999999999,1.,0.999999999999998,
1.,1.,1.,1.))
REPRESENTATION_ITEM('')
);
#374=(
BOUNDED_CURVE()
B_SPLINE_CURVE(3,(#2615,#2616,#2617,#2618,#2619,#2620,#2621,#2622,#2623,
#2624,#2625,#2626),.UNSPECIFIED.,.F.,.F.)
B_SPLINE_CURVE_WITH_KNOTS((4,1,1,1,1,1,1,1,1,4),(-0.108342088669017,0.797561203988183,
1.48107323121102,2.16458525843386,2.64073269180169,2.94258857813884,3.24444446447599,
3.61627979996853,3.98811513546108,4.73822471750165),.UNSPECIFIED.)
CURVE()
GEOMETRIC_REPRESENTATION_ITEM()
RATIONAL_B_SPLINE_CURVE((1.,1.,1.,1.,1.,0.999999999999999,1.,0.999999999999998,
1.,1.,1.,1.))
REPRESENTATION_ITEM('')
);
#375=(
BOUNDED_CURVE()
B_SPLINE_CURVE(3,(#2627,#2628,#2629,#2630,#2631,#2632,#2633,#2634,#2635,
#2636),.UNSPECIFIED.,.F.,.F.)
B_SPLINE_CURVE_WITH_KNOTS((4,1,1,1,1,1,1,4),(0.072614230365412,0.737051387948694,
1.46758965719681,1.89789631547759,2.36183309653519,2.96612446454363,3.72247322490626,
4.57452553568193),.UNSPECIFIED.)
CURVE()
GEOMETRIC_REPRESENTATION_ITEM()
RATIONAL_B_SPLINE_CURVE((1.,1.,0.999999999999997,1.,0.999999999999997,0.999999999999999,
1.,1.,1.,1.))
REPRESENTATION_ITEM('')
);
#376=(
BOUNDED_CURVE()
B_SPLINE_CURVE(3,(#2637,#2638,#2639,#2640,#2641,#2642,#2643,#2644,#2645,
#2646),.UNSPECIFIED.,.F.,.F.)
B_SPLINE_CURVE_WITH_KNOTS((4,1,1,1,1,1,1,4),(0.072614230365412,0.737051387948694,
1.46758965719681,1.89789631547759,2.36183309653519,2.96612446454363,3.72247322490626,
4.57452553568193),.UNSPECIFIED.)
CURVE()
GEOMETRIC_REPRESENTATION_ITEM()
RATIONAL_B_SPLINE_CURVE((1.,1.,0.999999999999997,1.,0.999999999999997,0.999999999999999,
1.,1.,1.,1.))
REPRESENTATION_ITEM('')
);
#377=(
BOUNDED_CURVE()
B_SPLINE_CURVE(2,(#2647,#2648,#2649),.UNSPECIFIED.,.F.,.F.)
B_SPLINE_CURVE_WITH_KNOTS((3,3),(0.,0.481099195840009),.UNSPECIFIED.)
CURVE()
GEOMETRIC_REPRESENTATION_ITEM()
RATIONAL_B_SPLINE_CURVE((1.,0.691214711777763,1.))
REPRESENTATION_ITEM('')
);
#378=(
BOUNDED_CURVE()
B_SPLINE_CURVE(3,(#2650,#2651,#2652,#2653,#2654,#2655),.UNSPECIFIED.,.F.,
 .F.)
B_SPLINE_CURVE_WITH_KNOTS((4,1,1,4),(0.,0.145196845198861,1.47935681488322,
2.95871258498163),.UNSPECIFIED.)
CURVE()
GEOMETRIC_REPRESENTATION_ITEM()
RATIONAL_B_SPLINE_CURVE((1.,0.999999999999999,1.,1.,0.999999999999999,1.))
REPRESENTATION_ITEM('')
);
#379=(
BOUNDED_CURVE()
B_SPLINE_CURVE(3,(#2656,#2657,#2658,#2659,#2660,#2661),.UNSPECIFIED.,.F.,
 .F.)
B_SPLINE_CURVE_WITH_KNOTS((4,1,1,4),(0.,0.145196845198861,1.47935681488322,
2.95871258498163),.UNSPECIFIED.)
CURVE()
GEOMETRIC_REPRESENTATION_ITEM()
RATIONAL_B_SPLINE_CURVE((1.,0.999999999999999,1.,1.,0.999999999999999,1.))
REPRESENTATION_ITEM('')
);
#380=VERTEX_POINT('',#532);
#381=VERTEX_POINT('',#533);
#382=VERTEX_POINT('',#534);
#383=VERTEX_POINT('',#614);
#384=VERTEX_POINT('',#615);
#385=VERTEX_POINT('',#616);
#386=VERTEX_POINT('',#1746);
#387=VERTEX_POINT('',#1747);
#388=VERTEX_POINT('',#1748);
#389=VERTEX_POINT('',#1749);
#390=VERTEX_POINT('',#1750);
#391=VERTEX_POINT('',#1751);
#392=VERTEX_POINT('',#1752);
#393=VERTEX_POINT('',#1753);
#394=VERTEX_POINT('',#1754);
#395=VERTEX_POINT('',#1755);
#396=VERTEX_POINT('',#1756);
#397=VERTEX_POINT('',#1757);
#398=VERTEX_POINT('',#1758);
#399=VERTEX_POINT('',#1759);
#400=VERTEX_POINT('',#1760);
#401=VERTEX_POINT('',#1761);
#402=VERTEX_POINT('',#1762);
#403=VERTEX_POINT('',#1763);
#404=VERTEX_POINT('',#1764);
#405=VERTEX_POINT('',#1765);
#406=VERTEX_POINT('',#1766);
#407=VERTEX_POINT('',#1767);
#408=VERTEX_POINT('',#1768);
#409=VERTEX_POINT('',#1769);
#410=VERTEX_POINT('',#1770);
#411=VERTEX_POINT('',#1771);
#412=VERTEX_POINT('',#1772);
#413=VERTEX_POINT('',#1773);
#414=VERTEX_POINT('',#1774);
#415=VERTEX_POINT('',#1775);
#416=VERTEX_POINT('',#1776);
#417=PLANE('',#467);
#418=PLANE('',#468);
#419=PLANE('',#469);
#420=PLANE('',#470);
#421=PLANE('',#471);
#422=PLANE('',#472);
#423=(
BOUNDED_SURFACE()
B_SPLINE_SURFACE(1,2,((#485,#486,#487,#488,#489,#490,#491,#492,#493),(#494,
#495,#496,#497,#498,#499,#500,#501,#502)),.UNSPECIFIED.,.F.,.F.,.F.)
B_SPLINE_SURFACE_WITH_KNOTS((2,2),(3,2,2,2,3),(0.,38.),(0.,0.785398163397448,
1.5707963267949,2.35619449019234,3.14159265358979),.UNSPECIFIED.)
GEOMETRIC_REPRESENTATION_ITEM()
RATIONAL_B_SPLINE_SURFACE(((1.,0.707106781186548,1.,0.707106781186548,1.,
0.707106781186548,1.,0.707106781186548,1.),(1.,0.707106781186548,1.,0.707106781186548,
1.,0.707106781186548,1.,0.707106781186548,1.)))
REPRESENTATION_ITEM('')
SURFACE()
);
#424=(
BOUNDED_SURFACE()
B_SPLINE_SURFACE(2,2,((#505,#506,#507),(#508,#509,#510),(#511,#512,#513),
(#514,#515,#516),(#517,#518,#519),(#520,#521,#522),(#523,#524,#525),(#526,
#527,#528),(#529,#530,#531)),.UNSPECIFIED.,.T.,.F.,.F.)
B_SPLINE_SURFACE_WITH_KNOTS((3,2,2,2,3),(3,3),(0.,0.392689160953132,0.785378321906264,
1.1780674828594,1.57075664381253),(0.,0.392699087273318),.UNSPECIFIED.)
GEOMETRIC_REPRESENTATION_ITEM()
RATIONAL_B_SPLINE_SURFACE(((1.,0.707106781186553,1.),(0.707106781186548,
0.500000000000004,0.707106781186548),(1.,0.707106781186553,1.),(0.707106781186548,
0.500000000000004,0.707106781186548),(1.,0.707106781186553,1.),(0.707106781186548,
0.500000000000004,0.707106781186548),(1.,0.707106781186553,1.),(0.707106781186548,
0.500000000000004,0.707106781186548),(1.,0.707106781186553,1.)))
REPRESENTATION_ITEM('')
SURFACE()
);
#425=(
BOUNDED_SURFACE()
B_SPLINE_SURFACE(1,2,((#567,#568,#569,#570,#571,#572,#573,#574,#575),(#576,
#577,#578,#579,#580,#581,#582,#583,#584)),.UNSPECIFIED.,.F.,.F.,.F.)
B_SPLINE_SURFACE_WITH_KNOTS((2,2),(3,2,2,2,3),(0.,38.),(0.,0.785398163397448,
1.5707963267949,2.35619449019234,3.14159265358979),.UNSPECIFIED.)
GEOMETRIC_REPRESENTATION_ITEM()
RATIONAL_B_SPLINE_SURFACE(((1.,0.707106781186548,1.,0.707106781186548,1.,
0.707106781186548,1.,0.707106781186548,1.),(1.,0.707106781186548,1.,0.707106781186548,
1.,0.707106781186548,1.,0.707106781186548,1.)))
REPRESENTATION_ITEM('')
SURFACE()
);
#426=(
BOUNDED_SURFACE()
B_SPLINE_SURFACE(2,2,((#587,#588,#589),(#590,#591,#592),(#593,#594,#595),
(#596,#597,#598),(#599,#600,#601),(#602,#603,#604),(#605,#606,#607),(#608,
#609,#610),(#611,#612,#613)),.UNSPECIFIED.,.T.,.F.,.F.)
B_SPLINE_SURFACE_WITH_KNOTS((3,2,2,2,3),(3,3),(0.,0.392689160953132,0.785378321906264,
1.1780674828594,1.57075664381253),(0.,0.392699087273318),.UNSPECIFIED.)
GEOMETRIC_REPRESENTATION_ITEM()
RATIONAL_B_SPLINE_SURFACE(((1.,0.707106781186553,1.),(0.707106781186548,
0.500000000000004,0.707106781186548),(1.,0.707106781186553,1.),(0.707106781186548,
0.500000000000004,0.707106781186548),(1.,0.707106781186553,1.),(0.707106781186548,
0.500000000000004,0.707106781186548),(1.,0.707106781186553,1.),(0.707106781186548,
0.500000000000004,0.707106781186548),(1.,0.707106781186553,1.)))
REPRESENTATION_ITEM('')
SURFACE()
);
#427=(
BOUNDED_SURFACE()
B_SPLINE_SURFACE(2,3,((#649,#650,#651,#652,#653,#654,#655,#656,#657,#658,
#659,#660,#661,#662,#663,#664,#665,#666,#667,#668),(#669,#670,#671,#672,
#673,#674,#675,#676,#677,#678,#679,#680,#681,#682,#683,#684,#685,#686,#687,
#688),(#689,#690,#691,#692,#693,#694,#695,#696,#697,#698,#699,#700,#701,
#702,#703,#704,#705,#706,#707,#708),(#709,#710,#711,#712,#713,#714,#715,
#716,#717,#718,#719,#720,#721,#722,#723,#724,#725,#726,#727,#728),(#729,
#730,#731,#732,#733,#734,#735,#736,#737,#738,#739,#740,#741,#742,#743,#744,
#745,#746,#747,#748),(#749,#750,#751,#752,#753,#754,#755,#756,#757,#758,
#759,#760,#761,#762,#763,#764,#765,#766,#767,#768),(#769,#770,#771,#772,
#773,#774,#775,#776,#777,#778,#779,#780,#781,#782,#783,#784,#785,#786,#787,
#788),(#789,#790,#791,#792,#793,#794,#795,#796,#797,#798,#799,#800,#801,
#802,#803,#804,#805,#806,#807,#808),(#809,#810,#811,#812,#813,#814,#815,
#816,#817,#818,#819,#820,#821,#822,#823,#824,#825,#826,#827,#828)),
 .UNSPECIFIED.,.T.,.F.,.F.)
B_SPLINE_SURFACE_WITH_KNOTS((3,2,2,2,3),(4,1,1,1,1,1,1,1,1,1,1,1,1,1,1,
1,1,4),(0.,2.59181393921158,5.18362787842316,7.77544181763474,10.3672557568463),
(0.,5.33398440601718,8.35937667210771,9.2517159065958,9.86135200056755,
10.625172299032,10.7929013764213,10.9767690432014,11.454798358951,11.7842834162455,
12.1988515861052,12.7171046128691,13.3574400964132,14.1380551431243,15.0769870343376,
17.5013903374789,20.7731055977193,25.0338276103554),.UNSPECIFIED.)
GEOMETRIC_REPRESENTATION_ITEM()
RATIONAL_B_SPLINE_SURFACE(((1.,0.999999999999999,1.,1.,1.,1.,1.,1.,1.,1.,
1.,1.,1.,0.999999999999999,1.,1.,1.,1.,1.,1.),(0.707106781186548,0.707106781186547,
0.707106781186548,0.707106781186547,0.707106781186548,0.707106781186548,
0.707106781186548,0.707106781186547,0.707106781186548,0.707106781186548,
0.707106781186547,0.707106781186547,0.707106781186548,0.707106781186547,
0.707106781186548,0.707106781186547,0.707106781186548,0.707106781186548,
0.707106781186547,0.707106781186548),(1.,0.999999999999999,1.,1.,1.,1.,
1.,1.,1.,1.,1.,1.,1.,0.999999999999999,1.,1.,1.,1.,1.,1.),(0.707106781186548,
0.707106781186547,0.707106781186548,0.707106781186547,0.707106781186548,
0.707106781186548,0.707106781186548,0.707106781186547,0.707106781186548,
0.707106781186548,0.707106781186547,0.707106781186547,0.707106781186548,
0.707106781186547,0.707106781186548,0.707106781186547,0.707106781186548,
0.707106781186548,0.707106781186547,0.707106781186548),(1.,0.999999999999999,
1.,1.,1.,1.,1.,1.,1.,1.,1.,1.,1.,0.999999999999999,1.,1.,1.,1.,1.,1.),(0.707106781186548,
0.707106781186547,0.707106781186548,0.707106781186547,0.707106781186548,
0.707106781186548,0.707106781186548,0.707106781186547,0.707106781186548,
0.707106781186548,0.707106781186547,0.707106781186547,0.707106781186548,
0.707106781186547,0.707106781186548,0.707106781186547,0.707106781186548,
0.707106781186548,0.707106781186547,0.707106781186548),(1.,0.999999999999999,
1.,1.,1.,1.,1.,1.,1.,1.,1.,1.,1.,0.999999999999999,1.,1.,1.,1.,1.,1.),(0.707106781186548,
0.707106781186547,0.707106781186548,0.707106781186547,0.707106781186548,
0.707106781186548,0.707106781186548,0.707106781186547,0.707106781186548,
0.707106781186548,0.707106781186547,0.707106781186547,0.707106781186548,
0.707106781186547,0.707106781186548,0.707106781186547,0.707106781186548,
0.707106781186548,0.707106781186547,0.707106781186548),(1.,0.999999999999999,
1.,1.,1.,1.,1.,1.,1.,1.,1.,1.,1.,0.999999999999999,1.,1.,1.,1.,1.,1.)))
REPRESENTATION_ITEM('')
SURFACE()
);
#428=(
BOUNDED_SURFACE()
B_SPLINE_SURFACE(2,2,((#829,#830,#831,#832,#833,#834,#835,#836,#837),(#838,
#839,#840,#841,#842,#843,#844,#845,#846),(#847,#848,#849,#850,#851,#852,
#853,#854,#855)),.UNSPECIFIED.,.F.,.F.,.F.)
B_SPLINE_SURFACE_WITH_KNOTS((3,3),(3,2,2,2,3),(0.,2.59181393921158),(0.,
1.5707963267949,3.14159265358979,4.71238898038469,6.28318530717959),
 .UNSPECIFIED.)
GEOMETRIC_REPRESENTATION_ITEM()
RATIONAL_B_SPLINE_SURFACE(((1.,0.707106781186548,1.,0.707106781186548,1.,
0.707106781186548,1.,0.707106781186548,1.),(0.707106781186548,0.5,0.707106781186548,
0.5,0.707106781186548,0.5,0.707106781186548,0.5,0.707106781186548),(1.,
0.707106781186548,1.,0.707106781186548,1.,0.707106781186548,1.,0.707106781186548,
1.)))
REPRESENTATION_ITEM('')
SURFACE()
);
#429=(
BOUNDED_SURFACE()
B_SPLINE_SURFACE(2,2,((#856,#857,#858,#859,#860),(#861,#862,#863,#864,#865),
(#866,#867,#868,#869,#870),(#871,#872,#873,#874,#875),(#876,#877,#878,#879,
#880),(#881,#882,#883,#884,#885),(#886,#887,#888,#889,#890),(#891,#892,
#893,#894,#895),(#896,#897,#898,#899,#900)),.UNSPECIFIED.,.T.,.F.,.F.)
B_SPLINE_SURFACE_WITH_KNOTS((3,2,2,2,3),(3,2,3),(0.,1.5707963267949,3.14159265358979,
4.71238898038469,6.28318530717959),(0.,1.29597815300468,2.59195630600937),
 .UNSPECIFIED.)
GEOMETRIC_REPRESENTATION_ITEM()
RATIONAL_B_SPLINE_SURFACE(((1.,0.923871278095905,1.,0.923871278095905,1.),
(0.707106781186548,0.653275645685097,0.707106781186548,0.653275645685097,
0.707106781186548),(1.,0.923871278095905,1.,0.923871278095905,1.),(0.707106781186548,
0.653275645685097,0.707106781186548,0.653275645685097,0.707106781186548),
(1.,0.923871278095905,1.,0.923871278095905,1.),(0.707106781186548,0.653275645685097,
0.707106781186548,0.653275645685097,0.707106781186548),(1.,0.923871278095905,
1.,0.923871278095905,1.),(0.707106781186548,0.653275645685097,0.707106781186548,
0.653275645685097,0.707106781186548),(1.,0.923871278095905,1.,0.923871278095905,
1.)))
REPRESENTATION_ITEM('')
SURFACE()
);
#430=(
BOUNDED_SURFACE()
B_SPLINE_SURFACE(2,2,((#901,#902,#903,#904,#905,#906,#907,#908,#909),(#910,
#911,#912,#913,#914,#915,#916,#917,#918),(#919,#920,#921,#922,#923,#924,
#925,#926,#927)),.UNSPECIFIED.,.F.,.F.,.F.)
B_SPLINE_SURFACE_WITH_KNOTS((3,3),(3,2,2,2,3),(0.,2.59181393921158),(0.,
1.5707963267949,3.14159265358979,4.71238898038469,6.28318530717959),
 .UNSPECIFIED.)
GEOMETRIC_REPRESENTATION_ITEM()
RATIONAL_B_SPLINE_SURFACE(((1.,0.707106781186548,1.,0.707106781186548,1.,
0.707106781186548,1.,0.707106781186548,1.),(0.707106781186548,0.5,0.707106781186548,
0.5,0.707106781186548,0.5,0.707106781186548,0.5,0.707106781186548),(1.,
0.707106781186548,1.,0.707106781186548,1.,0.707106781186548,1.,0.707106781186548,
1.)))
REPRESENTATION_ITEM('')
SURFACE()
);
#431=(
BOUNDED_SURFACE()
B_SPLINE_SURFACE(1,2,((#928,#929,#930,#931,#932,#933,#934,#935,#936),(#937,
#938,#939,#940,#941,#942,#943,#944,#945)),.UNSPECIFIED.,.F.,.F.,.F.)
B_SPLINE_SURFACE_WITH_KNOTS((2,2),(3,2,2,2,3),(0.,6.7),(-97.3893722612836,
-73.0420291959627,-48.6946861306418,-24.3473430653209,0.),.UNSPECIFIED.)
GEOMETRIC_REPRESENTATION_ITEM()
RATIONAL_B_SPLINE_SURFACE(((1.,0.707106781186548,1.,0.707106781186548,1.,
0.707106781186548,1.,0.707106781186548,1.),(1.,0.707106781186548,1.,0.707106781186548,
1.,0.707106781186548,1.,0.707106781186548,1.)))
REPRESENTATION_ITEM('')
SURFACE()
);
#432=(
BOUNDED_SURFACE()
B_SPLINE_SURFACE(2,2,((#946,#947,#948),(#949,#950,#951),(#952,#953,#954),
(#955,#956,#957),(#958,#959,#960),(#961,#962,#963),(#964,#965,#966),(#967,
#968,#969),(#970,#971,#972)),.UNSPECIFIED.,.T.,.F.,.F.)
B_SPLINE_SURFACE_WITH_KNOTS((3,2,2,2,3),(3,3),(0.,21.2055880319209,42.4111760638418,
63.6167640957627,84.8223521276835),(0.,3.14159265973617),.UNSPECIFIED.)
GEOMETRIC_REPRESENTATION_ITEM()
RATIONAL_B_SPLINE_SURFACE(((1.,0.707106781186539,1.),(0.707106781186548,
0.499999999999994,0.707106781186548),(1.,0.707106781186539,1.),(0.707106781186548,
0.499999999999994,0.707106781186548),(1.,0.707106781186539,1.),(0.707106781186548,
0.499999999999994,0.707106781186548),(1.,0.707106781186539,1.),(0.707106781186548,
0.499999999999994,0.707106781186548),(1.,0.707106781186539,1.)))
REPRESENTATION_ITEM('')
SURFACE()
);
#433=(
BOUNDED_SURFACE()
B_SPLINE_SURFACE(2,2,((#973,#974,#975,#976,#977,#978,#979,#980,#981),(#982,
#983,#984,#985,#986,#987,#988,#989,#990),(#991,#992,#993,#994,#995,#996,
#997,#998,#999)),.UNSPECIFIED.,.F.,.F.,.F.)
B_SPLINE_SURFACE_WITH_KNOTS((3,3),(3,2,2,2,3),(0.,3.14159265973616),(0.,
21.2055880319209,42.4111760638417,63.6167640957626,84.8223521276835),
 .UNSPECIFIED.)
GEOMETRIC_REPRESENTATION_ITEM()
RATIONAL_B_SPLINE_SURFACE(((1.,0.707106781186548,1.,0.707106781186548,1.,
0.707106781186548,1.,0.707106781186548,1.),(0.70710678118654,0.499999999999995,
0.70710678118654,0.499999999999995,0.70710678118654,0.499999999999995,0.70710678118654,
0.499999999999995,0.70710678118654),(1.,0.707106781186548,1.,0.707106781186548,
1.,0.707106781186548,1.,0.707106781186548,1.)))
REPRESENTATION_ITEM('')
SURFACE()
);
#434=(
BOUNDED_SURFACE()
B_SPLINE_SURFACE(2,3,((#1000,#1001,#1002,#1003,#1004,#1005,#1006,#1007,
#1008,#1009,#1010,#1011,#1012,#1013,#1014,#1015,#1016,#1017,#1018,#1019),
(#1020,#1021,#1022,#1023,#1024,#1025,#1026,#1027,#1028,#1029,#1030,#1031,
#1032,#1033,#1034,#1035,#1036,#1037,#1038,#1039),(#1040,#1041,#1042,#1043,
#1044,#1045,#1046,#1047,#1048,#1049,#1050,#1051,#1052,#1053,#1054,#1055,
#1056,#1057,#1058,#1059),(#1060,#1061,#1062,#1063,#1064,#1065,#1066,#1067,
#1068,#1069,#1070,#1071,#1072,#1073,#1074,#1075,#1076,#1077,#1078,#1079),
(#1080,#1081,#1082,#1083,#1084,#1085,#1086,#1087,#1088,#1089,#1090,#1091,
#1092,#1093,#1094,#1095,#1096,#1097,#1098,#1099),(#1100,#1101,#1102,#1103,
#1104,#1105,#1106,#1107,#1108,#1109,#1110,#1111,#1112,#1113,#1114,#1115,
#1116,#1117,#1118,#1119),(#1120,#1121,#1122,#1123,#1124,#1125,#1126,#1127,
#1128,#1129,#1130,#1131,#1132,#1133,#1134,#1135,#1136,#1137,#1138,#1139),
(#1140,#1141,#1142,#1143,#1144,#1145,#1146,#1147,#1148,#1149,#1150,#1151,
#1152,#1153,#1154,#1155,#1156,#1157,#1158,#1159),(#1160,#1161,#1162,#1163,
#1164,#1165,#1166,#1167,#1168,#1169,#1170,#1171,#1172,#1173,#1174,#1175,
#1176,#1177,#1178,#1179)),.UNSPECIFIED.,.T.,.F.,.F.)
B_SPLINE_SURFACE_WITH_KNOTS((3,2,2,2,3),(4,1,1,1,1,1,1,1,1,1,1,1,1,1,1,
1,1,4),(0.,2.59181393921158,5.18362787842316,7.77544181763474,10.3672557568463),
(0.,5.33398440601718,8.35937667210771,9.2517159065958,9.86135200056755,
10.625172299032,10.7929013764213,10.9767690432014,11.454798358951,11.7842834162455,
12.1988515861052,12.7171046128691,13.3574400964132,14.1380551431243,15.0769870343376,
17.5013903374789,20.7731055977193,25.0338276103554),.UNSPECIFIED.)
GEOMETRIC_REPRESENTATION_ITEM()
RATIONAL_B_SPLINE_SURFACE(((1.,0.999999999999999,1.,1.,1.,1.,1.,1.,1.,1.,
1.,1.,1.,0.999999999999999,1.,1.,1.,1.,1.,1.),(0.707106781186548,0.707106781186547,
0.707106781186548,0.707106781186547,0.707106781186548,0.707106781186548,
0.707106781186548,0.707106781186547,0.707106781186548,0.707106781186548,
0.707106781186547,0.707106781186547,0.707106781186548,0.707106781186547,
0.707106781186548,0.707106781186547,0.707106781186548,0.707106781186548,
0.707106781186547,0.707106781186548),(1.,0.999999999999999,1.,1.,1.,1.,
1.,1.,1.,1.,1.,1.,1.,0.999999999999999,1.,1.,1.,1.,1.,1.),(0.707106781186548,
0.707106781186547,0.707106781186548,0.707106781186547,0.707106781186548,
0.707106781186548,0.707106781186548,0.707106781186547,0.707106781186548,
0.707106781186548,0.707106781186547,0.707106781186547,0.707106781186548,
0.707106781186547,0.707106781186548,0.707106781186547,0.707106781186548,
0.707106781186548,0.707106781186547,0.707106781186548),(1.,0.999999999999999,
1.,1.,1.,1.,1.,1.,1.,1.,1.,1.,1.,0.999999999999999,1.,1.,1.,1.,1.,1.),(0.707106781186548,
0.707106781186547,0.707106781186548,0.707106781186547,0.707106781186548,
0.707106781186548,0.707106781186548,0.707106781186547,0.707106781186548,
0.707106781186548,0.707106781186547,0.707106781186547,0.707106781186548,
0.707106781186547,0.707106781186548,0.707106781186547,0.707106781186548,
0.707106781186548,0.707106781186547,0.707106781186548),(1.,0.999999999999999,
1.,1.,1.,1.,1.,1.,1.,1.,1.,1.,1.,0.999999999999999,1.,1.,1.,1.,1.,1.),(0.707106781186548,
0.707106781186547,0.707106781186548,0.707106781186547,0.707106781186548,
0.707106781186548,0.707106781186548,0.707106781186547,0.707106781186548,
0.707106781186548,0.707106781186547,0.707106781186547,0.707106781186548,
0.707106781186547,0.707106781186548,0.707106781186547,0.707106781186548,
0.707106781186548,0.707106781186547,0.707106781186548),(1.,0.999999999999999,
1.,1.,1.,1.,1.,1.,1.,1.,1.,1.,1.,0.999999999999999,1.,1.,1.,1.,1.,1.)))
REPRESENTATION_ITEM('')
SURFACE()
);
#435=(
BOUNDED_SURFACE()
B_SPLINE_SURFACE(2,2,((#1180,#1181,#1182),(#1183,#1184,#1185),(#1186,#1187,
#1188),(#1189,#1190,#1191),(#1192,#1193,#1194),(#1195,#1196,#1197),(#1198,
#1199,#1200),(#1201,#1202,#1203),(#1204,#1205,#1206)),.UNSPECIFIED.,.T.,
 .F.,.F.)
B_SPLINE_SURFACE_WITH_KNOTS((3,2,2,2,3),(3,3),(0.,1.5707963267949,3.14159265358979,
4.71238898038469,6.28318530717959),(0.,2.59166138409024),.UNSPECIFIED.)
GEOMETRIC_REPRESENTATION_ITEM()
RATIONAL_B_SPLINE_SURFACE(((1.,0.707139471520173,1.),(0.707106781186548,
0.500023115556586,0.707106781186548),(1.,0.707139471520173,1.),(0.707106781186548,
0.500023115556586,0.707106781186548),(1.,0.707139471520173,1.),(0.707106781186548,
0.500023115556586,0.707106781186548),(1.,0.707139471520173,1.),(0.707106781186548,
0.500023115556586,0.707106781186548),(1.,0.707139471520173,1.)))
REPRESENTATION_ITEM('')
SURFACE()
);
#436=(
BOUNDED_SURFACE()
B_SPLINE_SURFACE(3,2,((#1208,#1209,#1210),(#1211,#1212,#1213),(#1214,#1215,
#1216),(#1217,#1218,#1219),(#1220,#1221,#1222),(#1223,#1224,#1225),(#1226,
#1227,#1228)),.UNSPECIFIED.,.F.,.F.,.F.)
B_SPLINE_SURFACE_WITH_KNOTS((4,1,1,1,4),(3,3),(0.,0.975131634566046,2.02145227278818,
2.8095188616206,2.95833328183963),(0.,0.35970868031066),.UNSPECIFIED.)
GEOMETRIC_REPRESENTATION_ITEM()
RATIONAL_B_SPLINE_SURFACE(((1.,0.752189789441194,1.),(0.999999999999999,
0.752189799503276,0.999999999999999),(1.,0.752189775682367,1.),(1.,0.752189791217184,
1.),(1.,0.752189782821314,1.),(1.,0.752189786099006,1.),(1.,0.752189785519655,
1.)))
REPRESENTATION_ITEM('')
SURFACE()
);
#437=(
BOUNDED_SURFACE()
B_SPLINE_SURFACE(2,3,((#1229,#1230,#1231,#1232,#1233,#1234,#1235,#1236,
#1237,#1238,#1239,#1240,#1241,#1242,#1243,#1244,#1245,#1246,#1247,#1248,
#1249,#1250,#1251,#1252,#1253,#1254,#1255,#1256,#1257,#1258,#1259,#1260,
#1261,#1262,#1263,#1264,#1265,#1266,#1267,#1268,#1269,#1270,#1271,#1272),
(#1273,#1274,#1275,#1276,#1277,#1278,#1279,#1280,#1281,#1282,#1283,#1284,
#1285,#1286,#1287,#1288,#1289,#1290,#1291,#1292,#1293,#1294,#1295,#1296,
#1297,#1298,#1299,#1300,#1301,#1302,#1303,#1304,#1305,#1306,#1307,#1308,
#1309,#1310,#1311,#1312,#1313,#1314,#1315,#1316),(#1317,#1318,#1319,#1320,
#1321,#1322,#1323,#1324,#1325,#1326,#1327,#1328,#1329,#1330,#1331,#1332,
#1333,#1334,#1335,#1336,#1337,#1338,#1339,#1340,#1341,#1342,#1343,#1344,
#1345,#1346,#1347,#1348,#1349,#1350,#1351,#1352,#1353,#1354,#1355,#1356,
#1357,#1358,#1359,#1360)),.UNSPECIFIED.,.F.,.F.,.F.)
B_SPLINE_SURFACE_WITH_KNOTS((3,3),(4,1,1,1,1,1,1,1,1,1,1,1,1,1,1,1,1,1,
1,1,1,1,1,1,1,1,1,1,1,1,1,1,1,1,1,1,1,1,1,1,1,4),(0.,0.359751216473707),
(-0.0374706642901296,3.43611809016389,4.57020019274298,4.58360666113103,
4.59701312951908,4.59979437571892,4.60257562191877,4.60550348633171,4.60770455217817,
4.61118152892142,4.61292001729304,4.61465850566467,4.61667045919224,4.61868241271981,
4.6191274626908,4.61957251266179,4.62084296423622,4.62211341581065,4.62704694909782,
4.63198048238498,4.64184754895932,4.680106810662,4.71836607236467,4.75662533406735,
4.79488459577003,4.92522584806194,5.05556710035386,5.15596449551671,5.25636189067956,
5.35675928584241,5.45715668100526,5.77613989887875,6.09512311675224,6.41410633462573,
6.73308955249922,6.9582496981177,7.18340984373618,7.40856998935466,7.63373013497314,
9.90940363063146,13.7423857323136,17.5753678339958),.UNSPECIFIED.)
GEOMETRIC_REPRESENTATION_ITEM()
RATIONAL_B_SPLINE_SURFACE(((1.,1.,0.999999999999998,0.999999999999999,0.999999999999998,
1.,1.,1.,0.999999999999999,1.,1.,1.,1.,1.,1.,0.999999999999999,1.,0.999999999999999,
0.999999999999999,1.,1.,0.999999999999999,0.999999999999999,1.,0.999999999999999,
1.,1.,0.999999999999998,1.,1.,0.999999999999999,1.,1.,1.,1.,0.999999999999997,
1.,0.999999999999998,1.,1.,0.999999999999999,0.999999999999999,1.,1.),(0.752189720181965,
0.752190035498829,0.752191483796855,0.752187799355177,0.752198933097776,
0.752181340597757,0.752187007066442,0.75217619402554,0.752145946780992,
0.752136846553899,0.752164906123324,0.752163972524716,0.752174264431848,
0.752171232081849,0.752185462811264,0.75217511342161,0.75217250142962,0.752192183926518,
0.752188901437472,0.752191547902043,0.752190533826808,0.752189707971285,
0.752189044779321,0.752192794505157,0.752194818426264,0.752191952795316,
0.752187827601171,0.752190293827496,0.752189144107563,0.75219061402978,
0.75219092097393,0.752189863775329,0.752189766666106,0.752189856188999,
0.75218990590481,0.752190076476774,0.752189661643921,0.752189770643851,
0.752189479761338,0.752190316980995,0.752189933103597,0.75218963579887,
0.752189877759937,0.752189785542097),(1.,1.,0.999999999999998,0.999999999999999,
0.999999999999998,1.,1.,1.,0.999999999999999,1.,1.,1.,1.,1.,1.,0.999999999999999,
1.,0.999999999999999,0.999999999999999,1.,1.,0.999999999999999,0.999999999999999,
1.,0.999999999999999,1.,1.,0.999999999999998,1.,1.,0.999999999999999,1.,
1.,1.,1.,0.999999999999997,1.,0.999999999999998,1.,1.,0.999999999999999,
0.999999999999999,1.,1.)))
REPRESENTATION_ITEM('')
SURFACE()
);
#438=(
BOUNDED_SURFACE()
B_SPLINE_SURFACE(2,3,((#1361,#1362,#1363,#1364,#1365,#1366,#1367,#1368,
#1369,#1370,#1371,#1372,#1373,#1374,#1375,#1376,#1377,#1378,#1379,#1380,
#1381,#1382),(#1383,#1384,#1385,#1386,#1387,#1388,#1389,#1390,#1391,#1392,
#1393,#1394,#1395,#1396,#1397,#1398,#1399,#1400,#1401,#1402,#1403,#1404),
(#1405,#1406,#1407,#1408,#1409,#1410,#1411,#1412,#1413,#1414,#1415,#1416,
#1417,#1418,#1419,#1420,#1421,#1422,#1423,#1424,#1425,#1426)),
 .UNSPECIFIED.,.F.,.F.,.F.)
B_SPLINE_SURFACE_WITH_KNOTS((3,3),(4,1,1,1,1,1,1,1,1,1,1,1,1,1,1,1,1,1,
1,4),(0.,0.359719830031815),(0.,8.0859575900795,10.3819354376054,11.3996551647252,
12.982945331834,13.6097616230338,13.8863835760921,14.1630055291505,14.6004335978866,
15.0378616666227,15.152398021657,15.2669343766914,15.3814707317258,15.4960070867601,
15.762749350725,16.0294916146899,16.5629761426197,17.512365766531,18.4617553904423,
19.0023638736073),.UNSPECIFIED.)
GEOMETRIC_REPRESENTATION_ITEM()
RATIONAL_B_SPLINE_SURFACE(((1.,1.,0.999999999999999,1.00000000000001,1.,
0.999999999999997,1.,0.999999999999997,1.,0.999999999999997,1.,1.,0.999999999999999,
1.,0.999999999999999,1.,0.999999999999999,1.,0.999999999999999,1.,1.,1.),
(0.752189785522686,0.752189725980267,0.752189770973949,0.752190253166534,
0.752188786079332,0.752191277830002,0.752188753570319,0.752192032634831,
0.752194234194688,0.752185522384777,0.752195294572238,0.752181981789803,
0.752175276187459,0.752171942778614,0.752204223803576,0.752196353395262,
0.752182335185207,0.752196888498443,0.752185213789281,0.752190714758278,
0.752190307349637,0.752190111472923),(1.,1.,0.999999999999999,1.00000000000001,
1.,0.999999999999997,1.,0.999999999999997,1.,0.999999999999997,1.,1.,0.999999999999999,
1.,0.999999999999999,1.,0.999999999999999,1.,0.999999999999999,1.,1.,1.)))
REPRESENTATION_ITEM('')
SURFACE()
);
#439=(
BOUNDED_SURFACE()
B_SPLINE_SURFACE(2,3,((#1427,#1428,#1429,#1430,#1431,#1432,#1433,#1434,
#1435,#1436,#1437,#1438,#1439,#1440,#1441,#1442,#1443),(#1444,#1445,#1446,
#1447,#1448,#1449,#1450,#1451,#1452,#1453,#1454,#1455,#1456,#1457,#1458,
#1459,#1460),(#1461,#1462,#1463,#1464,#1465,#1466,#1467,#1468,#1469,#1470,
#1471,#1472,#1473,#1474,#1475,#1476,#1477)),.UNSPECIFIED.,.F.,.F.,.F.)
B_SPLINE_SURFACE_WITH_KNOTS((3,3),(4,1,1,1,1,1,1,1,1,1,1,1,1,1,4),(0.,0.481099195810858),
(0.0374844003645736,0.913689214059095,1.68434066297348,2.35896531491791,
2.83406546752182,3.25441053332107,3.99535993489937,4.68999817852158,5.41217999960813,
6.14364792401883,6.70675582099709,7.15347897969214,7.81920068932642,8.49880986593974,
9.38596255836126),.UNSPECIFIED.)
GEOMETRIC_REPRESENTATION_ITEM()
RATIONAL_B_SPLINE_SURFACE(((1.,1.,0.999999999999998,1.,1.,1.,1.,0.999999999999999,
0.999999999999997,1.,0.999999999999997,1.,0.999999999999999,1.,0.999999999999998,
0.999999999999999,1.),(0.752190026248454,0.745840606426512,0.713559748641758,
0.628059055273506,0.570255790832313,0.570342487823655,0.604661545481305,
0.661385182760441,0.70266479052346,0.714219866987366,0.712480379828918,
0.719566813817919,0.735640066189486,0.759488674808624,0.779351116989469,
0.769109572988367,0.752189943703048),(1.,1.,0.999999999999998,1.,1.,1.,
1.,0.999999999999999,0.999999999999997,1.,0.999999999999997,1.,0.999999999999999,
1.,0.999999999999998,0.999999999999999,1.)))
REPRESENTATION_ITEM('')
SURFACE()
);
#440=(
BOUNDED_SURFACE()
B_SPLINE_SURFACE(3,2,((#1478,#1479,#1480),(#1481,#1482,#1483),(#1484,#1485,
#1486),(#1487,#1488,#1489),(#1490,#1491,#1492),(#1493,#1494,#1495),(#1496,
#1497,#1498)),.UNSPECIFIED.,.F.,.F.,.F.)
B_SPLINE_SURFACE_WITH_KNOTS((4,1,1,1,4),(3,3),(0.,0.148814420219025,0.936881009051441,
1.98320164727358,2.95833328182421),(0.,0.359708680310662),.UNSPECIFIED.)
GEOMETRIC_REPRESENTATION_ITEM()
RATIONAL_B_SPLINE_SURFACE(((1.,0.752189785519651,1.),(1.,0.752189786179864,
1.),(0.999999999999998,0.752189782528298,0.999999999999998),(1.,0.752189792029975,
1.),(1.,0.752189774164944,1.),(0.999999999999999,0.752189801802409,0.999999999999999),
(1.,0.752189785853817,1.)))
REPRESENTATION_ITEM('')
SURFACE()
);
#441=(
BOUNDED_SURFACE()
B_SPLINE_SURFACE(2,3,((#1500,#1501,#1502,#1503,#1504,#1505),(#1506,#1507,
#1508,#1509,#1510,#1511),(#1512,#1513,#1514,#1515,#1516,#1517)),
 .UNSPECIFIED.,.F.,.F.,.F.)
B_SPLINE_SURFACE_WITH_KNOTS((3,3),(4,1,1,4),(0.,0.359708679913236),(0.,
1.47935577006773,2.81351573975209,2.95871258495095),.UNSPECIFIED.)
GEOMETRIC_REPRESENTATION_ITEM()
RATIONAL_B_SPLINE_SURFACE(((1.,1.,1.,1.,1.,1.),(0.752189785540571,0.752189786116863,
0.752189792066637,0.752189790934989,0.752189784481924,0.752189785540579),
(1.,1.,1.,1.,1.,1.)))
REPRESENTATION_ITEM('')
SURFACE()
);
#442=(
BOUNDED_SURFACE()
B_SPLINE_SURFACE(3,2,((#1518,#1519,#1520),(#1521,#1522,#1523),(#1524,#1525,
#1526),(#1527,#1528,#1529),(#1530,#1531,#1532),(#1533,#1534,#1535),(#1536,
#1537,#1538),(#1539,#1540,#1541),(#1542,#1543,#1544),(#1545,#1546,#1547),
(#1548,#1549,#1550),(#1551,#1552,#1553),(#1554,#1555,#1556),(#1557,#1558,
#1559),(#1560,#1561,#1562),(#1563,#1564,#1565),(#1566,#1567,#1568),(#1569,
#1570,#1571),(#1572,#1573,#1574),(#1575,#1576,#1577),(#1578,#1579,#1580),
(#1581,#1582,#1583),(#1584,#1585,#1586)),.UNSPECIFIED.,.F.,.F.,.F.)
B_SPLINE_SURFACE_WITH_KNOTS((4,1,1,1,1,1,1,1,1,1,1,1,1,1,1,1,1,1,1,1,4),
(3,3),(0.108330448331165,0.64892680941249,2.54770605723508,3.08119058516487,
3.34793284912976,3.61467511309466,3.72921146812902,3.84374782316338,3.95828417819775,
4.07282053323211,4.51024860196822,4.94767667070433,5.22429862376269,5.50092057682104,
6.12773686802078,6.91938195157521,7.71102703512963,9.36787582245247,11.0247246097753,
15.067703404815,19.1106821998548),(0.,0.359719830031816),.UNSPECIFIED.)
GEOMETRIC_REPRESENTATION_ITEM()
RATIONAL_B_SPLINE_SURFACE(((1.,0.752188940937532,1.),(1.,0.752188657772137,
1.),(1.,0.752187800110773,1.),(1.,0.752193519353674,1.),(1.,0.752187237185637,
1.),(1.,0.752192170281541,1.),(1.,0.752207175190576,1.),(1.,0.752169475879075,
1.),(0.999999999999998,0.752177534635627,0.999999999999998),(1.,0.752180819873357,
1.),(1.,0.752195513520276,1.),(1.,0.752184574911422,1.),(0.999999999999997,
0.752204625549455,0.999999999999997),(1.,0.752192904903832,1.),(1.,0.752186953542392,
1.),(1.,0.752192357381312,1.),(1.,0.752188713970313,1.),(1.,0.752190507573685,
1.),(1.,0.752189255824349,1.),(0.999999999999998,0.752190721105246,0.999999999999998),
(1.,0.752188930184858,1.),(1.,0.752190199037736,1.),(1.,0.752189785523001,
1.)))
REPRESENTATION_ITEM('')
SURFACE()
);
#443=(
BOUNDED_SURFACE()
B_SPLINE_SURFACE(3,2,((#1587,#1588,#1589),(#1590,#1591,#1592),(#1593,#1594,
#1595),(#1596,#1597,#1598),(#1599,#1600,#1601),(#1602,#1603,#1604),(#1605,
#1606,#1607),(#1608,#1609,#1610),(#1611,#1612,#1613),(#1614,#1615,#1616),
(#1617,#1618,#1619),(#1620,#1621,#1622),(#1623,#1624,#1625),(#1626,#1627,
#1628),(#1629,#1630,#1631),(#1632,#1633,#1634),(#1635,#1636,#1637),(#1638,
#1639,#1640),(#1641,#1642,#1643),(#1644,#1645,#1646),(#1647,#1648,#1649),
(#1650,#1651,#1652),(#1653,#1654,#1655),(#1656,#1657,#1658),(#1659,#1660,
#1661)),.UNSPECIFIED.,.F.,.F.,.F.)
B_SPLINE_SURFACE_WITH_KNOTS((4,1,1,1,1,1,1,1,1,1,1,1,1,1,1,1,1,1,1,1,1,
1,4),(3,3),(0.,7.66596420336432,9.94163769902264,10.8422782814966,12.1182111529905,
12.5198007336419,12.7790642650413,12.8555384720281,12.9320126790149,12.9401373242017,
12.9482619693886,12.9563866145755,12.9645112597624,12.974526571092,12.9845418824217,
12.9945571937513,13.004572505081,13.2880930307258,13.5716135563705,14.1386546076601,
15.3133236742801,16.4879927409002,17.6122534590286),(0.,0.359751067374597),
 .UNSPECIFIED.)
GEOMETRIC_REPRESENTATION_ITEM()
RATIONAL_B_SPLINE_SURFACE(((1.,0.752189785542516,1.),(0.999999999999998,
0.752189533374597,0.999999999999998),(1.,0.752190126302948,1.),(1.,0.752189923798303,
1.),(1.,0.752189611984719,1.),(1.,0.752190009782675,1.),(1.,0.75219027089381,
1.),(1.,0.752188715066743,1.),(1.,0.752196525915744,1.),(1.,0.752186107565304,
1.),(0.999999999999999,0.752191595436239,0.999999999999999),(1.,0.752190711175001,
1.),(1.,0.75220036936029,1.),(0.999999999999999,0.75214885249978,0.999999999999999),
(1.,0.752167771568554,1.),(1.,0.752197979633571,1.),(0.999999999999999,
0.752194355341695,0.999999999999999),(1.,0.752205171646537,1.),(1.,0.752183742951985,
1.),(0.999999999999998,0.752189002417532,0.999999999999998),(1.,0.752193345556348,
1.),(0.999999999999997,0.752186101190266,0.999999999999997),(1.,0.752191706631221,
1.),(1.,0.752190051488927,1.),(1.,0.752189855026958,1.)))
REPRESENTATION_ITEM('')
SURFACE()
);
#444=(
BOUNDED_SURFACE()
B_SPLINE_SURFACE(3,2,((#1662,#1663,#1664),(#1665,#1666,#1667),(#1668,#1669,
#1670),(#1671,#1672,#1673),(#1674,#1675,#1676),(#1677,#1678,#1679),(#1680,
#1681,#1682),(#1683,#1684,#1685),(#1686,#1687,#1688),(#1689,#1690,#1691),
(#1692,#1693,#1694),(#1695,#1696,#1697)),.UNSPECIFIED.,.F.,.F.,.F.)
B_SPLINE_SURFACE_WITH_KNOTS((4,1,1,1,1,1,1,1,1,4),(3,3),(-0.108342088669017,
0.797561203988182,1.48107323121102,2.16458525843386,2.64073269180169,2.94258857813884,
3.24444446447599,3.61627979996853,3.98811513546108,4.73822471750165),(0.,
0.473413092646002),.UNSPECIFIED.)
GEOMETRIC_REPRESENTATION_ITEM()
RATIONAL_B_SPLINE_SURFACE(((1.,0.752189943768573,1.),(1.,0.769484499711778,
1.),(1.,0.779399522605595,1.),(1.,0.758508706616631,1.),(1.,0.733907998701524,
1.),(0.999999999999999,0.720689344776608,0.999999999999999),(1.,0.715506195785808,
1.),(0.999999999999998,0.713527830638325,0.999999999999998),(1.,0.71312464847309,
1.),(1.,0.711174243085169,1.),(1.,0.702757248078488,1.),(1.,0.691214714518727,
1.)))
REPRESENTATION_ITEM('')
SURFACE()
);
#445=(
BOUNDED_SURFACE()
B_SPLINE_SURFACE(3,2,((#1698,#1699,#1700),(#1701,#1702,#1703),(#1704,#1705,
#1706),(#1707,#1708,#1709),(#1710,#1711,#1712),(#1713,#1714,#1715),(#1716,
#1717,#1718),(#1719,#1720,#1721),(#1722,#1723,#1724),(#1725,#1726,#1727)),
 .UNSPECIFIED.,.F.,.F.,.F.)
B_SPLINE_SURFACE_WITH_KNOTS((4,1,1,1,1,1,1,4),(3,3),(0.0726142303654123,
0.737051387948694,1.46758965719681,1.89789631547759,2.36183309653519,2.96612446454363,
3.72247322490626,4.57452553568193),(0.,0.481099195840009),.UNSPECIFIED.)
GEOMETRIC_REPRESENTATION_ITEM()
RATIONAL_B_SPLINE_SURFACE(((1.,0.691214711777763,1.),(1.,0.681055467447234,
1.),(0.999999999999997,0.65073672356211,0.999999999999997),(1.,0.594442984990949,
1.),(0.999999999999997,0.56719152466203,0.999999999999997),(0.999999999999999,
0.576999370635521,0.999999999999999),(1.,0.634726343091169,1.),(1.,0.715011746805979,
1.),(1.,0.74604694848551,1.),(1.,0.752190023001894,1.)))
REPRESENTATION_ITEM('')
SURFACE()
);
#446=(
BOUNDED_SURFACE()
B_SPLINE_SURFACE(2,3,((#1728,#1729,#1730,#1731,#1732,#1733),(#1734,#1735,
#1736,#1737,#1738,#1739),(#1740,#1741,#1742,#1743,#1744,#1745)),
 .UNSPECIFIED.,.F.,.F.,.F.)
B_SPLINE_SURFACE_WITH_KNOTS((3,3),(4,1,1,4),(0.,0.359708679913235),(0.,
0.145196845198861,1.47935681488322,2.95871258498163),.UNSPECIFIED.)
GEOMETRIC_REPRESENTATION_ITEM()
RATIONAL_B_SPLINE_SURFACE(((1.,0.999999999999999,1.,1.,0.999999999999999,
1.),(0.752189785540579,0.752189784954263,0.752189788012299,0.752189799056135,
0.752189777530726,0.752189796694664),(1.,0.999999999999999,1.,1.,0.999999999999999,
1.)))
REPRESENTATION_ITEM('')
SURFACE()
);
#447=SHAPE_DEFINITION_REPRESENTATION(#448,#465);
#448=PRODUCT_DEFINITION_SHAPE('Document','',#450);
#449=PRODUCT_DEFINITION_CONTEXT('3D Mechanical Parts',#454,'design');
#450=PRODUCT_DEFINITION('A','First version',#451,#449);
#451=PRODUCT_DEFINITION_FORMATION_WITH_SPECIFIED_SOURCE('A',
'First version',#456,.MADE.);
#452=PRODUCT_RELATED_PRODUCT_CATEGORY('tool','tool',(#456));
#453=APPLICATION_PROTOCOL_DEFINITION('Draft International Standard',
'automotive_design',1999,#454);
#454=APPLICATION_CONTEXT(
'data for automotive mechanical design processes');
#455=PRODUCT_CONTEXT('3D Mechanical Parts',#454,'mechanical');
#456=PRODUCT('Document','Document','Rhino converted to STEP',(#455));
#457=(
LENGTH_UNIT()
NAMED_UNIT(*)
SI_UNIT(.MILLI.,.METRE.)
);
#458=(
NAMED_UNIT(*)
PLANE_ANGLE_UNIT()
SI_UNIT($,.RADIAN.)
);
#459=DIMENSIONAL_EXPONENTS(0.,0.,0.,0.,0.,0.,0.);
#460=PLANE_ANGLE_MEASURE_WITH_UNIT(PLANE_ANGLE_MEASURE(0.01745329252),#458);
#461=(
CONVERSION_BASED_UNIT('DEGREES',#460)
NAMED_UNIT(#459)
PLANE_ANGLE_UNIT()
);
#462=(
NAMED_UNIT(*)
SI_UNIT($,.STERADIAN.)
SOLID_ANGLE_UNIT()
);
#463=UNCERTAINTY_MEASURE_WITH_UNIT(LENGTH_MEASURE(0.001),#457,
'DISTANCE_ACCURACY_VALUE',
'Maximum model space distance between geometric entities at asserted c
onnectivities');
#464=(
GEOMETRIC_REPRESENTATION_CONTEXT(3)
GLOBAL_UNCERTAINTY_ASSIGNED_CONTEXT((#463))
GLOBAL_UNIT_ASSIGNED_CONTEXT((#462,#461,#457))
REPRESENTATION_CONTEXT('ID1','3D')
);
#465=SHAPE_REPRESENTATION('Document',(#466,#473),#464);
#466=AXIS2_PLACEMENT_3D('',#484,#474,#475);
#467=AXIS2_PLACEMENT_3D('',#503,#476,$);
#468=AXIS2_PLACEMENT_3D('',#504,#477,$);
#469=AXIS2_PLACEMENT_3D('',#585,#478,$);
#470=AXIS2_PLACEMENT_3D('',#586,#479,$);
#471=AXIS2_PLACEMENT_3D('',#1207,#480,$);
#472=AXIS2_PLACEMENT_3D('',#1499,#481,$);
#473=AXIS2_PLACEMENT_3D('',#2662,#482,#483);
#474=DIRECTION('',(0.,0.,1.));
#475=DIRECTION('',(1.,0.,0.));
#476=DIRECTION('',(0.,0.,1.));
#477=DIRECTION('',(0.,0.,-1.));
#478=DIRECTION('',(0.,0.,1.));
#479=DIRECTION('',(0.,0.,-1.));
#480=DIRECTION('',(0.,1.,0.));
#481=DIRECTION('',(0.,-1.,0.));
#482=DIRECTION('',(0.,0.,1.));
#483=DIRECTION('',(1.,0.,0.));
#484=CARTESIAN_POINT('',(0.,0.,0.));
#485=CARTESIAN_POINT('',(4.4,3.35,-30.5));
#486=CARTESIAN_POINT('',(4.4,2.85,-30.5));
#487=CARTESIAN_POINT('',(3.9,2.85,-30.5));
#488=CARTESIAN_POINT('',(3.4,2.85,-30.5));
#489=CARTESIAN_POINT('',(3.4,3.35,-30.5));
#490=CARTESIAN_POINT('',(3.4,3.85,-30.5));
#491=CARTESIAN_POINT('',(3.9,3.85,-30.5));
#492=CARTESIAN_POINT('',(4.4,3.85,-30.5));
#493=CARTESIAN_POINT('',(4.4,3.35,-30.5));
#494=CARTESIAN_POINT('',(4.4,3.35,7.5));
#495=CARTESIAN_POINT('',(4.4,2.85,7.5));
#496=CARTESIAN_POINT('',(3.9,2.85,7.5));
#497=CARTESIAN_POINT('',(3.4,2.85,7.5));
#498=CARTESIAN_POINT('',(3.4,3.35,7.5));
#499=CARTESIAN_POINT('',(3.4,3.85,7.5));
#500=CARTESIAN_POINT('',(3.9,3.85,7.5));
#501=CARTESIAN_POINT('',(4.4,3.85,7.5));
#502=CARTESIAN_POINT('',(4.4,3.35,7.5));
#503=CARTESIAN_POINT('',(3.275,3.975,7.5));
#504=CARTESIAN_POINT('',(3.275,3.975,-30.5));
#505=CARTESIAN_POINT('',(4.4,3.35,-30.25));
#506=CARTESIAN_POINT('',(4.4,3.35,-30.5));
#507=CARTESIAN_POINT('',(4.15,3.35,-30.5));
#508=CARTESIAN_POINT('',(4.4,2.85,-30.25));
#509=CARTESIAN_POINT('',(4.4,2.85,-30.5));
#510=CARTESIAN_POINT('',(4.15,3.1,-30.5));
#511=CARTESIAN_POINT('',(3.9,2.85,-30.25));
#512=CARTESIAN_POINT('',(3.9,2.85,-30.5));
#513=CARTESIAN_POINT('',(3.9,3.1,-30.5));
#514=CARTESIAN_POINT('',(3.4,2.85,-30.25));
#515=CARTESIAN_POINT('',(3.4,2.85,-30.5));
#516=CARTESIAN_POINT('',(3.65,3.1,-30.5));
#517=CARTESIAN_POINT('',(3.4,3.35,-30.25));
#518=CARTESIAN_POINT('',(3.4,3.35,-30.5));
#519=CARTESIAN_POINT('',(3.65,3.35,-30.5));
#520=CARTESIAN_POINT('',(3.39999999999999,3.85,-30.25));
#521=CARTESIAN_POINT('',(3.4,3.85,-30.5));
#522=CARTESIAN_POINT('',(3.64999999999999,3.6,-30.5));
#523=CARTESIAN_POINT('',(3.9,3.85,-30.25));
#524=CARTESIAN_POINT('',(3.9,3.85,-30.5));
#525=CARTESIAN_POINT('',(3.9,3.6,-30.5));
#526=CARTESIAN_POINT('',(4.4,3.85,-30.25));
#527=CARTESIAN_POINT('',(4.39999999999999,3.85,-30.5));
#528=CARTESIAN_POINT('',(4.15,3.6,-30.5));
#529=CARTESIAN_POINT('',(4.4,3.35,-30.25));
#530=CARTESIAN_POINT('',(4.4,3.35,-30.5));
#531=CARTESIAN_POINT('',(4.15,3.35,-30.5));
#532=CARTESIAN_POINT('',(4.4,3.35,7.5));
#533=CARTESIAN_POINT('',(4.4,3.35,-30.25));
#534=CARTESIAN_POINT('',(4.15,3.35,-30.5));
#535=CARTESIAN_POINT('',(4.4,3.35,7.5));
#536=CARTESIAN_POINT('',(4.4,2.85,7.5));
#537=CARTESIAN_POINT('',(3.9,2.85,7.5));
#538=CARTESIAN_POINT('',(3.4,2.85,7.5));
#539=CARTESIAN_POINT('',(3.4,3.35,7.5));
#540=CARTESIAN_POINT('',(3.4,3.85,7.5));
#541=CARTESIAN_POINT('',(3.9,3.85,7.5));
#542=CARTESIAN_POINT('',(4.4,3.85,7.5));
#543=CARTESIAN_POINT('',(4.4,3.35,7.5));
#544=CARTESIAN_POINT('',(4.4,3.35,-30.25));
#545=CARTESIAN_POINT('',(4.4,3.35,7.5));
#546=CARTESIAN_POINT('',(4.4,3.35,-30.25));
#547=CARTESIAN_POINT('',(4.4,2.85,-30.25));
#548=CARTESIAN_POINT('',(3.9,2.85,-30.25));
#549=CARTESIAN_POINT('',(3.4,2.85,-30.25));
#550=CARTESIAN_POINT('',(3.4,3.35,-30.25));
#551=CARTESIAN_POINT('',(3.39999999999999,3.85,-30.25));
#552=CARTESIAN_POINT('',(3.9,3.85,-30.25));
#553=CARTESIAN_POINT('',(4.4,3.85,-30.25));
#554=CARTESIAN_POINT('',(4.4,3.35,-30.25));
#555=CARTESIAN_POINT('',(4.4,3.35,-30.25));
#556=CARTESIAN_POINT('',(4.4,3.35,-30.5));
#557=CARTESIAN_POINT('',(4.15,3.35,-30.5));
#558=CARTESIAN_POINT('',(4.15,3.35,-30.5));
#559=CARTESIAN_POINT('',(4.15,3.1,-30.5));
#560=CARTESIAN_POINT('',(3.9,3.1,-30.5));
#561=CARTESIAN_POINT('',(3.65,3.1,-30.5));
#562=CARTESIAN_POINT('',(3.65,3.35,-30.5));
#563=CARTESIAN_POINT('',(3.65,3.6,-30.5));
#564=CARTESIAN_POINT('',(3.9,3.6,-30.5));
#565=CARTESIAN_POINT('',(4.15,3.6,-30.5));
#566=CARTESIAN_POINT('',(4.15,3.35,-30.5));
#567=CARTESIAN_POINT('',(-3.4,-3.35,-30.5));
#568=CARTESIAN_POINT('',(-3.4,-3.85,-30.5));
#569=CARTESIAN_POINT('',(-3.9,-3.85,-30.5));
#570=CARTESIAN_POINT('',(-4.4,-3.85,-30.5));
#571=CARTESIAN_POINT('',(-4.4,-3.35,-30.5));
#572=CARTESIAN_POINT('',(-4.4,-2.85,-30.5));
#573=CARTESIAN_POINT('',(-3.9,-2.85,-30.5));
#574=CARTESIAN_POINT('',(-3.4,-2.85,-30.5));
#575=CARTESIAN_POINT('',(-3.4,-3.35,-30.5));
#576=CARTESIAN_POINT('',(-3.4,-3.35,7.5));
#577=CARTESIAN_POINT('',(-3.4,-3.85,7.5));
#578=CARTESIAN_POINT('',(-3.9,-3.85,7.5));
#579=CARTESIAN_POINT('',(-4.4,-3.85,7.5));
#580=CARTESIAN_POINT('',(-4.4,-3.35,7.5));
#581=CARTESIAN_POINT('',(-4.4,-2.85,7.5));
#582=CARTESIAN_POINT('',(-3.9,-2.85,7.5));
#583=CARTESIAN_POINT('',(-3.4,-2.85,7.5));
#584=CARTESIAN_POINT('',(-3.4,-3.35,7.5));
#585=CARTESIAN_POINT('',(-4.525,-2.725,7.5));
#586=CARTESIAN_POINT('',(-4.525,-2.725,-30.5));
#587=CARTESIAN_POINT('',(-3.4,-3.35,-30.25));
#588=CARTESIAN_POINT('',(-3.4,-3.35,-30.5));
#589=CARTESIAN_POINT('',(-3.65,-3.35,-30.5));
#590=CARTESIAN_POINT('',(-3.4,-3.85,-30.25));
#591=CARTESIAN_POINT('',(-3.4,-3.85,-30.5));
#592=CARTESIAN_POINT('',(-3.65,-3.6,-30.5));
#593=CARTESIAN_POINT('',(-3.9,-3.85,-30.25));
#594=CARTESIAN_POINT('',(-3.9,-3.85,-30.5));
#595=CARTESIAN_POINT('',(-3.9,-3.6,-30.5));
#596=CARTESIAN_POINT('',(-4.4,-3.85,-30.25));
#597=CARTESIAN_POINT('',(-4.39999999999999,-3.85,-30.5));
#598=CARTESIAN_POINT('',(-4.15,-3.6,-30.5));
#599=CARTESIAN_POINT('',(-4.4,-3.35,-30.25));
#600=CARTESIAN_POINT('',(-4.39999999999999,-3.35,-30.5));
#601=CARTESIAN_POINT('',(-4.15,-3.35,-30.5));
#602=CARTESIAN_POINT('',(-4.4,-2.85,-30.25));
#603=CARTESIAN_POINT('',(-4.39999999999999,-2.85,-30.5));
#604=CARTESIAN_POINT('',(-4.15,-3.1,-30.5));
#605=CARTESIAN_POINT('',(-3.9,-2.85,-30.25));
#606=CARTESIAN_POINT('',(-3.9,-2.85,-30.5));
#607=CARTESIAN_POINT('',(-3.9,-3.1,-30.5));
#608=CARTESIAN_POINT('',(-3.4,-2.85,-30.25));
#609=CARTESIAN_POINT('',(-3.4,-2.85,-30.5));
#610=CARTESIAN_POINT('',(-3.65,-3.1,-30.5));
#611=CARTESIAN_POINT('',(-3.4,-3.35,-30.25));
#612=CARTESIAN_POINT('',(-3.4,-3.35,-30.5));
#613=CARTESIAN_POINT('',(-3.65,-3.35,-30.5));
#614=CARTESIAN_POINT('',(-3.4,-3.35,7.5));
#615=CARTESIAN_POINT('',(-3.4,-3.35,-30.25));
#616=CARTESIAN_POINT('',(-3.65,-3.35,-30.5));
#617=CARTESIAN_POINT('',(-3.4,-3.35,7.5));
#618=CARTESIAN_POINT('',(-3.4,-3.85,7.5));
#619=CARTESIAN_POINT('',(-3.9,-3.85,7.5));
#620=CARTESIAN_POINT('',(-4.4,-3.85,7.5));
#621=CARTESIAN_POINT('',(-4.4,-3.35,7.5));
#622=CARTESIAN_POINT('',(-4.4,-2.85,7.5));
#623=CARTESIAN_POINT('',(-3.9,-2.85,7.5));
#624=CARTESIAN_POINT('',(-3.4,-2.85,7.5));
#625=CARTESIAN_POINT('',(-3.4,-3.35,7.5));
#626=CARTESIAN_POINT('',(-3.4,-3.35,-30.25));
#627=CARTESIAN_POINT('',(-3.4,-3.35,7.5));
#628=CARTESIAN_POINT('',(-3.4,-3.35,-30.25));
#629=CARTESIAN_POINT('',(-3.4,-3.85,-30.25));
#630=CARTESIAN_POINT('',(-3.9,-3.85,-30.25));
#631=CARTESIAN_POINT('',(-4.4,-3.85,-30.25));
#632=CARTESIAN_POINT('',(-4.4,-3.35,-30.25));
#633=CARTESIAN_POINT('',(-4.4,-2.85,-30.25));
#634=CARTESIAN_POINT('',(-3.9,-2.85,-30.25));
#635=CARTESIAN_POINT('',(-3.4,-2.85,-30.25));
#636=CARTESIAN_POINT('',(-3.4,-3.35,-30.25));
#637=CARTESIAN_POINT('',(-3.4,-3.35,-30.25));
#638=CARTESIAN_POINT('',(-3.4,-3.35,-30.5));
#639=CARTESIAN_POINT('',(-3.65,-3.35,-30.5));
#640=CARTESIAN_POINT('',(-3.65,-3.35,-30.5));
#641=CARTESIAN_POINT('',(-3.65,-3.6,-30.5));
#642=CARTESIAN_POINT('',(-3.9,-3.6,-30.5));
#643=CARTESIAN_POINT('',(-4.15,-3.6,-30.5));
#644=CARTESIAN_POINT('',(-4.15,-3.35,-30.5));
#645=CARTESIAN_POINT('',(-4.15,-3.1,-30.5));
#646=CARTESIAN_POINT('',(-3.9,-3.1,-30.5));
#647=CARTESIAN_POINT('',(-3.65,-3.1,-30.5));
#648=CARTESIAN_POINT('',(-3.65,-3.35,-30.5));
#649=CARTESIAN_POINT('',(-3.9,-1.7,3.5));
#650=CARTESIAN_POINT('',(-3.90001234173195,-1.7,5.27802684476047));
#651=CARTESIAN_POINT('',(-3.89992003312343,-1.7,8.06441163746041));
#652=CARTESIAN_POINT('',(-3.90109800138486,-1.7,11.1483451918567));
#653=CARTESIAN_POINT('',(-3.90522543545189,-1.7,12.6574573620202));
#654=CARTESIAN_POINT('',(-3.90986350586294,-1.7,13.4127000274703));
#655=CARTESIAN_POINT('',(-3.91857762730258,-1.7,13.9264112245118));
#656=CARTESIAN_POINT('',(-3.93004616972424,-1.7,14.2980075015339));
#657=CARTESIAN_POINT('',(-3.91912441441001,-1.7,14.5749705396934));
#658=CARTESIAN_POINT('',(-3.8452870211038,-1.7,14.8988602849383));
#659=CARTESIAN_POINT('',(-3.70276132380373,-1.7,15.2807858752653));
#660=CARTESIAN_POINT('',(-3.52656366119498,-1.7,15.6630894728737));
#661=CARTESIAN_POINT('',(-3.27977642773262,-1.7,16.1260056537476));
#662=CARTESIAN_POINT('',(-2.95081421597468,-1.7,16.6826082337539));
#663=CARTESIAN_POINT('',(-2.52804114511272,-1.7,17.3459853496282));
#664=CARTESIAN_POINT('',(-1.75472844708446,-1.7,18.490742790337));
#665=CARTESIAN_POINT('',(-0.4582681471367,-1.7,20.2829193483074));
#666=CARTESIAN_POINT('',(1.55497777546391,-1.7,22.9218483562189));
#667=CARTESIAN_POINT('',(3.11285939726999,-1.7,24.8908710260271));
#668=CARTESIAN_POINT('',(4.,-1.7,26.));
#669=CARTESIAN_POINT('',(-5.55,-1.7,3.5));
#670=CARTESIAN_POINT('',(-5.55001651721558,-1.7,5.27813169958339));
#671=CARTESIAN_POINT('',(-5.54990348405965,-1.7,8.0639287345037));
#672=CARTESIAN_POINT('',(-5.55113042016708,-1.7,11.1480552826191));
#673=CARTESIAN_POINT('',(-5.55513505513524,-1.7,12.6492910478482));
#674=CARTESIAN_POINT('',(-5.56015110086991,-1.7,13.4048650160483));
#675=CARTESIAN_POINT('',(-5.56736114386407,-1.7,13.870265231552));
#676=CARTESIAN_POINT('',(-5.58109651771932,-1.7,14.2831402821599));
#677=CARTESIAN_POINT('',(-5.56170041149482,-1.7,14.8199701062157));
#678=CARTESIAN_POINT('',(-5.42502864665792,-1.7,15.3904124426734));
#679=CARTESIAN_POINT('',(-5.22290032786807,-1.7,15.9258399492409));
#680=CARTESIAN_POINT('',(-5.00086339026435,-1.7,16.4060473096597));
#681=CARTESIAN_POINT('',(-4.71539370979761,-1.7,16.9403076691638));
#682=CARTESIAN_POINT('',(-4.35451760255538,-1.7,17.5504293195355));
#683=CARTESIAN_POINT('',(-3.90571509211817,-1.7,18.2543493016017));
#684=CARTESIAN_POINT('',(-3.10178863872814,-1.7,19.4441242799217));
#685=CARTESIAN_POINT('',(-1.77945935886895,-1.7,21.2715619239218));
#686=CARTESIAN_POINT('',(0.254125129388595,-1.7,23.937014258053));
#687=CARTESIAN_POINT('',(1.82044185382816,-1.7,25.916629897814));
#688=CARTESIAN_POINT('',(2.711566464419,-1.7,27.0307468284648));
#689=CARTESIAN_POINT('',(-5.55,-3.35,3.5));
#690=CARTESIAN_POINT('',(-5.55001651721558,-3.35,5.27813169958339));
#691=CARTESIAN_POINT('',(-5.54990348405964,-3.35,8.06392873450371));
#692=CARTESIAN_POINT('',(-5.55113042016708,-3.35,11.1480552826191));
#693=CARTESIAN_POINT('',(-5.55513505513525,-3.35,12.6492910478482));
#694=CARTESIAN_POINT('',(-5.56015110086991,-3.35,13.4048650160483));
#695=CARTESIAN_POINT('',(-5.56736114386407,-3.35,13.870265231552));
#696=CARTESIAN_POINT('',(-5.58109651771932,-3.35,14.2831402821599));
#697=CARTESIAN_POINT('',(-5.56170041149482,-3.35,14.8199701062157));
#698=CARTESIAN_POINT('',(-5.42502864665792,-3.35,15.3904124426734));
#699=CARTESIAN_POINT('',(-5.22290032786808,-3.35,15.9258399492409));
#700=CARTESIAN_POINT('',(-5.00086339026435,-3.35,16.4060473096597));
#701=CARTESIAN_POINT('',(-4.71539370979761,-3.35,16.9403076691637));
#702=CARTESIAN_POINT('',(-4.35451760255538,-3.35,17.5504293195355));
#703=CARTESIAN_POINT('',(-3.90571509211817,-3.35,18.2543493016017));
#704=CARTESIAN_POINT('',(-3.10178863872814,-3.35,19.4441242799217));
#705=CARTESIAN_POINT('',(-1.77945935886895,-3.35,21.2715619239218));
#706=CARTESIAN_POINT('',(0.254125129388592,-3.35,23.937014258053));
#707=CARTESIAN_POINT('',(1.82044185382815,-3.35,25.916629897814));
#708=CARTESIAN_POINT('',(2.711566464419,-3.35,27.0307468284648));
#709=CARTESIAN_POINT('',(-5.55,-5.,3.5));
#710=CARTESIAN_POINT('',(-5.55001651721558,-5.,5.27813169958339));
#711=CARTESIAN_POINT('',(-5.54990348405965,-5.,8.0639287345037));
#712=CARTESIAN_POINT('',(-5.55113042016708,-5.,11.1480552826191));
#713=CARTESIAN_POINT('',(-5.55513505513524,-5.,12.6492910478482));
#714=CARTESIAN_POINT('',(-5.56015110086991,-5.,13.4048650160483));
#715=CARTESIAN_POINT('',(-5.56736114386407,-5.,13.870265231552));
#716=CARTESIAN_POINT('',(-5.58109651771932,-5.,14.2831402821599));
#717=CARTESIAN_POINT('',(-5.56170041149482,-5.,14.8199701062157));
#718=CARTESIAN_POINT('',(-5.42502864665792,-5.,15.3904124426734));
#719=CARTESIAN_POINT('',(-5.22290032786807,-5.,15.9258399492409));
#720=CARTESIAN_POINT('',(-5.00086339026435,-5.,16.4060473096597));
#721=CARTESIAN_POINT('',(-4.71539370979761,-5.,16.9403076691638));
#722=CARTESIAN_POINT('',(-4.35451760255538,-5.,17.5504293195355));
#723=CARTESIAN_POINT('',(-3.90571509211817,-5.,18.2543493016017));
#724=CARTESIAN_POINT('',(-3.10178863872814,-5.,19.4441242799217));
#725=CARTESIAN_POINT('',(-1.77945935886895,-5.,21.2715619239218));
#726=CARTESIAN_POINT('',(0.254125129388595,-5.,23.937014258053));
#727=CARTESIAN_POINT('',(1.82044185382816,-5.,25.916629897814));
#728=CARTESIAN_POINT('',(2.711566464419,-5.,27.0307468284648));
#729=CARTESIAN_POINT('',(-3.9,-5.,3.5));
#730=CARTESIAN_POINT('',(-3.90001234173195,-5.,5.27802684476047));
#731=CARTESIAN_POINT('',(-3.89992003312343,-5.,8.06441163746041));
#732=CARTESIAN_POINT('',(-3.90109800138486,-5.,11.1483451918567));
#733=CARTESIAN_POINT('',(-3.90522543545189,-5.,12.6574573620202));
#734=CARTESIAN_POINT('',(-3.90986350586294,-5.,13.4127000274703));
#735=CARTESIAN_POINT('',(-3.91857762730258,-5.,13.9264112245118));
#736=CARTESIAN_POINT('',(-3.93004616972424,-5.,14.2980075015339));
#737=CARTESIAN_POINT('',(-3.91912441441001,-5.,14.5749705396934));
#738=CARTESIAN_POINT('',(-3.8452870211038,-5.,14.8988602849383));
#739=CARTESIAN_POINT('',(-3.70276132380373,-5.,15.2807858752653));
#740=CARTESIAN_POINT('',(-3.52656366119498,-5.,15.6630894728737));
#741=CARTESIAN_POINT('',(-3.27977642773262,-5.,16.1260056537476));
#742=CARTESIAN_POINT('',(-2.95081421597468,-5.,16.6826082337539));
#743=CARTESIAN_POINT('',(-2.52804114511272,-5.,17.3459853496282));
#744=CARTESIAN_POINT('',(-1.75472844708446,-5.,18.490742790337));
#745=CARTESIAN_POINT('',(-0.4582681471367,-5.,20.2829193483074));
#746=CARTESIAN_POINT('',(1.55497777546391,-5.,22.9218483562189));
#747=CARTESIAN_POINT('',(3.11285939726999,-5.,24.8908710260271));
#748=CARTESIAN_POINT('',(4.,-5.,26.));
#749=CARTESIAN_POINT('',(-2.25,-5.,3.5));
#750=CARTESIAN_POINT('',(-2.25000816624831,-5.,5.27792198993755));
#751=CARTESIAN_POINT('',(-2.24993658218722,-5.,8.06489454041709));
#752=CARTESIAN_POINT('',(-2.25106558260263,-5.,11.1486351010942));
#753=CARTESIAN_POINT('',(-2.25531581576854,-5.,12.6656236761922));
#754=CARTESIAN_POINT('',(-2.25957591085598,-5.,13.4205350388924));
#755=CARTESIAN_POINT('',(-2.26979411074109,-5.,13.9825572174716));
#756=CARTESIAN_POINT('',(-2.27899582172915,-5.,14.3128747209079));
#757=CARTESIAN_POINT('',(-2.27654841732519,-5.,14.3299709731711));
#758=CARTESIAN_POINT('',(-2.26554539554969,-5.,14.4073081272031));
#759=CARTESIAN_POINT('',(-2.18262231973939,-5.,14.6357318012896));
#760=CARTESIAN_POINT('',(-2.05226393212561,-5.,14.9201316360876));
#761=CARTESIAN_POINT('',(-1.84415914566763,-5.,15.3117036383314));
#762=CARTESIAN_POINT('',(-1.54711082939399,-5.,15.8147871479722));
#763=CARTESIAN_POINT('',(-1.15036719810728,-5.,16.4376213976546));
#764=CARTESIAN_POINT('',(-0.40766825544077,-5.,17.5373613007524));
#765=CARTESIAN_POINT('',(0.862923064595549,-5.,19.2942767726931));
#766=CARTESIAN_POINT('',(2.85583042153922,-5.,21.9066824543848));
#767=CARTESIAN_POINT('',(4.40527694071182,-5.,23.8651121542401));
#768=CARTESIAN_POINT('',(5.288433535581,-5.,24.9692531715352));
#769=CARTESIAN_POINT('',(-2.25,-3.35,3.5));
#770=CARTESIAN_POINT('',(-2.25000816624831,-3.35,5.27792198993756));
#771=CARTESIAN_POINT('',(-2.24993658218722,-3.35,8.0648945404171));
#772=CARTESIAN_POINT('',(-2.25106558260263,-3.35,11.1486351010942));
#773=CARTESIAN_POINT('',(-2.25531581576854,-3.35,12.6656236761922));
#774=CARTESIAN_POINT('',(-2.25957591085598,-3.35,13.4205350388924));
#775=CARTESIAN_POINT('',(-2.26979411074109,-3.35,13.9825572174716));
#776=CARTESIAN_POINT('',(-2.27899582172915,-3.35,14.3128747209079));
#777=CARTESIAN_POINT('',(-2.27654841732519,-3.35,14.3299709731711));
#778=CARTESIAN_POINT('',(-2.26554539554969,-3.35,14.4073081272031));
#779=CARTESIAN_POINT('',(-2.18262231973939,-3.35,14.6357318012896));
#780=CARTESIAN_POINT('',(-2.05226393212561,-3.35,14.9201316360876));
#781=CARTESIAN_POINT('',(-1.84415914566763,-3.35,15.3117036383314));
#782=CARTESIAN_POINT('',(-1.54711082939399,-3.35,15.8147871479722));
#783=CARTESIAN_POINT('',(-1.15036719810728,-3.35,16.4376213976546));
#784=CARTESIAN_POINT('',(-0.407668255440772,-3.35,17.5373613007524));
#785=CARTESIAN_POINT('',(0.86292306459555,-3.35,19.2942767726931));
#786=CARTESIAN_POINT('',(2.85583042153922,-3.35,21.9066824543848));
#787=CARTESIAN_POINT('',(4.40527694071182,-3.35,23.8651121542401));
#788=CARTESIAN_POINT('',(5.288433535581,-3.35,24.9692531715352));
#789=CARTESIAN_POINT('',(-2.25,-1.7,3.5));
#790=CARTESIAN_POINT('',(-2.25000816624831,-1.7,5.27792198993755));
#791=CARTESIAN_POINT('',(-2.24993658218722,-1.7,8.06489454041709));
#792=CARTESIAN_POINT('',(-2.25106558260263,-1.7,11.1486351010942));
#793=CARTESIAN_POINT('',(-2.25531581576854,-1.7,12.6656236761922));
#794=CARTESIAN_POINT('',(-2.25957591085598,-1.7,13.4205350388924));
#795=CARTESIAN_POINT('',(-2.26979411074109,-1.7,13.9825572174716));
#796=CARTESIAN_POINT('',(-2.27899582172915,-1.7,14.3128747209079));
#797=CARTESIAN_POINT('',(-2.27654841732519,-1.7,14.3299709731711));
#798=CARTESIAN_POINT('',(-2.26554539554969,-1.7,14.4073081272031));
#799=CARTESIAN_POINT('',(-2.18262231973939,-1.7,14.6357318012896));
#800=CARTESIAN_POINT('',(-2.05226393212561,-1.7,14.9201316360876));
#801=CARTESIAN_POINT('',(-1.84415914566763,-1.7,15.3117036383314));
#802=CARTESIAN_POINT('',(-1.54711082939399,-1.7,15.8147871479722));
#803=CARTESIAN_POINT('',(-1.15036719810728,-1.7,16.4376213976546));
#804=CARTESIAN_POINT('',(-0.40766825544077,-1.7,17.5373613007524));
#805=CARTESIAN_POINT('',(0.862923064595549,-1.7,19.2942767726931));
#806=CARTESIAN_POINT('',(2.85583042153922,-1.7,21.9066824543848));
#807=CARTESIAN_POINT('',(4.40527694071182,-1.7,23.8651121542401));
#808=CARTESIAN_POINT('',(5.288433535581,-1.7,24.9692531715352));
#809=CARTESIAN_POINT('',(-3.9,-1.7,3.5));
#810=CARTESIAN_POINT('',(-3.90001234173195,-1.7,5.27802684476047));
#811=CARTESIAN_POINT('',(-3.89992003312343,-1.7,8.06441163746041));
#812=CARTESIAN_POINT('',(-3.90109800138486,-1.7,11.1483451918567));
#813=CARTESIAN_POINT('',(-3.90522543545189,-1.7,12.6574573620202));
#814=CARTESIAN_POINT('',(-3.90986350586294,-1.7,13.4127000274703));
#815=CARTESIAN_POINT('',(-3.91857762730258,-1.7,13.9264112245118));
#816=CARTESIAN_POINT('',(-3.93004616972424,-1.7,14.2980075015339));
#817=CARTESIAN_POINT('',(-3.91912441441001,-1.7,14.5749705396934));
#818=CARTESIAN_POINT('',(-3.8452870211038,-1.7,14.8988602849383));
#819=CARTESIAN_POINT('',(-3.70276132380373,-1.7,15.2807858752653));
#820=CARTESIAN_POINT('',(-3.52656366119498,-1.7,15.6630894728737));
#821=CARTESIAN_POINT('',(-3.27977642773262,-1.7,16.1260056537476));
#822=CARTESIAN_POINT('',(-2.95081421597468,-1.7,16.6826082337539));
#823=CARTESIAN_POINT('',(-2.52804114511272,-1.7,17.3459853496282));
#824=CARTESIAN_POINT('',(-1.75472844708446,-1.7,18.490742790337));
#825=CARTESIAN_POINT('',(-0.4582681471367,-1.7,20.2829193483074));
#826=CARTESIAN_POINT('',(1.55497777546391,-1.7,22.9218483562189));
#827=CARTESIAN_POINT('',(3.11285939726999,-1.7,24.8908710260271));
#828=CARTESIAN_POINT('',(4.,-1.7,26.));
#829=CARTESIAN_POINT('',(-3.9,-3.35,1.85));
#830=CARTESIAN_POINT('',(-3.9,-3.35,1.85));
#831=CARTESIAN_POINT('',(-3.9,-3.35,1.85));
#832=CARTESIAN_POINT('',(-3.9,-3.35,1.85));
#833=CARTESIAN_POINT('',(-3.9,-3.35,1.85));
#834=CARTESIAN_POINT('',(-3.9,-3.35,1.85));
#835=CARTESIAN_POINT('',(-3.9,-3.35,1.85));
#836=CARTESIAN_POINT('',(-3.9,-3.35,1.85));
#837=CARTESIAN_POINT('',(-3.9,-3.35,1.85));
#838=CARTESIAN_POINT('',(-3.9,-1.7,1.85));
#839=CARTESIAN_POINT('',(-2.25,-1.7,1.85));
#840=CARTESIAN_POINT('',(-2.25,-3.35,1.85));
#841=CARTESIAN_POINT('',(-2.25,-5.,1.85));
#842=CARTESIAN_POINT('',(-3.9,-5.,1.85));
#843=CARTESIAN_POINT('',(-5.55,-5.,1.85));
#844=CARTESIAN_POINT('',(-5.55,-3.35,1.85));
#845=CARTESIAN_POINT('',(-5.55,-1.7,1.85));
#846=CARTESIAN_POINT('',(-3.9,-1.7,1.85));
#847=CARTESIAN_POINT('',(-3.9,-1.7,3.5));
#848=CARTESIAN_POINT('',(-2.25,-1.7,3.5));
#849=CARTESIAN_POINT('',(-2.25,-3.35,3.5));
#850=CARTESIAN_POINT('',(-2.25,-5.,3.5));
#851=CARTESIAN_POINT('',(-3.9,-5.,3.5));
#852=CARTESIAN_POINT('',(-5.55,-5.,3.5));
#853=CARTESIAN_POINT('',(-5.55,-3.35,3.5));
#854=CARTESIAN_POINT('',(-5.55,-1.7,3.5));
#855=CARTESIAN_POINT('',(-3.9,-1.7,3.5));
#856=CARTESIAN_POINT('',(5.03083576210846,-3.35,27.2885447026356));
#857=CARTESIAN_POINT('',(5.56455496771158,-3.35,26.8615693381531));
#858=CARTESIAN_POINT('',(5.6400049569552,-3.35,26.1822524375627));
#859=CARTESIAN_POINT('',(5.71545494619883,-3.35,25.5029355369723));
#860=CARTESIAN_POINT('',(5.288433535581,-3.35,24.9692531715352));
#861=CARTESIAN_POINT('',(5.03083576210846,-3.35,27.2885447026356));
#862=CARTESIAN_POINT('',(5.56455496771158,-4.03349407627615,26.8615693381531));
#863=CARTESIAN_POINT('',(5.6400049569552,-4.51677652306814,26.1822524375627));
#864=CARTESIAN_POINT('',(5.71545494619883,-5.00005896986013,25.5029355369723));
#865=CARTESIAN_POINT('',(5.288433535581,-5.,24.9692531715352));
#866=CARTESIAN_POINT('',(5.03083576210846,-3.35,27.2885447026356));
#867=CARTESIAN_POINT('',(5.03083576210846,-4.03349407627615,27.2885447026356));
#868=CARTESIAN_POINT('',(4.7289055625009,-4.51677652306814,26.9111319531261));
#869=CARTESIAN_POINT('',(4.42697536289335,-5.00005896986013,26.5337192036167));
#870=CARTESIAN_POINT('',(4.,-5.,26.));
#871=CARTESIAN_POINT('',(5.03083576210846,-3.35,27.2885447026356));
#872=CARTESIAN_POINT('',(4.49711655650533,-4.03349407627615,27.7155200671181));
#873=CARTESIAN_POINT('',(3.8178061680466,-4.51677652306814,27.6400114686896));
#874=CARTESIAN_POINT('',(3.13849577958788,-5.00005896986013,27.5645028702611));
#875=CARTESIAN_POINT('',(2.711566464419,-5.,27.0307468284648));
#876=CARTESIAN_POINT('',(5.03083576210846,-3.35,27.2885447026356));
#877=CARTESIAN_POINT('',(4.49711655650533,-3.35,27.7155200671181));
#878=CARTESIAN_POINT('',(3.8178061680466,-3.35,27.6400114686896));
#879=CARTESIAN_POINT('',(3.13849577958788,-3.35,27.5645028702611));
#880=CARTESIAN_POINT('',(2.711566464419,-3.35,27.0307468284648));
#881=CARTESIAN_POINT('',(5.03083576210846,-3.35,27.2885447026356));
#882=CARTESIAN_POINT('',(4.49711655650533,-2.66650592372385,27.7155200671181));
#883=CARTESIAN_POINT('',(3.81780616804661,-2.18322347693186,27.6400114686896));
#884=CARTESIAN_POINT('',(3.13849577958788,-1.69994103013987,27.5645028702611));
#885=CARTESIAN_POINT('',(2.711566464419,-1.7,27.0307468284648));
#886=CARTESIAN_POINT('',(5.03083576210846,-3.35,27.2885447026356));
#887=CARTESIAN_POINT('',(5.03083576210846,-2.66650592372385,27.2885447026356));
#888=CARTESIAN_POINT('',(4.7289055625009,-2.18322347693186,26.9111319531261));
#889=CARTESIAN_POINT('',(4.42697536289335,-1.69994103013987,26.5337192036167));
#890=CARTESIAN_POINT('',(4.,-1.7,26.));
#891=CARTESIAN_POINT('',(5.03083576210846,-3.35,27.2885447026356));
#892=CARTESIAN_POINT('',(5.56455496771158,-2.66650592372385,26.8615693381531));
#893=CARTESIAN_POINT('',(5.6400049569552,-2.18322347693186,26.1822524375627));
#894=CARTESIAN_POINT('',(5.71545494619883,-1.69994103013987,25.5029355369723));
#895=CARTESIAN_POINT('',(5.288433535581,-1.7,24.9692531715352));
#896=CARTESIAN_POINT('',(5.03083576210846,-3.35,27.2885447026356));
#897=CARTESIAN_POINT('',(5.56455496771158,-3.35,26.8615693381531));
#898=CARTESIAN_POINT('',(5.6400049569552,-3.35,26.1822524375627));
#899=CARTESIAN_POINT('',(5.71545494619883,-3.35,25.5029355369723));
#900=CARTESIAN_POINT('',(5.288433535581,-3.35,24.9692531715352));
#901=CARTESIAN_POINT('',(3.9,3.35,1.85));
#902=CARTESIAN_POINT('',(3.9,3.35,1.85));
#903=CARTESIAN_POINT('',(3.9,3.35,1.85));
#904=CARTESIAN_POINT('',(3.9,3.35,1.85));
#905=CARTESIAN_POINT('',(3.9,3.35,1.85));
#906=CARTESIAN_POINT('',(3.9,3.35,1.85));
#907=CARTESIAN_POINT('',(3.9,3.35,1.85));
#908=CARTESIAN_POINT('',(3.9,3.35,1.85));
#909=CARTESIAN_POINT('',(3.9,3.35,1.85));
#910=CARTESIAN_POINT('',(3.9,5.,1.85));
#911=CARTESIAN_POINT('',(5.55,5.,1.85));
#912=CARTESIAN_POINT('',(5.55,3.35,1.85));
#913=CARTESIAN_POINT('',(5.55,1.7,1.85));
#914=CARTESIAN_POINT('',(3.9,1.7,1.85));
#915=CARTESIAN_POINT('',(2.25,1.7,1.85));
#916=CARTESIAN_POINT('',(2.25,3.35,1.85));
#917=CARTESIAN_POINT('',(2.25,5.,1.85));
#918=CARTESIAN_POINT('',(3.9,5.,1.85));
#919=CARTESIAN_POINT('',(3.9,5.,3.5));
#920=CARTESIAN_POINT('',(5.55,5.,3.5));
#921=CARTESIAN_POINT('',(5.55,3.35,3.5));
#922=CARTESIAN_POINT('',(5.55,1.7,3.5));
#923=CARTESIAN_POINT('',(3.9,1.7,3.5));
#924=CARTESIAN_POINT('',(2.25,1.7,3.5));
#925=CARTESIAN_POINT('',(2.25,3.35,3.5));
#926=CARTESIAN_POINT('',(2.25,5.,3.5));
#927=CARTESIAN_POINT('',(3.9,5.,3.5));
#928=CARTESIAN_POINT('',(15.5,3.35,23.));
#929=CARTESIAN_POINT('',(15.5,3.35,7.49999999999999));
#930=CARTESIAN_POINT('',(-3.5527136788005E-15,3.35,7.5));
#931=CARTESIAN_POINT('',(-15.5,3.35,7.5));
#932=CARTESIAN_POINT('',(-15.5,3.35,23.));
#933=CARTESIAN_POINT('',(-15.5,3.35,38.5));
#934=CARTESIAN_POINT('',(1.77635683940025E-15,3.35,38.5));
#935=CARTESIAN_POINT('',(15.5,3.35,38.5));
#936=CARTESIAN_POINT('',(15.5,3.35,23.));
#937=CARTESIAN_POINT('',(15.5,-3.35,23.));
#938=CARTESIAN_POINT('',(15.5,-3.35,7.49999999999999));
#939=CARTESIAN_POINT('',(-3.5527136788005E-15,-3.35,7.5));
#940=CARTESIAN_POINT('',(-15.5,-3.35,7.5));
#941=CARTESIAN_POINT('',(-15.5,-3.35,23.));
#942=CARTESIAN_POINT('',(-15.5,-3.35,38.5));
#943=CARTESIAN_POINT('',(1.77635683940025E-15,-3.35,38.5));
#944=CARTESIAN_POINT('',(15.5,-3.35,38.5));
#945=CARTESIAN_POINT('',(15.5,-3.35,23.));
#946=CARTESIAN_POINT('',(15.5,1.35,23.));
#947=CARTESIAN_POINT('',(15.5,3.35,23.));
#948=CARTESIAN_POINT('',(13.5,3.35,23.));
#949=CARTESIAN_POINT('',(15.5,1.35,7.5));
#950=CARTESIAN_POINT('',(15.5,3.35,7.49999999999997));
#951=CARTESIAN_POINT('',(13.5,3.35,9.49999999999996));
#952=CARTESIAN_POINT('',(3.21064285865689E-16,1.35,7.5));
#953=CARTESIAN_POINT('',(3.21064285865691E-16,3.35,7.49999999999997));
#954=CARTESIAN_POINT('',(1.98599605950955E-16,3.35,9.49999999999996));
#955=CARTESIAN_POINT('',(-15.5,1.35,7.5));
#956=CARTESIAN_POINT('',(-15.5,3.35,7.49999999999997));
#957=CARTESIAN_POINT('',(-13.5,3.35,9.49999999999996));
#958=CARTESIAN_POINT('',(-15.5,1.35,23.));
#959=CARTESIAN_POINT('',(-15.5,3.35,23.));
#960=CARTESIAN_POINT('',(-13.5,3.35,23.));
#961=CARTESIAN_POINT('',(-15.5,1.35,38.5));
#962=CARTESIAN_POINT('',(-15.5,3.35,38.5));
#963=CARTESIAN_POINT('',(-13.5,3.35,36.5));
#964=CARTESIAN_POINT('',(-3.47534079149111E-15,1.35,38.5));
#965=CARTESIAN_POINT('',(-3.47534079149111E-15,3.35,38.5));
#966=CARTESIAN_POINT('',(-3.10794675174691E-15,3.35,36.5));
#967=CARTESIAN_POINT('',(15.5,1.35,38.5));
#968=CARTESIAN_POINT('',(15.5,3.35,38.5));
#969=CARTESIAN_POINT('',(13.5,3.35,36.5));
#970=CARTESIAN_POINT('',(15.5,1.35,23.));
#971=CARTESIAN_POINT('',(15.5,3.35,23.));
#972=CARTESIAN_POINT('',(13.5,3.35,23.));
#973=CARTESIAN_POINT('',(15.5,-1.35,23.));
#974=CARTESIAN_POINT('',(15.5,-1.35,7.5));
#975=CARTESIAN_POINT('',(3.21064285865689E-16,-1.35,7.5));
#976=CARTESIAN_POINT('',(-15.5,-1.35,7.5));
#977=CARTESIAN_POINT('',(-15.5,-1.35,23.));
#978=CARTESIAN_POINT('',(-15.5,-1.35,38.5));
#979=CARTESIAN_POINT('',(-3.47534079149111E-15,-1.35,38.5));
#980=CARTESIAN_POINT('',(15.5,-1.35,38.5));
#981=CARTESIAN_POINT('',(15.5,-1.35,23.));
#982=CARTESIAN_POINT('',(15.5,-3.35,23.));
#983=CARTESIAN_POINT('',(15.5,-3.35,7.49999999999997));
#984=CARTESIAN_POINT('',(3.21064285865691E-16,-3.35,7.49999999999997));
#985=CARTESIAN_POINT('',(-15.5,-3.35,7.49999999999997));
#986=CARTESIAN_POINT('',(-15.5,-3.35,23.));
#987=CARTESIAN_POINT('',(-15.5,-3.35,38.5));
#988=CARTESIAN_POINT('',(-3.47534079149111E-15,-3.35,38.5));
#989=CARTESIAN_POINT('',(15.5,-3.35,38.5));
#990=CARTESIAN_POINT('',(15.5,-3.35,23.));
#991=CARTESIAN_POINT('',(13.5,-3.35,23.));
#992=CARTESIAN_POINT('',(13.5,-3.35,9.49999999999997));
#993=CARTESIAN_POINT('',(1.98599605950955E-16,-3.35,9.49999999999997));
#994=CARTESIAN_POINT('',(-13.5,-3.35,9.49999999999997));
#995=CARTESIAN_POINT('',(-13.5,-3.35,23.));
#996=CARTESIAN_POINT('',(-13.5,-3.35,36.5));
#997=CARTESIAN_POINT('',(-3.10794675174691E-15,-3.35,36.5));
#998=CARTESIAN_POINT('',(13.5,-3.35,36.5));
#999=CARTESIAN_POINT('',(13.5,-3.35,23.));
#1000=CARTESIAN_POINT('',(3.9,5.,3.5));
#1001=CARTESIAN_POINT('',(3.90001234173195,5.,5.27802684476047));
#1002=CARTESIAN_POINT('',(3.89992003312343,5.,8.06441163746041));
#1003=CARTESIAN_POINT('',(3.90109800138486,5.,11.1483451918567));
#1004=CARTESIAN_POINT('',(3.90522543545189,5.,12.6574573620202));
#1005=CARTESIAN_POINT('',(3.90986350586294,5.,13.4127000274703));
#1006=CARTESIAN_POINT('',(3.91857762730258,5.,13.9264112245118));
#1007=CARTESIAN_POINT('',(3.93004616972424,5.,14.2980075015339));
#1008=CARTESIAN_POINT('',(3.91912441441001,5.,14.5749705396934));
#1009=CARTESIAN_POINT('',(3.8452870211038,5.,14.8988602849383));
#1010=CARTESIAN_POINT('',(3.70276132380373,5.,15.2807858752653));
#1011=CARTESIAN_POINT('',(3.52656366119498,5.,15.6630894728737));
#1012=CARTESIAN_POINT('',(3.27977642773262,5.,16.1260056537476));
#1013=CARTESIAN_POINT('',(2.95081421597468,5.,16.6826082337539));
#1014=CARTESIAN_POINT('',(2.52804114511272,5.,17.3459853496282));
#1015=CARTESIAN_POINT('',(1.75472844708446,5.,18.490742790337));
#1016=CARTESIAN_POINT('',(0.4582681471367,5.,20.2829193483074));
#1017=CARTESIAN_POINT('',(-1.55497777546391,5.,22.9218483562189));
#1018=CARTESIAN_POINT('',(-3.11285939726999,5.,24.8908710260271));
#1019=CARTESIAN_POINT('',(-4.,5.,26.));
#1020=CARTESIAN_POINT('',(2.25,5.,3.5));
#1021=CARTESIAN_POINT('',(2.25000816624831,5.,5.27792198993755));
#1022=CARTESIAN_POINT('',(2.24993658218722,5.,8.06489454041709));
#1023=CARTESIAN_POINT('',(2.25106558260263,5.,11.1486351010942));
#1024=CARTESIAN_POINT('',(2.25531581576854,5.,12.6656236761922));
#1025=CARTESIAN_POINT('',(2.25957591085598,5.,13.4205350388924));
#1026=CARTESIAN_POINT('',(2.26979411074109,5.,13.9825572174716));
#1027=CARTESIAN_POINT('',(2.27899582172915,5.,14.3128747209079));
#1028=CARTESIAN_POINT('',(2.27654841732519,5.,14.3299709731711));
#1029=CARTESIAN_POINT('',(2.26554539554969,5.,14.4073081272031));
#1030=CARTESIAN_POINT('',(2.18262231973939,5.,14.6357318012896));
#1031=CARTESIAN_POINT('',(2.05226393212561,5.,14.9201316360876));
#1032=CARTESIAN_POINT('',(1.84415914566763,5.,15.3117036383314));
#1033=CARTESIAN_POINT('',(1.54711082939399,5.,15.8147871479722));
#1034=CARTESIAN_POINT('',(1.15036719810728,5.,16.4376213976546));
#1035=CARTESIAN_POINT('',(0.40766825544077,5.,17.5373613007524));
#1036=CARTESIAN_POINT('',(-0.862923064595549,5.,19.2942767726931));
#1037=CARTESIAN_POINT('',(-2.85583042153922,5.,21.9066824543848));
#1038=CARTESIAN_POINT('',(-4.40527694071182,5.,23.8651121542401));
#1039=CARTESIAN_POINT('',(-5.288433535581,5.,24.9692531715352));
#1040=CARTESIAN_POINT('',(2.25,3.35,3.5));
#1041=CARTESIAN_POINT('',(2.25000816624831,3.35,5.27792198993756));
#1042=CARTESIAN_POINT('',(2.24993658218722,3.35,8.0648945404171));
#1043=CARTESIAN_POINT('',(2.25106558260263,3.35,11.1486351010942));
#1044=CARTESIAN_POINT('',(2.25531581576854,3.35,12.6656236761922));
#1045=CARTESIAN_POINT('',(2.25957591085598,3.35,13.4205350388924));
#1046=CARTESIAN_POINT('',(2.26979411074109,3.35,13.9825572174716));
#1047=CARTESIAN_POINT('',(2.27899582172915,3.35,14.3128747209079));
#1048=CARTESIAN_POINT('',(2.27654841732519,3.35,14.3299709731711));
#1049=CARTESIAN_POINT('',(2.26554539554969,3.35,14.4073081272031));
#1050=CARTESIAN_POINT('',(2.18262231973939,3.35,14.6357318012896));
#1051=CARTESIAN_POINT('',(2.05226393212561,3.35,14.9201316360876));
#1052=CARTESIAN_POINT('',(1.84415914566763,3.35,15.3117036383314));
#1053=CARTESIAN_POINT('',(1.54711082939399,3.35,15.8147871479722));
#1054=CARTESIAN_POINT('',(1.15036719810728,3.35,16.4376213976546));
#1055=CARTESIAN_POINT('',(0.407668255440772,3.35,17.5373613007524));
#1056=CARTESIAN_POINT('',(-0.86292306459555,3.35,19.2942767726931));
#1057=CARTESIAN_POINT('',(-2.85583042153922,3.35,21.9066824543848));
#1058=CARTESIAN_POINT('',(-4.40527694071182,3.35,23.8651121542401));
#1059=CARTESIAN_POINT('',(-5.288433535581,3.35,24.9692531715352));
#1060=CARTESIAN_POINT('',(2.25,1.7,3.5));
#1061=CARTESIAN_POINT('',(2.25000816624831,1.7,5.27792198993755));
#1062=CARTESIAN_POINT('',(2.24993658218722,1.7,8.06489454041709));
#1063=CARTESIAN_POINT('',(2.25106558260263,1.7,11.1486351010942));
#1064=CARTESIAN_POINT('',(2.25531581576854,1.7,12.6656236761922));
#1065=CARTESIAN_POINT('',(2.25957591085598,1.7,13.4205350388924));
#1066=CARTESIAN_POINT('',(2.26979411074109,1.7,13.9825572174716));
#1067=CARTESIAN_POINT('',(2.27899582172915,1.7,14.3128747209079));
#1068=CARTESIAN_POINT('',(2.27654841732519,1.7,14.3299709731711));
#1069=CARTESIAN_POINT('',(2.26554539554969,1.7,14.4073081272031));
#1070=CARTESIAN_POINT('',(2.18262231973939,1.7,14.6357318012896));
#1071=CARTESIAN_POINT('',(2.05226393212561,1.7,14.9201316360876));
#1072=CARTESIAN_POINT('',(1.84415914566763,1.7,15.3117036383314));
#1073=CARTESIAN_POINT('',(1.54711082939399,1.7,15.8147871479722));
#1074=CARTESIAN_POINT('',(1.15036719810728,1.7,16.4376213976546));
#1075=CARTESIAN_POINT('',(0.40766825544077,1.7,17.5373613007524));
#1076=CARTESIAN_POINT('',(-0.862923064595549,1.7,19.2942767726931));
#1077=CARTESIAN_POINT('',(-2.85583042153922,1.7,21.9066824543848));
#1078=CARTESIAN_POINT('',(-4.40527694071182,1.7,23.8651121542401));
#1079=CARTESIAN_POINT('',(-5.288433535581,1.7,24.9692531715352));
#1080=CARTESIAN_POINT('',(3.9,1.7,3.5));
#1081=CARTESIAN_POINT('',(3.90001234173195,1.7,5.27802684476047));
#1082=CARTESIAN_POINT('',(3.89992003312343,1.7,8.06441163746041));
#1083=CARTESIAN_POINT('',(3.90109800138486,1.7,11.1483451918567));
#1084=CARTESIAN_POINT('',(3.90522543545189,1.7,12.6574573620202));
#1085=CARTESIAN_POINT('',(3.90986350586294,1.7,13.4127000274703));
#1086=CARTESIAN_POINT('',(3.91857762730258,1.7,13.9264112245118));
#1087=CARTESIAN_POINT('',(3.93004616972424,1.7,14.2980075015339));
#1088=CARTESIAN_POINT('',(3.91912441441001,1.7,14.5749705396934));
#1089=CARTESIAN_POINT('',(3.8452870211038,1.7,14.8988602849383));
#1090=CARTESIAN_POINT('',(3.70276132380373,1.7,15.2807858752653));
#1091=CARTESIAN_POINT('',(3.52656366119498,1.7,15.6630894728737));
#1092=CARTESIAN_POINT('',(3.27977642773262,1.7,16.1260056537476));
#1093=CARTESIAN_POINT('',(2.95081421597468,1.7,16.6826082337539));
#1094=CARTESIAN_POINT('',(2.52804114511272,1.7,17.3459853496282));
#1095=CARTESIAN_POINT('',(1.75472844708446,1.7,18.490742790337));
#1096=CARTESIAN_POINT('',(0.4582681471367,1.7,20.2829193483074));
#1097=CARTESIAN_POINT('',(-1.55497777546391,1.7,22.9218483562189));
#1098=CARTESIAN_POINT('',(-3.11285939726999,1.7,24.8908710260271));
#1099=CARTESIAN_POINT('',(-4.,1.7,26.));
#1100=CARTESIAN_POINT('',(5.55,1.7,3.5));
#1101=CARTESIAN_POINT('',(5.55001651721558,1.7,5.27813169958339));
#1102=CARTESIAN_POINT('',(5.54990348405965,1.7,8.0639287345037));
#1103=CARTESIAN_POINT('',(5.55113042016708,1.7,11.1480552826191));
#1104=CARTESIAN_POINT('',(5.55513505513524,1.7,12.6492910478482));
#1105=CARTESIAN_POINT('',(5.56015110086991,1.7,13.4048650160483));
#1106=CARTESIAN_POINT('',(5.56736114386407,1.7,13.870265231552));
#1107=CARTESIAN_POINT('',(5.58109651771932,1.7,14.2831402821599));
#1108=CARTESIAN_POINT('',(5.56170041149482,1.7,14.8199701062157));
#1109=CARTESIAN_POINT('',(5.42502864665792,1.7,15.3904124426734));
#1110=CARTESIAN_POINT('',(5.22290032786807,1.7,15.9258399492409));
#1111=CARTESIAN_POINT('',(5.00086339026435,1.7,16.4060473096597));
#1112=CARTESIAN_POINT('',(4.71539370979761,1.7,16.9403076691638));
#1113=CARTESIAN_POINT('',(4.35451760255538,1.7,17.5504293195355));
#1114=CARTESIAN_POINT('',(3.90571509211817,1.7,18.2543493016017));
#1115=CARTESIAN_POINT('',(3.10178863872814,1.7,19.4441242799217));
#1116=CARTESIAN_POINT('',(1.77945935886895,1.7,21.2715619239218));
#1117=CARTESIAN_POINT('',(-0.254125129388595,1.7,23.937014258053));
#1118=CARTESIAN_POINT('',(-1.82044185382816,1.7,25.916629897814));
#1119=CARTESIAN_POINT('',(-2.711566464419,1.7,27.0307468284648));
#1120=CARTESIAN_POINT('',(5.55,3.35,3.5));
#1121=CARTESIAN_POINT('',(5.55001651721558,3.35,5.27813169958339));
#1122=CARTESIAN_POINT('',(5.54990348405964,3.35,8.06392873450371));
#1123=CARTESIAN_POINT('',(5.55113042016708,3.35,11.1480552826191));
#1124=CARTESIAN_POINT('',(5.55513505513525,3.35,12.6492910478482));
#1125=CARTESIAN_POINT('',(5.56015110086991,3.35,13.4048650160483));
#1126=CARTESIAN_POINT('',(5.56736114386407,3.35,13.870265231552));
#1127=CARTESIAN_POINT('',(5.58109651771932,3.35,14.2831402821599));
#1128=CARTESIAN_POINT('',(5.56170041149482,3.35,14.8199701062157));
#1129=CARTESIAN_POINT('',(5.42502864665792,3.35,15.3904124426734));
#1130=CARTESIAN_POINT('',(5.22290032786808,3.35,15.9258399492409));
#1131=CARTESIAN_POINT('',(5.00086339026435,3.35,16.4060473096597));
#1132=CARTESIAN_POINT('',(4.71539370979761,3.35,16.9403076691637));
#1133=CARTESIAN_POINT('',(4.35451760255538,3.35,17.5504293195355));
#1134=CARTESIAN_POINT('',(3.90571509211817,3.35,18.2543493016017));
#1135=CARTESIAN_POINT('',(3.10178863872814,3.35,19.4441242799217));
#1136=CARTESIAN_POINT('',(1.77945935886895,3.35,21.2715619239218));
#1137=CARTESIAN_POINT('',(-0.254125129388592,3.35,23.937014258053));
#1138=CARTESIAN_POINT('',(-1.82044185382815,3.35,25.916629897814));
#1139=CARTESIAN_POINT('',(-2.711566464419,3.35,27.0307468284648));
#1140=CARTESIAN_POINT('',(5.55,5.,3.5));
#1141=CARTESIAN_POINT('',(5.55001651721558,5.,5.27813169958339));
#1142=CARTESIAN_POINT('',(5.54990348405964,5.,8.0639287345037));
#1143=CARTESIAN_POINT('',(5.55113042016708,5.,11.1480552826191));
#1144=CARTESIAN_POINT('',(5.55513505513524,5.,12.6492910478482));
#1145=CARTESIAN_POINT('',(5.56015110086991,5.,13.4048650160482));
#1146=CARTESIAN_POINT('',(5.56736114386407,5.,13.870265231552));
#1147=CARTESIAN_POINT('',(5.58109651771932,5.,14.2831402821599));
#1148=CARTESIAN_POINT('',(5.56170041149482,5.,14.8199701062157));
#1149=CARTESIAN_POINT('',(5.42502864665792,5.,15.3904124426734));
#1150=CARTESIAN_POINT('',(5.22290032786808,5.,15.9258399492409));
#1151=CARTESIAN_POINT('',(5.00086339026435,5.,16.4060473096597));
#1152=CARTESIAN_POINT('',(4.71539370979761,5.,16.9403076691637));
#1153=CARTESIAN_POINT('',(4.35451760255538,5.,17.5504293195355));
#1154=CARTESIAN_POINT('',(3.90571509211817,5.,18.2543493016017));
#1155=CARTESIAN_POINT('',(3.10178863872814,5.,19.4441242799217));
#1156=CARTESIAN_POINT('',(1.77945935886895,5.,21.2715619239218));
#1157=CARTESIAN_POINT('',(-0.254125129388593,5.,23.937014258053));
#1158=CARTESIAN_POINT('',(-1.82044185382816,5.,25.916629897814));
#1159=CARTESIAN_POINT('',(-2.711566464419,5.,27.0307468284648));
#1160=CARTESIAN_POINT('',(3.9,5.,3.5));
#1161=CARTESIAN_POINT('',(3.90001234173195,5.,5.27802684476047));
#1162=CARTESIAN_POINT('',(3.89992003312343,5.,8.06441163746041));
#1163=CARTESIAN_POINT('',(3.90109800138486,5.,11.1483451918567));
#1164=CARTESIAN_POINT('',(3.90522543545189,5.,12.6574573620202));
#1165=CARTESIAN_POINT('',(3.90986350586294,5.,13.4127000274703));
#1166=CARTESIAN_POINT('',(3.91857762730258,5.,13.9264112245118));
#1167=CARTESIAN_POINT('',(3.93004616972424,5.,14.2980075015339));
#1168=CARTESIAN_POINT('',(3.91912441441001,5.,14.5749705396934));
#1169=CARTESIAN_POINT('',(3.8452870211038,5.,14.8988602849383));
#1170=CARTESIAN_POINT('',(3.70276132380373,5.,15.2807858752653));
#1171=CARTESIAN_POINT('',(3.52656366119498,5.,15.6630894728737));
#1172=CARTESIAN_POINT('',(3.27977642773262,5.,16.1260056537476));
#1173=CARTESIAN_POINT('',(2.95081421597468,5.,16.6826082337539));
#1174=CARTESIAN_POINT('',(2.52804114511272,5.,17.3459853496282));
#1175=CARTESIAN_POINT('',(1.75472844708446,5.,18.490742790337));
#1176=CARTESIAN_POINT('',(0.4582681471367,5.,20.2829193483074));
#1177=CARTESIAN_POINT('',(-1.55497777546391,5.,22.9218483562189));
#1178=CARTESIAN_POINT('',(-3.11285939726999,5.,24.8908710260271));
#1179=CARTESIAN_POINT('',(-4.,5.,26.));
#1180=CARTESIAN_POINT('',(-5.03065152552108,3.35,27.2883144069013));
#1181=CARTESIAN_POINT('',(-3.74233711311241,3.35,28.3189659368283));
#1182=CARTESIAN_POINT('',(-2.711566464419,3.35,27.0307468284648));
#1183=CARTESIAN_POINT('',(-5.03065152552108,3.35,27.2883144069013));
#1184=CARTESIAN_POINT('',(-3.74233711311241,1.7001525520944,28.3189659368283));
#1185=CARTESIAN_POINT('',(-2.711566464419,1.7,27.0307468284648));
#1186=CARTESIAN_POINT('',(-5.03065152552108,3.35,27.2883144069013));
#1187=CARTESIAN_POINT('',(-5.03065152552107,1.7001525520944,27.2883144069013));
#1188=CARTESIAN_POINT('',(-4.,1.7,26.));
#1189=CARTESIAN_POINT('',(-5.03065152552108,3.35,27.2883144069013));
#1190=CARTESIAN_POINT('',(-6.31896593792974,1.7001525520944,26.2576628769744));
#1191=CARTESIAN_POINT('',(-5.288433535581,1.7,24.9692531715352));
#1192=CARTESIAN_POINT('',(-5.03065152552108,3.35,27.2883144069013));
#1193=CARTESIAN_POINT('',(-6.31896593792974,3.35,26.2576628769744));
#1194=CARTESIAN_POINT('',(-5.288433535581,3.35,24.9692531715352));
#1195=CARTESIAN_POINT('',(-5.03065152552108,3.35,27.2883144069013));
#1196=CARTESIAN_POINT('',(-6.31896593792974,4.9998474479056,26.2576628769744));
#1197=CARTESIAN_POINT('',(-5.288433535581,5.,24.9692531715352));
#1198=CARTESIAN_POINT('',(-5.03065152552108,3.35,27.2883144069013));
#1199=CARTESIAN_POINT('',(-5.03065152552107,4.9998474479056,27.2883144069013));
#1200=CARTESIAN_POINT('',(-4.,5.,26.));
#1201=CARTESIAN_POINT('',(-5.03065152552108,3.35,27.2883144069013));
#1202=CARTESIAN_POINT('',(-3.74233711311241,4.9998474479056,28.3189659368283));
#1203=CARTESIAN_POINT('',(-2.711566464419,5.,27.0307468284648));
#1204=CARTESIAN_POINT('',(-5.03065152552108,3.35,27.2883144069013));
#1205=CARTESIAN_POINT('',(-3.74233711311241,3.35,28.3189659368283));
#1206=CARTESIAN_POINT('',(-2.711566464419,3.35,27.0307468284648));
#1207=CARTESIAN_POINT('',(19.375,3.35,3.625));
#1208=CARTESIAN_POINT('',(-2.72276849875736,3.56710526309346,27.0217852009941));
#1209=CARTESIAN_POINT('',(-2.70026618891634,3.35000000011435,27.0397870643227));
#1210=CARTESIAN_POINT('',(-2.52924863936106,3.35,27.1766012214206));
#1211=CARTESIAN_POINT('',(-2.89876678635852,3.56710524971465,27.242225498849));
#1212=CARTESIAN_POINT('',(-2.87936689033836,3.34999999322578,27.2641131813658));
#1213=CARTESIAN_POINT('',(-2.73192771144659,3.35,27.4304595344946));
#1214=CARTESIAN_POINT('',(-3.38554069110434,3.56710527274437,27.6025009537661));
#1215=CARTESIAN_POINT('',(-3.37471680922136,3.35000000472419,27.6307359817064));
#1216=CARTESIAN_POINT('',(-3.29245523590561,3.35,27.8453221774427));
#1217=CARTESIAN_POINT('',(-4.22611631244859,3.5671052578747,27.6871798110743));
#1218=CARTESIAN_POINT('',(-4.2301017080211,3.34999999730395,27.7169067109463));
#1219=CARTESIAN_POINT('',(-4.26039080072198,3.35,27.9428311656469));
#1220=CARTESIAN_POINT('',(-4.76972333174556,3.56710526573973,27.464998415588));
#1221=CARTESIAN_POINT('',(-4.78328603274492,3.35000000122413,27.4908109161079));
#1222=CARTESIAN_POINT('',(-4.88636251847236,3.35,27.6869859222479));
#1223=CARTESIAN_POINT('',(-4.98802336278711,3.56710526294816,27.3040602342631));
#1224=CARTESIAN_POINT('',(-5.00543207621137,3.34999999984039,27.3270373196205));
#1225=CARTESIAN_POINT('',(-5.13773831319328,3.35,27.5016631674883));
#1226=CARTESIAN_POINT('',(-5.02168989807357,3.56710526328,27.277112372592));
#1227=CARTESIAN_POINT('',(-5.03969175145103,3.35,27.2996146893138));
#1228=CARTESIAN_POINT('',(-5.17650583762746,3.35,27.4706322970343));
#1229=CARTESIAN_POINT('',(2.2650533394142,3.5671051990358,9.65137299323354));
#1230=CARTESIAN_POINT('',(2.26520127151007,3.56710506997786,10.8093501271842));
#1231=CARTESIAN_POINT('',(2.26492315759652,3.56710399079766,12.3462502993423));
#1232=CARTESIAN_POINT('',(2.27932208793199,3.56710675533571,13.8811939258008));
#1233=CARTESIAN_POINT('',(2.29246323905556,3.56709838300879,14.2657515582371));
#1234=CARTESIAN_POINT('',(2.29167388703816,3.5671116150696,14.2781023624139));
#1235=CARTESIAN_POINT('',(2.29255785157263,3.5671073534185,14.2835887136885));
#1236=CARTESIAN_POINT('',(2.29187855481542,3.56711548625087,14.2881618864313));
#1237=CARTESIAN_POINT('',(2.29198610673881,3.56713823745992,14.317368035958));
#1238=CARTESIAN_POINT('',(2.29155434419778,3.56714508176973,14.3305589550012));
#1239=CARTESIAN_POINT('',(2.29210153902201,3.5671239773708,14.3189874586468));
#1240=CARTESIAN_POINT('',(2.29197915426996,3.56712468031513,14.3235126747974));
#1241=CARTESIAN_POINT('',(2.2922000649204,3.56711693705738,14.3189613901632));
#1242=CARTESIAN_POINT('',(2.29213256201642,3.56711922015582,14.3215258684916));
#1243=CARTESIAN_POINT('',(2.29255596345102,3.56710851113056,14.3113327385761));
#1244=CARTESIAN_POINT('',(2.29238019048204,3.56711629932715,14.3157473098596));
#1245=CARTESIAN_POINT('',(2.29238243649306,3.56711826413508,14.3153175253451));
#1246=CARTESIAN_POINT('',(2.28678427232882,3.56710345921796,14.3574981145211));
#1247=CARTESIAN_POINT('',(2.28713953605355,3.5671059282818,14.3535707894894));
#1248=CARTESIAN_POINT('',(2.28532467235578,3.56710393763079,14.3641670113013));
#1249=CARTESIAN_POINT('',(2.28339996163552,3.5671047004292,14.372913556252));
#1250=CARTESIAN_POINT('',(2.27727550147897,3.56710532146317,14.4001788599325));
#1251=CARTESIAN_POINT('',(2.2671020981774,3.56710582080832,14.4367807576978));
#1252=CARTESIAN_POINT('',(2.25279641340292,3.56710299925212,14.4815675446767));
#1253=CARTESIAN_POINT('',(2.23849023861331,3.56710147744617,14.5223558180434));
#1254=CARTESIAN_POINT('',(2.21191177644465,3.56710363300601,14.5941726612649));
#1255=CARTESIAN_POINT('',(2.17061717369343,3.5671067358718,14.6944022398889));
#1256=CARTESIAN_POINT('',(2.11782890167193,3.56710488093025,14.810139071974));
#1257=CARTESIAN_POINT('',(2.06761367141887,3.56710574569906,14.9139639106671));
#1258=CARTESIAN_POINT('',(2.02070569756605,3.56710464005427,15.0069372791619));
#1259=CARTESIAN_POINT('',(1.97277520615436,3.56710440918633,15.098780806009));
#1260=CARTESIAN_POINT('',(1.88849908645088,3.56710520441026,15.2555763284608));
#1261=CARTESIAN_POINT('',(1.76477818755623,3.56710527745169,15.4743636096713));
#1262=CARTESIAN_POINT('',(1.59874447934582,3.56710521012338,15.7525510982184));
#1263=CARTESIAN_POINT('',(1.42857315795182,3.56710517272304,16.0267883492821));
#1264=CARTESIAN_POINT('',(1.27190521632594,3.56710504442554,16.2715470774988));
#1265=CARTESIAN_POINT('',(1.130397814992,3.56710535645604,16.4879093657134));
#1266=CARTESIAN_POINT('',(1.00490497873623,3.56710527446986,16.6768517415326));
#1267=CARTESIAN_POINT('',(0.878328995000288,3.56710549326618,16.864896415089));
#1268=CARTESIAN_POINT('',(0.363768426680133,3.56710486352803,17.6199935138725));
#1269=CARTESIAN_POINT('',(-0.87453967843885,3.56710515226493,19.33884182526));
#1270=CARTESIAN_POINT('',(-2.89125195885885,3.56710537590092,21.9745334803818));
#1271=CARTESIAN_POINT('',(-4.47848410804404,3.56710519389736,23.9799992694969));
#1272=CARTESIAN_POINT('',(-5.27723150122577,3.56710526325631,24.9782147990194));
#1273=CARTESIAN_POINT('',(2.23623631141102,3.34999998804146,9.65139322121326));
#1274=CARTESIAN_POINT('',(2.2363838119247,3.35000000000607,10.8093591825154));
#1275=CARTESIAN_POINT('',(2.23610349338388,3.34999999998732,12.3461491296057));
#1276=CARTESIAN_POINT('',(2.25050981536051,3.35000000000553,13.8817074831996));
#1277=CARTESIAN_POINT('',(2.26365138020414,3.3500000000048,14.2665286874176));
#1278=CARTESIAN_POINT('',(2.26286521623327,3.3499999999956,14.2785915176877));
#1279=CARTESIAN_POINT('',(2.26374865057521,3.3500000000026,14.284173800051));
#1280=CARTESIAN_POINT('',(2.26307090304757,3.34999999999575,14.2885454508852));
#1281=CARTESIAN_POINT('',(2.26339408248765,3.35000000010365,14.3146133626949));
#1282=CARTESIAN_POINT('',(2.26298546974643,3.34999999998132,14.3265729922357));
#1283=CARTESIAN_POINT('',(2.26340939838719,3.3500000000091,14.3166498187037));
#1284=CARTESIAN_POINT('',(2.26328661212697,3.34999999979786,14.320906729481));
#1285=CARTESIAN_POINT('',(2.26345412105198,3.3500000001701,14.3171025042359));
#1286=CARTESIAN_POINT('',(2.26338774014946,3.34999999974927,14.3195846190478));
#1287=CARTESIAN_POINT('',(2.26373152489417,3.3500000006925,14.3107649983938));
#1288=CARTESIAN_POINT('',(2.2635873060497,3.35000000001088,14.3147678906705));
#1289=CARTESIAN_POINT('',(2.26358927235129,3.34999999997903,14.3144696954245));
#1290=CARTESIAN_POINT('',(2.25848929813322,3.35000000000742,14.3517488933054));
#1291=CARTESIAN_POINT('',(2.25878027015329,3.34999999999582,14.3485879445654));
#1292=CARTESIAN_POINT('',(2.25707994749991,3.35000000000231,14.3583632720595));
#1293=CARTESIAN_POINT('',(2.25523192061699,3.34999999999773,14.3668478656006));
#1294=CARTESIAN_POINT('',(2.24936362821511,3.35000000001342,14.3929466827128));
#1295=CARTESIAN_POINT('',(2.23949084062727,3.34999999996884,14.4285248832217));
#1296=CARTESIAN_POINT('',(2.22548833930071,3.35000000006167,14.4723394955591));
#1297=CARTESIAN_POINT('',(2.21137720754367,3.35000000001133,14.5125848171616));
#1298=CARTESIAN_POINT('',(2.18510590547475,3.35000000000563,14.583570719054));
#1299=CARTESIAN_POINT('',(2.14420577488779,3.35000000001094,14.6828648681218));
#1300=CARTESIAN_POINT('',(2.09174702998963,3.35000000000052,14.7978783578054));
#1301=CARTESIAN_POINT('',(2.04178352083419,3.35000000000347,14.9011861301207));
#1302=CARTESIAN_POINT('',(1.99507065898271,3.35000000000208,14.99377108021));
#1303=CARTESIAN_POINT('',(1.94731223317615,3.35000000000105,15.0852850348905));
#1304=CARTESIAN_POINT('',(1.86329816450646,3.35000000000025,15.2415948980761));
#1305=CARTESIAN_POINT('',(1.73987627110425,3.35000000000022,15.4598565310552));
#1306=CARTESIAN_POINT('',(1.57413932761072,3.3499999999998,15.7375479660564));
#1307=CARTESIAN_POINT('',(1.40419840698308,3.34999999999966,16.0114148370784));
#1308=CARTESIAN_POINT('',(1.24771169860158,3.34999999999988,16.2558903037331));
#1309=CARTESIAN_POINT('',(1.10633775438603,3.34999999999951,16.4720493235876));
#1310=CARTESIAN_POINT('',(0.980951580972586,3.34999999999935,16.6608308877054));
#1311=CARTESIAN_POINT('',(0.854474319458335,3.35000000000061,16.8487293027094));
#1312=CARTESIAN_POINT('',(0.340244511959995,3.34999999999725,17.6033421361563));
#1313=CARTESIAN_POINT('',(-0.8975895832172,3.34999999999495,19.3215402376818));
#1314=CARTESIAN_POINT('',(-2.91397473803111,3.34999999999626,21.9568102607519));
#1315=CARTESIAN_POINT('',(-4.50104402148897,3.34999999999533,23.962068635775));
#1316=CARTESIAN_POINT('',(-5.29973543429009,3.34999999998361,24.9602149661514));
#1317=CARTESIAN_POINT('',(2.01722725527119,3.35,9.65155290393214));
#1318=CARTESIAN_POINT('',(2.01737232626808,3.35,10.8094243911568));
#1319=CARTESIAN_POINT('',(2.01708201037879,3.35,12.3453272379291));
#1320=CARTESIAN_POINT('',(2.03152694846672,3.35,13.8856316907962));
#1321=CARTESIAN_POINT('',(2.04472721499103,3.35,14.2724352467233));
#1322=CARTESIAN_POINT('',(2.04387696301655,3.35,14.2823075826569));
#1323=CARTESIAN_POINT('',(2.04478487176934,3.35,14.2886222004174));
#1324=CARTESIAN_POINT('',(2.0440646425332,3.35,14.291458951274));
#1325=CARTESIAN_POINT('',(2.04587699902303,3.35,14.2936537384006));
#1326=CARTESIAN_POINT('',(2.04559863385666,3.35,14.2962455557913));
#1327=CARTESIAN_POINT('',(2.04522498512705,3.35,14.2988741269054));
#1328=CARTESIAN_POINT('',(2.04509450764604,3.35,14.3010896432234));
#1329=CARTESIAN_POINT('',(2.04490734817561,3.35,14.3029705599676));
#1330=CARTESIAN_POINT('',(2.04483442094006,3.35,14.3048239935374));
#1331=CARTESIAN_POINT('',(2.04464390887575,3.35,14.3064536726104));
#1332=CARTESIAN_POINT('',(2.04468793263719,3.35,14.3073219993268));
#1333=CARTESIAN_POINT('',(2.04467472549549,3.35,14.3080232212772));
#1334=CARTESIAN_POINT('',(2.04345936426736,3.35,14.3080562096942));
#1335=CARTESIAN_POINT('',(2.04324546177257,3.35,14.3107179329941));
#1336=CARTESIAN_POINT('',(2.04242870432388,3.35,14.314256405798));
#1337=CARTESIAN_POINT('',(2.04115846607056,3.35,14.320749467839));
#1338=CARTESIAN_POINT('',(2.0372330515414,3.35,14.3379818772032));
#1339=CARTESIAN_POINT('',(2.02964166038133,3.35,14.3657794119896));
#1340=CARTESIAN_POINT('',(2.01796111359633,3.35,14.4022115727789));
#1341=CARTESIAN_POINT('',(2.00534188965151,3.35,14.4383337113108));
#1342=CARTESIAN_POINT('',(1.98139191217707,3.35,14.5029986122972));
#1343=CARTESIAN_POINT('',(1.94347043743093,3.35,14.5951762426214));
#1344=CARTESIAN_POINT('',(1.89352654562842,3.35,14.7046992814932));
#1345=CARTESIAN_POINT('',(1.84547197989318,3.35,14.8040725112227));
#1346=CARTESIAN_POINT('',(1.8002474625715,3.35,14.8937110916213));
#1347=CARTESIAN_POINT('',(1.75379899730516,3.35,14.9827191664146));
#1348=CARTESIAN_POINT('',(1.67177157822763,3.35,15.1353360978641));
#1349=CARTESIAN_POINT('',(1.55062182167541,3.35,15.3496023309107));
#1350=CARTESIAN_POINT('',(1.38714017508414,3.35,15.623524861106));
#1351=CARTESIAN_POINT('',(1.2189509843894,3.35,15.8945761604975));
#1352=CARTESIAN_POINT('',(1.06384200120126,3.35,16.1368999244604));
#1353=CARTESIAN_POINT('',(0.923481142120288,3.35,16.3515120843658));
#1354=CARTESIAN_POINT('',(0.798905228957961,3.35,16.5390730346334));
#1355=CARTESIAN_POINT('',(0.673178405892547,3.35,16.725857132314));
#1356=CARTESIAN_POINT('',(0.161466689716287,3.34999999999999,17.4767908567725));
#1357=CARTESIAN_POINT('',(-1.07276860781015,3.35,19.1900490302912));
#1358=CARTESIAN_POINT('',(-3.08666333153894,3.35,21.8221066127169));
#1359=CARTESIAN_POINT('',(-4.67250349264365,3.35,23.8258019254809));
#1360=CARTESIAN_POINT('',(-5.47076532582582,3.35,24.8234162361571));
#1361=CARTESIAN_POINT('',(-2.72276849875736,3.56710526309346,27.0217852009941));
#1362=CARTESIAN_POINT('',(-1.0436856664129,3.56710530808093,24.9164190102667));
#1363=CARTESIAN_POINT('',(1.1020007797292,3.56710527419153,22.2020846024632));
#1364=CARTESIAN_POINT('',(3.30932365802218,3.56710491155006,19.1231475858091));
#1365=CARTESIAN_POINT('',(4.20575477156547,3.56710601500404,17.7714383755829));
#1366=CARTESIAN_POINT('',(4.75665740602839,3.56710414081741,16.8607419761713));
#1367=CARTESIAN_POINT('',(5.11421928030737,3.56710603950164,16.1353044849503));
#1368=CARTESIAN_POINT('',(5.26014764225054,3.56710357307061,15.7849617242637));
#1369=CARTESIAN_POINT('',(5.36955289989124,3.56710191715659,15.4893148563741));
#1370=CARTESIAN_POINT('',(5.47075218037959,3.5671084709912,15.1392784909867));
#1371=CARTESIAN_POINT('',(5.52700006450039,3.56710111972819,14.8351541960903));
#1372=CARTESIAN_POINT('',(5.54851788194198,3.56711113357758,14.6295646700088));
#1373=CARTESIAN_POINT('',(5.55646567754722,3.56711617670889,14.5227887636743));
#1374=CARTESIAN_POINT('',(5.5613380722921,3.5671186845491,14.4138621247313));
#1375=CARTESIAN_POINT('',(5.56580671463907,3.56709440325829,14.2590068851346));
#1376=CARTESIAN_POINT('',(5.55922321501125,3.56710032270758,14.053146525397));
#1377=CARTESIAN_POINT('',(5.54977949347747,3.56711086742166,13.6885519695692));
#1378=CARTESIAN_POINT('',(5.54312929203108,3.56709992044391,13.1054724713076));
#1379=CARTESIAN_POINT('',(5.53954246310668,3.56710870211693,12.2923980658233));
#1380=CARTESIAN_POINT('',(5.53803532307172,3.56710456430584,11.4797686711798));
#1381=CARTESIAN_POINT('',(5.537355187224,3.56710487076092,10.9828788415306));
#1382=CARTESIAN_POINT('',(5.53714261711895,3.56710508123946,10.802581418971));
#1383=CARTESIAN_POINT('',(-2.70026618913712,3.34999999979161,27.0397870641461));
#1384=CARTESIAN_POINT('',(-1.02103306316101,3.34999999999233,24.9342317403409));
#1385=CARTESIAN_POINT('',(1.12480399126097,3.34999999999843,22.2197161549733));
#1386=CARTESIAN_POINT('',(3.33295258567073,3.34999999999174,19.1396614102122));
#1387=CARTESIAN_POINT('',(4.23007320938706,3.35000000000656,17.7868990520569));
#1388=CARTESIAN_POINT('',(4.78172698188269,3.34999999999382,16.8750330501977));
#1389=CARTESIAN_POINT('',(5.14039740095535,3.35000000000011,16.1473982366329));
#1390=CARTESIAN_POINT('',(5.28694675004474,3.34999999999331,15.7955831769242));
#1391=CARTESIAN_POINT('',(5.39696627048372,3.34999999998704,15.4982846661976));
#1392=CARTESIAN_POINT('',(5.49881258274286,3.34999999987672,15.1460319803891));
#1393=CARTESIAN_POINT('',(5.5555222978085,3.34999999993099,14.8395151233201));
#1394=CARTESIAN_POINT('',(5.57722100507132,3.34999999992122,14.6321231863525));
#1395=CARTESIAN_POINT('',(5.58522937562673,3.35000000004066,14.5244852225115));
#1396=CARTESIAN_POINT('',(5.59012789039198,3.34999999996274,14.4149199355506));
#1397=CARTESIAN_POINT('',(5.59464092624322,3.34999999999759,14.2588553110516));
#1398=CARTESIAN_POINT('',(5.58801827389454,3.34999999999576,14.051816916988));
#1399=CARTESIAN_POINT('',(5.5785948003472,3.35000000000141,13.6882822673258));
#1400=CARTESIAN_POINT('',(5.57194686909855,3.34999999999952,13.1051905307932));
#1401=CARTESIAN_POINT('',(5.56835865136284,3.35000000000024,12.2923806012018));
#1402=CARTESIAN_POINT('',(5.5668521673442,3.34999999999992,11.4797011962762));
#1403=CARTESIAN_POINT('',(5.56617223778331,3.34999999999997,10.9828357478511));
#1404=CARTESIAN_POINT('',(5.56595972246999,3.35000000692374,10.8025479123848));
#1405=CARTESIAN_POINT('',(-2.52924863936106,3.35,27.1766012214206));
#1406=CARTESIAN_POINT('',(-0.848879341927518,3.35,25.0696228025187));
#1407=CARTESIAN_POINT('',(1.29812628088373,3.35,22.3536817433018));
#1408=CARTESIAN_POINT('',(3.51252049996485,3.34999999999998,19.2651870484579));
#1409=CARTESIAN_POINT('',(4.41490984908835,3.34999999999998,17.9043714099732));
#1410=CARTESIAN_POINT('',(4.97224376918258,3.35000000000001,16.983659868868));
#1411=CARTESIAN_POINT('',(5.33935692424323,3.35,16.239307103585));
#1412=CARTESIAN_POINT('',(5.4906098424978,3.35,15.8763025704161));
#1413=CARTESIAN_POINT('',(5.60528709382806,3.35,15.5664480543293));
#1414=CARTESIAN_POINT('',(5.71208769864244,3.35,15.1973766147583));
#1415=CARTESIAN_POINT('',(5.77226857268362,3.35,14.8726378064967));
#1416=CARTESIAN_POINT('',(5.7954006936096,3.35,14.6515886617409));
#1417=CARTESIAN_POINT('',(5.80390725304552,3.35,14.5373801576738));
#1418=CARTESIAN_POINT('',(5.80901960202905,3.35,14.4229531667176));
#1419=CARTESIAN_POINT('',(5.8137092120527,3.35,14.2576888396385));
#1420=CARTESIAN_POINT('',(5.80682782407509,3.35,14.0417363122146));
#1421=CARTESIAN_POINT('',(5.79762871821015,3.35,13.6862231766235));
#1422=CARTESIAN_POINT('',(5.79092440814031,3.35,13.1030308900218));
#1423=CARTESIAN_POINT('',(5.78738501978082,3.35,12.2922934102277));
#1424=CARTESIAN_POINT('',(5.78585535189678,3.35,11.4791597849578));
#1425=CARTESIAN_POINT('',(5.78517913889564,3.35,10.9824951693531));
#1426=CARTESIAN_POINT('',(5.78496844618107,3.35,10.8022905771394));
#1427=CARTESIAN_POINT('',(2.01722725527119,3.35,9.65155290393214));
#1428=CARTESIAN_POINT('',(2.01276425806649,3.3500604659582,9.39088793778365));
#1429=CARTESIAN_POINT('',(1.9854226664144,3.25661332795451,8.90267865357165));
#1430=CARTESIAN_POINT('',(1.97531906780732,2.89241105750703,8.3039120327786));
#1431=CARTESIAN_POINT('',(2.10491293677063,2.44695095605688,7.94906165065325));
#1432=CARTESIAN_POINT('',(2.36531058501486,2.06479052232552,7.80486593388698));
#1433=CARTESIAN_POINT('',(2.74894005956428,1.72175708457877,7.76910774160163));
#1434=CARTESIAN_POINT('',(3.29952058332867,1.46941726360924,7.85188409545333));
#1435=CARTESIAN_POINT('',(3.99479596381617,1.40799236217194,8.01946147953092));
#1436=CARTESIAN_POINT('',(4.65922083337152,1.5681476214782,8.21861721235546));
#1437=CARTESIAN_POINT('',(5.16948037062782,1.90145578863232,8.45244317827271));
#1438=CARTESIAN_POINT('',(5.47244187655362,2.26681073496168,8.72154299145158));
#1439=CARTESIAN_POINT('',(5.65710718421984,2.62560635783958,9.0407121155166));
#1440=CARTESIAN_POINT('',(5.74566741504967,2.97241710076309,9.45357093925976));
#1441=CARTESIAN_POINT('',(5.76518691974426,3.27384787301906,10.0597689226286));
#1442=CARTESIAN_POINT('',(5.77118364463762,3.35030659177705,10.5333977575881));
#1443=CARTESIAN_POINT('',(5.78496844618107,3.35,10.8022905771394));
#1444=CARTESIAN_POINT('',(2.23623628932744,3.35000001324998,9.65139322122945));
#1445=CARTESIAN_POINT('',(2.23662038026131,3.34678010994296,9.38544845924284));
#1446=CARTESIAN_POINT('',(2.22854428738326,3.23001346160328,8.86805025003085));
#1447=CARTESIAN_POINT('',(2.28919125647542,2.85699933844422,8.31919464503936));
#1448=CARTESIAN_POINT('',(2.45149591581863,2.51718217223943,8.05832351885953));
#1449=CARTESIAN_POINT('',(2.64594202146601,2.26496205631356,7.93135687394963));
#1450=CARTESIAN_POINT('',(2.91629666103144,2.00206995352088,7.857454193644));
#1451=CARTESIAN_POINT('',(3.34969773323232,1.75473723887139,7.88156066766038));
#1452=CARTESIAN_POINT('',(3.96428938509396,1.66326985974199,8.02026794882844));
#1453=CARTESIAN_POINT('',(4.55266626039908,1.79502176575375,8.21377828335843));
#1454=CARTESIAN_POINT('',(4.99573221515034,2.0810262036412,8.44901018123885));
#1455=CARTESIAN_POINT('',(5.26361172683284,2.39126573624066,8.71272257082814));
#1456=CARTESIAN_POINT('',(5.4391745163525,2.7021253390288,9.02344583681386));
#1457=CARTESIAN_POINT('',(5.53625815872091,3.01394131477206,9.4278110236788));
#1458=CARTESIAN_POINT('',(5.5659479440271,3.29796391810521,10.04304943715));
#1459=CARTESIAN_POINT('',(5.56339665405418,3.36197316394475,10.536038670961));
#1460=CARTESIAN_POINT('',(5.56595971036494,3.34999999310574,10.8025479123991));
#1461=CARTESIAN_POINT('',(2.2650533394142,3.5671051990358,9.65137299323354));
#1462=CARTESIAN_POINT('',(2.26532355188896,3.56716418950537,9.35904071118003));
#1463=CARTESIAN_POINT('',(2.24876293940011,3.47586895031483,8.8115347745605));
#1464=CARTESIAN_POINT('',(2.24780838576882,3.12005293185767,8.13931223733487));
#1465=CARTESIAN_POINT('',(2.36653579067713,2.68485006533517,7.73891445192285));
#1466=CARTESIAN_POINT('',(2.59854832264592,2.3114893544881,7.57293754715871));
#1467=CARTESIAN_POINT('',(2.93842997510913,1.97635473029681,7.5261184957081));
#1468=CARTESIAN_POINT('',(3.42472584510271,1.72982541443349,7.60776026181151));
#1469=CARTESIAN_POINT('',(4.03826220334733,1.66981491052772,7.77798517876628));
#1470=CARTESIAN_POINT('',(4.62445454559974,1.82628236436435,7.98090643198626));
#1471=CARTESIAN_POINT('',(5.07297376109514,2.15191571027172,8.22440429792084));
#1472=CARTESIAN_POINT('',(5.33523905464478,2.50885796606564,8.51264979978991));
#1473=CARTESIAN_POINT('',(5.48975483577044,2.85939191561671,8.85995424877399));
#1474=CARTESIAN_POINT('',(5.55456424720481,3.19821685735278,9.31405758275812));
#1475=CARTESIAN_POINT('',(5.54964536168303,3.49270650305963,9.98410862888458));
#1476=CARTESIAN_POINT('',(5.5361581161302,3.56740458894526,10.5068431509708));
#1477=CARTESIAN_POINT('',(5.53714261711895,3.56710508123946,10.802581418971));
#1478=CARTESIAN_POINT('',(-5.02168989807356,3.56710526328,27.277112372592));
#1479=CARTESIAN_POINT('',(-5.03969175145103,3.35,27.2996146893138));
#1480=CARTESIAN_POINT('',(-5.17650583762746,3.35,27.4706322970343));
#1481=CARTESIAN_POINT('',(-5.05537070988979,3.56710526294047,27.2501823565814));
#1482=CARTESIAN_POINT('',(-5.073965953684,3.34999999983844,27.2722102174137));
#1483=CARTESIAN_POINT('',(-5.21528980199705,3.35,27.4396219764453));
#1484=CARTESIAN_POINT('',(-5.26030308872354,3.56710526576758,27.0725346100043));
#1485=CARTESIAN_POINT('',(-5.28250883768876,3.35000000123123,27.0914326729762));
#1486=CARTESIAN_POINT('',(-5.45127254194479,3.35,27.23505790347));
#1487=CARTESIAN_POINT('',(-5.59639379588639,3.56710525779745,26.590957824328));
#1488=CARTESIAN_POINT('',(-5.62452080640573,3.34999999728426,26.6013714301884));
#1489=CARTESIAN_POINT('',(-5.83828608366527,3.35,26.6805149392923));
#1490=CARTESIAN_POINT('',(-5.69829687633958,3.56710527288861,25.7522960055748));
#1491=CARTESIAN_POINT('',(-5.72821921949921,3.35000000476096,25.7479340557615));
#1492=CARTESIAN_POINT('',(-5.9556290232728,3.35,25.7147831475536));
#1493=CARTESIAN_POINT('',(-5.45366143604959,3.56710524949612,25.1983097791185));
#1494=CARTESIAN_POINT('',(-5.47927378661916,3.34999999317008,25.1841876632405));
#1495=CARTESIAN_POINT('',(-5.67392760994562,3.35,25.0768596157087));
#1496=CARTESIAN_POINT('',(-5.27723150122577,3.56710526325631,24.9782147990194));
#1497=CARTESIAN_POINT('',(-5.29973543430765,3.35000000000929,24.9602149661373));
#1498=CARTESIAN_POINT('',(-5.47076532582582,3.35,24.8234162361571));
#1499=CARTESIAN_POINT('',(19.375,-3.35,3.625));
#1500=CARTESIAN_POINT('',(5.27723150122504,-3.56710526326335,24.97821479902));
#1501=CARTESIAN_POINT('',(5.54754968882751,-3.56710526212378,25.3112411692293));
#1502=CARTESIAN_POINT('',(5.78672203951719,-3.56710525837841,26.1560430457408));
#1503=CARTESIAN_POINT('',(5.3805220616963,-3.56710526326891,26.9723487152062));
#1504=CARTESIAN_POINT('',(5.05449179124317,-3.56710526335961,27.2508648151693));
#1505=CARTESIAN_POINT('',(5.02187413465726,-3.56710526326421,27.2773426683216));
#1506=CARTESIAN_POINT('',(5.29973381130538,-3.34999999999993,24.960212937494));
#1507=CARTESIAN_POINT('',(5.57481291518103,-3.34999999941506,25.2991046242605));
#1508=CARTESIAN_POINT('',(5.81819901683739,-3.34999999759853,26.1587902626048));
#1509=CARTESIAN_POINT('',(5.40484259081562,-3.35000000014145,26.9894776361343));
#1510=CARTESIAN_POINT('',(5.07306830292582,-3.3500000000229,27.272900644472));
#1511=CARTESIAN_POINT('',(5.03987598804219,-3.35,27.2998449850527));
#1512=CARTESIAN_POINT('',(5.47075136846508,-3.35,24.8233987894569));
#1513=CARTESIAN_POINT('',(5.78201343909166,-3.35,25.2068669283796));
#1514=CARTESIAN_POINT('',(6.05742402537405,-3.35,26.1796690884142));
#1515=CARTESIAN_POINT('',(5.58967859911616,-3.35,27.1196574342645));
#1516=CARTESIAN_POINT('',(5.21424979934039,-3.35,27.4403729438604));
#1517=CARTESIAN_POINT('',(5.17669007420983,-3.35,27.4708625927623));
#1518=CARTESIAN_POINT('',(-5.53715786139703,-3.56710552148454,10.8025495244142));
#1519=CARTESIAN_POINT('',(-5.56597460197804,-3.34999995872938,10.8025183940282));
#1520=CARTESIAN_POINT('',(-5.78498394450304,-3.35,10.8022969063253));
#1521=CARTESIAN_POINT('',(-5.53739388304427,-3.56710611156123,10.9827663672299));
#1522=CARTESIAN_POINT('',(-5.56621014418302,-3.3499999999997,10.9827319727463));
#1523=CARTESIAN_POINT('',(-5.78521956647984,-3.35,10.9825040615669));
#1524=CARTESIAN_POINT('',(-5.53848384832382,-3.56710675668496,11.7960697521248));
#1525=CARTESIAN_POINT('',(-5.56729949084517,-3.3499999999995,11.7960154350684));
#1526=CARTESIAN_POINT('',(-5.78630852949532,-3.35,11.7956284300542));
#1527=CARTESIAN_POINT('',(-5.5400616491816,-3.56710245471935,12.7873371577418));
#1528=CARTESIAN_POINT('',(-5.56888083086733,-3.34999999999958,12.787253025359));
#1529=CARTESIAN_POINT('',(-5.78788751364281,-3.35,12.786584400275));
#1530=CARTESIAN_POINT('',(-5.5496058468354,-3.56710718012958,13.6895952889515));
#1531=CARTESIAN_POINT('',(-5.57842010497642,-3.35000000000114,13.6892019448902));
#1532=CARTESIAN_POINT('',(-5.79742131957819,-3.35,13.6862159080285));
#1533=CARTESIAN_POINT('',(-5.55922460477747,-3.56710346926302,14.0515814562744));
#1534=CARTESIAN_POINT('',(-5.58802269973131,-3.34999999999767,14.0504372010848));
#1535=CARTESIAN_POINT('',(-5.80687641293239,-3.35,14.0417502194651));
#1536=CARTESIAN_POINT('',(-5.56584611169927,-3.56709218323694,14.2602099513666));
#1537=CARTESIAN_POINT('',(-5.59467788680075,-3.34999999999235,14.2599150495276));
#1538=CARTESIAN_POINT('',(-5.81371279726685,-3.35,14.2576764535112));
#1539=CARTESIAN_POINT('',(-5.56124179341482,-3.5671205401009,14.4126304650162));
#1540=CARTESIAN_POINT('',(-5.59003438087365,-3.34999999997373,14.413835402689));
#1541=CARTESIAN_POINT('',(-5.80896013408347,-3.35,14.4229687819478));
#1542=CARTESIAN_POINT('',(-5.55656398797737,-3.56711447800624,14.5237375409209));
#1543=CARTESIAN_POINT('',(-5.58532569513864,-3.35000000002442,14.5253183572136));
#1544=CARTESIAN_POINT('',(-5.80397543521626,-3.35,14.5373579738753));
#1545=CARTESIAN_POINT('',(-5.54849288558565,-3.56711200739218,14.6291322121619));
#1546=CARTESIAN_POINT('',(-5.57719763776568,-3.34999999994887,14.6317473270887));
#1547=CARTESIAN_POINT('',(-5.79539848962919,-3.35,14.6516172357957));
#1548=CARTESIAN_POINT('',(-5.52693722793093,-3.5671009554693,14.8354994340127));
#1549=CARTESIAN_POINT('',(-5.55545524600744,-3.34999999986456,14.8398072193545));
#1550=CARTESIAN_POINT('',(-5.77216140385116,-3.35,14.8725736506873));
#1551=CARTESIAN_POINT('',(-5.47083848215095,-3.56710918271744,15.1386693029702));
#1552=CARTESIAN_POINT('',(-5.49890839586194,-3.35000000002831,15.1455208864951));
#1553=CARTESIAN_POINT('',(-5.71227479910632,-3.35,15.19751083033));
#1554=CARTESIAN_POINT('',(-5.36987501236492,-3.56709410310954,15.4914039979603));
#1555=CARTESIAN_POINT('',(-5.39726892060884,-3.34999999958859,15.5000622734991));
#1556=CARTESIAN_POINT('',(-5.60534668708536,-3.35,15.5661630826592));
#1557=CARTESIAN_POINT('',(-5.26060005809123,-3.56710291687561,15.7845644927973));
#1558=CARTESIAN_POINT('',(-5.28739518976985,-3.35000000000428,15.7952444276524));
#1559=CARTESIAN_POINT('',(-5.49102766581988,-3.35,15.8763838395102));
#1560=CARTESIAN_POINT('',(-5.11343466317786,-3.56710739347094,16.135525775018));
#1561=CARTESIAN_POINT('',(-5.13961888650344,-3.35000000000286,16.1475782835529));
#1562=CARTESIAN_POINT('',(-5.33863393954738,-3.35,16.2391791759473));
#1563=CARTESIAN_POINT('',(-4.87151347348676,-3.56710332878095,16.6296518331835));
#1564=CARTESIAN_POINT('',(-4.89692824669648,-3.34999999999285,16.6432843890122));
#1565=CARTESIAN_POINT('',(-5.09006351038334,-3.35,16.746898334608));
#1566=CARTESIAN_POINT('',(-4.51382816457746,-3.56710606928291,17.2609908535198));
#1567=CARTESIAN_POINT('',(-4.53857431528851,-3.35000000000098,17.2757646126349));
#1568=CARTESIAN_POINT('',(-4.7266555910187,-3.35,17.3880358759388));
#1569=CARTESIAN_POINT('',(-3.949612571866,-3.56710472016026,18.1691189526761));
#1570=CARTESIAN_POINT('',(-3.9736833524658,-3.35000000000048,18.1849814962063));
#1571=CARTESIAN_POINT('',(-4.15660904808064,-3.35,18.3055510465717));
#1572=CARTESIAN_POINT('',(-3.18535759317175,-3.56710566171911,19.2959686336065));
#1573=CARTESIAN_POINT('',(-3.20894808438324,-3.34999999999345,19.3125202621532));
#1574=CARTESIAN_POINT('',(-3.38824989848787,-3.35,19.4382951097989));
#1575=CARTESIAN_POINT('',(-1.75770713211368,-3.56710455954078,21.2801494813976));
#1576=CARTESIAN_POINT('',(-1.78076621427679,-3.34999999999451,21.2974432359478));
#1577=CARTESIAN_POINT('',(-1.95599215441026,-3.35,21.4289015975423));
#1578=CARTESIAN_POINT('',(0.210930759914788,-3.56710590665594,23.857963824412));
#1579=CARTESIAN_POINT('',(0.188200815421816,-3.3499999999967,23.8756740834179));
#1580=CARTESIAN_POINT('',(0.0154120697343841,-3.35,24.0102222307099));
#1581=CARTESIAN_POINT('',(1.88106609114681,-3.56710495223554,25.9702388234309));
#1582=CARTESIAN_POINT('',(1.8585008707456,-3.3499999999948,25.9881645615068));
#1583=CARTESIAN_POINT('',(1.6870323660192,-3.35,26.1244333546975));
#1584=CARTESIAN_POINT('',(2.7227684987214,-3.56710526274658,27.0217852010229));
#1585=CARTESIAN_POINT('',(2.70026456515675,-3.34999999940781,27.0397850362849));
#1586=CARTESIAN_POINT('',(2.52923468075697,-3.35,27.1765837757038));
#1587=CARTESIAN_POINT('',(5.27723150122504,-3.56710526326335,24.97821479902));
#1588=CARTESIAN_POINT('',(5.29973381130549,-3.35000000000009,24.9602129374939));
#1589=CARTESIAN_POINT('',(5.47075136846508,-3.35,24.8233987894569));
#1590=CARTESIAN_POINT('',(3.68236062566458,-3.56710545288774,22.9794718892129));
#1591=CARTESIAN_POINT('',(3.70500511683084,-3.34999999996671,22.9616489320528));
#1592=CARTESIAN_POINT('',(3.87709186054551,-3.35000000000001,22.8261770580781));
#1593=CARTESIAN_POINT('',(1.62608100879573,-3.56710500704502,20.3769109892964));
#1594=CARTESIAN_POINT('',(1.64887818444227,-3.35000000004564,20.3592729987359));
#1595=CARTESIAN_POINT('',(1.822143715768,-3.35,20.2252372836768));
#1596=CARTESIAN_POINT('',(-0.496505338537448,-3.56710515918691,17.4374244265434));
#1597=CARTESIAN_POINT('',(-0.472946883703158,-3.34999999995506,17.4208132053662));
#1598=CARTESIAN_POINT('',(-0.293906760416488,-3.35,17.294563070299));
#1599=CARTESIAN_POINT('',(-1.32754540977814,-3.56710539396578,16.195751178112));
#1600=CARTESIAN_POINT('',(-1.30334480440599,-3.35000000007888,16.1801053258596));
#1601=CARTESIAN_POINT('',(-1.11941555012811,-3.35,16.061202445505));
#1602=CARTESIAN_POINT('',(-1.78638252622034,-3.5671050942291,15.4571237837063));
#1603=CARTESIAN_POINT('',(-1.7615661323866,-3.34999999981999,15.4424197467646));
#1604=CARTESIAN_POINT('',(-1.57296683521093,-3.34999999999999,15.3306621927658));
#1605=CARTESIAN_POINT('',(-2.09444140063086,-3.56710489834008,14.8677135019678));
#1606=CARTESIAN_POINT('',(-2.06857813605693,-3.35000000010566,14.8549626065547));
#1607=CARTESIAN_POINT('',(-1.8720176536256,-3.35,14.7580601965741));
#1608=CARTESIAN_POINT('',(-2.19987044036383,-3.56710606834333,14.627862459979));
#1609=CARTESIAN_POINT('',(-2.17323183398809,-3.34999999993822,14.6168151515162));
#1610=CARTESIAN_POINT('',(-1.97077432051029,-3.35,14.5328519069158));
#1611=CARTESIAN_POINT('',(-2.25263978690585,-3.56710019287917,14.4839973541455));
#1612=CARTESIAN_POINT('',(-2.22535893720278,-3.35000000007182,14.47467016412));
#1613=CARTESIAN_POINT('',(-2.01805723488988,-3.35,14.4037919502352));
#1614=CARTESIAN_POINT('',(-2.27204515598811,-3.56710802982959,14.4209718328952));
#1615=CARTESIAN_POINT('',(-2.24433282318545,-3.34999999996811,14.4129978381751));
#1616=CARTESIAN_POINT('',(-2.03370021565394,-3.35,14.3523940870851));
#1617=CARTESIAN_POINT('',(-2.2828703126162,-3.56710390190384,14.3759653356169));
#1618=CARTESIAN_POINT('',(-2.25472799843018,-3.35000000001055,14.3697272530162));
#1619=CARTESIAN_POINT('',(-2.04085579001729,-3.35,14.3223180343695));
#1620=CARTESIAN_POINT('',(-2.28544917979509,-3.56710457355258,14.3632556056946));
#1621=CARTESIAN_POINT('',(-2.25719310957782,-3.35000000338125,14.3575673764114));
#1622=CARTESIAN_POINT('',(-2.04245096829568,-3.35,14.3143404153643));
#1623=CARTESIAN_POINT('',(-2.28830987797819,-3.56709730240882,14.3425300624238));
#1624=CARTESIAN_POINT('',(-2.25986232906424,-3.34999999998986,14.3383384738262));
#1625=CARTESIAN_POINT('',(-2.04371324150472,-3.35,14.3064912129855));
#1626=CARTESIAN_POINT('',(-2.29058763568181,-3.56713604442749,14.3482838548465));
#1627=CARTESIAN_POINT('',(-2.26218060543628,-3.34999999618146,14.3423729740921));
#1628=CARTESIAN_POINT('',(-2.0460845297887,-3.35,14.2974119057162));
#1629=CARTESIAN_POINT('',(-2.2928725750509,-3.56712178325216,14.27708884689));
#1630=CARTESIAN_POINT('',(-2.26401442443491,-3.34999998006156,14.2785023527497));
#1631=CARTESIAN_POINT('',(-2.04458396733102,-3.35,14.2892351093731));
#1632=CARTESIAN_POINT('',(-2.29185022136577,-3.56709912068703,14.2751305600905));
#1633=CARTESIAN_POINT('',(-2.26304693457791,-3.35000001075607,14.2755833708694));
#1634=CARTESIAN_POINT('',(-2.04418187352431,-3.35,14.2790310667601));
#1635=CARTESIAN_POINT('',(-2.29189359668594,-3.56710182355908,14.2630206240859));
#1636=CARTESIAN_POINT('',(-2.26308139366929,-3.34999999882706,14.2637222044616));
#1637=CARTESIAN_POINT('',(-2.04413162022228,-3.35,14.2690517553519));
#1638=CARTESIAN_POINT('',(-2.28915014832116,-3.56709369222984,14.1609029251866));
#1639=CARTESIAN_POINT('',(-2.26033676086534,-3.3500000011664,14.1617166871796));
#1640=CARTESIAN_POINT('',(-2.04143189112076,-3.35,14.1678987769494));
#1641=CARTESIAN_POINT('',(-2.28442230086332,-3.56710980721056,13.9706289621939));
#1642=CARTESIAN_POINT('',(-2.2556135400904,-3.34999999932125,13.9712053889444));
#1643=CARTESIAN_POINT('',(-2.03663731253866,-3.35,13.9756099530909));
#1644=CARTESIAN_POINT('',(-2.27709346459855,-3.56710585281762,13.5937420621511));
#1645=CARTESIAN_POINT('',(-2.24828047636609,-3.35000000027201,13.5941986633711));
#1646=CARTESIAN_POINT('',(-2.02929745140375,-3.35,13.5976480822665));
#1647=CARTESIAN_POINT('',(-2.26997006216681,-3.5671025851331,12.9219838829757));
#1648=CARTESIAN_POINT('',(-2.24115014025588,-3.34999999982307,12.9220552513631));
#1649=CARTESIAN_POINT('',(-2.02213670432585,-3.35,12.9226055462099));
#1650=CARTESIAN_POINT('',(-2.26781749379354,-3.56710803418339,11.9496973854583));
#1651=CARTESIAN_POINT('',(-2.23900328981809,-3.35000000010943,11.9497848894428));
#1652=CARTESIAN_POINT('',(-2.01999686226979,-3.35,11.9504742120128));
#1653=CARTESIAN_POINT('',(-2.26544608195972,-3.56710382002951,10.7924656793453));
#1654=CARTESIAN_POINT('',(-2.23662763179283,-3.34999999996593,10.7924874754638));
#1655=CARTESIAN_POINT('',(-2.01761698827241,-3.35,10.7926145343426));
#1656=CARTESIAN_POINT('',(-2.26511984762205,-3.56710506120765,10.0261584726099));
#1657=CARTESIAN_POINT('',(-2.23630267870127,-3.34999999996683,10.0261751771074));
#1658=CARTESIAN_POINT('',(-2.01729353153377,-3.35,10.02630288425));
#1659=CARTESIAN_POINT('',(-2.26496544671758,-3.56710514731281,9.65143632023773));
#1660=CARTESIAN_POINT('',(-2.23614835956053,-3.34999999307863,9.65144898779981));
#1661=CARTESIAN_POINT('',(-2.01713921654786,-3.35,9.65154828717345));
#1662=CARTESIAN_POINT('',(-5.78498394450304,-3.35,10.8022969063253));
#1663=CARTESIAN_POINT('',(-5.56597467433544,-3.35000004132563,10.8025183939558));
#1664=CARTESIAN_POINT('',(-5.53715786139703,-3.56710552148454,10.8025495244142));
#1665=CARTESIAN_POINT('',(-5.77081544904543,-3.3503010463511,10.5277169255176));
#1666=CARTESIAN_POINT('',(-5.56334411522722,-3.36233667735737,10.5304994599251));
#1667=CARTESIAN_POINT('',(-5.53606789427459,-3.5673991688244,10.5005987210555));
#1668=CARTESIAN_POINT('',(-5.76537590429585,-3.27107925299276,10.0472731160946));
#1669=CARTESIAN_POINT('',(-5.56610119481429,-3.29520630588348,10.0298092118083));
#1670=CARTESIAN_POINT('',(-5.55030176518955,-3.49000163948359,9.97029278113419));
#1671=CARTESIAN_POINT('',(-5.74410715281041,-2.95916164985701,9.43252267835912));
#1672=CARTESIAN_POINT('',(-5.53432268490578,-3.00160054353881,9.40658567844734));
#1673=CARTESIAN_POINT('',(-5.55392664701878,-3.18526663849245,9.29081378593323));
#1674=CARTESIAN_POINT('',(-5.64834388079942,-2.59846997069468,9.0117421058938));
#1675=CARTESIAN_POINT('',(-5.42961976215946,-2.67750815765055,8.99473650604293));
#1676=CARTESIAN_POINT('',(-5.48291352362901,-2.83288037786765,8.8281721491072));
#1677=CARTESIAN_POINT('',(-5.47746798346969,-2.28373021455156,8.739274509072));
#1678=CARTESIAN_POINT('',(-5.2699084351479,-2.40736607628285,8.73095415301873));
#1679=CARTESIAN_POINT('',(-5.33912525766072,-2.52538785390956,8.53211200135067));
#1680=CARTESIAN_POINT('',(-5.29799166035525,-2.05832725349415,8.56743495706236));
#1681=CARTESIAN_POINT('',(-5.10961266155269,-2.21456300279551,8.56205984649413));
#1682=CARTESIAN_POINT('',(-5.18420438018139,-2.30517504183601,8.34759757960192));
#1683=CARTESIAN_POINT('',(-5.09911659001989,-1.86868671286947,8.4310983683735));
#1684=CARTESIAN_POINT('',(-4.9351924629586,-2.05279881949127,8.42701505615415));
#1685=CARTESIAN_POINT('',(-5.0107792771363,-2.11990118640684,8.20285963988081));
#1686=CARTESIAN_POINT('',(-4.84535558340195,-1.69304040059352,8.30429389892367));
#1687=CARTESIAN_POINT('',(-4.71430044644286,-1.9025763586379,8.30033538442299));
#1688=CARTESIAN_POINT('',(-4.78807605042793,-1.948299334881,8.07010443335293));
#1689=CARTESIAN_POINT('',(-4.43045893531951,-1.50143950741245,8.14657183484523));
#1690=CARTESIAN_POINT('',(-4.35210989489957,-1.73896137313354,8.14353716681574));
#1691=CARTESIAN_POINT('',(-4.42268363507382,-1.76111030232213,7.90731915463668));
#1692=CARTESIAN_POINT('',(-4.07672182082271,-1.43866653728146,8.04606850844592));
#1693=CARTESIAN_POINT('',(-4.03950072863559,-1.69124872394895,8.0480296394734));
#1694=CARTESIAN_POINT('',(-4.11053145905878,-1.69978276051356,7.80512850229755));
#1695=CARTESIAN_POINT('',(-3.83831211907938,-1.4388888785667,7.98480439157158));
#1696=CARTESIAN_POINT('',(-3.83543514348611,-1.69999999402354,7.9960589091703));
#1697=CARTESIAN_POINT('',(-3.90016709362066,-1.7,7.74283227075753));
#1698=CARTESIAN_POINT('',(-3.83831212113877,-1.43888888888825,7.98480439257197));
#1699=CARTESIAN_POINT('',(-3.83543514567446,-1.69999999999963,7.99605890965941));
#1700=CARTESIAN_POINT('',(-3.90016709362126,-1.7,7.74283227519233));
#1701=CARTESIAN_POINT('',(-3.62699536000137,-1.43916785550687,7.93094062896884));
#1702=CARTESIAN_POINT('',(-3.65031123900969,-1.70645259943602,7.94918649818442));
#1703=CARTESIAN_POINT('',(-3.71369103303024,-1.70027254327521,7.68811225894228));
#1704=CARTESIAN_POINT('',(-3.18092216706537,-1.50639539301035,7.82844289070517));
#1705=CARTESIAN_POINT('',(-3.24992231358475,-1.79612180592673,7.86750215019154));
#1706=CARTESIAN_POINT('',(-3.32003798999804,-1.7659520652737,7.58408535537776));
#1707=CARTESIAN_POINT('',(-2.65494655559098,-1.78543594730443,7.76434349467154));
#1708=CARTESIAN_POINT('',(-2.84755293437172,-2.05703907000169,7.86480365280398));
#1709=CARTESIAN_POINT('',(-2.85530337856547,-2.03856729540664,7.52250811441478));
#1710=CARTESIAN_POINT('',(-2.2997762582861,-2.14500144043598,7.82670893456962));
#1711=CARTESIAN_POINT('',(-2.5999836409979,-2.31937839083071,7.95468625085286));
#1712=CARTESIAN_POINT('',(-2.54031660669878,-2.38985331253133,7.59851478945624));
#1713=CARTESIAN_POINT('',(-2.08133649439,-2.51222210518648,7.9933564816711));
#1714=CARTESIAN_POINT('',(-2.42555666992573,-2.56435750817591,8.09059074536908));
#1715=CARTESIAN_POINT('',(-2.34518026814984,-2.74861827027171,7.78899872868277));
#1716=CARTESIAN_POINT('',(-1.97476019764693,-2.92228362979961,8.34631507584553));
#1717=CARTESIAN_POINT('',(-2.2821046108762,-2.88906015824895,8.35915943537947));
#1718=CARTESIAN_POINT('',(-2.24677055882385,-3.14923765085581,8.18694132356741));
#1719=CARTESIAN_POINT('',(-1.98675242270247,-3.26140117775135,8.9211184544586));
#1720=CARTESIAN_POINT('',(-2.2292687702617,-3.23609955665749,8.8885406593204));
#1721=CARTESIAN_POINT('',(-2.2496557216852,-3.48054654738631,8.83221118786639));
#1722=CARTESIAN_POINT('',(-2.01289621357646,-3.35001721211003,9.39813553362981));
#1723=CARTESIAN_POINT('',(-2.2364497939727,-3.34687117638589,9.392782790512));
#1724=CARTESIAN_POINT('',(-2.26532291348469,-3.56712193105877,9.36717110723798));
#1725=CARTESIAN_POINT('',(-2.01713921654786,-3.35,9.65154828717345));
#1726=CARTESIAN_POINT('',(-2.23614834744065,-3.35000000691352,9.65144898780533));
#1727=CARTESIAN_POINT('',(-2.26496544671758,-3.56710514731281,9.65143632023772));
#1728=CARTESIAN_POINT('',(5.02187413465726,-3.56710526326421,27.2773426683216));
#1729=CARTESIAN_POINT('',(4.98888210940058,-3.5671052633152,27.3033525606448));
#1730=CARTESIAN_POINT('',(4.64559146473106,-3.56710526354374,27.5602931927695));
#1731=CARTESIAN_POINT('',(3.76002984076176,-3.56710525772118,27.7773968047615));
#1732=CARTESIAN_POINT('',(2.98833413590114,-3.56710526293115,27.3586136115215));
#1733=CARTESIAN_POINT('',(2.7227684987214,-3.56710526274658,27.0217852010229));
#1734=CARTESIAN_POINT('',(5.03987598804219,-3.35,27.2998449850527));
#1735=CARTESIAN_POINT('',(5.00630270699149,-3.35000000001171,27.3263131198825));
#1736=CARTESIAN_POINT('',(4.65696396292998,-3.35000000021069,27.5877805466454));
#1737=CARTESIAN_POINT('',(3.75580045984308,-3.34999999743294,27.8087090932249));
#1738=CARTESIAN_POINT('',(2.97050899946811,-3.34999999961846,27.3825477631619));
#1739=CARTESIAN_POINT('',(2.70026456452727,-3.35000000032794,27.0397850367884));
#1740=CARTESIAN_POINT('',(5.17669007420983,-3.35,27.4708625927623));
#1741=CARTESIAN_POINT('',(5.1386992574149,-3.35,27.5008133774006));
#1742=CARTESIAN_POINT('',(4.74339487848208,-3.35,27.7966844107724));
#1743=CARTESIAN_POINT('',(3.72365724912063,-3.35,28.0466825094094));
#1744=CARTESIAN_POINT('',(2.83503795848338,-3.35,27.5644473128423));
#1745=CARTESIAN_POINT('',(2.52923468075697,-3.35,27.1765837757038));
#1746=CARTESIAN_POINT('',(-3.9,-1.7,3.5));
#1747=CARTESIAN_POINT('',(-3.9,-3.35,1.85));
#1748=CARTESIAN_POINT('',(3.9,5.,3.5));
#1749=CARTESIAN_POINT('',(-4.,5.,26.));
#1750=CARTESIAN_POINT('',(3.9,3.35,1.85));
#1751=CARTESIAN_POINT('',(15.5,1.35,23.));
#1752=CARTESIAN_POINT('',(13.5,3.35,23.));
#1753=CARTESIAN_POINT('',(15.5,-1.35,23.));
#1754=CARTESIAN_POINT('',(13.5,-3.35,23.));
#1755=CARTESIAN_POINT('',(2.26502154584669,3.56710941936678,9.65137300685565));
#1756=CARTESIAN_POINT('',(-5.27723150122577,3.56710526325631,24.9782147990194));
#1757=CARTESIAN_POINT('',(-2.72276847340669,3.56710501850659,27.0217852212747));
#1758=CARTESIAN_POINT('',(5.5371416406023,3.56710495162323,10.8025814200639));
#1759=CARTESIAN_POINT('',(-5.02168989807356,3.56710526328,27.277112372592));
#1760=CARTESIAN_POINT('',(-2.52924863936106,3.35,27.1766012214206));
#1761=CARTESIAN_POINT('',(5.78496861562963,3.35,10.8022902198541));
#1762=CARTESIAN_POINT('',(-5.17650583762746,3.35,27.4706322970343));
#1763=CARTESIAN_POINT('',(-5.47076532582582,3.35,24.8234162361571));
#1764=CARTESIAN_POINT('',(2.01722725576533,3.35,9.65155684790082));
#1765=CARTESIAN_POINT('',(5.27723147729749,-3.56710549411906,24.978214818162));
#1766=CARTESIAN_POINT('',(-2.26496243814895,-3.56710545529467,9.65143632152481));
#1767=CARTESIAN_POINT('',(-5.53715183703259,-3.56710490254859,10.8025495311507));
#1768=CARTESIAN_POINT('',(-3.90016709362083,-1.7,7.74283227202461));
#1769=CARTESIAN_POINT('',(2.72276845139718,-3.56710480615516,27.0217852388823));
#1770=CARTESIAN_POINT('',(5.02187413465726,-3.56710526326421,27.2773426683216));
#1771=CARTESIAN_POINT('',(5.47075136846508,-3.35,24.8233987894569));
#1772=CARTESIAN_POINT('',(-2.01713921663875,-3.35,9.65154850789652));
#1773=CARTESIAN_POINT('',(5.17669007420983,-3.35,27.4708625927623));
#1774=CARTESIAN_POINT('',(2.52923468075697,-3.35,27.1765837757038));
#1775=CARTESIAN_POINT('',(-5.78498394450577,-3.35,10.8022969063195));
#1776=CARTESIAN_POINT('',(-3.83831212010907,-1.43888888372748,7.98480439207178));
#1777=CARTESIAN_POINT('',(-3.9,-1.7,3.5));
#1778=CARTESIAN_POINT('',(-3.90000981706428,-1.7,4.91430750111544));
#1779=CARTESIAN_POINT('',(-3.89997455770364,-1.7,6.32856481272137));
#1780=CARTESIAN_POINT('',(-3.90016709362083,-1.7,7.74283227202461));
#1781=CARTESIAN_POINT('',(-3.9,-3.35,1.85));
#1782=CARTESIAN_POINT('',(-3.9,-1.7,1.85));
#1783=CARTESIAN_POINT('',(-3.9,-1.7,3.5));
#1784=CARTESIAN_POINT('',(-3.9,-1.7,3.5));
#1785=CARTESIAN_POINT('',(-2.25,-1.7,3.5));
#1786=CARTESIAN_POINT('',(-2.25,-3.35,3.5));
#1787=CARTESIAN_POINT('',(-2.25,-5.,3.5));
#1788=CARTESIAN_POINT('',(-3.9,-5.,3.5));
#1789=CARTESIAN_POINT('',(-5.55,-5.,3.5));
#1790=CARTESIAN_POINT('',(-5.55,-3.35,3.5));
#1791=CARTESIAN_POINT('',(-5.55,-1.7,3.5));
#1792=CARTESIAN_POINT('',(-3.9,-1.7,3.5));
#1793=CARTESIAN_POINT('',(3.9,5.,3.5));
#1794=CARTESIAN_POINT('',(3.90001234173194,5.,5.27802684476047));
#1795=CARTESIAN_POINT('',(3.89992003312343,5.,8.06441163746041));
#1796=CARTESIAN_POINT('',(3.90109800138486,5.,11.1483451918567));
#1797=CARTESIAN_POINT('',(3.90522543545189,5.,12.6574573620202));
#1798=CARTESIAN_POINT('',(3.90986350586294,5.,13.4127000274703));
#1799=CARTESIAN_POINT('',(3.91857762730258,5.,13.9264112245118));
#1800=CARTESIAN_POINT('',(3.93004616972424,5.,14.2980075015339));
#1801=CARTESIAN_POINT('',(3.91912441441001,5.,14.5749705396934));
#1802=CARTESIAN_POINT('',(3.8452870211038,5.,14.8988602849383));
#1803=CARTESIAN_POINT('',(3.70276132380373,5.,15.2807858752653));
#1804=CARTESIAN_POINT('',(3.52656366119498,5.,15.6630894728737));
#1805=CARTESIAN_POINT('',(3.27977642773262,5.,16.1260056537476));
#1806=CARTESIAN_POINT('',(2.95081421597468,5.,16.6826082337539));
#1807=CARTESIAN_POINT('',(2.52804114511272,5.,17.3459853496282));
#1808=CARTESIAN_POINT('',(1.75472844708446,5.,18.490742790337));
#1809=CARTESIAN_POINT('',(0.458268147136699,5.,20.2829193483074));
#1810=CARTESIAN_POINT('',(-1.55497777546391,5.,22.9218483562189));
#1811=CARTESIAN_POINT('',(-3.11285939726999,5.,24.8908710260271));
#1812=CARTESIAN_POINT('',(-4.,5.,26.));
#1813=CARTESIAN_POINT('',(3.9,3.35,1.85));
#1814=CARTESIAN_POINT('',(3.9,5.,1.85));
#1815=CARTESIAN_POINT('',(3.9,5.,3.5));
#1816=CARTESIAN_POINT('',(3.9,5.,3.5));
#1817=CARTESIAN_POINT('',(5.55,5.,3.5));
#1818=CARTESIAN_POINT('',(5.55,3.35,3.5));
#1819=CARTESIAN_POINT('',(5.55,1.7,3.5));
#1820=CARTESIAN_POINT('',(3.9,1.7,3.5));
#1821=CARTESIAN_POINT('',(2.25,1.7,3.5));
#1822=CARTESIAN_POINT('',(2.25,3.35,3.5));
#1823=CARTESIAN_POINT('',(2.25,5.,3.5));
#1824=CARTESIAN_POINT('',(3.9,5.,3.5));
#1825=CARTESIAN_POINT('',(-4.,5.,26.));
#1826=CARTESIAN_POINT('',(-5.12871621032607,5.,25.0970270317391));
#1827=CARTESIAN_POINT('',(-5.27723150122577,3.56710526325631,24.9782147990194));
#1828=CARTESIAN_POINT('',(15.5,1.35,23.));
#1829=CARTESIAN_POINT('',(15.5,-1.35,23.));
#1830=CARTESIAN_POINT('',(15.5,1.35,23.));
#1831=CARTESIAN_POINT('',(15.5,1.35,7.5));
#1832=CARTESIAN_POINT('',(-1.83238605670858E-16,1.35,7.5));
#1833=CARTESIAN_POINT('',(-15.5,1.35,7.5));
#1834=CARTESIAN_POINT('',(-15.5,1.35,23.));
#1835=CARTESIAN_POINT('',(-15.5,1.35,38.5));
#1836=CARTESIAN_POINT('',(-2.97103789995456E-15,1.35,38.5));
#1837=CARTESIAN_POINT('',(15.5,1.35,38.5));
#1838=CARTESIAN_POINT('',(15.5,1.35,23.));
#1839=CARTESIAN_POINT('',(15.5,1.35,23.));
#1840=CARTESIAN_POINT('',(15.5,3.35,23.));
#1841=CARTESIAN_POINT('',(13.5,3.35,23.));
#1842=CARTESIAN_POINT('',(13.5,3.35,23.));
#1843=CARTESIAN_POINT('',(13.4999997363794,3.35,14.4612729426526));
#1844=CARTESIAN_POINT('',(5.78496861562964,3.35,10.8022902198541));
#1845=CARTESIAN_POINT('',(15.5,-1.35,23.));
#1846=CARTESIAN_POINT('',(15.5,-1.35,7.5));
#1847=CARTESIAN_POINT('',(-2.584266283666E-16,-1.35,7.5));
#1848=CARTESIAN_POINT('',(-15.5,-1.35,7.5));
#1849=CARTESIAN_POINT('',(-15.5,-1.35,23.));
#1850=CARTESIAN_POINT('',(-15.5,-1.35,38.5));
#1851=CARTESIAN_POINT('',(-2.89584987725882E-15,-1.35,38.5));
#1852=CARTESIAN_POINT('',(15.5,-1.35,38.5));
#1853=CARTESIAN_POINT('',(15.5,-1.35,23.));
#1854=CARTESIAN_POINT('',(15.5,-1.35,23.));
#1855=CARTESIAN_POINT('',(15.5,-3.35,23.));
#1856=CARTESIAN_POINT('',(13.5,-3.35,23.));
#1857=CARTESIAN_POINT('',(13.5,-3.35,23.));
#1858=CARTESIAN_POINT('',(13.5000000513743,-3.35,16.8054472807624));
#1859=CARTESIAN_POINT('',(8.80393722989185,-3.35,12.7657099912714));
#1860=CARTESIAN_POINT('',(4.10787440840942,-3.35,8.72597270178041));
#1861=CARTESIAN_POINT('',(-2.01713927047795,-3.35,9.65154864402197));
#1862=CARTESIAN_POINT('',(-2.72276847340669,3.56710501850659,27.0217852212746));
#1863=CARTESIAN_POINT('',(-1.83167834830371,3.56710501337262,25.9077116591202));
#1864=CARTESIAN_POINT('',(-0.945732858501434,3.56710500822876,24.7879944668152));
#1865=CARTESIAN_POINT('',(-0.0687310905687295,3.56710500306131,23.656521924886));
#1866=CARTESIAN_POINT('',(0.60469938879456,3.56710499909334,22.7876889029253));
#1867=CARTESIAN_POINT('',(1.27285632038493,3.56710499511148,21.9119244939275));
#1868=CARTESIAN_POINT('',(1.93168954540155,3.56710499109778,21.021693741529));
#1869=CARTESIAN_POINT('',(2.41989750969493,3.56710498812356,20.3620158035062));
#1870=CARTESIAN_POINT('',(2.90298574075828,3.56710498513187,19.6943942629645));
#1871=CARTESIAN_POINT('',(3.37676833728173,3.56710498208907,19.0064285920157));
#1872=CARTESIAN_POINT('',(3.56025661615072,3.56710498091065,18.7399906987507));
#1873=CARTESIAN_POINT('',(3.74234915529597,3.56710497972456,18.4705014164769));
#1874=CARTESIAN_POINT('',(3.92246698880307,3.5671049785231,18.1953111266566));
#1875=CARTESIAN_POINT('',(4.07221447563616,3.56710497752422,17.9665217086458));
#1876=CARTESIAN_POINT('',(4.22059703987772,3.56710497651471,17.7337917367396));
#1877=CARTESIAN_POINT('',(4.36720755150217,3.56710497548534,17.4940938757844));
#1878=CARTESIAN_POINT('',(4.4874715833694,3.56710497464095,17.2974706536905));
#1879=CARTESIAN_POINT('',(4.6065432263666,3.5671049737832,17.0961588386794));
#1880=CARTESIAN_POINT('',(4.72395054877242,3.56710497289945,16.8860591580046));
#1881=CARTESIAN_POINT('',(4.81897370735842,3.56710497218419,16.7160158006863));
#1882=CARTESIAN_POINT('',(4.91290666753558,3.5671049714519,16.5402160300824));
#1883=CARTESIAN_POINT('',(5.00520791495572,3.56710497068412,16.3527464360376));
#1884=CARTESIAN_POINT('',(5.07904281266519,3.56710497006994,16.2027831507427));
#1885=CARTESIAN_POINT('',(5.15183358674792,3.56710496943306,16.0453524124161));
#1886=CARTESIAN_POINT('',(5.22217369730613,3.56710496875692,15.8746887090186));
#1887=CARTESIAN_POINT('',(5.27807768859715,3.56710496821956,15.7390508473106));
#1888=CARTESIAN_POINT('',(5.33243370744578,3.5671049676574,15.5950543247518));
#1889=CARTESIAN_POINT('',(5.38307066950161,3.56710496704149,15.4327468676891));
#1890=CARTESIAN_POINT('',(5.45653667892233,3.5671049661479,15.1972651032721));
#1891=CARTESIAN_POINT('',(5.52217433489313,3.56710496514116,14.923240107256));
#1892=CARTESIAN_POINT('',(5.54844854854602,3.56710496411967,14.6246644672781));
#1893=CARTESIAN_POINT('',(5.55855457803348,3.56710496372677,14.5098212882692));
#1894=CARTESIAN_POINT('',(5.56283696459912,3.56710496333168,14.3913459527335));
#1895=CARTESIAN_POINT('',(5.56369753022465,3.56710496302874,14.2992667035181));
#1896=CARTESIAN_POINT('',(5.56448256155143,3.56710496275238,14.2152695125596));
#1897=CARTESIAN_POINT('',(5.56242009593996,3.5671049625527,14.1532380457856));
#1898=CARTESIAN_POINT('',(5.56058744563179,3.56710496235932,14.0932476133606));
#1899=CARTESIAN_POINT('',(5.55224175192648,3.56710496147868,13.8200575934005));
#1900=CARTESIAN_POINT('',(5.54866195486405,3.5671049607287,13.5891944272782));
#1901=CARTESIAN_POINT('',(5.54613322957051,3.56710495993353,13.3450693880508));
#1902=CARTESIAN_POINT('',(5.5441149509076,3.56710495929888,13.1502232499546));
#1903=CARTESIAN_POINT('',(5.54276623505567,3.56710495863545,12.9469289189775));
#1904=CARTESIAN_POINT('',(5.5417460237157,3.56710495797298,12.7440953039752));
#1905=CARTESIAN_POINT('',(5.5402527154698,3.5671049570033,12.4472027896878));
#1906=CARTESIAN_POINT('',(5.53946322457998,3.56710495603568,12.1512973543824));
#1907=CARTESIAN_POINT('',(5.53882661736638,3.56710495506665,11.8550361083756));
#1908=CARTESIAN_POINT('',(5.53807371957217,3.56710495392059,11.5046561034603));
#1909=CARTESIAN_POINT('',(5.53753466232456,3.56710495277256,11.1537784211163));
#1910=CARTESIAN_POINT('',(5.5371416406023,3.56710495162323,10.8025814200639));
#1911=CARTESIAN_POINT('',(-2.72276847340669,3.56710501850659,27.0217852212746));
#1912=CARTESIAN_POINT('',(-2.87128352072516,5.00000014409771,26.9029731834199));
#1913=CARTESIAN_POINT('',(-4.,5.,26.));
#1914=CARTESIAN_POINT('',(2.01722725576533,3.35,9.65155684790082));
#1915=CARTESIAN_POINT('',(-7.26854280306929,3.35,8.2482815509814));
#1916=CARTESIAN_POINT('',(-11.8136281916814,3.35,16.4663656315149));
#1917=CARTESIAN_POINT('',(-16.3587135802936,3.35,24.6844497120483));
#1918=CARTESIAN_POINT('',(-10.2343260196283,3.35,31.803900825109));
#1919=CARTESIAN_POINT('',(-4.10993845896293,3.35,38.9233519381697));
#1920=CARTESIAN_POINT('',(4.6950298561183,3.35,35.6572778246645));
#1921=CARTESIAN_POINT('',(13.4999981711995,3.35,32.3912037111592));
#1922=CARTESIAN_POINT('',(13.5,3.35,23.));
#1923=CARTESIAN_POINT('',(-5.02168989807356,3.56710526328,27.277112372592));
#1924=CARTESIAN_POINT('',(-5.03969175145103,3.35,27.2996146893138));
#1925=CARTESIAN_POINT('',(-5.17650583762746,3.35,27.4706322970343));
#1926=CARTESIAN_POINT('',(-2.72276847340669,3.56710501850659,27.0217852212747));
#1927=CARTESIAN_POINT('',(-2.89876676319166,3.56710502619748,27.2422255173825));
#1928=CARTESIAN_POINT('',(-3.38554067367569,3.56710510459027,27.602500967709));
#1929=CARTESIAN_POINT('',(-4.22611630427864,3.56710517904983,27.6871798176103));
#1930=CARTESIAN_POINT('',(-4.76972332922823,3.56710524145221,27.4649984176019));
#1931=CARTESIAN_POINT('',(-4.98802336245299,3.5671052597245,27.3040602345304));
#1932=CARTESIAN_POINT('',(-5.02168989807356,3.56710526328,27.277112372592));
#1933=CARTESIAN_POINT('',(-2.52924863936106,3.35,27.1766012214206));
#1934=CARTESIAN_POINT('',(-2.73192771144659,3.35,27.4304595344946));
#1935=CARTESIAN_POINT('',(-3.29245523590561,3.35,27.8453221774427));
#1936=CARTESIAN_POINT('',(-4.26039080072198,3.35,27.9428311656469));
#1937=CARTESIAN_POINT('',(-4.88636251847236,3.35,27.6869859222479));
#1938=CARTESIAN_POINT('',(-5.13773831319328,3.35,27.5016631674883));
#1939=CARTESIAN_POINT('',(-5.17650583762746,3.35,27.4706322970343));
#1940=CARTESIAN_POINT('',(-2.52924863936106,3.35,27.1766012214206));
#1941=CARTESIAN_POINT('',(-2.70026617624101,3.34999987782092,27.039787074463));
#1942=CARTESIAN_POINT('',(-2.72276847340669,3.56710501850659,27.0217852212747));
#1943=CARTESIAN_POINT('',(2.01722725576533,3.35,9.65155684790082));
#1944=CARTESIAN_POINT('',(2.23622041488927,3.35000209820497,9.6513952000105));
#1945=CARTESIAN_POINT('',(2.26502154584669,3.56710941936678,9.65137300685565));
#1946=CARTESIAN_POINT('',(2.26502154584669,3.56710941936678,9.65137300685565));
#1947=CARTESIAN_POINT('',(2.2651714116114,3.56710903363042,10.8093501399778));
#1948=CARTESIAN_POINT('',(2.26496368468181,3.56710796320706,11.9679743812814));
#1949=CARTESIAN_POINT('',(2.27307348033841,3.56710907440718,13.1229558780488));
#1950=CARTESIAN_POINT('',(2.27572122443245,3.56710943719975,13.5000424985114));
#1951=CARTESIAN_POINT('',(2.27925556537266,3.56711003253998,13.8767408247693));
#1952=CARTESIAN_POINT('',(2.29198511456439,3.56710187517879,14.2524283630462));
#1953=CARTESIAN_POINT('',(2.29213559599642,3.56710177874715,14.2568695257223));
#1954=CARTESIAN_POINT('',(2.2922873624232,3.56710168109234,14.2613105471448));
#1955=CARTESIAN_POINT('',(2.2921844581758,3.56710462875492,14.2663285783312));
#1956=CARTESIAN_POINT('',(2.2920815539284,3.5671075764175,14.2713466095176));
#1957=CARTESIAN_POINT('',(2.29172397900683,3.56711356939746,14.2769416504679));
#1958=CARTESIAN_POINT('',(2.29217995789447,3.56711210394285,14.2811142645094));
#1959=CARTESIAN_POINT('',(2.29227455324291,3.56711179992616,14.2819798964276));
#1960=CARTESIAN_POINT('',(2.29240416215988,3.56711117491484,14.2827843102168));
#1961=CARTESIAN_POINT('',(2.2923577069403,3.5671121942957,14.2839355503724));
#1962=CARTESIAN_POINT('',(2.29231125172071,3.56711321367655,14.2850867905281));
#1963=CARTESIAN_POINT('',(2.29208873236457,3.56711587744959,14.2865848570503));
#1964=CARTESIAN_POINT('',(2.29199304595567,3.56712113941881,14.2923557584281));
#1965=CARTESIAN_POINT('',(2.29189231527191,3.56712667878187,14.2984308828726));
#1966=CARTESIAN_POINT('',(2.29193214244822,3.56713509749847,14.309241216399));
#1967=CARTESIAN_POINT('',(2.29186538458122,3.56714003904423,14.3164422893494));
#1968=CARTESIAN_POINT('',(2.29181519835661,3.56714375392514,14.321855803602));
#1969=CARTESIAN_POINT('',(2.2917047755371,3.56714550368106,14.3252295422863));
#1970=CARTESIAN_POINT('',(2.2917001071801,3.5671441475053,14.3259642281203));
#1971=CARTESIAN_POINT('',(2.29169273267619,3.56714200518338,14.327124795653));
#1972=CARTESIAN_POINT('',(2.29194925623618,3.56713211236715,14.3216999111768));
#1973=CARTESIAN_POINT('',(2.29199397172468,3.56712904873769,14.3214000217338));
#1974=CARTESIAN_POINT('',(2.29201632946893,3.56712751692296,14.3212500770124));
#1975=CARTESIAN_POINT('',(2.29198573519531,3.56712769240492,14.3223813810492));
#1976=CARTESIAN_POINT('',(2.29200542092847,3.56712655406295,14.3222262773815));
#1977=CARTESIAN_POINT('',(2.29202510666164,3.56712541572097,14.3220711737138));
#1978=CARTESIAN_POINT('',(2.29209507240159,3.56712296355506,14.3206296623416));
#1979=CARTESIAN_POINT('',(2.29212316648421,3.56712196727928,14.3202149911));
#1980=CARTESIAN_POINT('',(2.29215567978114,3.56712081428877,14.3197350918491));
#1981=CARTESIAN_POINT('',(2.29213211250266,3.56712161123675,14.3206304853154));
#1982=CARTESIAN_POINT('',(2.29221563399355,3.56711959959335,14.3187836753487));
#1983=CARTESIAN_POINT('',(2.29229915548444,3.56711758794995,14.316936865382));
#1984=CARTESIAN_POINT('',(2.29248976574471,3.56711276771517,14.3123478519823));
#1985=CARTESIAN_POINT('',(2.29242450860159,3.56711631545261,14.3140228054906));
#1986=CARTESIAN_POINT('',(2.29241007353177,3.56711710022244,14.3143933100773));
#1987=CARTESIAN_POINT('',(2.29238311868401,3.56711829444324,14.3150703151156));
#1988=CARTESIAN_POINT('',(2.29236987251286,3.56711909392794,14.3153645521812));
#1989=CARTESIAN_POINT('',(2.29235662634172,3.56711989341265,14.3156587892468));
#1990=CARTESIAN_POINT('',(2.29235708884719,3.56712029816126,14.3155702583397));
#1991=CARTESIAN_POINT('',(2.29214096856955,3.56712002505573,14.3171357028932));
#1992=CARTESIAN_POINT('',(2.29152402583302,3.56711924544136,14.3216044628691));
#1993=CARTESIAN_POINT('',(2.28914217291871,3.56711294206533,14.3395512938263));
#1994=CARTESIAN_POINT('',(2.28798143848065,3.56711000029156,14.3481909399092));
#1995=CARTESIAN_POINT('',(2.28682070404259,3.56710705851779,14.356830585992));
#1996=CARTESIAN_POINT('',(2.28688108808078,3.56710747834627,14.3561630472005));
#1997=CARTESIAN_POINT('',(2.28688671345072,3.5671077656429,14.3558797257131));
#1998=CARTESIAN_POINT('',(2.28690855839972,3.56710888129932,14.3547795059041));
#1999=CARTESIAN_POINT('',(2.28610464538372,3.56710799838195,14.3594732637313));
#2000=CARTESIAN_POINT('',(2.28546210205921,3.56710765200446,14.3629134607629));
#2001=CARTESIAN_POINT('',(2.2848195587347,3.56710730562698,14.3663536577944));
#2002=CARTESIAN_POINT('',(2.28433838510169,3.56710749578937,14.3685402940304));
#2003=CARTESIAN_POINT('',(2.28382778575911,3.56710764160428,14.370843098852));
#2004=CARTESIAN_POINT('',(2.28280658707397,3.56710793323411,14.3754487084951));
#2005=CARTESIAN_POINT('',(2.2816676855506,3.56710804747403,14.3805189924808));
#2006=CARTESIAN_POINT('',(2.28052404612687,3.56710814976972,14.3854068928077));
#2007=CARTESIAN_POINT('',(2.27608961775079,3.56710854641828,14.4043595831919));
#2008=CARTESIAN_POINT('',(2.2715839560891,3.56710876348796,14.4205701755443));
#2009=CARTESIAN_POINT('',(2.26694685888734,3.56710839984866,14.4361399362108));
#2010=CARTESIAN_POINT('',(2.26230976168557,3.56710803620936,14.4517096968772));
#2011=CARTESIAN_POINT('',(2.25754122894374,3.56710709186108,14.4666386258579));
#2012=CARTESIAN_POINT('',(2.25277261341987,3.56710636428556,14.4809011359036));
#2013=CARTESIAN_POINT('',(2.24800399789601,3.56710563671003,14.4951636459493));
#2014=CARTESIAN_POINT('',(2.24323529959012,3.56710512590727,14.5087597370601));
#2015=CARTESIAN_POINT('',(2.23839308517031,3.56710506810379,14.5221991399985));
#2016=CARTESIAN_POINT('',(2.2335508707505,3.56710501030031,14.5356385429369));
#2017=CARTESIAN_POINT('',(2.22863514021677,3.56710540549611,14.5489212577029));
#2018=CARTESIAN_POINT('',(2.22363562467636,3.56710580035064,14.5621006999019));
#2019=CARTESIAN_POINT('',(2.20660332746544,3.56710714553692,14.6070002856301));
#2020=CARTESIAN_POINT('',(2.18859860345995,3.56710848676235,14.6507012677498));
#2021=CARTESIAN_POINT('',(2.17006862909203,3.56710881691026,14.6934408800645));
#2022=CARTESIAN_POINT('',(2.1515386547241,3.56710914705817,14.7361804923793));
#2023=CARTESIAN_POINT('',(2.13248342999373,3.56710846612856,14.7779587348892));
#2024=CARTESIAN_POINT('',(2.11302694835437,3.56710835579304,14.8192224379252));
#2025=CARTESIAN_POINT('',(2.09804028802023,3.56710827080537,14.8510064527842));
#2026=CARTESIAN_POINT('',(2.08281555825459,3.56710852435645,14.8824851866192));
#2027=CARTESIAN_POINT('',(2.06738523003154,3.56710846257005,14.9137201149387));
#2028=CARTESIAN_POINT('',(2.05195490180848,3.56710840078365,14.9449550432582));
#2029=CARTESIAN_POINT('',(2.03631897512801,3.56710802365978,14.9759461660621));
#2030=CARTESIAN_POINT('',(2.02051262867998,3.56710779235519,15.0067489819248));
#2031=CARTESIAN_POINT('',(2.00470628223194,3.56710756105061,15.0375517977875));
#2032=CARTESIAN_POINT('',(1.98872951601634,3.56710747556532,15.068166306709));
#2033=CARTESIAN_POINT('',(1.9726020143642,3.5671075053785,15.0986164315536));
#2034=CARTESIAN_POINT('',(1.95647451271206,3.56710753519169,15.1290665563983));
#2035=CARTESIAN_POINT('',(1.94019627562338,3.56710768030335,15.1593522971661));
#2036=CARTESIAN_POINT('',(1.92378771792333,3.56710779103563,15.1895095735382));
#2037=CARTESIAN_POINT('',(1.87165434805516,3.56710814285491,15.2853254564491));
#2038=CARTESIAN_POINT('',(1.81820543870014,3.56710814762677,15.3798445377));
#2039=CARTESIAN_POINT('',(1.76380879948923,3.5671081254948,15.473468659707));
#2040=CARTESIAN_POINT('',(1.70941216027832,3.56710810336283,15.5670927817141));
#2041=CARTESIAN_POINT('',(1.65406779121152,3.56710805432704,15.6598219444773));
#2042=CARTESIAN_POINT('',(1.59803381941471,3.56710801034996,15.7518927343268));
#2043=CARTESIAN_POINT('',(1.54199984761789,3.56710796637288,15.8439635241763));
#2044=CARTESIAN_POINT('',(1.48527627309105,3.56710792745451,15.9353759411122));
#2045=CARTESIAN_POINT('',(1.42796492397504,3.56710787110429,16.0263095405221));
#2046=CARTESIAN_POINT('',(1.37065357485903,3.56710781475407,16.1172431399321));
#2047=CARTESIAN_POINT('',(1.31275445115384,3.567107740972,16.2076979218161));
#2048=CARTESIAN_POINT('',(1.25440091840284,3.56710777087588,16.2977174152781));
#2049=CARTESIAN_POINT('',(1.21321100872935,3.56710779198408,16.3612593231926));
#2050=CARTESIAN_POINT('',(1.17179468971509,3.56710786475382,16.4245843486185));
#2051=CARTESIAN_POINT('',(1.13017112727485,3.56710787821212,16.4877372572714));
#2052=CARTESIAN_POINT('',(1.08854756483461,3.56710789167042,16.5508901659243));
#2053=CARTESIAN_POINT('',(1.0467167589684,3.56710784581728,16.6138709578043));
#2054=CARTESIAN_POINT('',(1.00470542842065,3.56710785010803,16.6767021326405));
#2055=CARTESIAN_POINT('',(0.9626940978729,3.56710785439878,16.7395333074766));
#2056=CARTESIAN_POINT('',(0.920502242643619,3.56710790883342,16.8022148652691));
#2057=CARTESIAN_POINT('',(0.878155688209272,3.56710790081238,16.864740192966));
#2058=CARTESIAN_POINT('',(0.835809133774926,3.56710789279134,16.9272655206629));
#2059=CARTESIAN_POINT('',(0.793307880135513,3.56710782231462,16.9896346182643));
#2060=CARTESIAN_POINT('',(0.750669856518081,3.56710775745548,17.0518897380953));
#2061=CARTESIAN_POINT('',(0.319731157367228,3.56710710192993,17.6810966778018));
#2062=CARTESIAN_POINT('',(-0.125178546465508,3.56710702023821,18.2986608287386));
#2063=CARTESIAN_POINT('',(-0.576317356631381,3.56710691946715,18.9109179984271));
#2064=CARTESIAN_POINT('',(-1.33618338663923,3.56710674973556,19.9421602998909));
#2065=CARTESIAN_POINT('',(-2.11372116116661,3.56710652587659,20.958346891631));
#2066=CARTESIAN_POINT('',(-2.89929692236623,3.56710621401982,21.9678066342814));
#2067=CARTESIAN_POINT('',(-3.68487268356586,3.56710590216305,22.9772663769317));
#2068=CARTESIAN_POINT('',(-4.47848643143773,3.5671055023085,23.9799992704924));
#2069=CARTESIAN_POINT('',(-5.27723150122577,3.56710526325631,24.9782147990194));
#2070=CARTESIAN_POINT('',(2.01722725576533,3.35,9.65155684790082));
#2071=CARTESIAN_POINT('',(2.01737232673189,3.35,10.809428093105));
#2072=CARTESIAN_POINT('',(2.01715346601478,3.35,11.9673002386412));
#2073=CARTESIAN_POINT('',(2.02528514677158,3.35,13.1251342744821));
#2074=CARTESIAN_POINT('',(2.02794003606967,3.35,13.5031522123051));
#2075=CARTESIAN_POINT('',(2.03148504182465,3.35,13.8811660878686));
#2076=CARTESIAN_POINT('',(2.04427118130913,3.35000000000001,14.25903733575));
#2077=CARTESIAN_POINT('',(2.04442233171915,3.35000000000001,14.2635043129891));
#2078=CARTESIAN_POINT('',(2.04457477354183,3.35000000000001,14.2679712702965));
#2079=CARTESIAN_POINT('',(2.04445840802105,3.35,14.2724408831742));
#2080=CARTESIAN_POINT('',(2.04434204250028,3.35,14.2769104960519));
#2081=CARTESIAN_POINT('',(2.04395686963605,3.35,14.2813827644999));
#2082=CARTESIAN_POINT('',(2.04442211715819,3.35,14.2858472798697));
#2083=CARTESIAN_POINT('',(2.04451863533624,3.35,14.2867734683369));
#2084=CARTESIAN_POINT('',(2.04465175373931,3.35,14.2876993231286));
#2085=CARTESIAN_POINT('',(2.04460034764973,3.35,14.2886268776808));
#2086=CARTESIAN_POINT('',(2.04454894156014,3.35,14.289554432233));
#2087=CARTESIAN_POINT('',(2.0443130109779,3.35,14.2904836865456));
#2088=CARTESIAN_POINT('',(2.04450244915758,3.35,14.2913361843143));
#2089=CARTESIAN_POINT('',(2.04470187389918,3.35,14.2922336229802));
#2090=CARTESIAN_POINT('',(2.04537269762826,3.35,14.2930459990832));
#2091=CARTESIAN_POINT('',(2.04560651756856,3.35,14.2938979927113));
#2092=CARTESIAN_POINT('',(2.04578229520449,3.35,14.2945384916592));
#2093=CARTESIAN_POINT('',(2.04571109991264,3.35,14.2952013804729));
#2094=CARTESIAN_POINT('',(2.04562451682713,3.35,14.295909706736));
#2095=CARTESIAN_POINT('',(2.04548774337479,3.35,14.2970286346171));
#2096=CARTESIAN_POINT('',(2.04531257145816,3.35,14.2982609464129));
#2097=CARTESIAN_POINT('',(2.04521068832559,3.35,14.2994102222919));
#2098=CARTESIAN_POINT('',(2.0451597467593,3.35,14.2999848602314));
#2099=CARTESIAN_POINT('',(2.04512712738903,3.35,14.3005387391918));
#2100=CARTESIAN_POINT('',(2.04508117854408,3.35,14.3011135464721));
#2101=CARTESIAN_POINT('',(2.04503522969913,3.35,14.3016883537525));
#2102=CARTESIAN_POINT('',(2.04497595137949,3.35,14.302284089353));
#2103=CARTESIAN_POINT('',(2.0449339522962,3.35,14.3028628763274));
#2104=CARTESIAN_POINT('',(2.04488534673451,3.35,14.3035327068043));
#2105=CARTESIAN_POINT('',(2.0448598840236,3.35,14.3041798372315));
#2106=CARTESIAN_POINT('',(2.04480426778273,3.35,14.3048702484245));
#2107=CARTESIAN_POINT('',(2.04474865154187,3.35,14.3055606596176));
#2108=CARTESIAN_POINT('',(2.04466288177105,3.35,14.3062943515765));
#2109=CARTESIAN_POINT('',(2.04467233846497,3.35,14.3069202046337));
#2110=CARTESIAN_POINT('',(2.04467443031316,3.35,14.3070586451499));
#2111=CARTESIAN_POINT('',(2.04468118166145,3.35,14.3071918090303));
#2112=CARTESIAN_POINT('',(2.04468319707226,3.35,14.3073306129797));
#2113=CARTESIAN_POINT('',(2.04468521248307,3.35,14.3074694169291));
#2114=CARTESIAN_POINT('',(2.04468249195639,3.35,14.3076138609474));
#2115=CARTESIAN_POINT('',(2.04463348251707,3.35,14.3077221076393));
#2116=CARTESIAN_POINT('',(2.04449357885814,3.35,14.308031111547));
#2117=CARTESIAN_POINT('',(2.04397647174902,3.35,14.3080451472725));
#2118=CARTESIAN_POINT('',(2.04369973938166,3.35,14.3082783754891));
#2119=CARTESIAN_POINT('',(2.04342300701431,3.35,14.3085116037057));
#2120=CARTESIAN_POINT('',(2.04338664938873,3.35,14.3089640244134));
#2121=CARTESIAN_POINT('',(2.0433386583135,3.35,14.3094064541468));
#2122=CARTESIAN_POINT('',(2.04315229499837,3.35,14.3111245375912));
#2123=CARTESIAN_POINT('',(2.0427904998473,3.35,14.3126919576453));
#2124=CARTESIAN_POINT('',(2.04245082249008,3.35,14.3142873002414));
#2125=CARTESIAN_POINT('',(2.04211114513285,3.35,14.3158826428376));
#2126=CARTESIAN_POINT('',(2.04179358556947,3.35,14.3175059079758));
#2127=CARTESIAN_POINT('',(2.04146021683822,3.35,14.3191221773797));
#2128=CARTESIAN_POINT('',(2.04079347937571,3.35,14.3223547161876));
#2129=CARTESIAN_POINT('',(2.04006350524171,3.35,14.3255592720587));
#2130=CARTESIAN_POINT('',(2.03930541740811,3.35,14.3287577820547));
#2131=CARTESIAN_POINT('',(2.03636595403257,3.35,14.3411599109015));
#2132=CARTESIAN_POINT('',(2.03300380739237,3.35,14.3534711413516));
#2133=CARTESIAN_POINT('',(2.02937597627458,3.35,14.3656987819047));
#2134=CARTESIAN_POINT('',(2.02574814515679,3.35,14.3779264224579));
#2135=CARTESIAN_POINT('',(2.02185462956142,3.35,14.3900704731141));
#2136=CARTESIAN_POINT('',(2.01780466777275,3.35,14.4021628533888));
#2137=CARTESIAN_POINT('',(2.01375470598408,3.35,14.4142552336634));
#2138=CARTESIAN_POINT('',(2.00954829800211,3.35,14.4262959435565));
#2139=CARTESIAN_POINT('',(2.00523028822552,3.35,14.438296269113));
#2140=CARTESIAN_POINT('',(2.00091227844893,3.35,14.4502965946695));
#2141=CARTESIAN_POINT('',(1.99648266687773,3.35,14.4622565358896));
#2142=CARTESIAN_POINT('',(1.99195691573438,3.35,14.4741795257361));
#2143=CARTESIAN_POINT('',(1.97653863411225,3.35,14.5147986427422));
#2144=CARTESIAN_POINT('',(1.96000453595345,3.35,14.5549888941668));
#2145=CARTESIAN_POINT('',(1.94272320858426,3.35,14.5948516203406));
#2146=CARTESIAN_POINT('',(1.92544188121507,3.35,14.6347143465143));
#2147=CARTESIAN_POINT('',(1.9074133246355,3.35,14.6742495474373));
#2148=CARTESIAN_POINT('',(1.88888393555901,3.35,14.7135474532143));
#2149=CARTESIAN_POINT('',(1.87461138282129,3.35,14.7438172818832));
#2150=CARTESIAN_POINT('',(1.86004168153572,3.35,14.7739463211495));
#2151=CARTESIAN_POINT('',(1.84521941133884,3.35,14.8039506002819));
#2152=CARTESIAN_POINT('',(1.83039714114195,3.35,14.8339548794143));
#2153=CARTESIAN_POINT('',(1.81532230203375,3.35,14.8638343984127));
#2154=CARTESIAN_POINT('',(1.80004347160143,3.35,14.8936088331445));
#2155=CARTESIAN_POINT('',(1.78476464116912,3.35,14.9233832678763));
#2156=CARTESIAN_POINT('',(1.76928181941269,3.35,14.9530526183415));
#2157=CARTESIAN_POINT('',(1.75361843119231,3.35,14.9826266035112));
#2158=CARTESIAN_POINT('',(1.73795504297193,3.35,15.012200588681));
#2159=CARTESIAN_POINT('',(1.72211108828759,3.35,15.0416792085554));
#2160=CARTESIAN_POINT('',(1.70611652658692,3.35,15.0710754172003));
#2161=CARTESIAN_POINT('',(1.65529850733969,3.35,15.1644732310741));
#2162=CARTESIAN_POINT('',(1.60296016467699,3.35,15.2570391333621));
#2163=CARTESIAN_POINT('',(1.54954405224555,3.35,15.3489758271844));
#2164=CARTESIAN_POINT('',(1.4961279398141,3.35,15.4409125210067));
#2165=CARTESIAN_POINT('',(1.44163405761391,3.35,15.5322200063633));
#2166=CARTESIAN_POINT('',(1.38635558472982,3.35,15.6230489532717));
#2167=CARTESIAN_POINT('',(1.33107711184572,3.35,15.7138779001801));
#2168=CARTESIAN_POINT('',(1.27501404827772,3.35,15.8042283086403));
#2169=CARTESIAN_POINT('',(1.21832092522235,3.35,15.8941809501564));
#2170=CARTESIAN_POINT('',(1.16162780216697,3.35,15.9841335916724));
#2171=CARTESIAN_POINT('',(1.10430461962424,3.35,16.0736884662443));
#2172=CARTESIAN_POINT('',(1.04646797418251,3.35,16.1629101771497));
#2173=CARTESIAN_POINT('',(1.00564291888161,3.35,16.2258889556376));
#2174=CARTESIAN_POINT('',(0.964562030653215,3.35,16.2887017353039));
#2175=CARTESIAN_POINT('',(0.923258934344209,3.35,16.3513682748385));
#2176=CARTESIAN_POINT('',(0.881955838035202,3.35,16.4140348143731));
#2177=CARTESIAN_POINT('',(0.840430533645586,3.35,16.476555113776));
#2178=CARTESIAN_POINT('',(0.798713410938789,3.35,16.5389459377549));
#2179=CARTESIAN_POINT('',(0.756996288231992,3.35,16.6013367617339));
#2180=CARTESIAN_POINT('',(0.715087347208015,3.35,16.663598110289));
#2181=CARTESIAN_POINT('',(0.672999834300859,3.35,16.7257413826751));
#2182=CARTESIAN_POINT('',(0.630912321393702,3.35,16.7878846550611));
#2183=CARTESIAN_POINT('',(0.588646236603365,3.35,16.8499098512781));
#2184=CARTESIAN_POINT('',(0.546235231660468,3.35,16.9118341391523));
#2185=CARTESIAN_POINT('',(0.117590989991149,3.35,17.5376973897992));
#2186=CARTESIAN_POINT('',(-0.325856793795049,3.35,18.1532528890687));
#2187=CARTESIAN_POINT('',(-0.775838549333682,3.35,18.763939739255));
#2188=CARTESIAN_POINT('',(-1.53375571906552,3.35,19.7925371065672));
#2189=CARTESIAN_POINT('',(-2.31020952524752,3.35,20.8073222963127));
#2190=CARTESIAN_POINT('',(-3.09489646863294,3.35,21.8156385737639));
#2191=CARTESIAN_POINT('',(-3.87958341201836,3.35,22.8239548512151));
#2192=CARTESIAN_POINT('',(-4.6725034926072,3.35,23.8258022163721));
#2193=CARTESIAN_POINT('',(-5.47076532582582,3.35,24.8234162361571));
#2194=CARTESIAN_POINT('',(-5.27723150122577,3.56710526325631,24.9782147990194));
#2195=CARTESIAN_POINT('',(-5.29973543429009,3.34999999998361,24.9602149661514));
#2196=CARTESIAN_POINT('',(-5.47076532582582,3.35,24.8234162361571));
#2197=CARTESIAN_POINT('',(-2.52924863936106,3.35,27.1766012214206));
#2198=CARTESIAN_POINT('',(-0.848879317573099,3.35,25.069622751167));
#2199=CARTESIAN_POINT('',(0.823313383802531,3.35,22.9543153609554));
#2200=CARTESIAN_POINT('',(2.41646269593387,3.34999999999999,20.7802739674812));
#2201=CARTESIAN_POINT('',(2.86883156971356,3.34999999999999,20.1629629287559));
#2202=CARTESIAN_POINT('',(3.31482753001347,3.34999999999999,19.5409164311302));
#2203=CARTESIAN_POINT('',(3.74495244718894,3.34999999999998,18.9077985433159));
#2204=CARTESIAN_POINT('',(3.93561047718995,3.34999999999998,18.6271614436525));
#2205=CARTESIAN_POINT('',(4.12315014561628,3.34999999999998,18.3443490239757));
#2206=CARTESIAN_POINT('',(4.30606698355515,3.34999999999999,18.0586082825533));
#2207=CARTESIAN_POINT('',(4.59063494778915,3.34999999999999,17.6140747885266));
#2208=CARTESIAN_POINT('',(4.86401439279913,3.35000000000001,17.1624539517489));
#2209=CARTESIAN_POINT('',(5.10899632257303,3.35000000000001,16.6948536568186));
#2210=CARTESIAN_POINT('',(5.20598338648705,3.35000000000001,16.5097331471856));
#2211=CARTESIAN_POINT('',(5.29851963212361,3.35,16.3221081344713));
#2212=CARTESIAN_POINT('',(5.38259501059131,3.35,16.1308799809602));
#2213=CARTESIAN_POINT('',(5.41969853792838,3.35,16.0464885794497));
#2214=CARTESIAN_POINT('',(5.45515425344987,3.35,15.961395441597));
#2215=CARTESIAN_POINT('',(5.48889258030497,3.35,15.8755890624884));
#2216=CARTESIAN_POINT('',(5.52263090716006,3.35,15.7897826833797));
#2217=CARTESIAN_POINT('',(5.55465184534876,3.35,15.703263063015));
#2218=CARTESIAN_POINT('',(5.58420737593412,3.35,15.6159131803534));
#2219=CARTESIAN_POINT('',(5.63094415340781,3.35,15.4777849875092));
#2220=CARTESIAN_POINT('',(5.67151599251737,3.35,15.3375806609336));
#2221=CARTESIAN_POINT('',(5.70510543164842,3.35,15.1956920865333));
#2222=CARTESIAN_POINT('',(5.73869487077946,3.35,15.0538035121329));
#2223=CARTESIAN_POINT('',(5.76530190993199,3.35,14.9102306899077));
#2224=CARTESIAN_POINT('',(5.78285447482439,3.35,14.7654668053469));
#2225=CARTESIAN_POINT('',(5.7874504460205,3.35,14.7275617670942));
#2226=CARTESIAN_POINT('',(5.79142563872649,3.35,14.6895750691166));
#2227=CARTESIAN_POINT('',(5.794830995148,3.35,14.6515469691072));
#2228=CARTESIAN_POINT('',(5.79823635156951,3.35,14.6135188690978));
#2229=CARTESIAN_POINT('',(5.80107187170654,3.35,14.5754493670567));
#2230=CARTESIAN_POINT('',(5.80334169009944,3.35,14.5373434505385));
#2231=CARTESIAN_POINT('',(5.80561150849233,3.35,14.4992375340202));
#2232=CARTESIAN_POINT('',(5.8073156251411,3.35,14.4610952030248));
#2233=CARTESIAN_POINT('',(5.80870934822426,3.35,14.422935491431));
#2234=CARTESIAN_POINT('',(5.81010307130743,3.35,14.3847757798372));
#2235=CARTESIAN_POINT('',(5.81118640082498,3.35,14.3465986876451));
#2236=CARTESIAN_POINT('',(5.81157892884314,3.35,14.3084239768941));
#2237=CARTESIAN_POINT('',(5.8124930823641,3.35,14.2195193773994));
#2238=CARTESIAN_POINT('',(5.80966052466362,3.35,14.130627694166));
#2239=CARTESIAN_POINT('',(5.80709435794107,3.35,14.0417427098396));
#2240=CARTESIAN_POINT('',(5.80452819121852,3.35,13.9528577255132));
#2241=CARTESIAN_POINT('',(5.8022284154739,3.35,13.8639794400939));
#2242=CARTESIAN_POINT('',(5.80035452428342,3.35,13.7750898900418));
#2243=CARTESIAN_POINT('',(5.79660674190247,3.35,13.5973107899375));
#2244=CARTESIAN_POINT('',(5.79456249773808,3.35,13.4194866313019));
#2245=CARTESIAN_POINT('',(5.79297440828995,3.35,13.2416623765722));
#2246=CARTESIAN_POINT('',(5.79014824264699,3.35,12.9252061468567));
#2247=CARTESIAN_POINT('',(5.78876670981389,3.35,12.6087496128127));
#2248=CARTESIAN_POINT('',(5.78777827762379,3.35,12.2922888864204));
#2249=CARTESIAN_POINT('',(5.78678984543369,3.35,11.9758281600282));
#2250=CARTESIAN_POINT('',(5.78619451388657,3.35,11.6593632412876));
#2251=CARTESIAN_POINT('',(5.78570397730584,3.35,11.3428999856558));
#2252=CARTESIAN_POINT('',(5.78542465232675,3.35,11.1626971307944));
#2253=CARTESIAN_POINT('',(5.78517930686249,3.35,10.982494815192));
#2254=CARTESIAN_POINT('',(5.78496861562963,3.35,10.8022902198541));
#2255=CARTESIAN_POINT('',(2.01722725576533,3.35,9.65155684790082));
#2256=CARTESIAN_POINT('',(2.01276425511219,3.3500604659582,9.39089196954308));
#2257=CARTESIAN_POINT('',(1.98542265622278,3.25661332795451,8.90268286957934));
#2258=CARTESIAN_POINT('',(1.97531904970044,2.89241105750703,8.30391645029332));
#2259=CARTESIAN_POINT('',(2.10491291953396,2.44695095605688,7.94906604601427));
#2260=CARTESIAN_POINT('',(2.36531057665238,2.06479052232552,7.80487010332802));
#2261=CARTESIAN_POINT('',(2.74894006648893,1.72175708457877,7.76911152186181));
#2262=CARTESIAN_POINT('',(3.29952061387307,1.46941726360924,7.85188727440017));
#2263=CARTESIAN_POINT('',(3.9947960249775,1.40799236217194,8.01946387903));
#2264=CARTESIAN_POINT('',(4.65922092427997,1.5681476214782,8.2186188545499));
#2265=CARTESIAN_POINT('',(5.16948048539443,1.90145578863232,8.45244421308458));
#2266=CARTESIAN_POINT('',(5.47244200711765,2.26681073496169,8.72154362409142));
#2267=CARTESIAN_POINT('',(5.65710732635644,2.62560635783958,9.04071245354101));
#2268=CARTESIAN_POINT('',(5.74566756599064,2.97241710076309,9.45357105314213));
#2269=CARTESIAN_POINT('',(5.76518707907978,3.27384787301906,10.0597688228019));
#2270=CARTESIAN_POINT('',(5.77118381015232,3.35030659177705,10.5333975004513));
#2271=CARTESIAN_POINT('',(5.78496861562963,3.35,10.8022902198541));
#2272=CARTESIAN_POINT('',(2.26502154584669,3.56710941936678,9.65137300685565));
#2273=CARTESIAN_POINT('',(2.26529089862143,3.56716853118637,9.35904072515166));
#2274=CARTESIAN_POINT('',(2.24872853297785,3.47587353946047,8.81153478924491));
#2275=CARTESIAN_POINT('',(2.24777198924601,3.12005780191379,8.13931225282839));
#2276=CARTESIAN_POINT('',(2.36649920857715,2.68485496158623,7.73891446749182));
#2277=CARTESIAN_POINT('',(2.59851319559348,2.31149404535352,7.57293756213611));
#2278=CARTESIAN_POINT('',(2.93839755847659,1.97635903857585,7.52611850958353));
#2279=CARTESIAN_POINT('',(3.42469774473048,1.72982911345552,7.60776027393209));
#2280=CARTESIAN_POINT('',(4.03823974680279,1.6698178129014,7.77798518859227));
#2281=CARTESIAN_POINT('',(4.62443760012666,1.82628448882875,7.98090643957163));
#2282=CARTESIAN_POINT('',(5.07296129253019,2.15191720280303,8.22440430368604));
#2283=CARTESIAN_POINT('',(5.33522963397885,2.50885902837408,8.51264980431594));
#2284=CARTESIAN_POINT('',(5.48974773411974,2.85939265058709,8.85995425235718));
#2285=CARTESIAN_POINT('',(5.5545590276659,3.19821732665572,9.3140575855761));
#2286=CARTESIAN_POINT('',(5.54964207661793,3.49270669930403,9.98410863091607));
#2287=CARTESIAN_POINT('',(5.53615625935525,3.56740458358093,10.5068431524216));
#2288=CARTESIAN_POINT('',(5.5371416406023,3.56710495162323,10.8025814200639));
#2289=CARTESIAN_POINT('',(5.78496861562963,3.35,10.8022902198541));
#2290=CARTESIAN_POINT('',(5.5659593068317,3.34999992829772,10.8025477343026));
#2291=CARTESIAN_POINT('',(5.5371416406023,3.56710495162323,10.8025814200639));
#2292=CARTESIAN_POINT('',(-5.02168989807356,3.56710526328,27.277112372592));
#2293=CARTESIAN_POINT('',(-5.05537070988979,3.56710526294047,27.2501823565814));
#2294=CARTESIAN_POINT('',(-5.26030308872354,3.56710526576759,27.0725346100043));
#2295=CARTESIAN_POINT('',(-5.59639379588639,3.56710525779745,26.590957824328));
#2296=CARTESIAN_POINT('',(-5.69829687633958,3.56710527288861,25.7522960055748));
#2297=CARTESIAN_POINT('',(-5.45366143604959,3.56710524949612,25.1983097791185));
#2298=CARTESIAN_POINT('',(-5.27723150122577,3.56710526325631,24.9782147990194));
#2299=CARTESIAN_POINT('',(-5.17650583762746,3.35,27.4706322970343));
#2300=CARTESIAN_POINT('',(-5.21528980199705,3.35,27.4396219764453));
#2301=CARTESIAN_POINT('',(-5.45127254194479,3.35,27.23505790347));
#2302=CARTESIAN_POINT('',(-5.83828608366527,3.35,26.6805149392923));
#2303=CARTESIAN_POINT('',(-5.9556290232728,3.35,25.7147831475536));
#2304=CARTESIAN_POINT('',(-5.67392760994562,3.35,25.0768596157087));
#2305=CARTESIAN_POINT('',(-5.47076532582582,3.35,24.8234162361571));
#2306=CARTESIAN_POINT('',(2.72276845139718,-3.56710480615516,27.0217852388823));
#2307=CARTESIAN_POINT('',(2.87128334723201,-4.99999983872799,26.9029733222144));
#2308=CARTESIAN_POINT('',(3.99999973457124,-5.00000014564089,26.000000212343));
#2309=CARTESIAN_POINT('',(5.12871612191046,-5.0000004525538,25.0970271024716));
#2310=CARTESIAN_POINT('',(5.27723149289541,-3.56710550074744,24.9782148056837));
#2311=CARTESIAN_POINT('',(-5.78498394450577,-3.35,10.8022969063195));
#2312=CARTESIAN_POINT('',(-12.9924548588123,-3.35,14.2205719044543));
#2313=CARTESIAN_POINT('',(-13.4752512716051,-3.35,22.1829301334743));
#2314=CARTESIAN_POINT('',(-13.9580476843979,-3.35,30.1452883624943));
#2315=CARTESIAN_POINT('',(-7.21639510936018,-3.35,34.4093663989442));
#2316=CARTESIAN_POINT('',(-0.47474253432242,-3.35,38.6734444353941));
#2317=CARTESIAN_POINT('',(6.51262873283881,-3.35,34.8252131899649));
#2318=CARTESIAN_POINT('',(13.5,-3.35,30.9769819445357));
#2319=CARTESIAN_POINT('',(13.5,-3.35,23.));
#2320=CARTESIAN_POINT('',(5.02187413465726,-3.56710526326421,27.2773426683216));
#2321=CARTESIAN_POINT('',(5.03987598804219,-3.35,27.2998449850527));
#2322=CARTESIAN_POINT('',(5.17669007420983,-3.35,27.4708625927623));
#2323=CARTESIAN_POINT('',(5.27723147729749,-3.56710549411906,24.978214818162));
#2324=CARTESIAN_POINT('',(5.54754966801496,-3.56710546292568,25.3112411858794));
#2325=CARTESIAN_POINT('',(5.78672202711646,-3.56710537802211,26.1560430556614));
#2326=CARTESIAN_POINT('',(5.38052205815133,-3.56710529747121,26.9723487180422));
#2327=CARTESIAN_POINT('',(5.05449179093373,-3.56710526634519,27.2508648154169));
#2328=CARTESIAN_POINT('',(5.02187413465726,-3.56710526326421,27.2773426683216));
#2329=CARTESIAN_POINT('',(5.47075136846508,-3.35,24.8233987894569));
#2330=CARTESIAN_POINT('',(5.78201343909166,-3.35,25.2068669283796));
#2331=CARTESIAN_POINT('',(6.05742402537405,-3.35,26.1796690884142));
#2332=CARTESIAN_POINT('',(5.58967859911616,-3.35,27.1196574342645));
#2333=CARTESIAN_POINT('',(5.21424979934039,-3.35,27.4403729438604));
#2334=CARTESIAN_POINT('',(5.17669007420983,-3.35,27.4708625927623));
#2335=CARTESIAN_POINT('',(5.47075136846508,-3.35,24.8233987894569));
#2336=CARTESIAN_POINT('',(5.29973379934161,-3.35000011542778,24.960212947065));
#2337=CARTESIAN_POINT('',(5.27723147729749,-3.56710549411906,24.978214818162));
#2338=CARTESIAN_POINT('',(-5.78498394450577,-3.35,10.8022969063195));
#2339=CARTESIAN_POINT('',(-5.56597158979968,-3.34999964926165,10.8025183973936));
#2340=CARTESIAN_POINT('',(-5.53715183703259,-3.56710490254859,10.8025495311507));
#2341=CARTESIAN_POINT('',(-5.53715183703259,-3.56710490254859,10.8025495311507));
#2342=CARTESIAN_POINT('',(-5.53738791221476,-3.56710549405668,10.9827663742408));
#2343=CARTESIAN_POINT('',(-5.53762951579027,-3.56710563845579,11.1630046489017));
#2344=CARTESIAN_POINT('',(-5.53788117245793,-3.56710557780704,11.3432468275927));
#2345=CARTESIAN_POINT('',(-5.53876508602549,-3.56710536478566,11.9763256514977));
#2346=CARTESIAN_POINT('',(-5.53977302263547,-3.56710262212875,12.6094526386619));
#2347=CARTESIAN_POINT('',(-5.54523596693277,-3.56710461969946,13.2438451873841));
#2348=CARTESIAN_POINT('',(-5.54677084586243,-3.56710518094061,13.4220852907375));
#2349=CARTESIAN_POINT('',(-5.54865740114086,-3.56710611637325,13.600425296964));
#2350=CARTESIAN_POINT('',(-5.55249254092992,-3.56710519217466,13.7805340216619));
#2351=CARTESIAN_POINT('',(-5.55441011082445,-3.56710473007537,13.8705883840108));
#2352=CARTESIAN_POINT('',(-5.55681482684664,-3.56710380306826,13.9610849259776));
#2353=CARTESIAN_POINT('',(-5.55937998972141,-3.56710101708941,14.0492716567042));
#2354=CARTESIAN_POINT('',(-5.56194515259619,-3.56709823111056,14.1374583874309));
#2355=CARTESIAN_POINT('',(-5.56467076232356,-3.56709358615996,14.2233353069174));
#2356=CARTESIAN_POINT('',(-5.5637566011314,-3.56710286411113,14.3065001690796));
#2357=CARTESIAN_POINT('',(-5.56336406981931,-3.56710684796691,14.3422102962915));
#2358=CARTESIAN_POINT('',(-5.56230045417217,-3.56711339886371,14.3774203867631));
#2359=CARTESIAN_POINT('',(-5.5609890177316,-3.56711566411333,14.4135432780118));
#2360=CARTESIAN_POINT('',(-5.55967758129102,-3.56711792936296,14.4496661692606));
#2361=CARTESIAN_POINT('',(-5.55811832405702,-3.56711590896541,14.4867018612865));
#2362=CARTESIAN_POINT('',(-5.55599351713325,-3.56711448714268,14.5227854858674));
#2363=CARTESIAN_POINT('',(-5.55386871020948,-3.56711306531996,14.5588691104483));
#2364=CARTESIAN_POINT('',(-5.55117835359594,-3.56711224207205,14.5940006675842));
#2365=CARTESIAN_POINT('',(-5.54798104012536,-3.56711088097502,14.6292982704643));
#2366=CARTESIAN_POINT('',(-5.54478372665477,-3.56710951987797,14.6645958733444));
#2367=CARTESIAN_POINT('',(-5.54107945632714,-3.5671076209318,14.7000595219686));
#2368=CARTESIAN_POINT('',(-5.53679625212173,-3.56710631372713,14.7354469340525));
#2369=CARTESIAN_POINT('',(-5.52043818185649,-3.56710132135581,14.8705957025009));
#2370=CARTESIAN_POINT('',(-5.49563596931152,-3.56710495993468,15.004632509433));
#2371=CARTESIAN_POINT('',(-5.46405768397964,-3.56710391558359,15.1386500412125));
#2372=CARTESIAN_POINT('',(-5.43247939864776,-3.5671028712325,15.272667572992));
#2373=CARTESIAN_POINT('',(-5.39412504052896,-3.56709714395145,15.4066658296188));
#2374=CARTESIAN_POINT('',(-5.34970862020322,-3.56709731001606,15.5378741954032));
#2375=CARTESIAN_POINT('',(-5.32162044338852,-3.56709741503245,15.6208480989887));
#2376=CARTESIAN_POINT('',(-5.29110799995926,-3.56709987684437,15.7027063031641));
#2377=CARTESIAN_POINT('',(-5.25860302092077,-3.56710163283412,15.784770423506));
#2378=CARTESIAN_POINT('',(-5.22609804188229,-3.56710338882386,15.8668345438479));
#2379=CARTESIAN_POINT('',(-5.19160052723456,-3.56710443899143,15.9491045803562));
#2380=CARTESIAN_POINT('',(-5.15557765725954,-3.56710496475486,16.0308745430933));
#2381=CARTESIAN_POINT('',(-5.07395101300204,-3.56710615611757,16.2161626021489));
#2382=CARTESIAN_POINT('',(-4.98449226759832,-3.56710465487079,16.3988829785883));
#2383=CARTESIAN_POINT('',(-4.88973709583621,-3.56710416129639,16.5799842240609));
#2384=CARTESIAN_POINT('',(-4.77006492566453,-3.56710353793075,16.8087081940928));
#2385=CARTESIAN_POINT('',(-4.64194457030347,-3.56710452187586,17.034849532492));
#2386=CARTESIAN_POINT('',(-4.5089586111985,-3.56710485019735,17.258859139263));
#2387=CARTESIAN_POINT('',(-4.37597265209353,-3.56710517851883,17.482868746034));
#2388=CARTESIAN_POINT('',(-4.23812108924465,-3.56710485121669,17.7047466211768));
#2389=CARTESIAN_POINT('',(-4.09719093093227,-3.56710468919184,17.9251423378311));
#2390=CARTESIAN_POINT('',(-3.80223556930899,-3.56710435008701,18.3864126513285));
#2391=CARTESIAN_POINT('',(-3.49379500943216,-3.56710473494773,18.841190653219));
#2392=CARTESIAN_POINT('',(-3.17880922337723,-3.56710480569004,19.2920153113234));
#2393=CARTESIAN_POINT('',(-2.86382343732231,-3.56710487643234,19.7428399694278));
#2394=CARTESIAN_POINT('',(-2.54229242508928,-3.56710463305621,20.1897112837462));
#2395=CARTESIAN_POINT('',(-2.21690904524591,-3.56710452842476,20.6341142226927));
#2396=CARTESIAN_POINT('',(-1.42292101505836,-3.56710427310712,21.7185292111703));
#2397=CARTESIAN_POINT('',(-0.605994490875567,-3.56710484392919,22.7882465333359));
#2398=CARTESIAN_POINT('',(0.220002383844332,-3.56710489662227,23.8511739453021));
#2399=CARTESIAN_POINT('',(1.04599925856423,-3.56710494931536,24.9141013572682));
#2400=CARTESIAN_POINT('',(1.88106648382124,-3.56710448387946,25.9702388590349));
#2401=CARTESIAN_POINT('',(2.72276845139718,-3.56710480615516,27.0217852388823));
#2402=CARTESIAN_POINT('',(-5.78498394450577,-3.35,10.8022969063195));
#2403=CARTESIAN_POINT('',(-5.78521956648255,-3.35,10.9825040615612));
#2404=CARTESIAN_POINT('',(-5.78546089440323,-3.35,11.1627026636569));
#2405=CARTESIAN_POINT('',(-5.78571237232503,-3.35,11.3429014111613));
#2406=CARTESIAN_POINT('',(-5.78659565806938,-3.35,11.9758276882836));
#2407=CARTESIAN_POINT('',(-5.78760416240314,-3.35,12.6087557592845));
#2408=CARTESIAN_POINT('',(-5.79306137753556,-3.35,13.2416621231116));
#2409=CARTESIAN_POINT('',(-5.79459464678846,-3.35,13.4194846652092));
#2410=CARTESIAN_POINT('',(-5.79647909531651,-3.35,13.5973054937521));
#2411=CARTESIAN_POINT('',(-5.80025894261058,-3.35,13.775090540412));
#2412=CARTESIAN_POINT('',(-5.80214886625761,-3.35,13.8639830637419));
#2413=CARTESIAN_POINT('',(-5.80451263959615,-3.35,13.9528666416011));
#2414=CARTESIAN_POINT('',(-5.8071015431399,-3.35,14.0417488598695));
#2415=CARTESIAN_POINT('',(-5.80969044668366,-3.35,14.1306310781379));
#2416=CARTESIAN_POINT('',(-5.81250448043263,-3.35,14.2195119368155));
#2417=CARTESIAN_POINT('',(-5.81156103114615,-3.35,14.3084238225422));
#2418=CARTESIAN_POINT('',(-5.81115592383085,-3.35,14.3466016619255));
#2419=CARTESIAN_POINT('',(-5.81005802895828,-3.35,14.3847852219343));
#2420=CARTESIAN_POINT('',(-5.80867829837747,-3.35,14.4229418672599));
#2421=CARTESIAN_POINT('',(-5.80729856779665,-3.35,14.4610985125856));
#2422=CARTESIAN_POINT('',(-5.80563700150757,-3.35,14.4992282432281));
#2423=CARTESIAN_POINT('',(-5.80337672743185,-3.35,14.5373363188694));
#2424=CARTESIAN_POINT('',(-5.80111645335614,-3.35,14.5754443945107));
#2425=CARTESIAN_POINT('',(-5.79825747149377,-3.35,14.6135308151509));
#2426=CARTESIAN_POINT('',(-5.79483136541129,-3.35,14.6515594064247));
#2427=CARTESIAN_POINT('',(-5.7914052593288,-3.35,14.6895879976985));
#2428=CARTESIAN_POINT('',(-5.78741202902618,-3.35,14.727558759606));
#2429=CARTESIAN_POINT('',(-5.78280883212924,-3.35,14.7654559337367));
#2430=CARTESIAN_POINT('',(-5.76522867141924,-3.35,14.9101897842731));
#2431=CARTESIAN_POINT('',(-5.73875173526385,-3.35,15.0538503072993));
#2432=CARTESIAN_POINT('',(-5.70520312932092,-3.35,15.1957031094486));
#2433=CARTESIAN_POINT('',(-5.67165452337799,-3.35,15.3375559115978));
#2434=CARTESIAN_POINT('',(-5.63103424764752,-3.35,15.4776009928701));
#2435=CARTESIAN_POINT('',(-5.58437560516153,-3.35,15.6157665578633));
#2436=CARTESIAN_POINT('',(-5.55486948579242,-3.35,15.7031400740261));
#2437=CARTESIAN_POINT('',(-5.52294857580717,-3.35,15.789761956766));
#2438=CARTESIAN_POINT('',(-5.48912655312027,-3.35,15.8755949469069));
#2439=CARTESIAN_POINT('',(-5.45530453043338,-3.35,15.9614279370477));
#2440=CARTESIAN_POINT('',(-5.41958139504485,-3.35,16.0464720345894));
#2441=CARTESIAN_POINT('',(-5.38237592260664,-3.35,16.1308458813164));
#2442=CARTESIAN_POINT('',(-5.29806953987665,-3.35,16.3220342562625));
#2443=CARTESIAN_POINT('',(-5.20615193797819,-3.35,16.5097811562415));
#2444=CARTESIAN_POINT('',(-5.10930723881009,-3.35,16.6949157446319));
#2445=CARTESIAN_POINT('',(-4.98699607517075,-3.35,16.9287336730309));
#2446=CARTESIAN_POINT('',(-4.85682583309562,-3.35,17.158384774483));
#2447=CARTESIAN_POINT('',(-4.72210256544446,-3.35,17.3852960079735));
#2448=CARTESIAN_POINT('',(-4.5873792977933,-3.35,17.6122072414639));
#2449=CARTESIAN_POINT('',(-4.44810300456612,-3.35,17.8363786069929));
#2450=CARTESIAN_POINT('',(-4.30595284946566,-3.35,18.0586937789602));
#2451=CARTESIAN_POINT('',(-4.00844413376887,-3.35,18.5239813563473));
#2452=CARTESIAN_POINT('',(-3.69834701612908,-3.35,18.9811382330716));
#2453=CARTESIAN_POINT('',(-3.38201404114349,-3.35,19.4338759098941));
#2454=CARTESIAN_POINT('',(-3.06568106615791,-3.35,19.8866135867166));
#2455=CARTESIAN_POINT('',(-2.74311223382652,-3.35,20.3349320636373));
#2456=CARTESIAN_POINT('',(-2.41685590995308,-3.35,20.7805348255101));
#2457=CARTESIAN_POINT('',(-1.62073775526059,-3.35,21.8678775758246));
#2458=CARTESIAN_POINT('',(-0.802662842763397,-3.35,22.9390499032666));
#2459=CARTESIAN_POINT('',(0.0242796875565006,-3.35,24.0031888479848));
#2460=CARTESIAN_POINT('',(0.851222217876398,-3.35,25.0673277927029));
#2461=CARTESIAN_POINT('',(1.687032366019,-3.35,26.124433354697));
#2462=CARTESIAN_POINT('',(2.52923468075697,-3.35,27.1765837757038));
#2463=CARTESIAN_POINT('',(2.72276845139718,-3.56710480615516,27.0217852388823));
#2464=CARTESIAN_POINT('',(2.70026454149464,-3.3499997711121,27.0397850552146));
#2465=CARTESIAN_POINT('',(2.52923468075697,-3.35,27.1765837757038));
#2466=CARTESIAN_POINT('',(5.27723147729749,-3.56710549411906,24.978214818162));
#2467=CARTESIAN_POINT('',(3.68236104511614,-3.56710569502001,22.9794719057444));
#2468=CARTESIAN_POINT('',(2.09677102476253,-3.56710536252296,20.9726457342593));
#2469=CARTESIAN_POINT('',(0.576592547439567,-3.56710537816023,18.910671348604));
#2470=CARTESIAN_POINT('',(0.125321216431281,-3.56710538280221,18.2985656390439));
#2471=CARTESIAN_POINT('',(-0.320185892254437,-3.56710541812263,17.6816001363581));
#2472=CARTESIAN_POINT('',(-0.750834965448145,-3.56710551656222,17.051960634351));
#2473=CARTESIAN_POINT('',(-0.921272434998597,-3.56710555552154,16.8027689603616));
#2474=CARTESIAN_POINT('',(-1.08938264665008,-3.56710560436741,16.5515921204971));
#2475=CARTESIAN_POINT('',(-1.25425589298339,-3.56710559023912,16.2975804221279));
#2476=CARTESIAN_POINT('',(-1.48783097134455,-3.56710557022364,15.9377233581668));
#2477=CARTESIAN_POINT('',(-1.71490938169489,-3.56710542381752,15.5721766643359));
#2478=CARTESIAN_POINT('',(-1.92363228210043,-3.56710529211713,15.1893260530467));
#2479=CARTESIAN_POINT('',(-1.98932613161154,-3.5671052506655,15.0688269109094));
#2480=CARTESIAN_POINT('',(-2.05320163868448,-3.56710521067065,14.9466135996994));
#2481=CARTESIAN_POINT('',(-2.11315576530726,-3.56710558261694,14.8192818040626));
#2482=CARTESIAN_POINT('',(-2.15186174608738,-3.56710582274297,14.7370772534797));
#2483=CARTESIAN_POINT('',(-2.18893333207085,-3.56710623456222,14.6527393663281));
#2484=CARTESIAN_POINT('',(-2.2230071890188,-3.56710347502671,14.5636545952809));
#2485=CARTESIAN_POINT('',(-2.23305785513065,-3.56710266105457,14.537377520431));
#2486=CARTESIAN_POINT('',(-2.242847702093,-3.56710157115688,14.5106874402007));
#2487=CARTESIAN_POINT('',(-2.25234925977962,-3.56710288669003,14.4823807833265));
#2488=CARTESIAN_POINT('',(-2.26185081746623,-3.56710420222318,14.4540741264523));
#2489=CARTESIAN_POINT('',(-2.27106408587712,-3.56710792318716,14.424150892934));
#2490=CARTESIAN_POINT('',(-2.28001957266849,-3.56710520312316,14.3877226361736));
#2491=CARTESIAN_POINT('',(-2.28097100656395,-3.56710491414266,14.3838524860587));
#2492=CARTESIAN_POINT('',(-2.28191953087614,-3.56710455246222,14.3799089136926));
#2493=CARTESIAN_POINT('',(-2.28282360385761,-3.56710448357289,14.375818839187));
#2494=CARTESIAN_POINT('',(-2.28372767683909,-3.56710441468357,14.3717287646815));
#2495=CARTESIAN_POINT('',(-2.28458729848985,-3.56710463858536,14.3674921880363));
#2496=CARTESIAN_POINT('',(-2.28549389175817,-3.5671035386939,14.3619196424985));
#2497=CARTESIAN_POINT('',(-2.28640048502648,-3.56710243880245,14.3563470969607));
#2498=CARTESIAN_POINT('',(-2.28735404991236,-3.56710001511775,14.3494385825302));
#2499=CARTESIAN_POINT('',(-2.28818313122828,-3.56710479546608,14.3468742592739));
#2500=CARTESIAN_POINT('',(-2.2890122125442,-3.56710957581441,14.3443099360176));
#2501=CARTESIAN_POINT('',(-2.28971681029018,-3.56712156019576,14.3460898039354));
#2502=CARTESIAN_POINT('',(-2.29040114300313,-3.56712633378801,14.337870911847));
#2503=CARTESIAN_POINT('',(-2.29124472509388,-3.56713221823114,14.3277394216517));
#2504=CARTESIAN_POINT('',(-2.29205751309171,-3.56712714539087,14.302414137077));
#2505=CARTESIAN_POINT('',(-2.29229351477113,-3.56712083187753,14.2894251136562));
#2506=CARTESIAN_POINT('',(-2.29252951645056,-3.56711451836419,14.2764360902354));
#2507=CARTESIAN_POINT('',(-2.29218873181159,-3.56710696417777,14.2757833279685));
#2508=CARTESIAN_POINT('',(-2.29202556839008,-3.56710363757144,14.2734386241657));
#2509=CARTESIAN_POINT('',(-2.29186240496856,-3.56710031096509,14.2710939203629));
#2510=CARTESIAN_POINT('',(-2.29187686276451,-3.56710121193883,14.2670572750242));
#2511=CARTESIAN_POINT('',(-2.29183883297973,-3.56710152829063,14.2633543259691));
#2512=CARTESIAN_POINT('',(-2.29180080319494,-3.56710184464243,14.2596513769141));
#2513=CARTESIAN_POINT('',(-2.29171028582943,-3.5671015763723,14.2562821241427));
#2514=CARTESIAN_POINT('',(-2.29162005714849,-3.56710132679876,14.2529151534194));
#2515=CARTESIAN_POINT('',(-2.28906579975132,-3.56709426169416,14.1576005618028));
#2516=CARTESIAN_POINT('',(-2.28674288925066,-3.56710217971391,14.0641147646628));
#2517=CARTESIAN_POINT('',(-2.28466532203501,-3.56710564461369,13.9702610035437));
#2518=CARTESIAN_POINT('',(-2.28258775481937,-3.56710910951347,13.8764072424245));
#2519=CARTESIAN_POINT('',(-2.28075553088873,-3.56710812129329,13.7821855173263));
#2520=CARTESIAN_POINT('',(-2.27920163164753,-3.56710731012054,13.6880236196055));
#2521=CARTESIAN_POINT('',(-2.27609383316515,-3.56710568777505,13.4996998241637));
#2522=CARTESIAN_POINT('',(-2.27409933344056,-3.56710477361933,13.3116153382314));
#2523=CARTESIAN_POINT('',(-2.27261790531563,-3.56710450225959,13.1232182026852));
#2524=CARTESIAN_POINT('',(-2.2695490132331,-3.56710394011707,12.7329390741059));
#2525=CARTESIAN_POINT('',(-2.2686819321559,-3.56710613648874,12.3413182315027));
#2526=CARTESIAN_POINT('',(-2.26784738957994,-3.56710652291496,11.9498369300099));
#2527=CARTESIAN_POINT('',(-2.26701284700399,-3.56710690934117,11.5583556285172));
#2528=CARTESIAN_POINT('',(-2.26621084292928,-3.56710548582193,11.1670138681349));
#2529=CARTESIAN_POINT('',(-2.26573342730574,-3.56710511453061,10.7755631678282));
#2530=CARTESIAN_POINT('',(-2.26527649892735,-3.56710475917244,10.4009107163893));
#2531=CARTESIAN_POINT('',(-2.26511689872875,-3.56710536767178,10.0261584742483));
#2532=CARTESIAN_POINT('',(-2.26496243814895,-3.56710545529467,9.65143632152481));
#2533=CARTESIAN_POINT('',(5.47075136846508,-3.35,24.8233987894569));
#2534=CARTESIAN_POINT('',(3.8770918605321,-3.35000000000001,22.8261770906442));
#2535=CARTESIAN_POINT('',(2.29252808998588,-3.35,20.8206009989489));
#2536=CARTESIAN_POINT('',(0.776147529377512,-3.35,18.7637172725742));
#2537=CARTESIAN_POINT('',(0.326003625810428,-3.35,18.153122746486));
#2538=CARTESIAN_POINT('',(-0.118131809487319,-3.35,17.5380068683638));
#2539=CARTESIAN_POINT('',(-0.546366492324977,-3.35,16.9119359080047));
#2540=CARTESIAN_POINT('',(-0.715848421486731,-3.35,16.664156551483));
#2541=CARTESIAN_POINT('',(-0.88283976891699,-3.35,16.4146612681361));
#2542=CARTESIAN_POINT('',(-1.04629307706036,-3.35,16.1628043192726));
#2543=CARTESIAN_POINT('',(-1.27785653630588,-3.35,15.8059998778311));
#2544=CARTESIAN_POINT('',(-1.5023190647731,-3.34999999999999,15.4444555163391));
#2545=CARTESIAN_POINT('',(-1.70590205445609,-3.35,15.0709853145454));
#2546=CARTESIAN_POINT('',(-1.76997815852168,-3.35,14.953438580642));
#2547=CARTESIAN_POINT('',(-1.83198588357873,-3.35,14.8347104433563));
#2548=CARTESIAN_POINT('',(-1.88899885295176,-3.35,14.7135923740941));
#2549=CARTESIAN_POINT('',(-1.92580604239936,-3.35,14.635399363453));
#2550=CARTESIAN_POINT('',(-1.96053146426426,-3.35,14.5562102514552));
#2551=CARTESIAN_POINT('',(-1.99140620257739,-3.35,14.4754890293376));
#2552=CARTESIAN_POINT('',(-2.00051323400474,-3.35,14.4516789260997));
#2553=CARTESIAN_POINT('',(-2.00928523448131,-3.35,14.4277355207342));
#2554=CARTESIAN_POINT('',(-2.01738471900771,-3.35,14.403562489062));
#2555=CARTESIAN_POINT('',(-2.02548420353411,-3.35,14.3793894573897));
#2556=CARTESIAN_POINT('',(-2.03291117211035,-3.35,14.3549867994107));
#2557=CARTESIAN_POINT('',(-2.03895926324604,-3.35,14.3302200892751));
#2558=CARTESIAN_POINT('',(-2.03960181446,-3.35,14.3275888657525));
#2559=CARTESIAN_POINT('',(-2.04022880227287,-3.35,14.3249535331702));
#2560=CARTESIAN_POINT('',(-2.04080815922571,-3.35,14.3223062637286));
#2561=CARTESIAN_POINT('',(-2.04138751617855,-3.35,14.319658994287));
#2562=CARTESIAN_POINT('',(-2.04191924227136,-3.35,14.3169997879861));
#2563=CARTESIAN_POINT('',(-2.04239548418594,-3.35,14.3143619844557));
#2564=CARTESIAN_POINT('',(-2.04287172610053,-3.35,14.3117241809253));
#2565=CARTESIAN_POINT('',(-2.04329248383689,-3.35,14.3091077801654));
#2566=CARTESIAN_POINT('',(-2.04386962775563,-3.35,14.3063952914211));
#2567=CARTESIAN_POINT('',(-2.04444677167438,-3.35,14.3036828026768));
#2568=CARTESIAN_POINT('',(-2.0451803017755,-3.35,14.3008742259482));
#2569=CARTESIAN_POINT('',(-2.04539135368717,-3.35,14.2982667654019));
#2570=CARTESIAN_POINT('',(-2.04565151896867,-3.35,14.2950525291429));
#2571=CARTESIAN_POINT('',(-2.04511774318415,-3.35,14.2921439025714));
#2572=CARTESIAN_POINT('',(-2.04478383965745,-3.35,14.2889889155364));
#2573=CARTESIAN_POINT('',(-2.04444993613074,-3.35,14.2858339285013));
#2574=CARTESIAN_POINT('',(-2.04431590486186,-3.35,14.2824325810027));
#2575=CARTESIAN_POINT('',(-2.04424051367708,-3.35,14.2790686887048));
#2576=CARTESIAN_POINT('',(-2.04416512249231,-3.35,14.2757047964068));
#2577=CARTESIAN_POINT('',(-2.04414837139165,-3.35,14.2723783593096));
#2578=CARTESIAN_POINT('',(-2.04409545865606,-3.35,14.2690464293023));
#2579=CARTESIAN_POINT('',(-2.04404254592048,-3.35,14.265714499295));
#2580=CARTESIAN_POINT('',(-2.04395347154997,-3.35,14.2623770763777));
#2581=CARTESIAN_POINT('',(-2.04386459713096,-3.35,14.2590396563408));
#2582=CARTESIAN_POINT('',(-2.04134867713964,-3.35,14.1645616064806));
#2583=CARTESIAN_POINT('',(-2.0389929948742,-3.35,14.0700858649108));
#2584=CARTESIAN_POINT('',(-2.03689767109984,-3.35,13.9756027608202));
#2585=CARTESIAN_POINT('',(-2.03480234732548,-3.35,13.8811196567296));
#2586=CARTESIAN_POINT('',(-2.03296738204221,-3.35,13.7866291901184));
#2587=CARTESIAN_POINT('',(-2.031409917522,-3.35,13.6921348681564));
#2588=CARTESIAN_POINT('',(-2.02829498848159,-3.35,13.5031462242324));
#2589=CARTESIAN_POINT('',(-2.02629006249345,-3.35,13.3141421589056));
#2590=CARTESIAN_POINT('',(-2.0248024179176,-3.35,13.1251346502));
#2591=CARTESIAN_POINT('',(-2.02172064797978,-3.35,12.7335910867659));
#2592=CARTESIAN_POINT('',(-2.0208587551647,-3.35,12.342032746312));
#2593=CARTESIAN_POINT('',(-2.02002540702911,-3.35,11.9504765176007));
#2594=CARTESIAN_POINT('',(-2.01919205889353,-3.35,11.5589202888895));
#2595=CARTESIAN_POINT('',(-2.01838725543744,-3.35,11.1673661719209));
#2596=CARTESIAN_POINT('',(-2.0179092278621,-3.35,10.7758104639192));
#2597=CARTESIAN_POINT('',(-2.01745171379246,-3.35,10.4010575109603));
#2598=CARTESIAN_POINT('',(-2.01729353162286,-3.35,10.0263031005898));
#2599=CARTESIAN_POINT('',(-2.01713921663875,-3.35,9.65154850789652));
#2600=CARTESIAN_POINT('',(-2.26496243814895,-3.56710545529467,9.65143632152481));
#2601=CARTESIAN_POINT('',(-2.23614685532247,-3.35000014706948,9.65144909880494));
#2602=CARTESIAN_POINT('',(-2.01713921663875,-3.35,9.65154850789652));
#2603=CARTESIAN_POINT('',(-5.78498394450577,-3.35,10.8022969063195));
#2604=CARTESIAN_POINT('',(-5.77081544910162,-3.35030104661975,10.5277169255382));
#2605=CARTESIAN_POINT('',(-5.76537590445325,-3.27107925376998,10.0472731161651));
#2606=CARTESIAN_POINT('',(-5.74410715312602,-2.95916165142933,9.43252267850752));
#2607=CARTESIAN_POINT('',(-5.64834388125267,-2.59846997295866,9.01174210611001));
#2608=CARTESIAN_POINT('',(-5.47746798403658,-2.28373021738658,8.73927450934419));
#2609=CARTESIAN_POINT('',(-5.29799166100655,-2.0583272567534,8.56743495737614));
#2610=CARTESIAN_POINT('',(-5.0991165907469,-1.86868671650914,8.43109836872457));
#2611=CARTESIAN_POINT('',(-4.84535558420821,-1.69304040463146,8.30429389931379));
#2612=CARTESIAN_POINT('',(-4.43045893623382,-1.50143951199338,8.14657183528858));
#2613=CARTESIAN_POINT('',(-4.07672182180992,-1.43866654222873,8.04606850892518));
#2614=CARTESIAN_POINT('',(-3.83831212010907,-1.43888888372748,7.98480439207178));
#2615=CARTESIAN_POINT('',(-5.53715183703259,-3.56710490254859,10.8025495311507));
#2616=CARTESIAN_POINT('',(-5.53606222883412,-3.56739858676386,10.5005987274662));
#2617=CARTESIAN_POINT('',(-5.55029677629886,-3.49000112693096,9.97029278693059));
#2618=CARTESIAN_POINT('',(-5.5539226831797,-3.18526623125238,9.29081379079901));
#2619=CARTESIAN_POINT('',(-5.48291040935658,-2.83288005791103,8.82817215320167));
#2620=CARTESIAN_POINT('',(-5.33912280890656,-2.5253876023275,8.53211200484093));
#2621=CARTESIAN_POINT('',(-5.18420240837588,-2.30517483925507,8.34759758265917));
#2622=CARTESIAN_POINT('',(-5.01077772150375,-2.11990102658301,8.20285964256023));
#2623=CARTESIAN_POINT('',(-4.78807491813695,-1.94829921855077,8.07010443564801));
#2624=CARTESIAN_POINT('',(-4.42268306368786,-1.7611102436186,7.90731915642252));
#2625=CARTESIAN_POINT('',(-4.11053125165973,-1.69978273920561,7.80512850375293));
#2626=CARTESIAN_POINT('',(-3.90016709362083,-1.7,7.74283227202461));
#2627=CARTESIAN_POINT('',(-3.83831212010907,-1.43888888372748,7.98480439207178));
#2628=CARTESIAN_POINT('',(-3.62699535900566,-1.43916785050261,7.93094063517773));
#2629=CARTESIAN_POINT('',(-3.18092216615818,-1.50639538841379,7.82844291439071));
#2630=CARTESIAN_POINT('',(-2.65494655484295,-1.78543594344084,7.76434354977649));
#2631=CARTESIAN_POINT('',(-2.29977625770338,-2.14500143733373,7.82670902231075));
#2632=CARTESIAN_POINT('',(-2.08133649396564,-2.51222210281351,7.99335660067372));
#2633=CARTESIAN_POINT('',(-1.9747601974026,-2.92228362825582,8.34631523039209));
#2634=CARTESIAN_POINT('',(-1.98675242264029,-3.2614011770464,8.92111864496314));
#2635=CARTESIAN_POINT('',(-2.01289621361968,-3.3500172118905,9.39813574494262));
#2636=CARTESIAN_POINT('',(-2.01713921663875,-3.35,9.65154850789652));
#2637=CARTESIAN_POINT('',(-3.90016709362083,-1.7,7.74283227202461));
#2638=CARTESIAN_POINT('',(-3.71369097134192,-1.70027254959009,7.68811225586591));
#2639=CARTESIAN_POINT('',(-3.32003775404973,-1.76595208942727,7.58408535255941));
#2640=CARTESIAN_POINT('',(-2.85530278923682,-2.03856735573514,7.52250811211968));
#2641=CARTESIAN_POINT('',(-2.54031561346855,-2.38985341420653,7.5985147877592));
#2642=CARTESIAN_POINT('',(-2.3451788598231,-2.74861841443961,7.78899872760037));
#2643=CARTESIAN_POINT('',(-2.24676863843651,-3.14923784744246,8.18694132324322));
#2644=CARTESIAN_POINT('',(-2.24965323491327,-3.48054680195276,8.83221118838085));
#2645=CARTESIAN_POINT('',(-2.26532007160037,-3.56712222197746,9.36717110827825));
#2646=CARTESIAN_POINT('',(-2.26496243814895,-3.56710545529467,9.65143632152481));
#2647=CARTESIAN_POINT('',(-3.90016709362083,-1.7,7.74283227202461));
#2648=CARTESIAN_POINT('',(-3.8354351451594,-1.69999999741924,7.99605890782546));
#2649=CARTESIAN_POINT('',(-3.83831212010907,-1.43888888372748,7.98480439207178));
#2650=CARTESIAN_POINT('',(5.02187413465726,-3.56710526326421,27.2773426683216));
#2651=CARTESIAN_POINT('',(4.98888210878855,-3.56710525741027,27.3033525611345));
#2652=CARTESIAN_POINT('',(4.64559145771977,-3.56710519589769,27.5602931983785));
#2653=CARTESIAN_POINT('',(3.76002981623542,-3.56710502108728,27.7773968243826));
#2654=CARTESIAN_POINT('',(2.98833409473779,-3.56710486578083,27.3586136444522));
#2655=CARTESIAN_POINT('',(2.72276845139718,-3.56710480615516,27.0217852388823));
#2656=CARTESIAN_POINT('',(5.17669007420983,-3.35,27.4708625927623));
#2657=CARTESIAN_POINT('',(5.1386992574149,-3.35,27.5008133774006));
#2658=CARTESIAN_POINT('',(4.74339487848208,-3.35,27.7966844107724));
#2659=CARTESIAN_POINT('',(3.72365724912063,-3.35,28.0466825094094));
#2660=CARTESIAN_POINT('',(2.83503795848338,-3.35,27.5644473128423));
#2661=CARTESIAN_POINT('',(2.52923468075697,-3.35,27.1765837757038));
#2662=CARTESIAN_POINT('',(0.,0.,0.));
ENDSEC;
END-ISO-10303-21;
