ISO-10303-21;
HEADER;
FILE_DESCRIPTION(('FreeCAD Model'),'2;1');
FILE_NAME('Open CASCADE Shape Model','2025-09-25T07:33:02',(''),(''),
  'Open CASCADE STEP processor 7.6','FreeCAD','Unknown');
FILE_SCHEMA(('AUTOMOTIVE_DESIGN { 1 0 10303 214 1 1 1 1 }'));
ENDSEC;
DATA;
#1 = APPLICATION_PROTOCOL_DEFINITION('international standard',
  'automotive_design',2000,#2);
#2 = APPLICATION_CONTEXT(
  'core data for automotive mechanical design processes');
#3 = SHAPE_DEFINITION_REPRESENTATION(#4,#10);
#4 = PRODUCT_DEFINITION_SHAPE('','',#5);
#5 = PRODUCT_DEFINITION('design','',#6,#9);
#6 = PRODUCT_DEFINITION_FORMATION('','',#7);
#7 = PRODUCT('SK_104_38','SK_104_38','',(#8));
#8 = PRODUCT_CONTEXT('',#2,'mechanical');
#9 = PRODUCT_DEFINITION_CONTEXT('part definition',#2,'design');
#10 = SHAPE_REPRESENTATION('',(#11,#15,#19,#23),#27);
#11 = AXIS2_PLACEMENT_3D('',#12,#13,#14);
#12 = CARTESIAN_POINT('',(0.,0.,0.));
#13 = DIRECTION('',(0.,0.,1.));
#14 = DIRECTION('',(1.,0.,-0.));
#15 = AXIS2_PLACEMENT_3D('',#16,#17,#18);
#16 = CARTESIAN_POINT('',(0.,0.,0.));
#17 = DIRECTION('',(0.,0.,1.));
#18 = DIRECTION('',(1.,0.,0.));
#19 = AXIS2_PLACEMENT_3D('',#20,#21,#22);
#20 = CARTESIAN_POINT('',(30.011606621725,6.35,-3.912781935447));
#21 = DIRECTION('',(3.035766E-16,-1.,2.22044604925E-16));
#22 = DIRECTION('',(1.,3.035766E-16,-3.035766E-16));
#23 = AXIS2_PLACEMENT_3D('',#24,#25,#26);
#24 = CARTESIAN_POINT('',(4.611606621725,6.35,-3.912781935447));
#25 = DIRECTION('',(3.035766E-16,-1.,2.22044604925E-16));
#26 = DIRECTION('',(1.,3.035766E-16,-3.035766E-16));
#27 = ( GEOMETRIC_REPRESENTATION_CONTEXT(3) 
GLOBAL_UNCERTAINTY_ASSIGNED_CONTEXT((#31)) GLOBAL_UNIT_ASSIGNED_CONTEXT(
(#28,#29,#30)) REPRESENTATION_CONTEXT('Context #1',
  '3D Context with UNIT and UNCERTAINTY') );
#28 = ( LENGTH_UNIT() NAMED_UNIT(*) SI_UNIT(.MILLI.,.METRE.) );
#29 = ( NAMED_UNIT(*) PLANE_ANGLE_UNIT() SI_UNIT($,.RADIAN.) );
#30 = ( NAMED_UNIT(*) SI_UNIT($,.STERADIAN.) SOLID_ANGLE_UNIT() );
#31 = UNCERTAINTY_MEASURE_WITH_UNIT(LENGTH_MEASURE(1.E-03),#28,
  'distance_accuracy_value','confusion accuracy');
#32 = PRODUCT_RELATED_PRODUCT_CATEGORY('part',$,(#7));
#33 = SHAPE_DEFINITION_REPRESENTATION(#34,#40);
#34 = PRODUCT_DEFINITION_SHAPE('','',#35);
#35 = PRODUCT_DEFINITION('design','',#36,#39);
#36 = PRODUCT_DEFINITION_FORMATION('','',#37);
#37 = PRODUCT('001020022','001020022','',(#38));
#38 = PRODUCT_CONTEXT('',#2,'mechanical');
#39 = PRODUCT_DEFINITION_CONTEXT('part definition',#2,'design');
#40 = ADVANCED_BREP_SHAPE_REPRESENTATION('',(#11,#41),#2951);
#41 = MANIFOLD_SOLID_BREP('',#42);
#42 = CLOSED_SHELL('',(#43,#75,#727,#769,#811,#842,#915,#939,#963,#987,
    #1004,#1334,#1664,#1673,#1695,#1712,#1729,#1754,#1771,#1788,#1805,
    #1822,#1839,#1856,#1873,#1890,#1907,#1924,#1941,#1958,#1975,#1992,
    #2009,#2026,#2043,#2060,#2077,#2094,#2111,#2128,#2145,#2162,#2179,
    #2196,#2213,#2230,#2247,#2264,#2281,#2298,#2315,#2332,#2349,#2366,
    #2378,#2395,#2412,#2429,#2446,#2463,#2480,#2497,#2514,#2531,#2548,
    #2565,#2582,#2599,#2616,#2633,#2650,#2667,#2684,#2701,#2718,#2735,
    #2752,#2769,#2786,#2803,#2820,#2837,#2854,#2871,#2888,#2905,#2922,
    #2939));
#43 = ADVANCED_FACE('',(#44),#70,.T.);
#44 = FACE_BOUND('',#45,.T.);
#45 = EDGE_LOOP('',(#46,#55,#62,#69));
#46 = ORIENTED_EDGE('',*,*,#47,.F.);
#47 = EDGE_CURVE('',#48,#48,#50,.T.);
#48 = VERTEX_POINT('',#49);
#49 = CARTESIAN_POINT('',(19.05,5.6,18.3));
#50 = CIRCLE('',#51,1.6);
#51 = AXIS2_PLACEMENT_3D('',#52,#53,#54);
#52 = CARTESIAN_POINT('',(17.45,5.6,18.3));
#53 = DIRECTION('',(0.,1.,0.));
#54 = DIRECTION('',(-1.,0.,0.));
#55 = ORIENTED_EDGE('',*,*,#56,.T.);
#56 = EDGE_CURVE('',#48,#57,#59,.T.);
#57 = VERTEX_POINT('',#58);
#58 = CARTESIAN_POINT('',(19.05,5.1,18.3));
#59 = B_SPLINE_CURVE_WITH_KNOTS('',1,(#60,#61),.UNSPECIFIED.,.F.,.F.,(2,
    2),(0.,0.5),.PIECEWISE_BEZIER_KNOTS.);
#60 = CARTESIAN_POINT('',(19.05,5.6,18.3));
#61 = CARTESIAN_POINT('',(19.05,5.1,18.3));
#62 = ORIENTED_EDGE('',*,*,#63,.T.);
#63 = EDGE_CURVE('',#57,#57,#64,.T.);
#64 = CIRCLE('',#65,1.6);
#65 = AXIS2_PLACEMENT_3D('',#66,#67,#68);
#66 = CARTESIAN_POINT('',(17.45,5.1,18.3));
#67 = DIRECTION('',(0.,1.,0.));
#68 = DIRECTION('',(-1.,0.,0.));
#69 = ORIENTED_EDGE('',*,*,#56,.F.);
#70 = CYLINDRICAL_SURFACE('',#71,1.6);
#71 = AXIS2_PLACEMENT_3D('',#72,#73,#74);
#72 = CARTESIAN_POINT('',(17.45,5.6,18.3));
#73 = DIRECTION('',(0.,-1.,0.));
#74 = DIRECTION('',(-1.,0.,0.));
#75 = ADVANCED_FACE('',(#76),#722,.T.);
#76 = FACE_BOUND('',#77,.T.);
#77 = EDGE_LOOP('',(#78,#89,#97,#106,#114,#123,#131,#140,#148,#157,#165,
    #174,#182,#191,#199,#208,#217,#225,#233,#241,#250,#259,#267,#276,
    #284,#293,#301,#310,#318,#327,#335,#344,#352,#361,#369,#378,#386,
    #394,#402,#411,#419,#428,#436,#445,#453,#462,#470,#479,#487,#496,
    #504,#513,#521,#530,#539,#547,#555,#563,#572,#581,#589,#598,#606,
    #615,#623,#632,#640,#649,#657,#666,#674,#683,#691,#700,#708,#716));
#78 = ORIENTED_EDGE('',*,*,#79,.F.);
#79 = EDGE_CURVE('',#80,#82,#84,.T.);
#80 = VERTEX_POINT('',#81);
#81 = CARTESIAN_POINT('',(8.351474402696,12.334312509285,38.1));
#82 = VERTEX_POINT('',#83);
#83 = CARTESIAN_POINT('',(9.149101626349,12.3267935038,38.1));
#84 = CIRCLE('',#85,0.4);
#85 = AXIS2_PLACEMENT_3D('',#86,#87,#88);
#86 = CARTESIAN_POINT('',(8.75,12.3,38.1));
#87 = DIRECTION('',(0.,0.,-1.));
#88 = DIRECTION('',(0.997754065872,6.698375950074E-02,0.));
#89 = ORIENTED_EDGE('',*,*,#90,.F.);
#90 = EDGE_CURVE('',#91,#80,#93,.T.);
#91 = VERTEX_POINT('',#92);
#92 = CARTESIAN_POINT('',(8.048525597304,8.815687490715,38.1));
#93 = LINE('',#94,#95);
#94 = CARTESIAN_POINT('',(8.048525597304,8.815687490715,38.1));
#95 = VECTOR('',#96,1.);
#96 = DIRECTION('',(8.578127321337E-02,0.99631399326,0.));
#97 = ORIENTED_EDGE('',*,*,#98,.F.);
#98 = EDGE_CURVE('',#99,#91,#101,.T.);
#99 = VERTEX_POINT('',#100);
#100 = CARTESIAN_POINT('',(7.306887148859,8.644394622196,38.1));
#101 = CIRCLE('',#102,0.4);
#102 = AXIS2_PLACEMENT_3D('',#103,#104,#105);
#103 = CARTESIAN_POINT('',(7.65,8.85,38.1));
#104 = DIRECTION('',(0.,0.,1.));
#105 = DIRECTION('',(0.857782127853,0.51401344451,-0.));
#106 = ORIENTED_EDGE('',*,*,#107,.F.);
#107 = EDGE_CURVE('',#108,#99,#110,.T.);
#108 = VERTEX_POINT('',#109);
#109 = CARTESIAN_POINT('',(4.993112851141,12.505605377804,38.1));
#110 = LINE('',#111,#112);
#111 = CARTESIAN_POINT('',(4.993112851141,12.505605377804,38.1));
#112 = VECTOR('',#113,1.);
#113 = DIRECTION('',(0.51401344451,-0.857782127853,0.));
#114 = ORIENTED_EDGE('',*,*,#115,.F.);
#115 = EDGE_CURVE('',#116,#108,#118,.T.);
#116 = VERTEX_POINT('',#117);
#117 = CARTESIAN_POINT('',(4.293987403493,12.117640379666,38.1));
#118 = CIRCLE('',#119,0.4);
#119 = AXIS2_PLACEMENT_3D('',#120,#121,#122);
#120 = CARTESIAN_POINT('',(4.65,12.3,38.1));
#121 = DIRECTION('',(0.,0.,-1.));
#122 = DIRECTION('',(0.857782127853,0.51401344451,0.));
#123 = ORIENTED_EDGE('',*,*,#124,.F.);
#124 = EDGE_CURVE('',#125,#116,#127,.T.);
#125 = VERTEX_POINT('',#126);
#126 = CARTESIAN_POINT('',(5.106012596507,10.532359620334,38.1));
#127 = LINE('',#128,#129);
#128 = CARTESIAN_POINT('',(5.106012596507,10.532359620334,38.1));
#129 = VECTOR('',#130,1.);
#130 = DIRECTION('',(-0.455899050834,0.890031491268,0.));
#131 = ORIENTED_EDGE('',*,*,#132,.F.);
#132 = EDGE_CURVE('',#133,#125,#135,.T.);
#133 = VERTEX_POINT('',#134);
#134 = CARTESIAN_POINT('',(4.527444000752,10.017631488858,38.1));
#135 = CIRCLE('',#136,0.4);
#136 = AXIS2_PLACEMENT_3D('',#137,#138,#139);
#137 = CARTESIAN_POINT('',(4.75,10.35,38.1));
#138 = DIRECTION('',(0.,0.,1.));
#139 = DIRECTION('',(0.556389998119,0.830921277855,-0.));
#140 = ORIENTED_EDGE('',*,*,#141,.F.);
#141 = EDGE_CURVE('',#142,#133,#144,.T.);
#142 = VERTEX_POINT('',#143);
#143 = CARTESIAN_POINT('',(0.622555999248,12.632368511142,38.1));
#144 = LINE('',#145,#146);
#145 = CARTESIAN_POINT('',(0.622555999248,12.632368511142,38.1));
#146 = VECTOR('',#147,1.);
#147 = DIRECTION('',(0.830921277855,-0.556389998119,0.));
#148 = ORIENTED_EDGE('',*,*,#149,.F.);
#149 = EDGE_CURVE('',#150,#142,#152,.T.);
#150 = VERTEX_POINT('',#151);
#151 = CARTESIAN_POINT('',(0.148195053847,11.989203814224,38.1));
#152 = CIRCLE('',#153,0.4);
#153 = AXIS2_PLACEMENT_3D('',#154,#155,#156);
#154 = CARTESIAN_POINT('',(0.4,12.3,38.1));
#155 = DIRECTION('',(0.,0.,-1.));
#156 = DIRECTION('',(0.556389998119,0.830921277855,0.));
#157 = ORIENTED_EDGE('',*,*,#158,.F.);
#158 = EDGE_CURVE('',#159,#150,#161,.T.);
#159 = VERTEX_POINT('',#160);
#160 = CARTESIAN_POINT('',(2.651804946153,9.960796185776,38.1));
#161 = LINE('',#162,#163);
#162 = CARTESIAN_POINT('',(2.651804946153,9.960796185776,38.1));
#163 = VECTOR('',#164,1.);
#164 = DIRECTION('',(-0.77699046444,0.629512365383,0.));
#165 = ORIENTED_EDGE('',*,*,#166,.F.);
#166 = EDGE_CURVE('',#167,#159,#169,.T.);
#167 = VERTEX_POINT('',#168);
#168 = CARTESIAN_POINT('',(2.24,9.283393944404,38.1));
#169 = CIRCLE('',#170,0.4);
#170 = AXIS2_PLACEMENT_3D('',#171,#172,#173);
#171 = CARTESIAN_POINT('',(2.4,9.65,38.1));
#172 = DIRECTION('',(0.,0.,1.));
#173 = DIRECTION('',(0.4,0.916515138991,-0.));
#174 = ORIENTED_EDGE('',*,*,#175,.F.);
#175 = EDGE_CURVE('',#176,#167,#178,.T.);
#176 = VERTEX_POINT('',#177);
#177 = CARTESIAN_POINT('',(0.56,10.016606055597,38.1));
#178 = LINE('',#179,#180);
#179 = CARTESIAN_POINT('',(0.56,10.016606055597,38.1));
#180 = VECTOR('',#181,1.);
#181 = DIRECTION('',(0.916515138991,-0.4,0.));
#182 = ORIENTED_EDGE('',*,*,#183,.F.);
#183 = EDGE_CURVE('',#184,#176,#186,.T.);
#184 = VERTEX_POINT('',#185);
#185 = CARTESIAN_POINT('',(0.189473934181,9.309884173242,38.1));
#186 = CIRCLE('',#187,0.4);
#187 = AXIS2_PLACEMENT_3D('',#188,#189,#190);
#188 = CARTESIAN_POINT('',(0.4,9.65,38.1));
#189 = DIRECTION('',(0.,0.,-1.));
#190 = DIRECTION('',(0.4,0.916515138991,0.));
#191 = ORIENTED_EDGE('',*,*,#192,.F.);
#192 = EDGE_CURVE('',#193,#184,#195,.T.);
#193 = VERTEX_POINT('',#194);
#194 = CARTESIAN_POINT('',(3.719408481465,7.124913129932,38.1));
#195 = LINE('',#196,#197);
#196 = CARTESIAN_POINT('',(3.719408481465,7.124913129932,38.1));
#197 = VECTOR('',#198,1.);
#198 = DIRECTION('',(-0.850289566894,0.526315164546,0.));
#199 = ORIENTED_EDGE('',*,*,#200,.F.);
#200 = EDGE_CURVE('',#201,#193,#203,.T.);
#201 = VERTEX_POINT('',#202);
#202 = CARTESIAN_POINT('',(4.071235690645,7.151111111111,38.1));
#203 = CIRCLE('',#204,0.3);
#204 = AXIS2_PLACEMENT_3D('',#205,#206,#207);
#205 = CARTESIAN_POINT('',(3.877303030829,7.38,38.1));
#206 = DIRECTION('',(0.,0.,-1.));
#207 = DIRECTION('',(-0.526315164546,-0.850289566894,-0.));
#208 = ORIENTED_EDGE('',*,*,#209,.F.);
#209 = EDGE_CURVE('',#210,#201,#212,.T.);
#210 = VERTEX_POINT('',#211);
#211 = CARTESIAN_POINT('',(5.504718490565,7.08,38.1));
#212 = CIRCLE('',#213,1.05);
#213 = AXIS2_PLACEMENT_3D('',#214,#215,#216);
#214 = CARTESIAN_POINT('',(4.75,6.35,38.1));
#215 = DIRECTION('',(0.,0.,1.));
#216 = DIRECTION('',(-0.718779514823,-0.695238095238,0.));
#217 = ORIENTED_EDGE('',*,*,#218,.F.);
#218 = EDGE_CURVE('',#219,#210,#221,.T.);
#219 = VERTEX_POINT('',#220);
#220 = CARTESIAN_POINT('',(5.95,7.08,38.1));
#221 = LINE('',#222,#223);
#222 = CARTESIAN_POINT('',(5.95,7.08,38.1));
#223 = VECTOR('',#224,1.);
#224 = DIRECTION('',(-1.,0.,0.));
#225 = ORIENTED_EDGE('',*,*,#226,.F.);
#226 = EDGE_CURVE('',#227,#219,#229,.T.);
#227 = VERTEX_POINT('',#228);
#228 = CARTESIAN_POINT('',(5.95,5.62,38.1));
#229 = LINE('',#230,#231);
#230 = CARTESIAN_POINT('',(5.95,5.62,38.1));
#231 = VECTOR('',#232,1.);
#232 = DIRECTION('',(0.,1.,0.));
#233 = ORIENTED_EDGE('',*,*,#234,.F.);
#234 = EDGE_CURVE('',#235,#227,#237,.T.);
#235 = VERTEX_POINT('',#236);
#236 = CARTESIAN_POINT('',(5.504718490565,5.62,38.1));
#237 = LINE('',#238,#239);
#238 = CARTESIAN_POINT('',(5.504718490565,5.62,38.1));
#239 = VECTOR('',#240,1.);
#240 = DIRECTION('',(1.,0.,0.));
#241 = ORIENTED_EDGE('',*,*,#242,.F.);
#242 = EDGE_CURVE('',#243,#235,#245,.T.);
#243 = VERTEX_POINT('',#244);
#244 = CARTESIAN_POINT('',(4.071235690645,5.548888888889,38.1));
#245 = CIRCLE('',#246,1.05);
#246 = AXIS2_PLACEMENT_3D('',#247,#248,#249);
#247 = CARTESIAN_POINT('',(4.75,6.35,38.1));
#248 = DIRECTION('',(0.,0.,1.));
#249 = DIRECTION('',(0.646442199386,0.762962962963,-0.));
#250 = ORIENTED_EDGE('',*,*,#251,.F.);
#251 = EDGE_CURVE('',#252,#243,#254,.T.);
#252 = VERTEX_POINT('',#253);
#253 = CARTESIAN_POINT('',(3.719408481465,5.575086870068,38.1));
#254 = CIRCLE('',#255,0.3);
#255 = AXIS2_PLACEMENT_3D('',#256,#257,#258);
#256 = CARTESIAN_POINT('',(3.877303030829,5.32,38.1));
#257 = DIRECTION('',(0.,0.,-1.));
#258 = DIRECTION('',(0.646442199386,0.762962962963,0.));
#259 = ORIENTED_EDGE('',*,*,#260,.F.);
#260 = EDGE_CURVE('',#261,#252,#263,.T.);
#261 = VERTEX_POINT('',#262);
#262 = CARTESIAN_POINT('',(0.189473934181,3.390115826758,38.1));
#263 = LINE('',#264,#265);
#264 = CARTESIAN_POINT('',(0.189473934181,3.390115826758,38.1));
#265 = VECTOR('',#266,1.);
#266 = DIRECTION('',(0.850289566894,0.526315164546,0.));
#267 = ORIENTED_EDGE('',*,*,#268,.F.);
#268 = EDGE_CURVE('',#269,#261,#271,.T.);
#269 = VERTEX_POINT('',#270);
#270 = CARTESIAN_POINT('',(0.56,2.683393944404,38.1));
#271 = CIRCLE('',#272,0.4);
#272 = AXIS2_PLACEMENT_3D('',#273,#274,#275);
#273 = CARTESIAN_POINT('',(0.4,3.05,38.1));
#274 = DIRECTION('',(0.,0.,-1.));
#275 = DIRECTION('',(-0.526315164546,0.850289566894,0.));
#276 = ORIENTED_EDGE('',*,*,#277,.F.);
#277 = EDGE_CURVE('',#278,#269,#280,.T.);
#278 = VERTEX_POINT('',#279);
#279 = CARTESIAN_POINT('',(2.24,3.416606055596,38.1));
#280 = LINE('',#281,#282);
#281 = CARTESIAN_POINT('',(2.24,3.416606055596,38.1));
#282 = VECTOR('',#283,1.);
#283 = DIRECTION('',(-0.916515138991,-0.4,0.));
#284 = ORIENTED_EDGE('',*,*,#285,.F.);
#285 = EDGE_CURVE('',#286,#278,#288,.T.);
#286 = VERTEX_POINT('',#287);
#287 = CARTESIAN_POINT('',(2.651804946153,2.739203814224,38.1));
#288 = CIRCLE('',#289,0.4);
#289 = AXIS2_PLACEMENT_3D('',#290,#291,#292);
#290 = CARTESIAN_POINT('',(2.4,3.05,38.1));
#291 = DIRECTION('',(0.,0.,1.));
#292 = DIRECTION('',(-0.629512365383,0.77699046444,0.));
#293 = ORIENTED_EDGE('',*,*,#294,.F.);
#294 = EDGE_CURVE('',#295,#286,#297,.T.);
#295 = VERTEX_POINT('',#296);
#296 = CARTESIAN_POINT('',(0.148195053847,0.710796185776,38.1));
#297 = LINE('',#298,#299);
#298 = CARTESIAN_POINT('',(0.148195053847,0.710796185776,38.1));
#299 = VECTOR('',#300,1.);
#300 = DIRECTION('',(0.77699046444,0.629512365383,0.));
#301 = ORIENTED_EDGE('',*,*,#302,.F.);
#302 = EDGE_CURVE('',#303,#295,#305,.T.);
#303 = VERTEX_POINT('',#304);
#304 = CARTESIAN_POINT('',(0.622555999248,6.76314888578E-02,38.1));
#305 = CIRCLE('',#306,0.4);
#306 = AXIS2_PLACEMENT_3D('',#307,#308,#309);
#307 = CARTESIAN_POINT('',(0.4,0.4,38.1));
#308 = DIRECTION('',(0.,0.,-1.));
#309 = DIRECTION('',(-0.629512365383,0.77699046444,0.));
#310 = ORIENTED_EDGE('',*,*,#311,.F.);
#311 = EDGE_CURVE('',#312,#303,#314,.T.);
#312 = VERTEX_POINT('',#313);
#313 = CARTESIAN_POINT('',(4.527444000752,2.682368511142,38.1));
#314 = LINE('',#315,#316);
#315 = CARTESIAN_POINT('',(4.527444000752,2.682368511142,38.1));
#316 = VECTOR('',#317,1.);
#317 = DIRECTION('',(-0.830921277855,-0.556389998119,0.));
#318 = ORIENTED_EDGE('',*,*,#319,.F.);
#319 = EDGE_CURVE('',#320,#312,#322,.T.);
#320 = VERTEX_POINT('',#321);
#321 = CARTESIAN_POINT('',(5.106012596507,2.167640379666,38.1));
#322 = CIRCLE('',#323,0.4);
#323 = AXIS2_PLACEMENT_3D('',#324,#325,#326);
#324 = CARTESIAN_POINT('',(4.75,2.35,38.1));
#325 = DIRECTION('',(0.,0.,1.));
#326 = DIRECTION('',(-0.890031491268,0.455899050834,0.));
#327 = ORIENTED_EDGE('',*,*,#328,.F.);
#328 = EDGE_CURVE('',#329,#320,#331,.T.);
#329 = VERTEX_POINT('',#330);
#330 = CARTESIAN_POINT('',(4.293987403493,0.582359620334,38.1));
#331 = LINE('',#332,#333);
#332 = CARTESIAN_POINT('',(4.293987403493,0.582359620334,38.1));
#333 = VECTOR('',#334,1.);
#334 = DIRECTION('',(0.455899050834,0.890031491268,0.));
#335 = ORIENTED_EDGE('',*,*,#336,.F.);
#336 = EDGE_CURVE('',#337,#329,#339,.T.);
#337 = VERTEX_POINT('',#338);
#338 = CARTESIAN_POINT('',(4.993112851141,0.194394622196,38.1));
#339 = CIRCLE('',#340,0.4);
#340 = AXIS2_PLACEMENT_3D('',#341,#342,#343);
#341 = CARTESIAN_POINT('',(4.65,0.4,38.1));
#342 = DIRECTION('',(0.,0.,-1.));
#343 = DIRECTION('',(-0.890031491268,0.455899050834,0.));
#344 = ORIENTED_EDGE('',*,*,#345,.F.);
#345 = EDGE_CURVE('',#346,#337,#348,.T.);
#346 = VERTEX_POINT('',#347);
#347 = CARTESIAN_POINT('',(7.306887148859,4.055605377804,38.1));
#348 = LINE('',#349,#350);
#349 = CARTESIAN_POINT('',(7.306887148859,4.055605377804,38.1));
#350 = VECTOR('',#351,1.);
#351 = DIRECTION('',(-0.51401344451,-0.857782127853,0.));
#352 = ORIENTED_EDGE('',*,*,#353,.F.);
#353 = EDGE_CURVE('',#354,#346,#356,.T.);
#354 = VERTEX_POINT('',#355);
#355 = CARTESIAN_POINT('',(8.048525597304,3.884312509285,38.1));
#356 = CIRCLE('',#357,0.4);
#357 = AXIS2_PLACEMENT_3D('',#358,#359,#360);
#358 = CARTESIAN_POINT('',(7.65,3.85,38.1));
#359 = DIRECTION('',(0.,0.,1.));
#360 = DIRECTION('',(-0.99631399326,-8.578127321337E-02,0.));
#361 = ORIENTED_EDGE('',*,*,#362,.F.);
#362 = EDGE_CURVE('',#363,#354,#365,.T.);
#363 = VERTEX_POINT('',#364);
#364 = CARTESIAN_POINT('',(8.351474402696,0.365687490715,38.1));
#365 = LINE('',#366,#367);
#366 = CARTESIAN_POINT('',(8.351474402696,0.365687490715,38.1));
#367 = VECTOR('',#368,1.);
#368 = DIRECTION('',(-8.578127321337E-02,0.99631399326,0.));
#369 = ORIENTED_EDGE('',*,*,#370,.F.);
#370 = EDGE_CURVE('',#371,#363,#373,.T.);
#371 = VERTEX_POINT('',#372);
#372 = CARTESIAN_POINT('',(9.149101626349,0.3732064962,38.1));
#373 = CIRCLE('',#374,0.4);
#374 = AXIS2_PLACEMENT_3D('',#375,#376,#377);
#375 = CARTESIAN_POINT('',(8.75,0.4,38.1));
#376 = DIRECTION('',(0.,0.,-1.));
#377 = DIRECTION('',(-0.99631399326,-8.578127321337E-02,-0.));
#378 = ORIENTED_EDGE('',*,*,#379,.F.);
#379 = EDGE_CURVE('',#380,#371,#382,.T.);
#380 = VERTEX_POINT('',#381);
#381 = CARTESIAN_POINT('',(9.5,5.6,38.1));
#382 = LINE('',#383,#384);
#383 = CARTESIAN_POINT('',(9.5,5.6,38.1));
#384 = VECTOR('',#385,1.);
#385 = DIRECTION('',(-6.698375950074E-02,-0.997754065872,0.));
#386 = ORIENTED_EDGE('',*,*,#387,.F.);
#387 = EDGE_CURVE('',#388,#380,#390,.T.);
#388 = VERTEX_POINT('',#389);
#389 = CARTESIAN_POINT('',(25.4,5.6,38.1));
#390 = LINE('',#391,#392);
#391 = CARTESIAN_POINT('',(25.4,5.6,38.1));
#392 = VECTOR('',#393,1.);
#393 = DIRECTION('',(-1.,0.,0.));
#394 = ORIENTED_EDGE('',*,*,#395,.F.);
#395 = EDGE_CURVE('',#396,#388,#398,.T.);
#396 = VERTEX_POINT('',#397);
#397 = CARTESIAN_POINT('',(25.750898373651,0.3732064962,38.1));
#398 = LINE('',#399,#400);
#399 = CARTESIAN_POINT('',(25.750898373651,0.3732064962,38.1));
#400 = VECTOR('',#401,1.);
#401 = DIRECTION('',(-6.698375950074E-02,0.997754065872,0.));
#402 = ORIENTED_EDGE('',*,*,#403,.F.);
#403 = EDGE_CURVE('',#404,#396,#406,.T.);
#404 = VERTEX_POINT('',#405);
#405 = CARTESIAN_POINT('',(26.548525597304,0.365687490715,38.1));
#406 = CIRCLE('',#407,0.4);
#407 = AXIS2_PLACEMENT_3D('',#408,#409,#410);
#408 = CARTESIAN_POINT('',(26.15,0.4,38.1));
#409 = DIRECTION('',(0.,0.,-1.));
#410 = DIRECTION('',(-0.997754065872,-6.698375950074E-02,-0.));
#411 = ORIENTED_EDGE('',*,*,#412,.F.);
#412 = EDGE_CURVE('',#413,#404,#415,.T.);
#413 = VERTEX_POINT('',#414);
#414 = CARTESIAN_POINT('',(26.851474402696,3.884312509285,38.1));
#415 = LINE('',#416,#417);
#416 = CARTESIAN_POINT('',(26.851474402696,3.884312509285,38.1));
#417 = VECTOR('',#418,1.);
#418 = DIRECTION('',(-8.578127321339E-02,-0.99631399326,0.));
#419 = ORIENTED_EDGE('',*,*,#420,.F.);
#420 = EDGE_CURVE('',#421,#413,#423,.T.);
#421 = VERTEX_POINT('',#422);
#422 = CARTESIAN_POINT('',(27.593112851141,4.055605377804,38.1));
#423 = CIRCLE('',#424,0.4);
#424 = AXIS2_PLACEMENT_3D('',#425,#426,#427);
#425 = CARTESIAN_POINT('',(27.25,3.85,38.1));
#426 = DIRECTION('',(0.,0.,1.));
#427 = DIRECTION('',(-0.857782127853,-0.51401344451,0.));
#428 = ORIENTED_EDGE('',*,*,#429,.F.);
#429 = EDGE_CURVE('',#430,#421,#432,.T.);
#430 = VERTEX_POINT('',#431);
#431 = CARTESIAN_POINT('',(29.906887148859,0.194394622196,38.1));
#432 = LINE('',#433,#434);
#433 = CARTESIAN_POINT('',(29.906887148859,0.194394622196,38.1));
#434 = VECTOR('',#435,1.);
#435 = DIRECTION('',(-0.51401344451,0.857782127853,0.));
#436 = ORIENTED_EDGE('',*,*,#437,.F.);
#437 = EDGE_CURVE('',#438,#430,#440,.T.);
#438 = VERTEX_POINT('',#439);
#439 = CARTESIAN_POINT('',(30.606012596507,0.582359620334,38.1));
#440 = CIRCLE('',#441,0.4);
#441 = AXIS2_PLACEMENT_3D('',#442,#443,#444);
#442 = CARTESIAN_POINT('',(30.25,0.4,38.1));
#443 = DIRECTION('',(0.,0.,-1.));
#444 = DIRECTION('',(-0.857782127853,-0.51401344451,-0.));
#445 = ORIENTED_EDGE('',*,*,#446,.F.);
#446 = EDGE_CURVE('',#447,#438,#449,.T.);
#447 = VERTEX_POINT('',#448);
#448 = CARTESIAN_POINT('',(29.793987403493,2.167640379666,38.1));
#449 = LINE('',#450,#451);
#450 = CARTESIAN_POINT('',(29.793987403493,2.167640379666,38.1));
#451 = VECTOR('',#452,1.);
#452 = DIRECTION('',(0.455899050834,-0.890031491268,0.));
#453 = ORIENTED_EDGE('',*,*,#454,.F.);
#454 = EDGE_CURVE('',#455,#447,#457,.T.);
#455 = VERTEX_POINT('',#456);
#456 = CARTESIAN_POINT('',(30.372555999248,2.682368511142,38.1));
#457 = CIRCLE('',#458,0.4);
#458 = AXIS2_PLACEMENT_3D('',#459,#460,#461);
#459 = CARTESIAN_POINT('',(30.15,2.35,38.1));
#460 = DIRECTION('',(0.,0.,1.));
#461 = DIRECTION('',(-0.556389998119,-0.830921277855,0.));
#462 = ORIENTED_EDGE('',*,*,#463,.F.);
#463 = EDGE_CURVE('',#464,#455,#466,.T.);
#464 = VERTEX_POINT('',#465);
#465 = CARTESIAN_POINT('',(34.277444000752,6.763148885781E-02,38.1));
#466 = LINE('',#467,#468);
#467 = CARTESIAN_POINT('',(34.277444000752,6.763148885781E-02,38.1));
#468 = VECTOR('',#469,1.);
#469 = DIRECTION('',(-0.830921277855,0.556389998119,0.));
#470 = ORIENTED_EDGE('',*,*,#471,.F.);
#471 = EDGE_CURVE('',#472,#464,#474,.T.);
#472 = VERTEX_POINT('',#473);
#473 = CARTESIAN_POINT('',(34.751804946153,0.710796185776,38.1));
#474 = CIRCLE('',#475,0.4);
#475 = AXIS2_PLACEMENT_3D('',#476,#477,#478);
#476 = CARTESIAN_POINT('',(34.5,0.4,38.1));
#477 = DIRECTION('',(0.,0.,-1.));
#478 = DIRECTION('',(-0.556389998119,-0.830921277855,-0.));
#479 = ORIENTED_EDGE('',*,*,#480,.F.);
#480 = EDGE_CURVE('',#481,#472,#483,.T.);
#481 = VERTEX_POINT('',#482);
#482 = CARTESIAN_POINT('',(32.248195053847,2.739203814224,38.1));
#483 = LINE('',#484,#485);
#484 = CARTESIAN_POINT('',(32.248195053847,2.739203814224,38.1));
#485 = VECTOR('',#486,1.);
#486 = DIRECTION('',(0.77699046444,-0.629512365383,0.));
#487 = ORIENTED_EDGE('',*,*,#488,.F.);
#488 = EDGE_CURVE('',#489,#481,#491,.T.);
#489 = VERTEX_POINT('',#490);
#490 = CARTESIAN_POINT('',(32.66,3.416606055596,38.1));
#491 = CIRCLE('',#492,0.4);
#492 = AXIS2_PLACEMENT_3D('',#493,#494,#495);
#493 = CARTESIAN_POINT('',(32.5,3.05,38.1));
#494 = DIRECTION('',(0.,0.,1.));
#495 = DIRECTION('',(-0.4,-0.916515138991,0.));
#496 = ORIENTED_EDGE('',*,*,#497,.F.);
#497 = EDGE_CURVE('',#498,#489,#500,.T.);
#498 = VERTEX_POINT('',#499);
#499 = CARTESIAN_POINT('',(34.34,2.683393944404,38.1));
#500 = LINE('',#501,#502);
#501 = CARTESIAN_POINT('',(34.34,2.683393944404,38.1));
#502 = VECTOR('',#503,1.);
#503 = DIRECTION('',(-0.916515138991,0.4,0.));
#504 = ORIENTED_EDGE('',*,*,#505,.F.);
#505 = EDGE_CURVE('',#506,#498,#508,.T.);
#506 = VERTEX_POINT('',#507);
#507 = CARTESIAN_POINT('',(34.710526065819,3.390115826758,38.1));
#508 = CIRCLE('',#509,0.4);
#509 = AXIS2_PLACEMENT_3D('',#510,#511,#512);
#510 = CARTESIAN_POINT('',(34.5,3.05,38.1));
#511 = DIRECTION('',(0.,0.,-1.));
#512 = DIRECTION('',(-0.4,-0.916515138991,-0.));
#513 = ORIENTED_EDGE('',*,*,#514,.F.);
#514 = EDGE_CURVE('',#515,#506,#517,.T.);
#515 = VERTEX_POINT('',#516);
#516 = CARTESIAN_POINT('',(31.180591518535,5.575086870068,38.1));
#517 = LINE('',#518,#519);
#518 = CARTESIAN_POINT('',(31.180591518535,5.575086870068,38.1));
#519 = VECTOR('',#520,1.);
#520 = DIRECTION('',(0.850289566894,-0.526315164546,0.));
#521 = ORIENTED_EDGE('',*,*,#522,.F.);
#522 = EDGE_CURVE('',#523,#515,#525,.T.);
#523 = VERTEX_POINT('',#524);
#524 = CARTESIAN_POINT('',(30.828764309355,5.548888888889,38.1));
#525 = CIRCLE('',#526,0.3);
#526 = AXIS2_PLACEMENT_3D('',#527,#528,#529);
#527 = CARTESIAN_POINT('',(31.022696969171,5.32,38.1));
#528 = DIRECTION('',(0.,0.,-1.));
#529 = DIRECTION('',(0.526315164546,0.850289566894,0.));
#530 = ORIENTED_EDGE('',*,*,#531,.F.);
#531 = EDGE_CURVE('',#532,#523,#534,.T.);
#532 = VERTEX_POINT('',#533);
#533 = CARTESIAN_POINT('',(29.395281509436,5.62,38.1));
#534 = CIRCLE('',#535,1.05);
#535 = AXIS2_PLACEMENT_3D('',#536,#537,#538);
#536 = CARTESIAN_POINT('',(30.15,6.35,38.1));
#537 = DIRECTION('',(0.,0.,1.));
#538 = DIRECTION('',(0.718779514823,0.695238095238,-0.));
#539 = ORIENTED_EDGE('',*,*,#540,.F.);
#540 = EDGE_CURVE('',#541,#532,#543,.T.);
#541 = VERTEX_POINT('',#542);
#542 = CARTESIAN_POINT('',(28.95,5.62,38.1));
#543 = LINE('',#544,#545);
#544 = CARTESIAN_POINT('',(28.95,5.62,38.1));
#545 = VECTOR('',#546,1.);
#546 = DIRECTION('',(1.,0.,0.));
#547 = ORIENTED_EDGE('',*,*,#548,.F.);
#548 = EDGE_CURVE('',#549,#541,#551,.T.);
#549 = VERTEX_POINT('',#550);
#550 = CARTESIAN_POINT('',(28.95,7.08,38.1));
#551 = LINE('',#552,#553);
#552 = CARTESIAN_POINT('',(28.95,7.08,38.1));
#553 = VECTOR('',#554,1.);
#554 = DIRECTION('',(0.,-1.,0.));
#555 = ORIENTED_EDGE('',*,*,#556,.F.);
#556 = EDGE_CURVE('',#557,#549,#559,.T.);
#557 = VERTEX_POINT('',#558);
#558 = CARTESIAN_POINT('',(29.395281509436,7.08,38.1));
#559 = LINE('',#560,#561);
#560 = CARTESIAN_POINT('',(29.395281509436,7.08,38.1));
#561 = VECTOR('',#562,1.);
#562 = DIRECTION('',(-1.,0.,0.));
#563 = ORIENTED_EDGE('',*,*,#564,.F.);
#564 = EDGE_CURVE('',#565,#557,#567,.T.);
#565 = VERTEX_POINT('',#566);
#566 = CARTESIAN_POINT('',(30.828764309355,7.151111111111,38.1));
#567 = CIRCLE('',#568,1.05);
#568 = AXIS2_PLACEMENT_3D('',#569,#570,#571);
#569 = CARTESIAN_POINT('',(30.15,6.35,38.1));
#570 = DIRECTION('',(0.,0.,1.));
#571 = DIRECTION('',(-0.646442199386,-0.762962962963,0.));
#572 = ORIENTED_EDGE('',*,*,#573,.F.);
#573 = EDGE_CURVE('',#574,#565,#576,.T.);
#574 = VERTEX_POINT('',#575);
#575 = CARTESIAN_POINT('',(31.180591518535,7.124913129932,38.1));
#576 = CIRCLE('',#577,0.3);
#577 = AXIS2_PLACEMENT_3D('',#578,#579,#580);
#578 = CARTESIAN_POINT('',(31.022696969171,7.38,38.1));
#579 = DIRECTION('',(0.,0.,-1.));
#580 = DIRECTION('',(-0.646442199386,-0.762962962963,-0.));
#581 = ORIENTED_EDGE('',*,*,#582,.F.);
#582 = EDGE_CURVE('',#583,#574,#585,.T.);
#583 = VERTEX_POINT('',#584);
#584 = CARTESIAN_POINT('',(34.710526065819,9.309884173242,38.1));
#585 = LINE('',#586,#587);
#586 = CARTESIAN_POINT('',(34.710526065819,9.309884173242,38.1));
#587 = VECTOR('',#588,1.);
#588 = DIRECTION('',(-0.850289566894,-0.526315164546,0.));
#589 = ORIENTED_EDGE('',*,*,#590,.F.);
#590 = EDGE_CURVE('',#591,#583,#593,.T.);
#591 = VERTEX_POINT('',#592);
#592 = CARTESIAN_POINT('',(34.34,10.016606055597,38.1));
#593 = CIRCLE('',#594,0.4);
#594 = AXIS2_PLACEMENT_3D('',#595,#596,#597);
#595 = CARTESIAN_POINT('',(34.5,9.65,38.1));
#596 = DIRECTION('',(0.,0.,-1.));
#597 = DIRECTION('',(0.526315164546,-0.850289566894,0.));
#598 = ORIENTED_EDGE('',*,*,#599,.F.);
#599 = EDGE_CURVE('',#600,#591,#602,.T.);
#600 = VERTEX_POINT('',#601);
#601 = CARTESIAN_POINT('',(32.66,9.283393944404,38.1));
#602 = LINE('',#603,#604);
#603 = CARTESIAN_POINT('',(32.66,9.283393944404,38.1));
#604 = VECTOR('',#605,1.);
#605 = DIRECTION('',(0.916515138991,0.4,0.));
#606 = ORIENTED_EDGE('',*,*,#607,.F.);
#607 = EDGE_CURVE('',#608,#600,#610,.T.);
#608 = VERTEX_POINT('',#609);
#609 = CARTESIAN_POINT('',(32.248195053847,9.960796185776,38.1));
#610 = CIRCLE('',#611,0.4);
#611 = AXIS2_PLACEMENT_3D('',#612,#613,#614);
#612 = CARTESIAN_POINT('',(32.5,9.65,38.1));
#613 = DIRECTION('',(0.,0.,1.));
#614 = DIRECTION('',(0.629512365383,-0.77699046444,0.));
#615 = ORIENTED_EDGE('',*,*,#616,.F.);
#616 = EDGE_CURVE('',#617,#608,#619,.T.);
#617 = VERTEX_POINT('',#618);
#618 = CARTESIAN_POINT('',(34.751804946153,11.989203814224,38.1));
#619 = LINE('',#620,#621);
#620 = CARTESIAN_POINT('',(34.751804946153,11.989203814224,38.1));
#621 = VECTOR('',#622,1.);
#622 = DIRECTION('',(-0.77699046444,-0.629512365383,0.));
#623 = ORIENTED_EDGE('',*,*,#624,.F.);
#624 = EDGE_CURVE('',#625,#617,#627,.T.);
#625 = VERTEX_POINT('',#626);
#626 = CARTESIAN_POINT('',(34.277444000752,12.632368511142,38.1));
#627 = CIRCLE('',#628,0.4);
#628 = AXIS2_PLACEMENT_3D('',#629,#630,#631);
#629 = CARTESIAN_POINT('',(34.5,12.3,38.1));
#630 = DIRECTION('',(0.,0.,-1.));
#631 = DIRECTION('',(0.629512365383,-0.77699046444,0.));
#632 = ORIENTED_EDGE('',*,*,#633,.F.);
#633 = EDGE_CURVE('',#634,#625,#636,.T.);
#634 = VERTEX_POINT('',#635);
#635 = CARTESIAN_POINT('',(30.372555999248,10.017631488858,38.1));
#636 = LINE('',#637,#638);
#637 = CARTESIAN_POINT('',(30.372555999248,10.017631488858,38.1));
#638 = VECTOR('',#639,1.);
#639 = DIRECTION('',(0.830921277855,0.556389998119,0.));
#640 = ORIENTED_EDGE('',*,*,#641,.F.);
#641 = EDGE_CURVE('',#642,#634,#644,.T.);
#642 = VERTEX_POINT('',#643);
#643 = CARTESIAN_POINT('',(29.793987403493,10.532359620334,38.1));
#644 = CIRCLE('',#645,0.4);
#645 = AXIS2_PLACEMENT_3D('',#646,#647,#648);
#646 = CARTESIAN_POINT('',(30.15,10.35,38.1));
#647 = DIRECTION('',(0.,0.,1.));
#648 = DIRECTION('',(0.890031491268,-0.455899050834,0.));
#649 = ORIENTED_EDGE('',*,*,#650,.F.);
#650 = EDGE_CURVE('',#651,#642,#653,.T.);
#651 = VERTEX_POINT('',#652);
#652 = CARTESIAN_POINT('',(30.606012596507,12.117640379666,38.1));
#653 = LINE('',#654,#655);
#654 = CARTESIAN_POINT('',(30.606012596507,12.117640379666,38.1));
#655 = VECTOR('',#656,1.);
#656 = DIRECTION('',(-0.455899050834,-0.890031491268,0.));
#657 = ORIENTED_EDGE('',*,*,#658,.F.);
#658 = EDGE_CURVE('',#659,#651,#661,.T.);
#659 = VERTEX_POINT('',#660);
#660 = CARTESIAN_POINT('',(29.906887148859,12.505605377804,38.1));
#661 = CIRCLE('',#662,0.4);
#662 = AXIS2_PLACEMENT_3D('',#663,#664,#665);
#663 = CARTESIAN_POINT('',(30.25,12.3,38.1));
#664 = DIRECTION('',(0.,0.,-1.));
#665 = DIRECTION('',(0.890031491268,-0.455899050834,0.));
#666 = ORIENTED_EDGE('',*,*,#667,.F.);
#667 = EDGE_CURVE('',#668,#659,#670,.T.);
#668 = VERTEX_POINT('',#669);
#669 = CARTESIAN_POINT('',(27.593112851141,8.644394622196,38.1));
#670 = LINE('',#671,#672);
#671 = CARTESIAN_POINT('',(27.593112851141,8.644394622196,38.1));
#672 = VECTOR('',#673,1.);
#673 = DIRECTION('',(0.51401344451,0.857782127853,0.));
#674 = ORIENTED_EDGE('',*,*,#675,.F.);
#675 = EDGE_CURVE('',#676,#668,#678,.T.);
#676 = VERTEX_POINT('',#677);
#677 = CARTESIAN_POINT('',(26.851474402696,8.815687490715,38.1));
#678 = CIRCLE('',#679,0.4);
#679 = AXIS2_PLACEMENT_3D('',#680,#681,#682);
#680 = CARTESIAN_POINT('',(27.25,8.85,38.1));
#681 = DIRECTION('',(0.,0.,1.));
#682 = DIRECTION('',(0.99631399326,8.578127321337E-02,-0.));
#683 = ORIENTED_EDGE('',*,*,#684,.F.);
#684 = EDGE_CURVE('',#685,#676,#687,.T.);
#685 = VERTEX_POINT('',#686);
#686 = CARTESIAN_POINT('',(26.548525597304,12.334312509285,38.1));
#687 = LINE('',#688,#689);
#688 = CARTESIAN_POINT('',(26.548525597304,12.334312509285,38.1));
#689 = VECTOR('',#690,1.);
#690 = DIRECTION('',(8.578127321339E-02,-0.99631399326,0.));
#691 = ORIENTED_EDGE('',*,*,#692,.F.);
#692 = EDGE_CURVE('',#693,#685,#695,.T.);
#693 = VERTEX_POINT('',#694);
#694 = CARTESIAN_POINT('',(25.750898373651,12.3267935038,38.1));
#695 = CIRCLE('',#696,0.4);
#696 = AXIS2_PLACEMENT_3D('',#697,#698,#699);
#697 = CARTESIAN_POINT('',(26.15,12.3,38.1));
#698 = DIRECTION('',(0.,0.,-1.));
#699 = DIRECTION('',(0.99631399326,8.578127321336E-02,0.));
#700 = ORIENTED_EDGE('',*,*,#701,.F.);
#701 = EDGE_CURVE('',#702,#693,#704,.T.);
#702 = VERTEX_POINT('',#703);
#703 = CARTESIAN_POINT('',(25.4,7.100000000003,38.1));
#704 = LINE('',#705,#706);
#705 = CARTESIAN_POINT('',(25.4,7.100000000003,38.1));
#706 = VECTOR('',#707,1.);
#707 = DIRECTION('',(6.698375950074E-02,0.997754065872,0.));
#708 = ORIENTED_EDGE('',*,*,#709,.F.);
#709 = EDGE_CURVE('',#710,#702,#712,.T.);
#710 = VERTEX_POINT('',#711);
#711 = CARTESIAN_POINT('',(9.5,7.100000000003,38.1));
#712 = LINE('',#713,#714);
#713 = CARTESIAN_POINT('',(9.5,7.100000000003,38.1));
#714 = VECTOR('',#715,1.);
#715 = DIRECTION('',(1.,0.,0.));
#716 = ORIENTED_EDGE('',*,*,#717,.F.);
#717 = EDGE_CURVE('',#82,#710,#718,.T.);
#718 = LINE('',#719,#720);
#719 = CARTESIAN_POINT('',(9.149101626349,12.3267935038,38.1));
#720 = VECTOR('',#721,1.);
#721 = DIRECTION('',(6.698375950074E-02,-0.997754065872,0.));
#722 = PLANE('',#723);
#723 = AXIS2_PLACEMENT_3D('',#724,#725,#726);
#724 = CARTESIAN_POINT('',(17.45,6.35,38.1));
#725 = DIRECTION('',(0.,0.,1.));
#726 = DIRECTION('',(1.,0.,-0.));
#727 = ADVANCED_FACE('',(#728),#764,.F.);
#728 = FACE_BOUND('',#729,.F.);
#729 = EDGE_LOOP('',(#730,#741,#749,#758));
#730 = ORIENTED_EDGE('',*,*,#731,.T.);
#731 = EDGE_CURVE('',#732,#734,#736,.T.);
#732 = VERTEX_POINT('',#733);
#733 = CARTESIAN_POINT('',(22.85,5.6,5.366025403784));
#734 = VERTEX_POINT('',#735);
#735 = CARTESIAN_POINT('',(22.85,5.6,3.633974596216));
#736 = CIRCLE('',#737,1.);
#737 = AXIS2_PLACEMENT_3D('',#738,#739,#740);
#738 = CARTESIAN_POINT('',(22.35,5.6,4.5));
#739 = DIRECTION('',(0.,1.,0.));
#740 = DIRECTION('',(-1.,0.,0.));
#741 = ORIENTED_EDGE('',*,*,#742,.T.);
#742 = EDGE_CURVE('',#734,#743,#745,.T.);
#743 = VERTEX_POINT('',#744);
#744 = CARTESIAN_POINT('',(22.85,7.100000000003,3.633974596216));
#745 = LINE('',#746,#747);
#746 = CARTESIAN_POINT('',(22.85,5.6,3.633974596216));
#747 = VECTOR('',#748,1.);
#748 = DIRECTION('',(0.,1.,0.));
#749 = ORIENTED_EDGE('',*,*,#750,.T.);
#750 = EDGE_CURVE('',#743,#751,#753,.T.);
#751 = VERTEX_POINT('',#752);
#752 = CARTESIAN_POINT('',(22.85,7.100000000003,5.366025403784));
#753 = CIRCLE('',#754,1.);
#754 = AXIS2_PLACEMENT_3D('',#755,#756,#757);
#755 = CARTESIAN_POINT('',(22.35,7.100000000003,4.5));
#756 = DIRECTION('',(0.,-1.,0.));
#757 = DIRECTION('',(-1.,0.,0.));
#758 = ORIENTED_EDGE('',*,*,#759,.T.);
#759 = EDGE_CURVE('',#751,#732,#760,.T.);
#760 = LINE('',#761,#762);
#761 = CARTESIAN_POINT('',(22.85,7.100000000003,5.366025403784));
#762 = VECTOR('',#763,1.);
#763 = DIRECTION('',(0.,-1.,0.));
#764 = CYLINDRICAL_SURFACE('',#765,1.);
#765 = AXIS2_PLACEMENT_3D('',#766,#767,#768);
#766 = CARTESIAN_POINT('',(22.35,6.350000000002,4.5));
#767 = DIRECTION('',(0.,1.,0.));
#768 = DIRECTION('',(-1.,0.,0.));
#769 = ADVANCED_FACE('',(#770),#806,.F.);
#770 = FACE_BOUND('',#771,.F.);
#771 = EDGE_LOOP('',(#772,#783,#791,#800));
#772 = ORIENTED_EDGE('',*,*,#773,.T.);
#773 = EDGE_CURVE('',#774,#776,#778,.T.);
#774 = VERTEX_POINT('',#775);
#775 = CARTESIAN_POINT('',(12.05,7.100000000003,5.366025403784));
#776 = VERTEX_POINT('',#777);
#777 = CARTESIAN_POINT('',(12.05,7.100000000003,3.633974596216));
#778 = CIRCLE('',#779,1.);
#779 = AXIS2_PLACEMENT_3D('',#780,#781,#782);
#780 = CARTESIAN_POINT('',(12.55,7.100000000003,4.5));
#781 = DIRECTION('',(0.,-1.,0.));
#782 = DIRECTION('',(-1.,0.,0.));
#783 = ORIENTED_EDGE('',*,*,#784,.T.);
#784 = EDGE_CURVE('',#776,#785,#787,.T.);
#785 = VERTEX_POINT('',#786);
#786 = CARTESIAN_POINT('',(12.05,5.6,3.633974596216));
#787 = LINE('',#788,#789);
#788 = CARTESIAN_POINT('',(12.05,7.100000000003,3.633974596216));
#789 = VECTOR('',#790,1.);
#790 = DIRECTION('',(0.,-1.,0.));
#791 = ORIENTED_EDGE('',*,*,#792,.T.);
#792 = EDGE_CURVE('',#785,#793,#795,.T.);
#793 = VERTEX_POINT('',#794);
#794 = CARTESIAN_POINT('',(12.05,5.6,5.366025403784));
#795 = CIRCLE('',#796,1.);
#796 = AXIS2_PLACEMENT_3D('',#797,#798,#799);
#797 = CARTESIAN_POINT('',(12.55,5.6,4.5));
#798 = DIRECTION('',(0.,1.,0.));
#799 = DIRECTION('',(-1.,0.,0.));
#800 = ORIENTED_EDGE('',*,*,#801,.T.);
#801 = EDGE_CURVE('',#793,#774,#802,.T.);
#802 = LINE('',#803,#804);
#803 = CARTESIAN_POINT('',(12.05,5.6,5.366025403784));
#804 = VECTOR('',#805,1.);
#805 = DIRECTION('',(0.,1.,0.));
#806 = CYLINDRICAL_SURFACE('',#807,1.);
#807 = AXIS2_PLACEMENT_3D('',#808,#809,#810);
#808 = CARTESIAN_POINT('',(12.55,6.350000000002,4.5));
#809 = DIRECTION('',(0.,1.,0.));
#810 = DIRECTION('',(-1.,0.,0.));
#811 = ADVANCED_FACE('',(#812),#837,.T.);
#812 = FACE_BOUND('',#813,.T.);
#813 = EDGE_LOOP('',(#814,#815,#823,#831));
#814 = ORIENTED_EDGE('',*,*,#742,.T.);
#815 = ORIENTED_EDGE('',*,*,#816,.F.);
#816 = EDGE_CURVE('',#817,#743,#819,.T.);
#817 = VERTEX_POINT('',#818);
#818 = CARTESIAN_POINT('',(22.85,7.100000000003,0.));
#819 = LINE('',#820,#821);
#820 = CARTESIAN_POINT('',(22.85,7.100000000003,0.));
#821 = VECTOR('',#822,1.);
#822 = DIRECTION('',(0.,0.,1.));
#823 = ORIENTED_EDGE('',*,*,#824,.F.);
#824 = EDGE_CURVE('',#825,#817,#827,.T.);
#825 = VERTEX_POINT('',#826);
#826 = CARTESIAN_POINT('',(22.85,5.6,0.));
#827 = LINE('',#828,#829);
#828 = CARTESIAN_POINT('',(22.85,5.6,0.));
#829 = VECTOR('',#830,1.);
#830 = DIRECTION('',(0.,1.,0.));
#831 = ORIENTED_EDGE('',*,*,#832,.F.);
#832 = EDGE_CURVE('',#734,#825,#833,.T.);
#833 = LINE('',#834,#835);
#834 = CARTESIAN_POINT('',(22.85,5.6,3.633974596216));
#835 = VECTOR('',#836,1.);
#836 = DIRECTION('',(0.,0.,-1.));
#837 = PLANE('',#838);
#838 = AXIS2_PLACEMENT_3D('',#839,#840,#841);
#839 = CARTESIAN_POINT('',(22.85,5.6,0.));
#840 = DIRECTION('',(-1.,0.,0.));
#841 = DIRECTION('',(0.,0.,1.));
#842 = ADVANCED_FACE('',(#843,#907),#910,.T.);
#843 = FACE_BOUND('',#844,.T.);
#844 = EDGE_LOOP('',(#845,#846,#847,#855,#861,#862,#870,#878,#884,#885,
    #893,#901));
#845 = ORIENTED_EDGE('',*,*,#731,.T.);
#846 = ORIENTED_EDGE('',*,*,#832,.T.);
#847 = ORIENTED_EDGE('',*,*,#848,.T.);
#848 = EDGE_CURVE('',#825,#849,#851,.T.);
#849 = VERTEX_POINT('',#850);
#850 = CARTESIAN_POINT('',(25.4,5.6,0.));
#851 = LINE('',#852,#853);
#852 = CARTESIAN_POINT('',(22.85,5.6,0.));
#853 = VECTOR('',#854,1.);
#854 = DIRECTION('',(1.,0.,0.));
#855 = ORIENTED_EDGE('',*,*,#856,.T.);
#856 = EDGE_CURVE('',#849,#388,#857,.T.);
#857 = LINE('',#858,#859);
#858 = CARTESIAN_POINT('',(25.4,5.6,0.));
#859 = VECTOR('',#860,1.);
#860 = DIRECTION('',(0.,0.,1.));
#861 = ORIENTED_EDGE('',*,*,#387,.T.);
#862 = ORIENTED_EDGE('',*,*,#863,.F.);
#863 = EDGE_CURVE('',#864,#380,#866,.T.);
#864 = VERTEX_POINT('',#865);
#865 = CARTESIAN_POINT('',(9.5,5.6,0.));
#866 = LINE('',#867,#868);
#867 = CARTESIAN_POINT('',(9.5,5.6,0.));
#868 = VECTOR('',#869,1.);
#869 = DIRECTION('',(0.,0.,1.));
#870 = ORIENTED_EDGE('',*,*,#871,.T.);
#871 = EDGE_CURVE('',#864,#872,#874,.T.);
#872 = VERTEX_POINT('',#873);
#873 = CARTESIAN_POINT('',(12.05,5.6,0.));
#874 = LINE('',#875,#876);
#875 = CARTESIAN_POINT('',(9.5,5.6,0.));
#876 = VECTOR('',#877,1.);
#877 = DIRECTION('',(1.,0.,0.));
#878 = ORIENTED_EDGE('',*,*,#879,.T.);
#879 = EDGE_CURVE('',#872,#785,#880,.T.);
#880 = LINE('',#881,#882);
#881 = CARTESIAN_POINT('',(12.05,5.6,0.));
#882 = VECTOR('',#883,1.);
#883 = DIRECTION('',(0.,0.,1.));
#884 = ORIENTED_EDGE('',*,*,#792,.T.);
#885 = ORIENTED_EDGE('',*,*,#886,.T.);
#886 = EDGE_CURVE('',#793,#887,#889,.T.);
#887 = VERTEX_POINT('',#888);
#888 = CARTESIAN_POINT('',(12.05,5.6,6.5));
#889 = LINE('',#890,#891);
#890 = CARTESIAN_POINT('',(12.05,5.6,5.366025403784));
#891 = VECTOR('',#892,1.);
#892 = DIRECTION('',(0.,0.,1.));
#893 = ORIENTED_EDGE('',*,*,#894,.T.);
#894 = EDGE_CURVE('',#887,#895,#897,.T.);
#895 = VERTEX_POINT('',#896);
#896 = CARTESIAN_POINT('',(22.85,5.6,6.5));
#897 = LINE('',#898,#899);
#898 = CARTESIAN_POINT('',(12.05,5.6,6.5));
#899 = VECTOR('',#900,1.);
#900 = DIRECTION('',(1.,0.,0.));
#901 = ORIENTED_EDGE('',*,*,#902,.T.);
#902 = EDGE_CURVE('',#895,#732,#903,.T.);
#903 = LINE('',#904,#905);
#904 = CARTESIAN_POINT('',(22.85,5.6,6.5));
#905 = VECTOR('',#906,1.);
#906 = DIRECTION('',(0.,0.,-1.));
#907 = FACE_BOUND('',#908,.T.);
#908 = EDGE_LOOP('',(#909));
#909 = ORIENTED_EDGE('',*,*,#47,.T.);
#910 = PLANE('',#911);
#911 = AXIS2_PLACEMENT_3D('',#912,#913,#914);
#912 = CARTESIAN_POINT('',(25.4,5.6,0.));
#913 = DIRECTION('',(0.,-1.,0.));
#914 = DIRECTION('',(0.,0.,-1.));
#915 = ADVANCED_FACE('',(#916),#934,.T.);
#916 = FACE_BOUND('',#917,.T.);
#917 = EDGE_LOOP('',(#918,#919,#920,#928));
#918 = ORIENTED_EDGE('',*,*,#784,.T.);
#919 = ORIENTED_EDGE('',*,*,#879,.F.);
#920 = ORIENTED_EDGE('',*,*,#921,.F.);
#921 = EDGE_CURVE('',#922,#872,#924,.T.);
#922 = VERTEX_POINT('',#923);
#923 = CARTESIAN_POINT('',(12.05,7.100000000003,0.));
#924 = LINE('',#925,#926);
#925 = CARTESIAN_POINT('',(12.05,7.100000000003,0.));
#926 = VECTOR('',#927,1.);
#927 = DIRECTION('',(0.,-1.,0.));
#928 = ORIENTED_EDGE('',*,*,#929,.F.);
#929 = EDGE_CURVE('',#776,#922,#930,.T.);
#930 = LINE('',#931,#932);
#931 = CARTESIAN_POINT('',(12.05,7.100000000003,3.633974596216));
#932 = VECTOR('',#933,1.);
#933 = DIRECTION('',(0.,0.,-1.));
#934 = PLANE('',#935);
#935 = AXIS2_PLACEMENT_3D('',#936,#937,#938);
#936 = CARTESIAN_POINT('',(12.05,5.6,6.5));
#937 = DIRECTION('',(1.,0.,0.));
#938 = DIRECTION('',(0.,0.,-1.));
#939 = ADVANCED_FACE('',(#940),#958,.T.);
#940 = FACE_BOUND('',#941,.T.);
#941 = EDGE_LOOP('',(#942,#943,#951,#957));
#942 = ORIENTED_EDGE('',*,*,#801,.T.);
#943 = ORIENTED_EDGE('',*,*,#944,.F.);
#944 = EDGE_CURVE('',#945,#774,#947,.T.);
#945 = VERTEX_POINT('',#946);
#946 = CARTESIAN_POINT('',(12.05,7.100000000003,6.5));
#947 = LINE('',#948,#949);
#948 = CARTESIAN_POINT('',(12.05,7.100000000003,6.5));
#949 = VECTOR('',#950,1.);
#950 = DIRECTION('',(0.,0.,-1.));
#951 = ORIENTED_EDGE('',*,*,#952,.F.);
#952 = EDGE_CURVE('',#887,#945,#953,.T.);
#953 = LINE('',#954,#955);
#954 = CARTESIAN_POINT('',(12.05,5.6,6.5));
#955 = VECTOR('',#956,1.);
#956 = DIRECTION('',(0.,1.,0.));
#957 = ORIENTED_EDGE('',*,*,#886,.F.);
#958 = PLANE('',#959);
#959 = AXIS2_PLACEMENT_3D('',#960,#961,#962);
#960 = CARTESIAN_POINT('',(12.05,5.6,6.5));
#961 = DIRECTION('',(1.,0.,0.));
#962 = DIRECTION('',(0.,0.,-1.));
#963 = ADVANCED_FACE('',(#964),#982,.T.);
#964 = FACE_BOUND('',#965,.T.);
#965 = EDGE_LOOP('',(#966,#967,#968,#976));
#966 = ORIENTED_EDGE('',*,*,#759,.T.);
#967 = ORIENTED_EDGE('',*,*,#902,.F.);
#968 = ORIENTED_EDGE('',*,*,#969,.T.);
#969 = EDGE_CURVE('',#895,#970,#972,.T.);
#970 = VERTEX_POINT('',#971);
#971 = CARTESIAN_POINT('',(22.85,7.100000000003,6.5));
#972 = LINE('',#973,#974);
#973 = CARTESIAN_POINT('',(22.85,5.6,6.5));
#974 = VECTOR('',#975,1.);
#975 = DIRECTION('',(0.,1.,0.));
#976 = ORIENTED_EDGE('',*,*,#977,.F.);
#977 = EDGE_CURVE('',#751,#970,#978,.T.);
#978 = LINE('',#979,#980);
#979 = CARTESIAN_POINT('',(22.85,7.100000000003,5.366025403784));
#980 = VECTOR('',#981,1.);
#981 = DIRECTION('',(0.,0.,1.));
#982 = PLANE('',#983);
#983 = AXIS2_PLACEMENT_3D('',#984,#985,#986);
#984 = CARTESIAN_POINT('',(22.85,5.6,0.));
#985 = DIRECTION('',(-1.,0.,0.));
#986 = DIRECTION('',(0.,0.,1.));
#987 = ADVANCED_FACE('',(#988),#999,.T.);
#988 = FACE_BOUND('',#989,.T.);
#989 = EDGE_LOOP('',(#990,#996,#997,#998));
#990 = ORIENTED_EDGE('',*,*,#991,.F.);
#991 = EDGE_CURVE('',#970,#945,#992,.T.);
#992 = LINE('',#993,#994);
#993 = CARTESIAN_POINT('',(22.85,7.100000000003,6.5));
#994 = VECTOR('',#995,1.);
#995 = DIRECTION('',(-1.,0.,0.));
#996 = ORIENTED_EDGE('',*,*,#969,.F.);
#997 = ORIENTED_EDGE('',*,*,#894,.F.);
#998 = ORIENTED_EDGE('',*,*,#952,.T.);
#999 = PLANE('',#1000);
#1000 = AXIS2_PLACEMENT_3D('',#1001,#1002,#1003);
#1001 = CARTESIAN_POINT('',(22.85,5.6,6.5));
#1002 = DIRECTION('',(0.,0.,-1.));
#1003 = DIRECTION('',(-1.,0.,0.));
#1004 = ADVANCED_FACE('',(#1005),#1329,.T.);
#1005 = FACE_BOUND('',#1006,.T.);
#1006 = EDGE_LOOP('',(#1007,#1008,#1016,#1024,#1033,#1041,#1050,#1058,
    #1067,#1075,#1084,#1092,#1101,#1109,#1118,#1126,#1135,#1143,#1152,
    #1161,#1169,#1177,#1185,#1194,#1203,#1211,#1220,#1228,#1237,#1245,
    #1254,#1262,#1271,#1279,#1288,#1296,#1305,#1313,#1322,#1328));
#1007 = ORIENTED_EDGE('',*,*,#824,.T.);
#1008 = ORIENTED_EDGE('',*,*,#1009,.F.);
#1009 = EDGE_CURVE('',#1010,#817,#1012,.T.);
#1010 = VERTEX_POINT('',#1011);
#1011 = CARTESIAN_POINT('',(25.4,7.100000000003,0.));
#1012 = LINE('',#1013,#1014);
#1013 = CARTESIAN_POINT('',(25.4,7.100000000003,0.));
#1014 = VECTOR('',#1015,1.);
#1015 = DIRECTION('',(-1.,0.,0.));
#1016 = ORIENTED_EDGE('',*,*,#1017,.F.);
#1017 = EDGE_CURVE('',#1018,#1010,#1020,.T.);
#1018 = VERTEX_POINT('',#1019);
#1019 = CARTESIAN_POINT('',(25.750898373651,12.3267935038,0.));
#1020 = LINE('',#1021,#1022);
#1021 = CARTESIAN_POINT('',(25.750898373651,12.3267935038,0.));
#1022 = VECTOR('',#1023,1.);
#1023 = DIRECTION('',(-6.698375950074E-02,-0.997754065872,0.));
#1024 = ORIENTED_EDGE('',*,*,#1025,.F.);
#1025 = EDGE_CURVE('',#1026,#1018,#1028,.T.);
#1026 = VERTEX_POINT('',#1027);
#1027 = CARTESIAN_POINT('',(26.548525597304,12.334312509285,0.));
#1028 = CIRCLE('',#1029,0.4);
#1029 = AXIS2_PLACEMENT_3D('',#1030,#1031,#1032);
#1030 = CARTESIAN_POINT('',(26.15,12.3,0.));
#1031 = DIRECTION('',(0.,0.,1.));
#1032 = DIRECTION('',(0.99631399326,8.578127321336E-02,-0.));
#1033 = ORIENTED_EDGE('',*,*,#1034,.F.);
#1034 = EDGE_CURVE('',#1035,#1026,#1037,.T.);
#1035 = VERTEX_POINT('',#1036);
#1036 = CARTESIAN_POINT('',(26.851474402696,8.815687490715,0.));
#1037 = LINE('',#1038,#1039);
#1038 = CARTESIAN_POINT('',(26.851474402696,8.815687490715,0.));
#1039 = VECTOR('',#1040,1.);
#1040 = DIRECTION('',(-8.578127321339E-02,0.99631399326,0.));
#1041 = ORIENTED_EDGE('',*,*,#1042,.F.);
#1042 = EDGE_CURVE('',#1043,#1035,#1045,.T.);
#1043 = VERTEX_POINT('',#1044);
#1044 = CARTESIAN_POINT('',(27.593112851141,8.644394622196,0.));
#1045 = CIRCLE('',#1046,0.4);
#1046 = AXIS2_PLACEMENT_3D('',#1047,#1048,#1049);
#1047 = CARTESIAN_POINT('',(27.25,8.85,0.));
#1048 = DIRECTION('',(0.,0.,-1.));
#1049 = DIRECTION('',(0.99631399326,8.578127321337E-02,0.));
#1050 = ORIENTED_EDGE('',*,*,#1051,.F.);
#1051 = EDGE_CURVE('',#1052,#1043,#1054,.T.);
#1052 = VERTEX_POINT('',#1053);
#1053 = CARTESIAN_POINT('',(29.906887148859,12.505605377804,0.));
#1054 = LINE('',#1055,#1056);
#1055 = CARTESIAN_POINT('',(29.906887148859,12.505605377804,0.));
#1056 = VECTOR('',#1057,1.);
#1057 = DIRECTION('',(-0.51401344451,-0.857782127853,0.));
#1058 = ORIENTED_EDGE('',*,*,#1059,.F.);
#1059 = EDGE_CURVE('',#1060,#1052,#1062,.T.);
#1060 = VERTEX_POINT('',#1061);
#1061 = CARTESIAN_POINT('',(30.606012596507,12.117640379666,0.));
#1062 = CIRCLE('',#1063,0.4);
#1063 = AXIS2_PLACEMENT_3D('',#1064,#1065,#1066);
#1064 = CARTESIAN_POINT('',(30.25,12.3,0.));
#1065 = DIRECTION('',(0.,0.,1.));
#1066 = DIRECTION('',(0.890031491268,-0.455899050834,0.));
#1067 = ORIENTED_EDGE('',*,*,#1068,.F.);
#1068 = EDGE_CURVE('',#1069,#1060,#1071,.T.);
#1069 = VERTEX_POINT('',#1070);
#1070 = CARTESIAN_POINT('',(29.793987403493,10.532359620334,0.));
#1071 = LINE('',#1072,#1073);
#1072 = CARTESIAN_POINT('',(29.793987403493,10.532359620334,0.));
#1073 = VECTOR('',#1074,1.);
#1074 = DIRECTION('',(0.455899050834,0.890031491268,0.));
#1075 = ORIENTED_EDGE('',*,*,#1076,.F.);
#1076 = EDGE_CURVE('',#1077,#1069,#1079,.T.);
#1077 = VERTEX_POINT('',#1078);
#1078 = CARTESIAN_POINT('',(30.372555999248,10.017631488858,0.));
#1079 = CIRCLE('',#1080,0.4);
#1080 = AXIS2_PLACEMENT_3D('',#1081,#1082,#1083);
#1081 = CARTESIAN_POINT('',(30.15,10.35,0.));
#1082 = DIRECTION('',(0.,0.,-1.));
#1083 = DIRECTION('',(0.890031491268,-0.455899050834,0.));
#1084 = ORIENTED_EDGE('',*,*,#1085,.F.);
#1085 = EDGE_CURVE('',#1086,#1077,#1088,.T.);
#1086 = VERTEX_POINT('',#1087);
#1087 = CARTESIAN_POINT('',(34.277444000752,12.632368511142,0.));
#1088 = LINE('',#1089,#1090);
#1089 = CARTESIAN_POINT('',(34.277444000752,12.632368511142,0.));
#1090 = VECTOR('',#1091,1.);
#1091 = DIRECTION('',(-0.830921277855,-0.556389998119,0.));
#1092 = ORIENTED_EDGE('',*,*,#1093,.F.);
#1093 = EDGE_CURVE('',#1094,#1086,#1096,.T.);
#1094 = VERTEX_POINT('',#1095);
#1095 = CARTESIAN_POINT('',(34.751804946153,11.989203814224,0.));
#1096 = CIRCLE('',#1097,0.4);
#1097 = AXIS2_PLACEMENT_3D('',#1098,#1099,#1100);
#1098 = CARTESIAN_POINT('',(34.5,12.3,0.));
#1099 = DIRECTION('',(0.,0.,1.));
#1100 = DIRECTION('',(0.629512365383,-0.77699046444,0.));
#1101 = ORIENTED_EDGE('',*,*,#1102,.F.);
#1102 = EDGE_CURVE('',#1103,#1094,#1105,.T.);
#1103 = VERTEX_POINT('',#1104);
#1104 = CARTESIAN_POINT('',(32.248195053847,9.960796185776,0.));
#1105 = LINE('',#1106,#1107);
#1106 = CARTESIAN_POINT('',(32.248195053847,9.960796185776,0.));
#1107 = VECTOR('',#1108,1.);
#1108 = DIRECTION('',(0.77699046444,0.629512365383,0.));
#1109 = ORIENTED_EDGE('',*,*,#1110,.F.);
#1110 = EDGE_CURVE('',#1111,#1103,#1113,.T.);
#1111 = VERTEX_POINT('',#1112);
#1112 = CARTESIAN_POINT('',(32.66,9.283393944404,0.));
#1113 = CIRCLE('',#1114,0.4);
#1114 = AXIS2_PLACEMENT_3D('',#1115,#1116,#1117);
#1115 = CARTESIAN_POINT('',(32.5,9.65,0.));
#1116 = DIRECTION('',(0.,0.,-1.));
#1117 = DIRECTION('',(0.629512365383,-0.77699046444,0.));
#1118 = ORIENTED_EDGE('',*,*,#1119,.F.);
#1119 = EDGE_CURVE('',#1120,#1111,#1122,.T.);
#1120 = VERTEX_POINT('',#1121);
#1121 = CARTESIAN_POINT('',(34.34,10.016606055597,0.));
#1122 = LINE('',#1123,#1124);
#1123 = CARTESIAN_POINT('',(34.34,10.016606055597,0.));
#1124 = VECTOR('',#1125,1.);
#1125 = DIRECTION('',(-0.916515138991,-0.4,0.));
#1126 = ORIENTED_EDGE('',*,*,#1127,.F.);
#1127 = EDGE_CURVE('',#1128,#1120,#1130,.T.);
#1128 = VERTEX_POINT('',#1129);
#1129 = CARTESIAN_POINT('',(34.710526065819,9.309884173242,0.));
#1130 = CIRCLE('',#1131,0.4);
#1131 = AXIS2_PLACEMENT_3D('',#1132,#1133,#1134);
#1132 = CARTESIAN_POINT('',(34.5,9.65,0.));
#1133 = DIRECTION('',(0.,0.,1.));
#1134 = DIRECTION('',(0.526315164546,-0.850289566894,0.));
#1135 = ORIENTED_EDGE('',*,*,#1136,.F.);
#1136 = EDGE_CURVE('',#1137,#1128,#1139,.T.);
#1137 = VERTEX_POINT('',#1138);
#1138 = CARTESIAN_POINT('',(31.180591518535,7.124913129932,0.));
#1139 = LINE('',#1140,#1141);
#1140 = CARTESIAN_POINT('',(31.180591518535,7.124913129932,0.));
#1141 = VECTOR('',#1142,1.);
#1142 = DIRECTION('',(0.850289566894,0.526315164546,0.));
#1143 = ORIENTED_EDGE('',*,*,#1144,.F.);
#1144 = EDGE_CURVE('',#1145,#1137,#1147,.T.);
#1145 = VERTEX_POINT('',#1146);
#1146 = CARTESIAN_POINT('',(30.828764309355,7.151111111111,0.));
#1147 = CIRCLE('',#1148,0.3);
#1148 = AXIS2_PLACEMENT_3D('',#1149,#1150,#1151);
#1149 = CARTESIAN_POINT('',(31.022696969171,7.38,0.));
#1150 = DIRECTION('',(0.,0.,1.));
#1151 = DIRECTION('',(-0.646442199386,-0.762962962963,0.));
#1152 = ORIENTED_EDGE('',*,*,#1153,.F.);
#1153 = EDGE_CURVE('',#1154,#1145,#1156,.T.);
#1154 = VERTEX_POINT('',#1155);
#1155 = CARTESIAN_POINT('',(29.395281509436,7.08,0.));
#1156 = CIRCLE('',#1157,1.05);
#1157 = AXIS2_PLACEMENT_3D('',#1158,#1159,#1160);
#1158 = CARTESIAN_POINT('',(30.15,6.35,0.));
#1159 = DIRECTION('',(0.,0.,-1.));
#1160 = DIRECTION('',(-0.646442199386,-0.762962962963,-0.));
#1161 = ORIENTED_EDGE('',*,*,#1162,.F.);
#1162 = EDGE_CURVE('',#1163,#1154,#1165,.T.);
#1163 = VERTEX_POINT('',#1164);
#1164 = CARTESIAN_POINT('',(28.95,7.08,0.));
#1165 = LINE('',#1166,#1167);
#1166 = CARTESIAN_POINT('',(28.95,7.08,0.));
#1167 = VECTOR('',#1168,1.);
#1168 = DIRECTION('',(1.,0.,0.));
#1169 = ORIENTED_EDGE('',*,*,#1170,.F.);
#1170 = EDGE_CURVE('',#1171,#1163,#1173,.T.);
#1171 = VERTEX_POINT('',#1172);
#1172 = CARTESIAN_POINT('',(28.95,5.62,0.));
#1173 = LINE('',#1174,#1175);
#1174 = CARTESIAN_POINT('',(28.95,5.62,0.));
#1175 = VECTOR('',#1176,1.);
#1176 = DIRECTION('',(0.,1.,0.));
#1177 = ORIENTED_EDGE('',*,*,#1178,.F.);
#1178 = EDGE_CURVE('',#1179,#1171,#1181,.T.);
#1179 = VERTEX_POINT('',#1180);
#1180 = CARTESIAN_POINT('',(29.395281509436,5.62,0.));
#1181 = LINE('',#1182,#1183);
#1182 = CARTESIAN_POINT('',(29.395281509436,5.62,0.));
#1183 = VECTOR('',#1184,1.);
#1184 = DIRECTION('',(-1.,0.,0.));
#1185 = ORIENTED_EDGE('',*,*,#1186,.F.);
#1186 = EDGE_CURVE('',#1187,#1179,#1189,.T.);
#1187 = VERTEX_POINT('',#1188);
#1188 = CARTESIAN_POINT('',(30.828764309355,5.548888888889,0.));
#1189 = CIRCLE('',#1190,1.05);
#1190 = AXIS2_PLACEMENT_3D('',#1191,#1192,#1193);
#1191 = CARTESIAN_POINT('',(30.15,6.35,0.));
#1192 = DIRECTION('',(0.,0.,-1.));
#1193 = DIRECTION('',(0.718779514823,0.695238095238,0.));
#1194 = ORIENTED_EDGE('',*,*,#1195,.F.);
#1195 = EDGE_CURVE('',#1196,#1187,#1198,.T.);
#1196 = VERTEX_POINT('',#1197);
#1197 = CARTESIAN_POINT('',(31.180591518535,5.575086870068,0.));
#1198 = CIRCLE('',#1199,0.3);
#1199 = AXIS2_PLACEMENT_3D('',#1200,#1201,#1202);
#1200 = CARTESIAN_POINT('',(31.022696969171,5.32,0.));
#1201 = DIRECTION('',(0.,0.,1.));
#1202 = DIRECTION('',(0.526315164546,0.850289566894,-0.));
#1203 = ORIENTED_EDGE('',*,*,#1204,.F.);
#1204 = EDGE_CURVE('',#1205,#1196,#1207,.T.);
#1205 = VERTEX_POINT('',#1206);
#1206 = CARTESIAN_POINT('',(34.710526065819,3.390115826758,0.));
#1207 = LINE('',#1208,#1209);
#1208 = CARTESIAN_POINT('',(34.710526065819,3.390115826758,0.));
#1209 = VECTOR('',#1210,1.);
#1210 = DIRECTION('',(-0.850289566894,0.526315164546,0.));
#1211 = ORIENTED_EDGE('',*,*,#1212,.F.);
#1212 = EDGE_CURVE('',#1213,#1205,#1215,.T.);
#1213 = VERTEX_POINT('',#1214);
#1214 = CARTESIAN_POINT('',(34.34,2.683393944404,0.));
#1215 = CIRCLE('',#1216,0.4);
#1216 = AXIS2_PLACEMENT_3D('',#1217,#1218,#1219);
#1217 = CARTESIAN_POINT('',(34.5,3.05,0.));
#1218 = DIRECTION('',(0.,0.,1.));
#1219 = DIRECTION('',(-0.4,-0.916515138991,0.));
#1220 = ORIENTED_EDGE('',*,*,#1221,.F.);
#1221 = EDGE_CURVE('',#1222,#1213,#1224,.T.);
#1222 = VERTEX_POINT('',#1223);
#1223 = CARTESIAN_POINT('',(32.66,3.416606055596,0.));
#1224 = LINE('',#1225,#1226);
#1225 = CARTESIAN_POINT('',(32.66,3.416606055596,0.));
#1226 = VECTOR('',#1227,1.);
#1227 = DIRECTION('',(0.916515138991,-0.4,0.));
#1228 = ORIENTED_EDGE('',*,*,#1229,.F.);
#1229 = EDGE_CURVE('',#1230,#1222,#1232,.T.);
#1230 = VERTEX_POINT('',#1231);
#1231 = CARTESIAN_POINT('',(32.248195053847,2.739203814224,0.));
#1232 = CIRCLE('',#1233,0.4);
#1233 = AXIS2_PLACEMENT_3D('',#1234,#1235,#1236);
#1234 = CARTESIAN_POINT('',(32.5,3.05,0.));
#1235 = DIRECTION('',(0.,0.,-1.));
#1236 = DIRECTION('',(-0.4,-0.916515138991,-0.));
#1237 = ORIENTED_EDGE('',*,*,#1238,.F.);
#1238 = EDGE_CURVE('',#1239,#1230,#1241,.T.);
#1239 = VERTEX_POINT('',#1240);
#1240 = CARTESIAN_POINT('',(34.751804946153,0.710796185776,0.));
#1241 = LINE('',#1242,#1243);
#1242 = CARTESIAN_POINT('',(34.751804946153,0.710796185776,0.));
#1243 = VECTOR('',#1244,1.);
#1244 = DIRECTION('',(-0.77699046444,0.629512365383,0.));
#1245 = ORIENTED_EDGE('',*,*,#1246,.F.);
#1246 = EDGE_CURVE('',#1247,#1239,#1249,.T.);
#1247 = VERTEX_POINT('',#1248);
#1248 = CARTESIAN_POINT('',(34.277444000752,6.763148885781E-02,0.));
#1249 = CIRCLE('',#1250,0.4);
#1250 = AXIS2_PLACEMENT_3D('',#1251,#1252,#1253);
#1251 = CARTESIAN_POINT('',(34.5,0.4,0.));
#1252 = DIRECTION('',(0.,0.,1.));
#1253 = DIRECTION('',(-0.556389998119,-0.830921277855,0.));
#1254 = ORIENTED_EDGE('',*,*,#1255,.F.);
#1255 = EDGE_CURVE('',#1256,#1247,#1258,.T.);
#1256 = VERTEX_POINT('',#1257);
#1257 = CARTESIAN_POINT('',(30.372555999248,2.682368511142,0.));
#1258 = LINE('',#1259,#1260);
#1259 = CARTESIAN_POINT('',(30.372555999248,2.682368511142,0.));
#1260 = VECTOR('',#1261,1.);
#1261 = DIRECTION('',(0.830921277855,-0.556389998119,0.));
#1262 = ORIENTED_EDGE('',*,*,#1263,.F.);
#1263 = EDGE_CURVE('',#1264,#1256,#1266,.T.);
#1264 = VERTEX_POINT('',#1265);
#1265 = CARTESIAN_POINT('',(29.793987403493,2.167640379666,0.));
#1266 = CIRCLE('',#1267,0.4);
#1267 = AXIS2_PLACEMENT_3D('',#1268,#1269,#1270);
#1268 = CARTESIAN_POINT('',(30.15,2.35,0.));
#1269 = DIRECTION('',(0.,0.,-1.));
#1270 = DIRECTION('',(-0.556389998119,-0.830921277855,-0.));
#1271 = ORIENTED_EDGE('',*,*,#1272,.F.);
#1272 = EDGE_CURVE('',#1273,#1264,#1275,.T.);
#1273 = VERTEX_POINT('',#1274);
#1274 = CARTESIAN_POINT('',(30.606012596507,0.582359620334,0.));
#1275 = LINE('',#1276,#1277);
#1276 = CARTESIAN_POINT('',(30.606012596507,0.582359620334,0.));
#1277 = VECTOR('',#1278,1.);
#1278 = DIRECTION('',(-0.455899050834,0.890031491268,0.));
#1279 = ORIENTED_EDGE('',*,*,#1280,.F.);
#1280 = EDGE_CURVE('',#1281,#1273,#1283,.T.);
#1281 = VERTEX_POINT('',#1282);
#1282 = CARTESIAN_POINT('',(29.906887148859,0.194394622196,0.));
#1283 = CIRCLE('',#1284,0.4);
#1284 = AXIS2_PLACEMENT_3D('',#1285,#1286,#1287);
#1285 = CARTESIAN_POINT('',(30.25,0.4,0.));
#1286 = DIRECTION('',(0.,0.,1.));
#1287 = DIRECTION('',(-0.857782127853,-0.51401344451,0.));
#1288 = ORIENTED_EDGE('',*,*,#1289,.F.);
#1289 = EDGE_CURVE('',#1290,#1281,#1292,.T.);
#1290 = VERTEX_POINT('',#1291);
#1291 = CARTESIAN_POINT('',(27.593112851141,4.055605377804,0.));
#1292 = LINE('',#1293,#1294);
#1293 = CARTESIAN_POINT('',(27.593112851141,4.055605377804,0.));
#1294 = VECTOR('',#1295,1.);
#1295 = DIRECTION('',(0.51401344451,-0.857782127853,0.));
#1296 = ORIENTED_EDGE('',*,*,#1297,.F.);
#1297 = EDGE_CURVE('',#1298,#1290,#1300,.T.);
#1298 = VERTEX_POINT('',#1299);
#1299 = CARTESIAN_POINT('',(26.851474402696,3.884312509285,0.));
#1300 = CIRCLE('',#1301,0.4);
#1301 = AXIS2_PLACEMENT_3D('',#1302,#1303,#1304);
#1302 = CARTESIAN_POINT('',(27.25,3.85,0.));
#1303 = DIRECTION('',(0.,0.,-1.));
#1304 = DIRECTION('',(-0.857782127853,-0.51401344451,-0.));
#1305 = ORIENTED_EDGE('',*,*,#1306,.F.);
#1306 = EDGE_CURVE('',#1307,#1298,#1309,.T.);
#1307 = VERTEX_POINT('',#1308);
#1308 = CARTESIAN_POINT('',(26.548525597304,0.365687490715,0.));
#1309 = LINE('',#1310,#1311);
#1310 = CARTESIAN_POINT('',(26.548525597304,0.365687490715,0.));
#1311 = VECTOR('',#1312,1.);
#1312 = DIRECTION('',(8.578127321339E-02,0.99631399326,0.));
#1313 = ORIENTED_EDGE('',*,*,#1314,.F.);
#1314 = EDGE_CURVE('',#1315,#1307,#1317,.T.);
#1315 = VERTEX_POINT('',#1316);
#1316 = CARTESIAN_POINT('',(25.750898373651,0.3732064962,0.));
#1317 = CIRCLE('',#1318,0.4);
#1318 = AXIS2_PLACEMENT_3D('',#1319,#1320,#1321);
#1319 = CARTESIAN_POINT('',(26.15,0.4,0.));
#1320 = DIRECTION('',(0.,0.,1.));
#1321 = DIRECTION('',(-0.997754065872,-6.698375950074E-02,0.));
#1322 = ORIENTED_EDGE('',*,*,#1323,.F.);
#1323 = EDGE_CURVE('',#849,#1315,#1324,.T.);
#1324 = LINE('',#1325,#1326);
#1325 = CARTESIAN_POINT('',(25.4,5.6,0.));
#1326 = VECTOR('',#1327,1.);
#1327 = DIRECTION('',(6.698375950074E-02,-0.997754065872,0.));
#1328 = ORIENTED_EDGE('',*,*,#848,.F.);
#1329 = PLANE('',#1330);
#1330 = AXIS2_PLACEMENT_3D('',#1331,#1332,#1333);
#1331 = CARTESIAN_POINT('',(17.45,6.35,0.));
#1332 = DIRECTION('',(0.,0.,-1.));
#1333 = DIRECTION('',(-1.,0.,0.));
#1334 = ADVANCED_FACE('',(#1335),#1659,.T.);
#1335 = FACE_BOUND('',#1336,.T.);
#1336 = EDGE_LOOP('',(#1337,#1338,#1339,#1347,#1356,#1364,#1373,#1381,
    #1390,#1398,#1407,#1415,#1424,#1432,#1441,#1449,#1458,#1466,#1475,
    #1484,#1492,#1500,#1508,#1517,#1526,#1534,#1543,#1551,#1560,#1568,
    #1577,#1585,#1594,#1602,#1611,#1619,#1628,#1636,#1645,#1653));
#1337 = ORIENTED_EDGE('',*,*,#921,.T.);
#1338 = ORIENTED_EDGE('',*,*,#871,.F.);
#1339 = ORIENTED_EDGE('',*,*,#1340,.F.);
#1340 = EDGE_CURVE('',#1341,#864,#1343,.T.);
#1341 = VERTEX_POINT('',#1342);
#1342 = CARTESIAN_POINT('',(9.149101626349,0.3732064962,0.));
#1343 = LINE('',#1344,#1345);
#1344 = CARTESIAN_POINT('',(9.149101626349,0.3732064962,0.));
#1345 = VECTOR('',#1346,1.);
#1346 = DIRECTION('',(6.698375950074E-02,0.997754065872,0.));
#1347 = ORIENTED_EDGE('',*,*,#1348,.F.);
#1348 = EDGE_CURVE('',#1349,#1341,#1351,.T.);
#1349 = VERTEX_POINT('',#1350);
#1350 = CARTESIAN_POINT('',(8.351474402696,0.365687490715,0.));
#1351 = CIRCLE('',#1352,0.4);
#1352 = AXIS2_PLACEMENT_3D('',#1353,#1354,#1355);
#1353 = CARTESIAN_POINT('',(8.75,0.4,0.));
#1354 = DIRECTION('',(0.,0.,1.));
#1355 = DIRECTION('',(-0.99631399326,-8.578127321337E-02,0.));
#1356 = ORIENTED_EDGE('',*,*,#1357,.F.);
#1357 = EDGE_CURVE('',#1358,#1349,#1360,.T.);
#1358 = VERTEX_POINT('',#1359);
#1359 = CARTESIAN_POINT('',(8.048525597304,3.884312509285,0.));
#1360 = LINE('',#1361,#1362);
#1361 = CARTESIAN_POINT('',(8.048525597304,3.884312509285,0.));
#1362 = VECTOR('',#1363,1.);
#1363 = DIRECTION('',(8.578127321337E-02,-0.99631399326,0.));
#1364 = ORIENTED_EDGE('',*,*,#1365,.F.);
#1365 = EDGE_CURVE('',#1366,#1358,#1368,.T.);
#1366 = VERTEX_POINT('',#1367);
#1367 = CARTESIAN_POINT('',(7.306887148859,4.055605377804,0.));
#1368 = CIRCLE('',#1369,0.4);
#1369 = AXIS2_PLACEMENT_3D('',#1370,#1371,#1372);
#1370 = CARTESIAN_POINT('',(7.65,3.85,0.));
#1371 = DIRECTION('',(0.,0.,-1.));
#1372 = DIRECTION('',(-0.99631399326,-8.578127321337E-02,-0.));
#1373 = ORIENTED_EDGE('',*,*,#1374,.F.);
#1374 = EDGE_CURVE('',#1375,#1366,#1377,.T.);
#1375 = VERTEX_POINT('',#1376);
#1376 = CARTESIAN_POINT('',(4.993112851141,0.194394622196,0.));
#1377 = LINE('',#1378,#1379);
#1378 = CARTESIAN_POINT('',(4.993112851141,0.194394622196,0.));
#1379 = VECTOR('',#1380,1.);
#1380 = DIRECTION('',(0.51401344451,0.857782127853,0.));
#1381 = ORIENTED_EDGE('',*,*,#1382,.F.);
#1382 = EDGE_CURVE('',#1383,#1375,#1385,.T.);
#1383 = VERTEX_POINT('',#1384);
#1384 = CARTESIAN_POINT('',(4.293987403493,0.582359620334,0.));
#1385 = CIRCLE('',#1386,0.4);
#1386 = AXIS2_PLACEMENT_3D('',#1387,#1388,#1389);
#1387 = CARTESIAN_POINT('',(4.65,0.4,0.));
#1388 = DIRECTION('',(0.,0.,1.));
#1389 = DIRECTION('',(-0.890031491268,0.455899050834,0.));
#1390 = ORIENTED_EDGE('',*,*,#1391,.F.);
#1391 = EDGE_CURVE('',#1392,#1383,#1394,.T.);
#1392 = VERTEX_POINT('',#1393);
#1393 = CARTESIAN_POINT('',(5.106012596507,2.167640379666,0.));
#1394 = LINE('',#1395,#1396);
#1395 = CARTESIAN_POINT('',(5.106012596507,2.167640379666,0.));
#1396 = VECTOR('',#1397,1.);
#1397 = DIRECTION('',(-0.455899050834,-0.890031491268,0.));
#1398 = ORIENTED_EDGE('',*,*,#1399,.F.);
#1399 = EDGE_CURVE('',#1400,#1392,#1402,.T.);
#1400 = VERTEX_POINT('',#1401);
#1401 = CARTESIAN_POINT('',(4.527444000752,2.682368511142,0.));
#1402 = CIRCLE('',#1403,0.4);
#1403 = AXIS2_PLACEMENT_3D('',#1404,#1405,#1406);
#1404 = CARTESIAN_POINT('',(4.75,2.35,0.));
#1405 = DIRECTION('',(0.,0.,-1.));
#1406 = DIRECTION('',(-0.890031491268,0.455899050834,0.));
#1407 = ORIENTED_EDGE('',*,*,#1408,.F.);
#1408 = EDGE_CURVE('',#1409,#1400,#1411,.T.);
#1409 = VERTEX_POINT('',#1410);
#1410 = CARTESIAN_POINT('',(0.622555999248,6.76314888578E-02,0.));
#1411 = LINE('',#1412,#1413);
#1412 = CARTESIAN_POINT('',(0.622555999248,6.76314888578E-02,0.));
#1413 = VECTOR('',#1414,1.);
#1414 = DIRECTION('',(0.830921277855,0.556389998119,0.));
#1415 = ORIENTED_EDGE('',*,*,#1416,.F.);
#1416 = EDGE_CURVE('',#1417,#1409,#1419,.T.);
#1417 = VERTEX_POINT('',#1418);
#1418 = CARTESIAN_POINT('',(0.148195053847,0.710796185776,0.));
#1419 = CIRCLE('',#1420,0.4);
#1420 = AXIS2_PLACEMENT_3D('',#1421,#1422,#1423);
#1421 = CARTESIAN_POINT('',(0.4,0.4,0.));
#1422 = DIRECTION('',(0.,0.,1.));
#1423 = DIRECTION('',(-0.629512365383,0.77699046444,0.));
#1424 = ORIENTED_EDGE('',*,*,#1425,.F.);
#1425 = EDGE_CURVE('',#1426,#1417,#1428,.T.);
#1426 = VERTEX_POINT('',#1427);
#1427 = CARTESIAN_POINT('',(2.651804946153,2.739203814224,0.));
#1428 = LINE('',#1429,#1430);
#1429 = CARTESIAN_POINT('',(2.651804946153,2.739203814224,0.));
#1430 = VECTOR('',#1431,1.);
#1431 = DIRECTION('',(-0.77699046444,-0.629512365383,0.));
#1432 = ORIENTED_EDGE('',*,*,#1433,.F.);
#1433 = EDGE_CURVE('',#1434,#1426,#1436,.T.);
#1434 = VERTEX_POINT('',#1435);
#1435 = CARTESIAN_POINT('',(2.24,3.416606055596,0.));
#1436 = CIRCLE('',#1437,0.4);
#1437 = AXIS2_PLACEMENT_3D('',#1438,#1439,#1440);
#1438 = CARTESIAN_POINT('',(2.4,3.05,0.));
#1439 = DIRECTION('',(0.,0.,-1.));
#1440 = DIRECTION('',(-0.629512365383,0.77699046444,0.));
#1441 = ORIENTED_EDGE('',*,*,#1442,.F.);
#1442 = EDGE_CURVE('',#1443,#1434,#1445,.T.);
#1443 = VERTEX_POINT('',#1444);
#1444 = CARTESIAN_POINT('',(0.56,2.683393944404,0.));
#1445 = LINE('',#1446,#1447);
#1446 = CARTESIAN_POINT('',(0.56,2.683393944404,0.));
#1447 = VECTOR('',#1448,1.);
#1448 = DIRECTION('',(0.916515138991,0.4,0.));
#1449 = ORIENTED_EDGE('',*,*,#1450,.F.);
#1450 = EDGE_CURVE('',#1451,#1443,#1453,.T.);
#1451 = VERTEX_POINT('',#1452);
#1452 = CARTESIAN_POINT('',(0.189473934181,3.390115826758,0.));
#1453 = CIRCLE('',#1454,0.4);
#1454 = AXIS2_PLACEMENT_3D('',#1455,#1456,#1457);
#1455 = CARTESIAN_POINT('',(0.4,3.05,0.));
#1456 = DIRECTION('',(0.,0.,1.));
#1457 = DIRECTION('',(-0.526315164546,0.850289566894,0.));
#1458 = ORIENTED_EDGE('',*,*,#1459,.F.);
#1459 = EDGE_CURVE('',#1460,#1451,#1462,.T.);
#1460 = VERTEX_POINT('',#1461);
#1461 = CARTESIAN_POINT('',(3.719408481465,5.575086870068,0.));
#1462 = LINE('',#1463,#1464);
#1463 = CARTESIAN_POINT('',(3.719408481465,5.575086870068,0.));
#1464 = VECTOR('',#1465,1.);
#1465 = DIRECTION('',(-0.850289566894,-0.526315164546,0.));
#1466 = ORIENTED_EDGE('',*,*,#1467,.F.);
#1467 = EDGE_CURVE('',#1468,#1460,#1470,.T.);
#1468 = VERTEX_POINT('',#1469);
#1469 = CARTESIAN_POINT('',(4.071235690645,5.548888888889,0.));
#1470 = CIRCLE('',#1471,0.3);
#1471 = AXIS2_PLACEMENT_3D('',#1472,#1473,#1474);
#1472 = CARTESIAN_POINT('',(3.877303030829,5.32,0.));
#1473 = DIRECTION('',(0.,0.,1.));
#1474 = DIRECTION('',(0.646442199386,0.762962962963,-0.));
#1475 = ORIENTED_EDGE('',*,*,#1476,.F.);
#1476 = EDGE_CURVE('',#1477,#1468,#1479,.T.);
#1477 = VERTEX_POINT('',#1478);
#1478 = CARTESIAN_POINT('',(5.504718490565,5.62,0.));
#1479 = CIRCLE('',#1480,1.05);
#1480 = AXIS2_PLACEMENT_3D('',#1481,#1482,#1483);
#1481 = CARTESIAN_POINT('',(4.75,6.35,0.));
#1482 = DIRECTION('',(0.,0.,-1.));
#1483 = DIRECTION('',(0.646442199386,0.762962962963,0.));
#1484 = ORIENTED_EDGE('',*,*,#1485,.F.);
#1485 = EDGE_CURVE('',#1486,#1477,#1488,.T.);
#1486 = VERTEX_POINT('',#1487);
#1487 = CARTESIAN_POINT('',(5.95,5.62,0.));
#1488 = LINE('',#1489,#1490);
#1489 = CARTESIAN_POINT('',(5.95,5.62,0.));
#1490 = VECTOR('',#1491,1.);
#1491 = DIRECTION('',(-1.,0.,0.));
#1492 = ORIENTED_EDGE('',*,*,#1493,.F.);
#1493 = EDGE_CURVE('',#1494,#1486,#1496,.T.);
#1494 = VERTEX_POINT('',#1495);
#1495 = CARTESIAN_POINT('',(5.95,7.08,0.));
#1496 = LINE('',#1497,#1498);
#1497 = CARTESIAN_POINT('',(5.95,7.08,0.));
#1498 = VECTOR('',#1499,1.);
#1499 = DIRECTION('',(0.,-1.,0.));
#1500 = ORIENTED_EDGE('',*,*,#1501,.F.);
#1501 = EDGE_CURVE('',#1502,#1494,#1504,.T.);
#1502 = VERTEX_POINT('',#1503);
#1503 = CARTESIAN_POINT('',(5.504718490565,7.08,0.));
#1504 = LINE('',#1505,#1506);
#1505 = CARTESIAN_POINT('',(5.504718490565,7.08,0.));
#1506 = VECTOR('',#1507,1.);
#1507 = DIRECTION('',(1.,0.,0.));
#1508 = ORIENTED_EDGE('',*,*,#1509,.F.);
#1509 = EDGE_CURVE('',#1510,#1502,#1512,.T.);
#1510 = VERTEX_POINT('',#1511);
#1511 = CARTESIAN_POINT('',(4.071235690645,7.151111111111,0.));
#1512 = CIRCLE('',#1513,1.05);
#1513 = AXIS2_PLACEMENT_3D('',#1514,#1515,#1516);
#1514 = CARTESIAN_POINT('',(4.75,6.35,0.));
#1515 = DIRECTION('',(0.,0.,-1.));
#1516 = DIRECTION('',(-0.718779514823,-0.695238095238,-0.));
#1517 = ORIENTED_EDGE('',*,*,#1518,.F.);
#1518 = EDGE_CURVE('',#1519,#1510,#1521,.T.);
#1519 = VERTEX_POINT('',#1520);
#1520 = CARTESIAN_POINT('',(3.719408481465,7.124913129932,0.));
#1521 = CIRCLE('',#1522,0.3);
#1522 = AXIS2_PLACEMENT_3D('',#1523,#1524,#1525);
#1523 = CARTESIAN_POINT('',(3.877303030829,7.38,0.));
#1524 = DIRECTION('',(0.,0.,1.));
#1525 = DIRECTION('',(-0.526315164546,-0.850289566894,0.));
#1526 = ORIENTED_EDGE('',*,*,#1527,.F.);
#1527 = EDGE_CURVE('',#1528,#1519,#1530,.T.);
#1528 = VERTEX_POINT('',#1529);
#1529 = CARTESIAN_POINT('',(0.189473934181,9.309884173242,0.));
#1530 = LINE('',#1531,#1532);
#1531 = CARTESIAN_POINT('',(0.189473934181,9.309884173242,0.));
#1532 = VECTOR('',#1533,1.);
#1533 = DIRECTION('',(0.850289566894,-0.526315164546,0.));
#1534 = ORIENTED_EDGE('',*,*,#1535,.F.);
#1535 = EDGE_CURVE('',#1536,#1528,#1538,.T.);
#1536 = VERTEX_POINT('',#1537);
#1537 = CARTESIAN_POINT('',(0.56,10.016606055597,0.));
#1538 = CIRCLE('',#1539,0.4);
#1539 = AXIS2_PLACEMENT_3D('',#1540,#1541,#1542);
#1540 = CARTESIAN_POINT('',(0.4,9.65,0.));
#1541 = DIRECTION('',(0.,0.,1.));
#1542 = DIRECTION('',(0.4,0.916515138991,-0.));
#1543 = ORIENTED_EDGE('',*,*,#1544,.F.);
#1544 = EDGE_CURVE('',#1545,#1536,#1547,.T.);
#1545 = VERTEX_POINT('',#1546);
#1546 = CARTESIAN_POINT('',(2.24,9.283393944404,0.));
#1547 = LINE('',#1548,#1549);
#1548 = CARTESIAN_POINT('',(2.24,9.283393944404,0.));
#1549 = VECTOR('',#1550,1.);
#1550 = DIRECTION('',(-0.916515138991,0.4,0.));
#1551 = ORIENTED_EDGE('',*,*,#1552,.F.);
#1552 = EDGE_CURVE('',#1553,#1545,#1555,.T.);
#1553 = VERTEX_POINT('',#1554);
#1554 = CARTESIAN_POINT('',(2.651804946153,9.960796185776,0.));
#1555 = CIRCLE('',#1556,0.4);
#1556 = AXIS2_PLACEMENT_3D('',#1557,#1558,#1559);
#1557 = CARTESIAN_POINT('',(2.4,9.65,0.));
#1558 = DIRECTION('',(0.,0.,-1.));
#1559 = DIRECTION('',(0.4,0.916515138991,0.));
#1560 = ORIENTED_EDGE('',*,*,#1561,.F.);
#1561 = EDGE_CURVE('',#1562,#1553,#1564,.T.);
#1562 = VERTEX_POINT('',#1563);
#1563 = CARTESIAN_POINT('',(0.148195053847,11.989203814224,0.));
#1564 = LINE('',#1565,#1566);
#1565 = CARTESIAN_POINT('',(0.148195053847,11.989203814224,0.));
#1566 = VECTOR('',#1567,1.);
#1567 = DIRECTION('',(0.77699046444,-0.629512365383,0.));
#1568 = ORIENTED_EDGE('',*,*,#1569,.F.);
#1569 = EDGE_CURVE('',#1570,#1562,#1572,.T.);
#1570 = VERTEX_POINT('',#1571);
#1571 = CARTESIAN_POINT('',(0.622555999248,12.632368511142,0.));
#1572 = CIRCLE('',#1573,0.4);
#1573 = AXIS2_PLACEMENT_3D('',#1574,#1575,#1576);
#1574 = CARTESIAN_POINT('',(0.4,12.3,0.));
#1575 = DIRECTION('',(0.,0.,1.));
#1576 = DIRECTION('',(0.556389998119,0.830921277855,-0.));
#1577 = ORIENTED_EDGE('',*,*,#1578,.F.);
#1578 = EDGE_CURVE('',#1579,#1570,#1581,.T.);
#1579 = VERTEX_POINT('',#1580);
#1580 = CARTESIAN_POINT('',(4.527444000752,10.017631488858,0.));
#1581 = LINE('',#1582,#1583);
#1582 = CARTESIAN_POINT('',(4.527444000752,10.017631488858,0.));
#1583 = VECTOR('',#1584,1.);
#1584 = DIRECTION('',(-0.830921277855,0.556389998119,0.));
#1585 = ORIENTED_EDGE('',*,*,#1586,.F.);
#1586 = EDGE_CURVE('',#1587,#1579,#1589,.T.);
#1587 = VERTEX_POINT('',#1588);
#1588 = CARTESIAN_POINT('',(5.106012596507,10.532359620334,0.));
#1589 = CIRCLE('',#1590,0.4);
#1590 = AXIS2_PLACEMENT_3D('',#1591,#1592,#1593);
#1591 = CARTESIAN_POINT('',(4.75,10.35,0.));
#1592 = DIRECTION('',(0.,0.,-1.));
#1593 = DIRECTION('',(0.556389998119,0.830921277855,0.));
#1594 = ORIENTED_EDGE('',*,*,#1595,.F.);
#1595 = EDGE_CURVE('',#1596,#1587,#1598,.T.);
#1596 = VERTEX_POINT('',#1597);
#1597 = CARTESIAN_POINT('',(4.293987403493,12.117640379666,0.));
#1598 = LINE('',#1599,#1600);
#1599 = CARTESIAN_POINT('',(4.293987403493,12.117640379666,0.));
#1600 = VECTOR('',#1601,1.);
#1601 = DIRECTION('',(0.455899050834,-0.890031491268,0.));
#1602 = ORIENTED_EDGE('',*,*,#1603,.F.);
#1603 = EDGE_CURVE('',#1604,#1596,#1606,.T.);
#1604 = VERTEX_POINT('',#1605);
#1605 = CARTESIAN_POINT('',(4.993112851141,12.505605377804,0.));
#1606 = CIRCLE('',#1607,0.4);
#1607 = AXIS2_PLACEMENT_3D('',#1608,#1609,#1610);
#1608 = CARTESIAN_POINT('',(4.65,12.3,0.));
#1609 = DIRECTION('',(0.,0.,1.));
#1610 = DIRECTION('',(0.857782127853,0.51401344451,-0.));
#1611 = ORIENTED_EDGE('',*,*,#1612,.F.);
#1612 = EDGE_CURVE('',#1613,#1604,#1615,.T.);
#1613 = VERTEX_POINT('',#1614);
#1614 = CARTESIAN_POINT('',(7.306887148859,8.644394622196,0.));
#1615 = LINE('',#1616,#1617);
#1616 = CARTESIAN_POINT('',(7.306887148859,8.644394622196,0.));
#1617 = VECTOR('',#1618,1.);
#1618 = DIRECTION('',(-0.51401344451,0.857782127853,0.));
#1619 = ORIENTED_EDGE('',*,*,#1620,.F.);
#1620 = EDGE_CURVE('',#1621,#1613,#1623,.T.);
#1621 = VERTEX_POINT('',#1622);
#1622 = CARTESIAN_POINT('',(8.048525597304,8.815687490715,0.));
#1623 = CIRCLE('',#1624,0.4);
#1624 = AXIS2_PLACEMENT_3D('',#1625,#1626,#1627);
#1625 = CARTESIAN_POINT('',(7.65,8.85,0.));
#1626 = DIRECTION('',(0.,0.,-1.));
#1627 = DIRECTION('',(0.857782127853,0.51401344451,0.));
#1628 = ORIENTED_EDGE('',*,*,#1629,.F.);
#1629 = EDGE_CURVE('',#1630,#1621,#1632,.T.);
#1630 = VERTEX_POINT('',#1631);
#1631 = CARTESIAN_POINT('',(8.351474402696,12.334312509285,0.));
#1632 = LINE('',#1633,#1634);
#1633 = CARTESIAN_POINT('',(8.351474402696,12.334312509285,0.));
#1634 = VECTOR('',#1635,1.);
#1635 = DIRECTION('',(-8.578127321336E-02,-0.99631399326,0.));
#1636 = ORIENTED_EDGE('',*,*,#1637,.F.);
#1637 = EDGE_CURVE('',#1638,#1630,#1640,.T.);
#1638 = VERTEX_POINT('',#1639);
#1639 = CARTESIAN_POINT('',(9.149101626349,12.3267935038,0.));
#1640 = CIRCLE('',#1641,0.4);
#1641 = AXIS2_PLACEMENT_3D('',#1642,#1643,#1644);
#1642 = CARTESIAN_POINT('',(8.75,12.3,0.));
#1643 = DIRECTION('',(0.,0.,1.));
#1644 = DIRECTION('',(0.997754065872,6.698375950074E-02,-0.));
#1645 = ORIENTED_EDGE('',*,*,#1646,.F.);
#1646 = EDGE_CURVE('',#1647,#1638,#1649,.T.);
#1647 = VERTEX_POINT('',#1648);
#1648 = CARTESIAN_POINT('',(9.5,7.100000000003,0.));
#1649 = LINE('',#1650,#1651);
#1650 = CARTESIAN_POINT('',(9.5,7.100000000003,0.));
#1651 = VECTOR('',#1652,1.);
#1652 = DIRECTION('',(-6.698375950074E-02,0.997754065872,0.));
#1653 = ORIENTED_EDGE('',*,*,#1654,.F.);
#1654 = EDGE_CURVE('',#922,#1647,#1655,.T.);
#1655 = LINE('',#1656,#1657);
#1656 = CARTESIAN_POINT('',(12.05,7.100000000003,0.));
#1657 = VECTOR('',#1658,1.);
#1658 = DIRECTION('',(-1.,0.,0.));
#1659 = PLANE('',#1660);
#1660 = AXIS2_PLACEMENT_3D('',#1661,#1662,#1663);
#1661 = CARTESIAN_POINT('',(17.45,6.35,0.));
#1662 = DIRECTION('',(0.,0.,-1.));
#1663 = DIRECTION('',(-1.,0.,0.));
#1664 = ADVANCED_FACE('',(#1665),#1668,.T.);
#1665 = FACE_BOUND('',#1666,.T.);
#1666 = EDGE_LOOP('',(#1667));
#1667 = ORIENTED_EDGE('',*,*,#63,.F.);
#1668 = PLANE('',#1669);
#1669 = AXIS2_PLACEMENT_3D('',#1670,#1671,#1672);
#1670 = CARTESIAN_POINT('',(17.45,5.1,18.3));
#1671 = DIRECTION('',(0.,-1.,0.));
#1672 = DIRECTION('',(0.,0.,-1.));
#1673 = ADVANCED_FACE('',(#1674),#1690,.T.);
#1674 = FACE_BOUND('',#1675,.T.);
#1675 = EDGE_LOOP('',(#1676,#1682,#1683,#1689));
#1676 = ORIENTED_EDGE('',*,*,#1677,.F.);
#1677 = EDGE_CURVE('',#1630,#80,#1678,.T.);
#1678 = LINE('',#1679,#1680);
#1679 = CARTESIAN_POINT('',(8.351474402696,12.334312509285,0.));
#1680 = VECTOR('',#1681,1.);
#1681 = DIRECTION('',(0.,0.,1.));
#1682 = ORIENTED_EDGE('',*,*,#1629,.T.);
#1683 = ORIENTED_EDGE('',*,*,#1684,.T.);
#1684 = EDGE_CURVE('',#1621,#91,#1685,.T.);
#1685 = LINE('',#1686,#1687);
#1686 = CARTESIAN_POINT('',(8.048525597304,8.815687490715,0.));
#1687 = VECTOR('',#1688,1.);
#1688 = DIRECTION('',(0.,0.,1.));
#1689 = ORIENTED_EDGE('',*,*,#90,.T.);
#1690 = PLANE('',#1691);
#1691 = AXIS2_PLACEMENT_3D('',#1692,#1693,#1694);
#1692 = CARTESIAN_POINT('',(8.348529094563,12.300103974054,0.));
#1693 = DIRECTION('',(-0.99631399326,8.578127321337E-02,0.));
#1694 = DIRECTION('',(0.,0.,1.));
#1695 = ADVANCED_FACE('',(#1696),#1707,.T.);
#1696 = FACE_BOUND('',#1697,.T.);
#1697 = EDGE_LOOP('',(#1698,#1704,#1705,#1706));
#1698 = ORIENTED_EDGE('',*,*,#1699,.F.);
#1699 = EDGE_CURVE('',#1638,#82,#1700,.T.);
#1700 = LINE('',#1701,#1702);
#1701 = CARTESIAN_POINT('',(9.149101626349,12.3267935038,0.));
#1702 = VECTOR('',#1703,1.);
#1703 = DIRECTION('',(0.,0.,1.));
#1704 = ORIENTED_EDGE('',*,*,#1637,.T.);
#1705 = ORIENTED_EDGE('',*,*,#1677,.T.);
#1706 = ORIENTED_EDGE('',*,*,#79,.T.);
#1707 = CYLINDRICAL_SURFACE('',#1708,0.4);
#1708 = AXIS2_PLACEMENT_3D('',#1709,#1710,#1711);
#1709 = CARTESIAN_POINT('',(8.75,12.3,0.));
#1710 = DIRECTION('',(0.,0.,1.));
#1711 = DIRECTION('',(0.997754065872,6.698375950074E-02,-0.));
#1712 = ADVANCED_FACE('',(#1713),#1724,.T.);
#1713 = FACE_BOUND('',#1714,.T.);
#1714 = EDGE_LOOP('',(#1715,#1721,#1722,#1723));
#1715 = ORIENTED_EDGE('',*,*,#1716,.F.);
#1716 = EDGE_CURVE('',#1647,#710,#1717,.T.);
#1717 = LINE('',#1718,#1719);
#1718 = CARTESIAN_POINT('',(9.5,7.100000000003,0.));
#1719 = VECTOR('',#1720,1.);
#1720 = DIRECTION('',(0.,0.,1.));
#1721 = ORIENTED_EDGE('',*,*,#1646,.T.);
#1722 = ORIENTED_EDGE('',*,*,#1699,.T.);
#1723 = ORIENTED_EDGE('',*,*,#717,.T.);
#1724 = PLANE('',#1725);
#1725 = AXIS2_PLACEMENT_3D('',#1726,#1727,#1728);
#1726 = CARTESIAN_POINT('',(9.149101626349,12.3267935038,0.));
#1727 = DIRECTION('',(0.997754065872,6.698375950074E-02,0.));
#1728 = DIRECTION('',(0.,0.,-1.));
#1729 = ADVANCED_FACE('',(#1730),#1749,.T.);
#1730 = FACE_BOUND('',#1731,.T.);
#1731 = EDGE_LOOP('',(#1732,#1733,#1734,#1735,#1736,#1737,#1738,#1739,
    #1740,#1741,#1747,#1748));
#1732 = ORIENTED_EDGE('',*,*,#750,.T.);
#1733 = ORIENTED_EDGE('',*,*,#977,.T.);
#1734 = ORIENTED_EDGE('',*,*,#991,.T.);
#1735 = ORIENTED_EDGE('',*,*,#944,.T.);
#1736 = ORIENTED_EDGE('',*,*,#773,.T.);
#1737 = ORIENTED_EDGE('',*,*,#929,.T.);
#1738 = ORIENTED_EDGE('',*,*,#1654,.T.);
#1739 = ORIENTED_EDGE('',*,*,#1716,.T.);
#1740 = ORIENTED_EDGE('',*,*,#709,.T.);
#1741 = ORIENTED_EDGE('',*,*,#1742,.F.);
#1742 = EDGE_CURVE('',#1010,#702,#1743,.T.);
#1743 = LINE('',#1744,#1745);
#1744 = CARTESIAN_POINT('',(25.4,7.100000000003,0.));
#1745 = VECTOR('',#1746,1.);
#1746 = DIRECTION('',(0.,0.,1.));
#1747 = ORIENTED_EDGE('',*,*,#1009,.T.);
#1748 = ORIENTED_EDGE('',*,*,#816,.T.);
#1749 = PLANE('',#1750);
#1750 = AXIS2_PLACEMENT_3D('',#1751,#1752,#1753);
#1751 = CARTESIAN_POINT('',(9.5,7.100000000003,0.));
#1752 = DIRECTION('',(0.,1.,0.));
#1753 = DIRECTION('',(0.,-0.,1.));
#1754 = ADVANCED_FACE('',(#1755),#1766,.T.);
#1755 = FACE_BOUND('',#1756,.T.);
#1756 = EDGE_LOOP('',(#1757,#1763,#1764,#1765));
#1757 = ORIENTED_EDGE('',*,*,#1758,.F.);
#1758 = EDGE_CURVE('',#1018,#693,#1759,.T.);
#1759 = LINE('',#1760,#1761);
#1760 = CARTESIAN_POINT('',(25.750898373651,12.3267935038,0.));
#1761 = VECTOR('',#1762,1.);
#1762 = DIRECTION('',(0.,0.,1.));
#1763 = ORIENTED_EDGE('',*,*,#1017,.T.);
#1764 = ORIENTED_EDGE('',*,*,#1742,.T.);
#1765 = ORIENTED_EDGE('',*,*,#701,.T.);
#1766 = PLANE('',#1767);
#1767 = AXIS2_PLACEMENT_3D('',#1768,#1769,#1770);
#1768 = CARTESIAN_POINT('',(25.4,7.100000000003,0.));
#1769 = DIRECTION('',(-0.997754065872,6.698375950074E-02,0.));
#1770 = DIRECTION('',(0.,0.,1.));
#1771 = ADVANCED_FACE('',(#1772),#1783,.T.);
#1772 = FACE_BOUND('',#1773,.T.);
#1773 = EDGE_LOOP('',(#1774,#1780,#1781,#1782));
#1774 = ORIENTED_EDGE('',*,*,#1775,.F.);
#1775 = EDGE_CURVE('',#1026,#685,#1776,.T.);
#1776 = LINE('',#1777,#1778);
#1777 = CARTESIAN_POINT('',(26.548525597304,12.334312509285,0.));
#1778 = VECTOR('',#1779,1.);
#1779 = DIRECTION('',(0.,0.,1.));
#1780 = ORIENTED_EDGE('',*,*,#1025,.T.);
#1781 = ORIENTED_EDGE('',*,*,#1758,.T.);
#1782 = ORIENTED_EDGE('',*,*,#692,.T.);
#1783 = CYLINDRICAL_SURFACE('',#1784,0.4);
#1784 = AXIS2_PLACEMENT_3D('',#1785,#1786,#1787);
#1785 = CARTESIAN_POINT('',(26.15,12.3,0.));
#1786 = DIRECTION('',(0.,0.,1.));
#1787 = DIRECTION('',(0.99631399326,8.578127321336E-02,-0.));
#1788 = ADVANCED_FACE('',(#1789),#1800,.T.);
#1789 = FACE_BOUND('',#1790,.T.);
#1790 = EDGE_LOOP('',(#1791,#1797,#1798,#1799));
#1791 = ORIENTED_EDGE('',*,*,#1792,.F.);
#1792 = EDGE_CURVE('',#1035,#676,#1793,.T.);
#1793 = LINE('',#1794,#1795);
#1794 = CARTESIAN_POINT('',(26.851474402696,8.815687490715,0.));
#1795 = VECTOR('',#1796,1.);
#1796 = DIRECTION('',(0.,0.,1.));
#1797 = ORIENTED_EDGE('',*,*,#1034,.T.);
#1798 = ORIENTED_EDGE('',*,*,#1775,.T.);
#1799 = ORIENTED_EDGE('',*,*,#684,.T.);
#1800 = PLANE('',#1801);
#1801 = AXIS2_PLACEMENT_3D('',#1802,#1803,#1804);
#1802 = CARTESIAN_POINT('',(26.548525597304,12.334312509285,0.));
#1803 = DIRECTION('',(0.99631399326,8.578127321337E-02,0.));
#1804 = DIRECTION('',(0.,0.,-1.));
#1805 = ADVANCED_FACE('',(#1806),#1817,.F.);
#1806 = FACE_BOUND('',#1807,.F.);
#1807 = EDGE_LOOP('',(#1808,#1809,#1810,#1811));
#1808 = ORIENTED_EDGE('',*,*,#675,.F.);
#1809 = ORIENTED_EDGE('',*,*,#1792,.F.);
#1810 = ORIENTED_EDGE('',*,*,#1042,.F.);
#1811 = ORIENTED_EDGE('',*,*,#1812,.T.);
#1812 = EDGE_CURVE('',#1043,#668,#1813,.T.);
#1813 = LINE('',#1814,#1815);
#1814 = CARTESIAN_POINT('',(27.593112851141,8.644394622196,0.));
#1815 = VECTOR('',#1816,1.);
#1816 = DIRECTION('',(0.,0.,1.));
#1817 = CYLINDRICAL_SURFACE('',#1818,0.4);
#1818 = AXIS2_PLACEMENT_3D('',#1819,#1820,#1821);
#1819 = CARTESIAN_POINT('',(27.25,8.85,19.05));
#1820 = DIRECTION('',(0.,0.,1.));
#1821 = DIRECTION('',(0.99631399326,8.578127321338E-02,-0.));
#1822 = ADVANCED_FACE('',(#1823),#1834,.T.);
#1823 = FACE_BOUND('',#1824,.T.);
#1824 = EDGE_LOOP('',(#1825,#1831,#1832,#1833));
#1825 = ORIENTED_EDGE('',*,*,#1826,.F.);
#1826 = EDGE_CURVE('',#1052,#659,#1827,.T.);
#1827 = LINE('',#1828,#1829);
#1828 = CARTESIAN_POINT('',(29.906887148859,12.505605377804,0.));
#1829 = VECTOR('',#1830,1.);
#1830 = DIRECTION('',(0.,0.,1.));
#1831 = ORIENTED_EDGE('',*,*,#1051,.T.);
#1832 = ORIENTED_EDGE('',*,*,#1812,.T.);
#1833 = ORIENTED_EDGE('',*,*,#667,.T.);
#1834 = PLANE('',#1835);
#1835 = AXIS2_PLACEMENT_3D('',#1836,#1837,#1838);
#1836 = CARTESIAN_POINT('',(27.593112851141,8.644394622196,0.));
#1837 = DIRECTION('',(-0.857782127853,0.51401344451,0.));
#1838 = DIRECTION('',(0.,0.,1.));
#1839 = ADVANCED_FACE('',(#1840),#1851,.T.);
#1840 = FACE_BOUND('',#1841,.T.);
#1841 = EDGE_LOOP('',(#1842,#1848,#1849,#1850));
#1842 = ORIENTED_EDGE('',*,*,#1843,.F.);
#1843 = EDGE_CURVE('',#1060,#651,#1844,.T.);
#1844 = LINE('',#1845,#1846);
#1845 = CARTESIAN_POINT('',(30.606012596507,12.117640379666,0.));
#1846 = VECTOR('',#1847,1.);
#1847 = DIRECTION('',(0.,0.,1.));
#1848 = ORIENTED_EDGE('',*,*,#1059,.T.);
#1849 = ORIENTED_EDGE('',*,*,#1826,.T.);
#1850 = ORIENTED_EDGE('',*,*,#658,.T.);
#1851 = CYLINDRICAL_SURFACE('',#1852,0.4);
#1852 = AXIS2_PLACEMENT_3D('',#1853,#1854,#1855);
#1853 = CARTESIAN_POINT('',(30.25,12.3,0.));
#1854 = DIRECTION('',(0.,0.,1.));
#1855 = DIRECTION('',(0.890031491268,-0.455899050834,0.));
#1856 = ADVANCED_FACE('',(#1857),#1868,.T.);
#1857 = FACE_BOUND('',#1858,.T.);
#1858 = EDGE_LOOP('',(#1859,#1865,#1866,#1867));
#1859 = ORIENTED_EDGE('',*,*,#1860,.F.);
#1860 = EDGE_CURVE('',#1069,#642,#1861,.T.);
#1861 = LINE('',#1862,#1863);
#1862 = CARTESIAN_POINT('',(29.793987403493,10.532359620334,0.));
#1863 = VECTOR('',#1864,1.);
#1864 = DIRECTION('',(0.,0.,1.));
#1865 = ORIENTED_EDGE('',*,*,#1068,.T.);
#1866 = ORIENTED_EDGE('',*,*,#1843,.T.);
#1867 = ORIENTED_EDGE('',*,*,#650,.T.);
#1868 = PLANE('',#1869);
#1869 = AXIS2_PLACEMENT_3D('',#1870,#1871,#1872);
#1870 = CARTESIAN_POINT('',(30.606012596507,12.117640379666,0.));
#1871 = DIRECTION('',(0.890031491268,-0.455899050834,0.));
#1872 = DIRECTION('',(0.,0.,-1.));
#1873 = ADVANCED_FACE('',(#1874),#1885,.F.);
#1874 = FACE_BOUND('',#1875,.F.);
#1875 = EDGE_LOOP('',(#1876,#1877,#1878,#1879));
#1876 = ORIENTED_EDGE('',*,*,#641,.F.);
#1877 = ORIENTED_EDGE('',*,*,#1860,.F.);
#1878 = ORIENTED_EDGE('',*,*,#1076,.F.);
#1879 = ORIENTED_EDGE('',*,*,#1880,.T.);
#1880 = EDGE_CURVE('',#1077,#634,#1881,.T.);
#1881 = LINE('',#1882,#1883);
#1882 = CARTESIAN_POINT('',(30.372555999248,10.017631488858,0.));
#1883 = VECTOR('',#1884,1.);
#1884 = DIRECTION('',(0.,0.,1.));
#1885 = CYLINDRICAL_SURFACE('',#1886,0.4);
#1886 = AXIS2_PLACEMENT_3D('',#1887,#1888,#1889);
#1887 = CARTESIAN_POINT('',(30.15,10.35,19.05));
#1888 = DIRECTION('',(0.,0.,1.));
#1889 = DIRECTION('',(0.890031491268,-0.455899050834,0.));
#1890 = ADVANCED_FACE('',(#1891),#1902,.T.);
#1891 = FACE_BOUND('',#1892,.T.);
#1892 = EDGE_LOOP('',(#1893,#1899,#1900,#1901));
#1893 = ORIENTED_EDGE('',*,*,#1894,.F.);
#1894 = EDGE_CURVE('',#1086,#625,#1895,.T.);
#1895 = LINE('',#1896,#1897);
#1896 = CARTESIAN_POINT('',(34.277444000752,12.632368511142,0.));
#1897 = VECTOR('',#1898,1.);
#1898 = DIRECTION('',(0.,0.,1.));
#1899 = ORIENTED_EDGE('',*,*,#1085,.T.);
#1900 = ORIENTED_EDGE('',*,*,#1880,.T.);
#1901 = ORIENTED_EDGE('',*,*,#633,.T.);
#1902 = PLANE('',#1903);
#1903 = AXIS2_PLACEMENT_3D('',#1904,#1905,#1906);
#1904 = CARTESIAN_POINT('',(30.372555999248,10.017631488858,0.));
#1905 = DIRECTION('',(-0.556389998119,0.830921277855,0.));
#1906 = DIRECTION('',(0.,0.,1.));
#1907 = ADVANCED_FACE('',(#1908),#1919,.T.);
#1908 = FACE_BOUND('',#1909,.T.);
#1909 = EDGE_LOOP('',(#1910,#1916,#1917,#1918));
#1910 = ORIENTED_EDGE('',*,*,#1911,.F.);
#1911 = EDGE_CURVE('',#1094,#617,#1912,.T.);
#1912 = LINE('',#1913,#1914);
#1913 = CARTESIAN_POINT('',(34.751804946153,11.989203814224,0.));
#1914 = VECTOR('',#1915,1.);
#1915 = DIRECTION('',(0.,0.,1.));
#1916 = ORIENTED_EDGE('',*,*,#1093,.T.);
#1917 = ORIENTED_EDGE('',*,*,#1894,.T.);
#1918 = ORIENTED_EDGE('',*,*,#624,.T.);
#1919 = CYLINDRICAL_SURFACE('',#1920,0.4);
#1920 = AXIS2_PLACEMENT_3D('',#1921,#1922,#1923);
#1921 = CARTESIAN_POINT('',(34.5,12.3,0.));
#1922 = DIRECTION('',(0.,0.,1.));
#1923 = DIRECTION('',(0.629512365383,-0.77699046444,0.));
#1924 = ADVANCED_FACE('',(#1925),#1936,.T.);
#1925 = FACE_BOUND('',#1926,.T.);
#1926 = EDGE_LOOP('',(#1927,#1933,#1934,#1935));
#1927 = ORIENTED_EDGE('',*,*,#1928,.F.);
#1928 = EDGE_CURVE('',#1103,#608,#1929,.T.);
#1929 = LINE('',#1930,#1931);
#1930 = CARTESIAN_POINT('',(32.248195053847,9.960796185776,0.));
#1931 = VECTOR('',#1932,1.);
#1932 = DIRECTION('',(0.,0.,1.));
#1933 = ORIENTED_EDGE('',*,*,#1102,.T.);
#1934 = ORIENTED_EDGE('',*,*,#1911,.T.);
#1935 = ORIENTED_EDGE('',*,*,#616,.T.);
#1936 = PLANE('',#1937);
#1937 = AXIS2_PLACEMENT_3D('',#1938,#1939,#1940);
#1938 = CARTESIAN_POINT('',(34.751804946153,11.989203814224,0.));
#1939 = DIRECTION('',(0.629512365383,-0.77699046444,0.));
#1940 = DIRECTION('',(0.,0.,-1.));
#1941 = ADVANCED_FACE('',(#1942),#1953,.F.);
#1942 = FACE_BOUND('',#1943,.F.);
#1943 = EDGE_LOOP('',(#1944,#1945,#1946,#1947));
#1944 = ORIENTED_EDGE('',*,*,#607,.F.);
#1945 = ORIENTED_EDGE('',*,*,#1928,.F.);
#1946 = ORIENTED_EDGE('',*,*,#1110,.F.);
#1947 = ORIENTED_EDGE('',*,*,#1948,.T.);
#1948 = EDGE_CURVE('',#1111,#600,#1949,.T.);
#1949 = LINE('',#1950,#1951);
#1950 = CARTESIAN_POINT('',(32.66,9.283393944404,0.));
#1951 = VECTOR('',#1952,1.);
#1952 = DIRECTION('',(0.,0.,1.));
#1953 = CYLINDRICAL_SURFACE('',#1954,0.4);
#1954 = AXIS2_PLACEMENT_3D('',#1955,#1956,#1957);
#1955 = CARTESIAN_POINT('',(32.5,9.65,19.05));
#1956 = DIRECTION('',(0.,0.,1.));
#1957 = DIRECTION('',(0.629512365383,-0.77699046444,0.));
#1958 = ADVANCED_FACE('',(#1959),#1970,.T.);
#1959 = FACE_BOUND('',#1960,.T.);
#1960 = EDGE_LOOP('',(#1961,#1967,#1968,#1969));
#1961 = ORIENTED_EDGE('',*,*,#1962,.F.);
#1962 = EDGE_CURVE('',#1120,#591,#1963,.T.);
#1963 = LINE('',#1964,#1965);
#1964 = CARTESIAN_POINT('',(34.34,10.016606055597,0.));
#1965 = VECTOR('',#1966,1.);
#1966 = DIRECTION('',(0.,0.,1.));
#1967 = ORIENTED_EDGE('',*,*,#1119,.T.);
#1968 = ORIENTED_EDGE('',*,*,#1948,.T.);
#1969 = ORIENTED_EDGE('',*,*,#599,.T.);
#1970 = PLANE('',#1971);
#1971 = AXIS2_PLACEMENT_3D('',#1972,#1973,#1974);
#1972 = CARTESIAN_POINT('',(32.66,9.283393944404,0.));
#1973 = DIRECTION('',(-0.4,0.916515138991,0.));
#1974 = DIRECTION('',(0.,0.,1.));
#1975 = ADVANCED_FACE('',(#1976),#1987,.T.);
#1976 = FACE_BOUND('',#1977,.T.);
#1977 = EDGE_LOOP('',(#1978,#1984,#1985,#1986));
#1978 = ORIENTED_EDGE('',*,*,#1979,.F.);
#1979 = EDGE_CURVE('',#1128,#583,#1980,.T.);
#1980 = LINE('',#1981,#1982);
#1981 = CARTESIAN_POINT('',(34.710526065819,9.309884173242,0.));
#1982 = VECTOR('',#1983,1.);
#1983 = DIRECTION('',(0.,0.,1.));
#1984 = ORIENTED_EDGE('',*,*,#1127,.T.);
#1985 = ORIENTED_EDGE('',*,*,#1962,.T.);
#1986 = ORIENTED_EDGE('',*,*,#590,.T.);
#1987 = CYLINDRICAL_SURFACE('',#1988,0.4);
#1988 = AXIS2_PLACEMENT_3D('',#1989,#1990,#1991);
#1989 = CARTESIAN_POINT('',(34.5,9.65,0.));
#1990 = DIRECTION('',(0.,0.,1.));
#1991 = DIRECTION('',(0.526315164546,-0.850289566894,0.));
#1992 = ADVANCED_FACE('',(#1993),#2004,.T.);
#1993 = FACE_BOUND('',#1994,.T.);
#1994 = EDGE_LOOP('',(#1995,#2001,#2002,#2003));
#1995 = ORIENTED_EDGE('',*,*,#1996,.F.);
#1996 = EDGE_CURVE('',#1137,#574,#1997,.T.);
#1997 = LINE('',#1998,#1999);
#1998 = CARTESIAN_POINT('',(31.180591518535,7.124913129932,0.));
#1999 = VECTOR('',#2000,1.);
#2000 = DIRECTION('',(0.,0.,1.));
#2001 = ORIENTED_EDGE('',*,*,#1136,.T.);
#2002 = ORIENTED_EDGE('',*,*,#1979,.T.);
#2003 = ORIENTED_EDGE('',*,*,#582,.T.);
#2004 = PLANE('',#2005);
#2005 = AXIS2_PLACEMENT_3D('',#2006,#2007,#2008);
#2006 = CARTESIAN_POINT('',(34.710526065819,9.309884173242,0.));
#2007 = DIRECTION('',(0.526315164546,-0.850289566894,0.));
#2008 = DIRECTION('',(0.,0.,-1.));
#2009 = ADVANCED_FACE('',(#2010),#2021,.T.);
#2010 = FACE_BOUND('',#2011,.T.);
#2011 = EDGE_LOOP('',(#2012,#2018,#2019,#2020));
#2012 = ORIENTED_EDGE('',*,*,#2013,.F.);
#2013 = EDGE_CURVE('',#1145,#565,#2014,.T.);
#2014 = LINE('',#2015,#2016);
#2015 = CARTESIAN_POINT('',(30.828764309355,7.151111111111,0.));
#2016 = VECTOR('',#2017,1.);
#2017 = DIRECTION('',(0.,0.,1.));
#2018 = ORIENTED_EDGE('',*,*,#1144,.T.);
#2019 = ORIENTED_EDGE('',*,*,#1996,.T.);
#2020 = ORIENTED_EDGE('',*,*,#573,.T.);
#2021 = CYLINDRICAL_SURFACE('',#2022,0.3);
#2022 = AXIS2_PLACEMENT_3D('',#2023,#2024,#2025);
#2023 = CARTESIAN_POINT('',(31.022696969171,7.38,0.));
#2024 = DIRECTION('',(0.,0.,1.));
#2025 = DIRECTION('',(-0.646442199386,-0.762962962963,0.));
#2026 = ADVANCED_FACE('',(#2027),#2038,.F.);
#2027 = FACE_BOUND('',#2028,.F.);
#2028 = EDGE_LOOP('',(#2029,#2030,#2031,#2032));
#2029 = ORIENTED_EDGE('',*,*,#564,.F.);
#2030 = ORIENTED_EDGE('',*,*,#2013,.F.);
#2031 = ORIENTED_EDGE('',*,*,#1153,.F.);
#2032 = ORIENTED_EDGE('',*,*,#2033,.T.);
#2033 = EDGE_CURVE('',#1154,#557,#2034,.T.);
#2034 = LINE('',#2035,#2036);
#2035 = CARTESIAN_POINT('',(29.395281509436,7.08,0.));
#2036 = VECTOR('',#2037,1.);
#2037 = DIRECTION('',(0.,0.,1.));
#2038 = CYLINDRICAL_SURFACE('',#2039,1.05);
#2039 = AXIS2_PLACEMENT_3D('',#2040,#2041,#2042);
#2040 = CARTESIAN_POINT('',(30.15,6.35,19.05));
#2041 = DIRECTION('',(0.,0.,1.));
#2042 = DIRECTION('',(-0.646442199386,-0.762962962963,0.));
#2043 = ADVANCED_FACE('',(#2044),#2055,.T.);
#2044 = FACE_BOUND('',#2045,.T.);
#2045 = EDGE_LOOP('',(#2046,#2052,#2053,#2054));
#2046 = ORIENTED_EDGE('',*,*,#2047,.F.);
#2047 = EDGE_CURVE('',#1163,#549,#2048,.T.);
#2048 = LINE('',#2049,#2050);
#2049 = CARTESIAN_POINT('',(28.95,7.08,0.));
#2050 = VECTOR('',#2051,1.);
#2051 = DIRECTION('',(0.,0.,1.));
#2052 = ORIENTED_EDGE('',*,*,#1162,.T.);
#2053 = ORIENTED_EDGE('',*,*,#2033,.T.);
#2054 = ORIENTED_EDGE('',*,*,#556,.T.);
#2055 = PLANE('',#2056);
#2056 = AXIS2_PLACEMENT_3D('',#2057,#2058,#2059);
#2057 = CARTESIAN_POINT('',(29.395281509436,7.08,0.));
#2058 = DIRECTION('',(0.,-1.,0.));
#2059 = DIRECTION('',(0.,0.,-1.));
#2060 = ADVANCED_FACE('',(#2061),#2072,.T.);
#2061 = FACE_BOUND('',#2062,.T.);
#2062 = EDGE_LOOP('',(#2063,#2069,#2070,#2071));
#2063 = ORIENTED_EDGE('',*,*,#2064,.F.);
#2064 = EDGE_CURVE('',#1171,#541,#2065,.T.);
#2065 = LINE('',#2066,#2067);
#2066 = CARTESIAN_POINT('',(28.95,5.62,0.));
#2067 = VECTOR('',#2068,1.);
#2068 = DIRECTION('',(0.,0.,1.));
#2069 = ORIENTED_EDGE('',*,*,#1170,.T.);
#2070 = ORIENTED_EDGE('',*,*,#2047,.T.);
#2071 = ORIENTED_EDGE('',*,*,#548,.T.);
#2072 = PLANE('',#2073);
#2073 = AXIS2_PLACEMENT_3D('',#2074,#2075,#2076);
#2074 = CARTESIAN_POINT('',(28.95,7.08,0.));
#2075 = DIRECTION('',(1.,0.,0.));
#2076 = DIRECTION('',(0.,0.,-1.));
#2077 = ADVANCED_FACE('',(#2078),#2089,.T.);
#2078 = FACE_BOUND('',#2079,.T.);
#2079 = EDGE_LOOP('',(#2080,#2086,#2087,#2088));
#2080 = ORIENTED_EDGE('',*,*,#2081,.F.);
#2081 = EDGE_CURVE('',#1179,#532,#2082,.T.);
#2082 = LINE('',#2083,#2084);
#2083 = CARTESIAN_POINT('',(29.395281509436,5.62,0.));
#2084 = VECTOR('',#2085,1.);
#2085 = DIRECTION('',(0.,0.,1.));
#2086 = ORIENTED_EDGE('',*,*,#1178,.T.);
#2087 = ORIENTED_EDGE('',*,*,#2064,.T.);
#2088 = ORIENTED_EDGE('',*,*,#540,.T.);
#2089 = PLANE('',#2090);
#2090 = AXIS2_PLACEMENT_3D('',#2091,#2092,#2093);
#2091 = CARTESIAN_POINT('',(28.95,5.62,0.));
#2092 = DIRECTION('',(0.,1.,0.));
#2093 = DIRECTION('',(0.,-0.,1.));
#2094 = ADVANCED_FACE('',(#2095),#2106,.F.);
#2095 = FACE_BOUND('',#2096,.F.);
#2096 = EDGE_LOOP('',(#2097,#2098,#2099,#2100));
#2097 = ORIENTED_EDGE('',*,*,#531,.F.);
#2098 = ORIENTED_EDGE('',*,*,#2081,.F.);
#2099 = ORIENTED_EDGE('',*,*,#1186,.F.);
#2100 = ORIENTED_EDGE('',*,*,#2101,.T.);
#2101 = EDGE_CURVE('',#1187,#523,#2102,.T.);
#2102 = LINE('',#2103,#2104);
#2103 = CARTESIAN_POINT('',(30.828764309355,5.548888888889,0.));
#2104 = VECTOR('',#2105,1.);
#2105 = DIRECTION('',(0.,0.,1.));
#2106 = CYLINDRICAL_SURFACE('',#2107,1.05);
#2107 = AXIS2_PLACEMENT_3D('',#2108,#2109,#2110);
#2108 = CARTESIAN_POINT('',(30.15,6.35,19.05));
#2109 = DIRECTION('',(0.,0.,1.));
#2110 = DIRECTION('',(0.718779514823,0.695238095238,-0.));
#2111 = ADVANCED_FACE('',(#2112),#2123,.T.);
#2112 = FACE_BOUND('',#2113,.T.);
#2113 = EDGE_LOOP('',(#2114,#2120,#2121,#2122));
#2114 = ORIENTED_EDGE('',*,*,#2115,.F.);
#2115 = EDGE_CURVE('',#1196,#515,#2116,.T.);
#2116 = LINE('',#2117,#2118);
#2117 = CARTESIAN_POINT('',(31.180591518535,5.575086870068,0.));
#2118 = VECTOR('',#2119,1.);
#2119 = DIRECTION('',(0.,0.,1.));
#2120 = ORIENTED_EDGE('',*,*,#1195,.T.);
#2121 = ORIENTED_EDGE('',*,*,#2101,.T.);
#2122 = ORIENTED_EDGE('',*,*,#522,.T.);
#2123 = CYLINDRICAL_SURFACE('',#2124,0.3);
#2124 = AXIS2_PLACEMENT_3D('',#2125,#2126,#2127);
#2125 = CARTESIAN_POINT('',(31.022696969171,5.32,0.));
#2126 = DIRECTION('',(0.,0.,1.));
#2127 = DIRECTION('',(0.526315164546,0.850289566894,-0.));
#2128 = ADVANCED_FACE('',(#2129),#2140,.T.);
#2129 = FACE_BOUND('',#2130,.T.);
#2130 = EDGE_LOOP('',(#2131,#2137,#2138,#2139));
#2131 = ORIENTED_EDGE('',*,*,#2132,.F.);
#2132 = EDGE_CURVE('',#1205,#506,#2133,.T.);
#2133 = LINE('',#2134,#2135);
#2134 = CARTESIAN_POINT('',(34.710526065819,3.390115826758,0.));
#2135 = VECTOR('',#2136,1.);
#2136 = DIRECTION('',(0.,0.,1.));
#2137 = ORIENTED_EDGE('',*,*,#1204,.T.);
#2138 = ORIENTED_EDGE('',*,*,#2115,.T.);
#2139 = ORIENTED_EDGE('',*,*,#514,.T.);
#2140 = PLANE('',#2141);
#2141 = AXIS2_PLACEMENT_3D('',#2142,#2143,#2144);
#2142 = CARTESIAN_POINT('',(31.180591518535,5.575086870068,0.));
#2143 = DIRECTION('',(0.526315164546,0.850289566894,0.));
#2144 = DIRECTION('',(0.,0.,-1.));
#2145 = ADVANCED_FACE('',(#2146),#2157,.T.);
#2146 = FACE_BOUND('',#2147,.T.);
#2147 = EDGE_LOOP('',(#2148,#2154,#2155,#2156));
#2148 = ORIENTED_EDGE('',*,*,#2149,.F.);
#2149 = EDGE_CURVE('',#1213,#498,#2150,.T.);
#2150 = LINE('',#2151,#2152);
#2151 = CARTESIAN_POINT('',(34.34,2.683393944404,0.));
#2152 = VECTOR('',#2153,1.);
#2153 = DIRECTION('',(0.,0.,1.));
#2154 = ORIENTED_EDGE('',*,*,#1212,.T.);
#2155 = ORIENTED_EDGE('',*,*,#2132,.T.);
#2156 = ORIENTED_EDGE('',*,*,#505,.T.);
#2157 = CYLINDRICAL_SURFACE('',#2158,0.4);
#2158 = AXIS2_PLACEMENT_3D('',#2159,#2160,#2161);
#2159 = CARTESIAN_POINT('',(34.5,3.05,0.));
#2160 = DIRECTION('',(0.,0.,1.));
#2161 = DIRECTION('',(-0.4,-0.916515138991,0.));
#2162 = ADVANCED_FACE('',(#2163),#2174,.T.);
#2163 = FACE_BOUND('',#2164,.T.);
#2164 = EDGE_LOOP('',(#2165,#2171,#2172,#2173));
#2165 = ORIENTED_EDGE('',*,*,#2166,.F.);
#2166 = EDGE_CURVE('',#1222,#489,#2167,.T.);
#2167 = LINE('',#2168,#2169);
#2168 = CARTESIAN_POINT('',(32.66,3.416606055596,0.));
#2169 = VECTOR('',#2170,1.);
#2170 = DIRECTION('',(0.,0.,1.));
#2171 = ORIENTED_EDGE('',*,*,#1221,.T.);
#2172 = ORIENTED_EDGE('',*,*,#2149,.T.);
#2173 = ORIENTED_EDGE('',*,*,#497,.T.);
#2174 = PLANE('',#2175);
#2175 = AXIS2_PLACEMENT_3D('',#2176,#2177,#2178);
#2176 = CARTESIAN_POINT('',(34.34,2.683393944404,0.));
#2177 = DIRECTION('',(-0.4,-0.916515138991,0.));
#2178 = DIRECTION('',(-0.,0.,-1.));
#2179 = ADVANCED_FACE('',(#2180),#2191,.F.);
#2180 = FACE_BOUND('',#2181,.F.);
#2181 = EDGE_LOOP('',(#2182,#2183,#2184,#2185));
#2182 = ORIENTED_EDGE('',*,*,#488,.F.);
#2183 = ORIENTED_EDGE('',*,*,#2166,.F.);
#2184 = ORIENTED_EDGE('',*,*,#1229,.F.);
#2185 = ORIENTED_EDGE('',*,*,#2186,.T.);
#2186 = EDGE_CURVE('',#1230,#481,#2187,.T.);
#2187 = LINE('',#2188,#2189);
#2188 = CARTESIAN_POINT('',(32.248195053847,2.739203814224,0.));
#2189 = VECTOR('',#2190,1.);
#2190 = DIRECTION('',(0.,0.,1.));
#2191 = CYLINDRICAL_SURFACE('',#2192,0.4);
#2192 = AXIS2_PLACEMENT_3D('',#2193,#2194,#2195);
#2193 = CARTESIAN_POINT('',(32.5,3.05,19.05));
#2194 = DIRECTION('',(0.,0.,1.));
#2195 = DIRECTION('',(-0.4,-0.916515138991,0.));
#2196 = ADVANCED_FACE('',(#2197),#2208,.T.);
#2197 = FACE_BOUND('',#2198,.T.);
#2198 = EDGE_LOOP('',(#2199,#2205,#2206,#2207));
#2199 = ORIENTED_EDGE('',*,*,#2200,.F.);
#2200 = EDGE_CURVE('',#1239,#472,#2201,.T.);
#2201 = LINE('',#2202,#2203);
#2202 = CARTESIAN_POINT('',(34.751804946153,0.710796185776,0.));
#2203 = VECTOR('',#2204,1.);
#2204 = DIRECTION('',(0.,0.,1.));
#2205 = ORIENTED_EDGE('',*,*,#1238,.T.);
#2206 = ORIENTED_EDGE('',*,*,#2186,.T.);
#2207 = ORIENTED_EDGE('',*,*,#480,.T.);
#2208 = PLANE('',#2209);
#2209 = AXIS2_PLACEMENT_3D('',#2210,#2211,#2212);
#2210 = CARTESIAN_POINT('',(32.248195053847,2.739203814224,0.));
#2211 = DIRECTION('',(0.629512365383,0.77699046444,0.));
#2212 = DIRECTION('',(0.,0.,-1.));
#2213 = ADVANCED_FACE('',(#2214),#2225,.T.);
#2214 = FACE_BOUND('',#2215,.T.);
#2215 = EDGE_LOOP('',(#2216,#2222,#2223,#2224));
#2216 = ORIENTED_EDGE('',*,*,#2217,.F.);
#2217 = EDGE_CURVE('',#1247,#464,#2218,.T.);
#2218 = LINE('',#2219,#2220);
#2219 = CARTESIAN_POINT('',(34.277444000752,6.763148885781E-02,0.));
#2220 = VECTOR('',#2221,1.);
#2221 = DIRECTION('',(0.,0.,1.));
#2222 = ORIENTED_EDGE('',*,*,#1246,.T.);
#2223 = ORIENTED_EDGE('',*,*,#2200,.T.);
#2224 = ORIENTED_EDGE('',*,*,#471,.T.);
#2225 = CYLINDRICAL_SURFACE('',#2226,0.4);
#2226 = AXIS2_PLACEMENT_3D('',#2227,#2228,#2229);
#2227 = CARTESIAN_POINT('',(34.5,0.4,0.));
#2228 = DIRECTION('',(0.,0.,1.));
#2229 = DIRECTION('',(-0.556389998119,-0.830921277855,0.));
#2230 = ADVANCED_FACE('',(#2231),#2242,.T.);
#2231 = FACE_BOUND('',#2232,.T.);
#2232 = EDGE_LOOP('',(#2233,#2239,#2240,#2241));
#2233 = ORIENTED_EDGE('',*,*,#2234,.F.);
#2234 = EDGE_CURVE('',#1256,#455,#2235,.T.);
#2235 = LINE('',#2236,#2237);
#2236 = CARTESIAN_POINT('',(30.372555999248,2.682368511142,0.));
#2237 = VECTOR('',#2238,1.);
#2238 = DIRECTION('',(0.,0.,1.));
#2239 = ORIENTED_EDGE('',*,*,#1255,.T.);
#2240 = ORIENTED_EDGE('',*,*,#2217,.T.);
#2241 = ORIENTED_EDGE('',*,*,#463,.T.);
#2242 = PLANE('',#2243);
#2243 = AXIS2_PLACEMENT_3D('',#2244,#2245,#2246);
#2244 = CARTESIAN_POINT('',(34.277444000752,6.763148885781E-02,0.));
#2245 = DIRECTION('',(-0.556389998119,-0.830921277855,0.));
#2246 = DIRECTION('',(0.,0.,1.));
#2247 = ADVANCED_FACE('',(#2248),#2259,.F.);
#2248 = FACE_BOUND('',#2249,.F.);
#2249 = EDGE_LOOP('',(#2250,#2251,#2252,#2253));
#2250 = ORIENTED_EDGE('',*,*,#454,.F.);
#2251 = ORIENTED_EDGE('',*,*,#2234,.F.);
#2252 = ORIENTED_EDGE('',*,*,#1263,.F.);
#2253 = ORIENTED_EDGE('',*,*,#2254,.T.);
#2254 = EDGE_CURVE('',#1264,#447,#2255,.T.);
#2255 = LINE('',#2256,#2257);
#2256 = CARTESIAN_POINT('',(29.793987403493,2.167640379666,0.));
#2257 = VECTOR('',#2258,1.);
#2258 = DIRECTION('',(0.,0.,1.));
#2259 = CYLINDRICAL_SURFACE('',#2260,0.4);
#2260 = AXIS2_PLACEMENT_3D('',#2261,#2262,#2263);
#2261 = CARTESIAN_POINT('',(30.15,2.35,19.05));
#2262 = DIRECTION('',(0.,0.,1.));
#2263 = DIRECTION('',(-0.556389998119,-0.830921277856,0.));
#2264 = ADVANCED_FACE('',(#2265),#2276,.T.);
#2265 = FACE_BOUND('',#2266,.T.);
#2266 = EDGE_LOOP('',(#2267,#2273,#2274,#2275));
#2267 = ORIENTED_EDGE('',*,*,#2268,.F.);
#2268 = EDGE_CURVE('',#1273,#438,#2269,.T.);
#2269 = LINE('',#2270,#2271);
#2270 = CARTESIAN_POINT('',(30.606012596507,0.582359620334,0.));
#2271 = VECTOR('',#2272,1.);
#2272 = DIRECTION('',(0.,0.,1.));
#2273 = ORIENTED_EDGE('',*,*,#1272,.T.);
#2274 = ORIENTED_EDGE('',*,*,#2254,.T.);
#2275 = ORIENTED_EDGE('',*,*,#446,.T.);
#2276 = PLANE('',#2277);
#2277 = AXIS2_PLACEMENT_3D('',#2278,#2279,#2280);
#2278 = CARTESIAN_POINT('',(29.793987403493,2.167640379666,0.));
#2279 = DIRECTION('',(0.890031491268,0.455899050834,0.));
#2280 = DIRECTION('',(0.,0.,-1.));
#2281 = ADVANCED_FACE('',(#2282),#2293,.T.);
#2282 = FACE_BOUND('',#2283,.T.);
#2283 = EDGE_LOOP('',(#2284,#2290,#2291,#2292));
#2284 = ORIENTED_EDGE('',*,*,#2285,.F.);
#2285 = EDGE_CURVE('',#1281,#430,#2286,.T.);
#2286 = LINE('',#2287,#2288);
#2287 = CARTESIAN_POINT('',(29.906887148859,0.194394622196,0.));
#2288 = VECTOR('',#2289,1.);
#2289 = DIRECTION('',(0.,0.,1.));
#2290 = ORIENTED_EDGE('',*,*,#1280,.T.);
#2291 = ORIENTED_EDGE('',*,*,#2268,.T.);
#2292 = ORIENTED_EDGE('',*,*,#437,.T.);
#2293 = CYLINDRICAL_SURFACE('',#2294,0.4);
#2294 = AXIS2_PLACEMENT_3D('',#2295,#2296,#2297);
#2295 = CARTESIAN_POINT('',(30.25,0.4,0.));
#2296 = DIRECTION('',(0.,0.,1.));
#2297 = DIRECTION('',(-0.857782127853,-0.51401344451,0.));
#2298 = ADVANCED_FACE('',(#2299),#2310,.T.);
#2299 = FACE_BOUND('',#2300,.T.);
#2300 = EDGE_LOOP('',(#2301,#2307,#2308,#2309));
#2301 = ORIENTED_EDGE('',*,*,#2302,.F.);
#2302 = EDGE_CURVE('',#1290,#421,#2303,.T.);
#2303 = LINE('',#2304,#2305);
#2304 = CARTESIAN_POINT('',(27.593112851141,4.055605377804,0.));
#2305 = VECTOR('',#2306,1.);
#2306 = DIRECTION('',(0.,0.,1.));
#2307 = ORIENTED_EDGE('',*,*,#1289,.T.);
#2308 = ORIENTED_EDGE('',*,*,#2285,.T.);
#2309 = ORIENTED_EDGE('',*,*,#429,.T.);
#2310 = PLANE('',#2311);
#2311 = AXIS2_PLACEMENT_3D('',#2312,#2313,#2314);
#2312 = CARTESIAN_POINT('',(29.906887148859,0.194394622196,0.));
#2313 = DIRECTION('',(-0.857782127853,-0.51401344451,0.));
#2314 = DIRECTION('',(0.,0.,1.));
#2315 = ADVANCED_FACE('',(#2316),#2327,.F.);
#2316 = FACE_BOUND('',#2317,.F.);
#2317 = EDGE_LOOP('',(#2318,#2319,#2320,#2321));
#2318 = ORIENTED_EDGE('',*,*,#420,.F.);
#2319 = ORIENTED_EDGE('',*,*,#2302,.F.);
#2320 = ORIENTED_EDGE('',*,*,#1297,.F.);
#2321 = ORIENTED_EDGE('',*,*,#2322,.T.);
#2322 = EDGE_CURVE('',#1298,#413,#2323,.T.);
#2323 = LINE('',#2324,#2325);
#2324 = CARTESIAN_POINT('',(26.851474402696,3.884312509285,0.));
#2325 = VECTOR('',#2326,1.);
#2326 = DIRECTION('',(0.,0.,1.));
#2327 = CYLINDRICAL_SURFACE('',#2328,0.4);
#2328 = AXIS2_PLACEMENT_3D('',#2329,#2330,#2331);
#2329 = CARTESIAN_POINT('',(27.25,3.85,19.05));
#2330 = DIRECTION('',(0.,0.,1.));
#2331 = DIRECTION('',(-0.857782127853,-0.51401344451,0.));
#2332 = ADVANCED_FACE('',(#2333),#2344,.T.);
#2333 = FACE_BOUND('',#2334,.T.);
#2334 = EDGE_LOOP('',(#2335,#2341,#2342,#2343));
#2335 = ORIENTED_EDGE('',*,*,#2336,.F.);
#2336 = EDGE_CURVE('',#1307,#404,#2337,.T.);
#2337 = LINE('',#2338,#2339);
#2338 = CARTESIAN_POINT('',(26.548525597304,0.365687490715,0.));
#2339 = VECTOR('',#2340,1.);
#2340 = DIRECTION('',(0.,0.,1.));
#2341 = ORIENTED_EDGE('',*,*,#1306,.T.);
#2342 = ORIENTED_EDGE('',*,*,#2322,.T.);
#2343 = ORIENTED_EDGE('',*,*,#412,.T.);
#2344 = PLANE('',#2345);
#2345 = AXIS2_PLACEMENT_3D('',#2346,#2347,#2348);
#2346 = CARTESIAN_POINT('',(26.851474402696,3.884312509285,0.));
#2347 = DIRECTION('',(0.99631399326,-8.578127321337E-02,0.));
#2348 = DIRECTION('',(0.,0.,-1.));
#2349 = ADVANCED_FACE('',(#2350),#2361,.T.);
#2350 = FACE_BOUND('',#2351,.T.);
#2351 = EDGE_LOOP('',(#2352,#2358,#2359,#2360));
#2352 = ORIENTED_EDGE('',*,*,#2353,.F.);
#2353 = EDGE_CURVE('',#1315,#396,#2354,.T.);
#2354 = LINE('',#2355,#2356);
#2355 = CARTESIAN_POINT('',(25.750898373651,0.3732064962,0.));
#2356 = VECTOR('',#2357,1.);
#2357 = DIRECTION('',(0.,0.,1.));
#2358 = ORIENTED_EDGE('',*,*,#1314,.T.);
#2359 = ORIENTED_EDGE('',*,*,#2336,.T.);
#2360 = ORIENTED_EDGE('',*,*,#403,.T.);
#2361 = CYLINDRICAL_SURFACE('',#2362,0.4);
#2362 = AXIS2_PLACEMENT_3D('',#2363,#2364,#2365);
#2363 = CARTESIAN_POINT('',(26.15,0.4,0.));
#2364 = DIRECTION('',(0.,0.,1.));
#2365 = DIRECTION('',(-0.997754065872,-6.698375950074E-02,0.));
#2366 = ADVANCED_FACE('',(#2367),#2373,.T.);
#2367 = FACE_BOUND('',#2368,.T.);
#2368 = EDGE_LOOP('',(#2369,#2370,#2371,#2372));
#2369 = ORIENTED_EDGE('',*,*,#856,.F.);
#2370 = ORIENTED_EDGE('',*,*,#1323,.T.);
#2371 = ORIENTED_EDGE('',*,*,#2353,.T.);
#2372 = ORIENTED_EDGE('',*,*,#395,.T.);
#2373 = PLANE('',#2374);
#2374 = AXIS2_PLACEMENT_3D('',#2375,#2376,#2377);
#2375 = CARTESIAN_POINT('',(25.750898373651,0.3732064962,0.));
#2376 = DIRECTION('',(-0.997754065872,-6.698375950074E-02,0.));
#2377 = DIRECTION('',(0.,0.,1.));
#2378 = ADVANCED_FACE('',(#2379),#2390,.T.);
#2379 = FACE_BOUND('',#2380,.T.);
#2380 = EDGE_LOOP('',(#2381,#2387,#2388,#2389));
#2381 = ORIENTED_EDGE('',*,*,#2382,.F.);
#2382 = EDGE_CURVE('',#1341,#371,#2383,.T.);
#2383 = LINE('',#2384,#2385);
#2384 = CARTESIAN_POINT('',(9.149101626349,0.3732064962,0.));
#2385 = VECTOR('',#2386,1.);
#2386 = DIRECTION('',(0.,0.,1.));
#2387 = ORIENTED_EDGE('',*,*,#1340,.T.);
#2388 = ORIENTED_EDGE('',*,*,#863,.T.);
#2389 = ORIENTED_EDGE('',*,*,#379,.T.);
#2390 = PLANE('',#2391);
#2391 = AXIS2_PLACEMENT_3D('',#2392,#2393,#2394);
#2392 = CARTESIAN_POINT('',(9.5,5.6,0.));
#2393 = DIRECTION('',(0.997754065872,-6.698375950074E-02,0.));
#2394 = DIRECTION('',(0.,0.,-1.));
#2395 = ADVANCED_FACE('',(#2396),#2407,.T.);
#2396 = FACE_BOUND('',#2397,.T.);
#2397 = EDGE_LOOP('',(#2398,#2404,#2405,#2406));
#2398 = ORIENTED_EDGE('',*,*,#2399,.F.);
#2399 = EDGE_CURVE('',#1349,#363,#2400,.T.);
#2400 = LINE('',#2401,#2402);
#2401 = CARTESIAN_POINT('',(8.351474402696,0.365687490715,0.));
#2402 = VECTOR('',#2403,1.);
#2403 = DIRECTION('',(0.,0.,1.));
#2404 = ORIENTED_EDGE('',*,*,#1348,.T.);
#2405 = ORIENTED_EDGE('',*,*,#2382,.T.);
#2406 = ORIENTED_EDGE('',*,*,#370,.T.);
#2407 = CYLINDRICAL_SURFACE('',#2408,0.4);
#2408 = AXIS2_PLACEMENT_3D('',#2409,#2410,#2411);
#2409 = CARTESIAN_POINT('',(8.75,0.4,0.));
#2410 = DIRECTION('',(0.,0.,1.));
#2411 = DIRECTION('',(-0.99631399326,-8.578127321337E-02,0.));
#2412 = ADVANCED_FACE('',(#2413),#2424,.T.);
#2413 = FACE_BOUND('',#2414,.T.);
#2414 = EDGE_LOOP('',(#2415,#2421,#2422,#2423));
#2415 = ORIENTED_EDGE('',*,*,#2416,.F.);
#2416 = EDGE_CURVE('',#1358,#354,#2417,.T.);
#2417 = LINE('',#2418,#2419);
#2418 = CARTESIAN_POINT('',(8.048525597304,3.884312509285,0.));
#2419 = VECTOR('',#2420,1.);
#2420 = DIRECTION('',(0.,0.,1.));
#2421 = ORIENTED_EDGE('',*,*,#1357,.T.);
#2422 = ORIENTED_EDGE('',*,*,#2399,.T.);
#2423 = ORIENTED_EDGE('',*,*,#362,.T.);
#2424 = PLANE('',#2425);
#2425 = AXIS2_PLACEMENT_3D('',#2426,#2427,#2428);
#2426 = CARTESIAN_POINT('',(8.351474402696,0.365687490715,0.));
#2427 = DIRECTION('',(-0.99631399326,-8.578127321337E-02,0.));
#2428 = DIRECTION('',(0.,0.,1.));
#2429 = ADVANCED_FACE('',(#2430),#2441,.F.);
#2430 = FACE_BOUND('',#2431,.F.);
#2431 = EDGE_LOOP('',(#2432,#2433,#2434,#2435));
#2432 = ORIENTED_EDGE('',*,*,#353,.F.);
#2433 = ORIENTED_EDGE('',*,*,#2416,.F.);
#2434 = ORIENTED_EDGE('',*,*,#1365,.F.);
#2435 = ORIENTED_EDGE('',*,*,#2436,.T.);
#2436 = EDGE_CURVE('',#1366,#346,#2437,.T.);
#2437 = LINE('',#2438,#2439);
#2438 = CARTESIAN_POINT('',(7.306887148859,4.055605377804,0.));
#2439 = VECTOR('',#2440,1.);
#2440 = DIRECTION('',(0.,0.,1.));
#2441 = CYLINDRICAL_SURFACE('',#2442,0.4);
#2442 = AXIS2_PLACEMENT_3D('',#2443,#2444,#2445);
#2443 = CARTESIAN_POINT('',(7.65,3.85,19.05));
#2444 = DIRECTION('',(0.,0.,1.));
#2445 = DIRECTION('',(-0.99631399326,-8.578127321337E-02,0.));
#2446 = ADVANCED_FACE('',(#2447),#2458,.T.);
#2447 = FACE_BOUND('',#2448,.T.);
#2448 = EDGE_LOOP('',(#2449,#2455,#2456,#2457));
#2449 = ORIENTED_EDGE('',*,*,#2450,.F.);
#2450 = EDGE_CURVE('',#1375,#337,#2451,.T.);
#2451 = LINE('',#2452,#2453);
#2452 = CARTESIAN_POINT('',(4.993112851141,0.194394622196,0.));
#2453 = VECTOR('',#2454,1.);
#2454 = DIRECTION('',(0.,0.,1.));
#2455 = ORIENTED_EDGE('',*,*,#1374,.T.);
#2456 = ORIENTED_EDGE('',*,*,#2436,.T.);
#2457 = ORIENTED_EDGE('',*,*,#345,.T.);
#2458 = PLANE('',#2459);
#2459 = AXIS2_PLACEMENT_3D('',#2460,#2461,#2462);
#2460 = CARTESIAN_POINT('',(7.306887148859,4.055605377804,0.));
#2461 = DIRECTION('',(0.857782127853,-0.51401344451,0.));
#2462 = DIRECTION('',(0.,0.,-1.));
#2463 = ADVANCED_FACE('',(#2464),#2475,.T.);
#2464 = FACE_BOUND('',#2465,.T.);
#2465 = EDGE_LOOP('',(#2466,#2472,#2473,#2474));
#2466 = ORIENTED_EDGE('',*,*,#2467,.F.);
#2467 = EDGE_CURVE('',#1383,#329,#2468,.T.);
#2468 = LINE('',#2469,#2470);
#2469 = CARTESIAN_POINT('',(4.293987403493,0.582359620334,0.));
#2470 = VECTOR('',#2471,1.);
#2471 = DIRECTION('',(0.,0.,1.));
#2472 = ORIENTED_EDGE('',*,*,#1382,.T.);
#2473 = ORIENTED_EDGE('',*,*,#2450,.T.);
#2474 = ORIENTED_EDGE('',*,*,#336,.T.);
#2475 = CYLINDRICAL_SURFACE('',#2476,0.4);
#2476 = AXIS2_PLACEMENT_3D('',#2477,#2478,#2479);
#2477 = CARTESIAN_POINT('',(4.65,0.4,0.));
#2478 = DIRECTION('',(0.,0.,1.));
#2479 = DIRECTION('',(-0.890031491268,0.455899050834,0.));
#2480 = ADVANCED_FACE('',(#2481),#2492,.T.);
#2481 = FACE_BOUND('',#2482,.T.);
#2482 = EDGE_LOOP('',(#2483,#2489,#2490,#2491));
#2483 = ORIENTED_EDGE('',*,*,#2484,.F.);
#2484 = EDGE_CURVE('',#1392,#320,#2485,.T.);
#2485 = LINE('',#2486,#2487);
#2486 = CARTESIAN_POINT('',(5.106012596507,2.167640379666,0.));
#2487 = VECTOR('',#2488,1.);
#2488 = DIRECTION('',(0.,0.,1.));
#2489 = ORIENTED_EDGE('',*,*,#1391,.T.);
#2490 = ORIENTED_EDGE('',*,*,#2467,.T.);
#2491 = ORIENTED_EDGE('',*,*,#328,.T.);
#2492 = PLANE('',#2493);
#2493 = AXIS2_PLACEMENT_3D('',#2494,#2495,#2496);
#2494 = CARTESIAN_POINT('',(4.293987403493,0.582359620334,0.));
#2495 = DIRECTION('',(-0.890031491268,0.455899050834,0.));
#2496 = DIRECTION('',(0.,0.,1.));
#2497 = ADVANCED_FACE('',(#2498),#2509,.F.);
#2498 = FACE_BOUND('',#2499,.F.);
#2499 = EDGE_LOOP('',(#2500,#2501,#2502,#2503));
#2500 = ORIENTED_EDGE('',*,*,#319,.F.);
#2501 = ORIENTED_EDGE('',*,*,#2484,.F.);
#2502 = ORIENTED_EDGE('',*,*,#1399,.F.);
#2503 = ORIENTED_EDGE('',*,*,#2504,.T.);
#2504 = EDGE_CURVE('',#1400,#312,#2505,.T.);
#2505 = LINE('',#2506,#2507);
#2506 = CARTESIAN_POINT('',(4.527444000752,2.682368511142,0.));
#2507 = VECTOR('',#2508,1.);
#2508 = DIRECTION('',(0.,0.,1.));
#2509 = CYLINDRICAL_SURFACE('',#2510,0.4);
#2510 = AXIS2_PLACEMENT_3D('',#2511,#2512,#2513);
#2511 = CARTESIAN_POINT('',(4.75,2.35,19.05));
#2512 = DIRECTION('',(0.,0.,1.));
#2513 = DIRECTION('',(-0.890031491268,0.455899050834,0.));
#2514 = ADVANCED_FACE('',(#2515),#2526,.T.);
#2515 = FACE_BOUND('',#2516,.T.);
#2516 = EDGE_LOOP('',(#2517,#2523,#2524,#2525));
#2517 = ORIENTED_EDGE('',*,*,#2518,.F.);
#2518 = EDGE_CURVE('',#1409,#303,#2519,.T.);
#2519 = LINE('',#2520,#2521);
#2520 = CARTESIAN_POINT('',(0.622555999248,6.76314888578E-02,0.));
#2521 = VECTOR('',#2522,1.);
#2522 = DIRECTION('',(0.,0.,1.));
#2523 = ORIENTED_EDGE('',*,*,#1408,.T.);
#2524 = ORIENTED_EDGE('',*,*,#2504,.T.);
#2525 = ORIENTED_EDGE('',*,*,#311,.T.);
#2526 = PLANE('',#2527);
#2527 = AXIS2_PLACEMENT_3D('',#2528,#2529,#2530);
#2528 = CARTESIAN_POINT('',(4.527444000752,2.682368511142,0.));
#2529 = DIRECTION('',(0.556389998119,-0.830921277855,0.));
#2530 = DIRECTION('',(0.,0.,-1.));
#2531 = ADVANCED_FACE('',(#2532),#2543,.T.);
#2532 = FACE_BOUND('',#2533,.T.);
#2533 = EDGE_LOOP('',(#2534,#2540,#2541,#2542));
#2534 = ORIENTED_EDGE('',*,*,#2535,.F.);
#2535 = EDGE_CURVE('',#1417,#295,#2536,.T.);
#2536 = LINE('',#2537,#2538);
#2537 = CARTESIAN_POINT('',(0.148195053847,0.710796185776,0.));
#2538 = VECTOR('',#2539,1.);
#2539 = DIRECTION('',(0.,0.,1.));
#2540 = ORIENTED_EDGE('',*,*,#1416,.T.);
#2541 = ORIENTED_EDGE('',*,*,#2518,.T.);
#2542 = ORIENTED_EDGE('',*,*,#302,.T.);
#2543 = CYLINDRICAL_SURFACE('',#2544,0.4);
#2544 = AXIS2_PLACEMENT_3D('',#2545,#2546,#2547);
#2545 = CARTESIAN_POINT('',(0.4,0.4,0.));
#2546 = DIRECTION('',(0.,0.,1.));
#2547 = DIRECTION('',(-0.629512365383,0.77699046444,0.));
#2548 = ADVANCED_FACE('',(#2549),#2560,.T.);
#2549 = FACE_BOUND('',#2550,.T.);
#2550 = EDGE_LOOP('',(#2551,#2557,#2558,#2559));
#2551 = ORIENTED_EDGE('',*,*,#2552,.F.);
#2552 = EDGE_CURVE('',#1426,#286,#2553,.T.);
#2553 = LINE('',#2554,#2555);
#2554 = CARTESIAN_POINT('',(2.651804946153,2.739203814224,0.));
#2555 = VECTOR('',#2556,1.);
#2556 = DIRECTION('',(0.,0.,1.));
#2557 = ORIENTED_EDGE('',*,*,#1425,.T.);
#2558 = ORIENTED_EDGE('',*,*,#2535,.T.);
#2559 = ORIENTED_EDGE('',*,*,#294,.T.);
#2560 = PLANE('',#2561);
#2561 = AXIS2_PLACEMENT_3D('',#2562,#2563,#2564);
#2562 = CARTESIAN_POINT('',(0.148195053847,0.710796185776,0.));
#2563 = DIRECTION('',(-0.629512365383,0.77699046444,0.));
#2564 = DIRECTION('',(0.,0.,1.));
#2565 = ADVANCED_FACE('',(#2566),#2577,.F.);
#2566 = FACE_BOUND('',#2567,.F.);
#2567 = EDGE_LOOP('',(#2568,#2569,#2570,#2571));
#2568 = ORIENTED_EDGE('',*,*,#285,.F.);
#2569 = ORIENTED_EDGE('',*,*,#2552,.F.);
#2570 = ORIENTED_EDGE('',*,*,#1433,.F.);
#2571 = ORIENTED_EDGE('',*,*,#2572,.T.);
#2572 = EDGE_CURVE('',#1434,#278,#2573,.T.);
#2573 = LINE('',#2574,#2575);
#2574 = CARTESIAN_POINT('',(2.24,3.416606055596,0.));
#2575 = VECTOR('',#2576,1.);
#2576 = DIRECTION('',(0.,0.,1.));
#2577 = CYLINDRICAL_SURFACE('',#2578,0.4);
#2578 = AXIS2_PLACEMENT_3D('',#2579,#2580,#2581);
#2579 = CARTESIAN_POINT('',(2.4,3.05,19.05));
#2580 = DIRECTION('',(0.,0.,1.));
#2581 = DIRECTION('',(-0.629512365383,0.77699046444,0.));
#2582 = ADVANCED_FACE('',(#2583),#2594,.T.);
#2583 = FACE_BOUND('',#2584,.T.);
#2584 = EDGE_LOOP('',(#2585,#2591,#2592,#2593));
#2585 = ORIENTED_EDGE('',*,*,#2586,.F.);
#2586 = EDGE_CURVE('',#1443,#269,#2587,.T.);
#2587 = LINE('',#2588,#2589);
#2588 = CARTESIAN_POINT('',(0.56,2.683393944404,0.));
#2589 = VECTOR('',#2590,1.);
#2590 = DIRECTION('',(0.,0.,1.));
#2591 = ORIENTED_EDGE('',*,*,#1442,.T.);
#2592 = ORIENTED_EDGE('',*,*,#2572,.T.);
#2593 = ORIENTED_EDGE('',*,*,#277,.T.);
#2594 = PLANE('',#2595);
#2595 = AXIS2_PLACEMENT_3D('',#2596,#2597,#2598);
#2596 = CARTESIAN_POINT('',(2.24,3.416606055596,0.));
#2597 = DIRECTION('',(0.4,-0.916515138991,0.));
#2598 = DIRECTION('',(0.,0.,-1.));
#2599 = ADVANCED_FACE('',(#2600),#2611,.T.);
#2600 = FACE_BOUND('',#2601,.T.);
#2601 = EDGE_LOOP('',(#2602,#2608,#2609,#2610));
#2602 = ORIENTED_EDGE('',*,*,#2603,.F.);
#2603 = EDGE_CURVE('',#1451,#261,#2604,.T.);
#2604 = LINE('',#2605,#2606);
#2605 = CARTESIAN_POINT('',(0.189473934181,3.390115826758,0.));
#2606 = VECTOR('',#2607,1.);
#2607 = DIRECTION('',(0.,0.,1.));
#2608 = ORIENTED_EDGE('',*,*,#1450,.T.);
#2609 = ORIENTED_EDGE('',*,*,#2586,.T.);
#2610 = ORIENTED_EDGE('',*,*,#268,.T.);
#2611 = CYLINDRICAL_SURFACE('',#2612,0.4);
#2612 = AXIS2_PLACEMENT_3D('',#2613,#2614,#2615);
#2613 = CARTESIAN_POINT('',(0.4,3.05,0.));
#2614 = DIRECTION('',(0.,0.,1.));
#2615 = DIRECTION('',(-0.526315164546,0.850289566894,0.));
#2616 = ADVANCED_FACE('',(#2617),#2628,.T.);
#2617 = FACE_BOUND('',#2618,.T.);
#2618 = EDGE_LOOP('',(#2619,#2625,#2626,#2627));
#2619 = ORIENTED_EDGE('',*,*,#2620,.F.);
#2620 = EDGE_CURVE('',#1460,#252,#2621,.T.);
#2621 = LINE('',#2622,#2623);
#2622 = CARTESIAN_POINT('',(3.719408481465,5.575086870068,0.));
#2623 = VECTOR('',#2624,1.);
#2624 = DIRECTION('',(0.,0.,1.));
#2625 = ORIENTED_EDGE('',*,*,#1459,.T.);
#2626 = ORIENTED_EDGE('',*,*,#2603,.T.);
#2627 = ORIENTED_EDGE('',*,*,#260,.T.);
#2628 = PLANE('',#2629);
#2629 = AXIS2_PLACEMENT_3D('',#2630,#2631,#2632);
#2630 = CARTESIAN_POINT('',(0.189473934181,3.390115826758,0.));
#2631 = DIRECTION('',(-0.526315164546,0.850289566894,0.));
#2632 = DIRECTION('',(0.,0.,1.));
#2633 = ADVANCED_FACE('',(#2634),#2645,.T.);
#2634 = FACE_BOUND('',#2635,.T.);
#2635 = EDGE_LOOP('',(#2636,#2642,#2643,#2644));
#2636 = ORIENTED_EDGE('',*,*,#2637,.F.);
#2637 = EDGE_CURVE('',#1468,#243,#2638,.T.);
#2638 = LINE('',#2639,#2640);
#2639 = CARTESIAN_POINT('',(4.071235690645,5.548888888889,0.));
#2640 = VECTOR('',#2641,1.);
#2641 = DIRECTION('',(0.,0.,1.));
#2642 = ORIENTED_EDGE('',*,*,#1467,.T.);
#2643 = ORIENTED_EDGE('',*,*,#2620,.T.);
#2644 = ORIENTED_EDGE('',*,*,#251,.T.);
#2645 = CYLINDRICAL_SURFACE('',#2646,0.3);
#2646 = AXIS2_PLACEMENT_3D('',#2647,#2648,#2649);
#2647 = CARTESIAN_POINT('',(3.877303030829,5.32,0.));
#2648 = DIRECTION('',(0.,0.,1.));
#2649 = DIRECTION('',(0.646442199386,0.762962962963,-0.));
#2650 = ADVANCED_FACE('',(#2651),#2662,.F.);
#2651 = FACE_BOUND('',#2652,.F.);
#2652 = EDGE_LOOP('',(#2653,#2654,#2655,#2656));
#2653 = ORIENTED_EDGE('',*,*,#242,.F.);
#2654 = ORIENTED_EDGE('',*,*,#2637,.F.);
#2655 = ORIENTED_EDGE('',*,*,#1476,.F.);
#2656 = ORIENTED_EDGE('',*,*,#2657,.T.);
#2657 = EDGE_CURVE('',#1477,#235,#2658,.T.);
#2658 = LINE('',#2659,#2660);
#2659 = CARTESIAN_POINT('',(5.504718490565,5.62,0.));
#2660 = VECTOR('',#2661,1.);
#2661 = DIRECTION('',(0.,0.,1.));
#2662 = CYLINDRICAL_SURFACE('',#2663,1.05);
#2663 = AXIS2_PLACEMENT_3D('',#2664,#2665,#2666);
#2664 = CARTESIAN_POINT('',(4.75,6.35,19.05));
#2665 = DIRECTION('',(0.,0.,1.));
#2666 = DIRECTION('',(0.646442199386,0.762962962963,-0.));
#2667 = ADVANCED_FACE('',(#2668),#2679,.T.);
#2668 = FACE_BOUND('',#2669,.T.);
#2669 = EDGE_LOOP('',(#2670,#2676,#2677,#2678));
#2670 = ORIENTED_EDGE('',*,*,#2671,.F.);
#2671 = EDGE_CURVE('',#1486,#227,#2672,.T.);
#2672 = LINE('',#2673,#2674);
#2673 = CARTESIAN_POINT('',(5.95,5.62,0.));
#2674 = VECTOR('',#2675,1.);
#2675 = DIRECTION('',(0.,0.,1.));
#2676 = ORIENTED_EDGE('',*,*,#1485,.T.);
#2677 = ORIENTED_EDGE('',*,*,#2657,.T.);
#2678 = ORIENTED_EDGE('',*,*,#234,.T.);
#2679 = PLANE('',#2680);
#2680 = AXIS2_PLACEMENT_3D('',#2681,#2682,#2683);
#2681 = CARTESIAN_POINT('',(5.504718490565,5.62,0.));
#2682 = DIRECTION('',(0.,1.,0.));
#2683 = DIRECTION('',(0.,-0.,1.));
#2684 = ADVANCED_FACE('',(#2685),#2696,.T.);
#2685 = FACE_BOUND('',#2686,.T.);
#2686 = EDGE_LOOP('',(#2687,#2693,#2694,#2695));
#2687 = ORIENTED_EDGE('',*,*,#2688,.F.);
#2688 = EDGE_CURVE('',#1494,#219,#2689,.T.);
#2689 = LINE('',#2690,#2691);
#2690 = CARTESIAN_POINT('',(5.95,7.08,0.));
#2691 = VECTOR('',#2692,1.);
#2692 = DIRECTION('',(0.,0.,1.));
#2693 = ORIENTED_EDGE('',*,*,#1493,.T.);
#2694 = ORIENTED_EDGE('',*,*,#2671,.T.);
#2695 = ORIENTED_EDGE('',*,*,#226,.T.);
#2696 = PLANE('',#2697);
#2697 = AXIS2_PLACEMENT_3D('',#2698,#2699,#2700);
#2698 = CARTESIAN_POINT('',(5.95,5.62,0.));
#2699 = DIRECTION('',(-1.,0.,0.));
#2700 = DIRECTION('',(0.,0.,1.));
#2701 = ADVANCED_FACE('',(#2702),#2713,.T.);
#2702 = FACE_BOUND('',#2703,.T.);
#2703 = EDGE_LOOP('',(#2704,#2710,#2711,#2712));
#2704 = ORIENTED_EDGE('',*,*,#2705,.F.);
#2705 = EDGE_CURVE('',#1502,#210,#2706,.T.);
#2706 = LINE('',#2707,#2708);
#2707 = CARTESIAN_POINT('',(5.504718490565,7.08,0.));
#2708 = VECTOR('',#2709,1.);
#2709 = DIRECTION('',(0.,0.,1.));
#2710 = ORIENTED_EDGE('',*,*,#1501,.T.);
#2711 = ORIENTED_EDGE('',*,*,#2688,.T.);
#2712 = ORIENTED_EDGE('',*,*,#218,.T.);
#2713 = PLANE('',#2714);
#2714 = AXIS2_PLACEMENT_3D('',#2715,#2716,#2717);
#2715 = CARTESIAN_POINT('',(5.95,7.08,0.));
#2716 = DIRECTION('',(0.,-1.,0.));
#2717 = DIRECTION('',(0.,0.,-1.));
#2718 = ADVANCED_FACE('',(#2719),#2730,.F.);
#2719 = FACE_BOUND('',#2720,.F.);
#2720 = EDGE_LOOP('',(#2721,#2722,#2723,#2724));
#2721 = ORIENTED_EDGE('',*,*,#209,.F.);
#2722 = ORIENTED_EDGE('',*,*,#2705,.F.);
#2723 = ORIENTED_EDGE('',*,*,#1509,.F.);
#2724 = ORIENTED_EDGE('',*,*,#2725,.T.);
#2725 = EDGE_CURVE('',#1510,#201,#2726,.T.);
#2726 = LINE('',#2727,#2728);
#2727 = CARTESIAN_POINT('',(4.071235690645,7.151111111111,0.));
#2728 = VECTOR('',#2729,1.);
#2729 = DIRECTION('',(0.,0.,1.));
#2730 = CYLINDRICAL_SURFACE('',#2731,1.05);
#2731 = AXIS2_PLACEMENT_3D('',#2732,#2733,#2734);
#2732 = CARTESIAN_POINT('',(4.75,6.35,19.05));
#2733 = DIRECTION('',(0.,0.,1.));
#2734 = DIRECTION('',(-0.718779514823,-0.695238095238,0.));
#2735 = ADVANCED_FACE('',(#2736),#2747,.T.);
#2736 = FACE_BOUND('',#2737,.T.);
#2737 = EDGE_LOOP('',(#2738,#2744,#2745,#2746));
#2738 = ORIENTED_EDGE('',*,*,#2739,.F.);
#2739 = EDGE_CURVE('',#1519,#193,#2740,.T.);
#2740 = LINE('',#2741,#2742);
#2741 = CARTESIAN_POINT('',(3.719408481465,7.124913129932,0.));
#2742 = VECTOR('',#2743,1.);
#2743 = DIRECTION('',(0.,0.,1.));
#2744 = ORIENTED_EDGE('',*,*,#1518,.T.);
#2745 = ORIENTED_EDGE('',*,*,#2725,.T.);
#2746 = ORIENTED_EDGE('',*,*,#200,.T.);
#2747 = CYLINDRICAL_SURFACE('',#2748,0.3);
#2748 = AXIS2_PLACEMENT_3D('',#2749,#2750,#2751);
#2749 = CARTESIAN_POINT('',(3.877303030829,7.38,0.));
#2750 = DIRECTION('',(0.,0.,1.));
#2751 = DIRECTION('',(-0.526315164546,-0.850289566894,0.));
#2752 = ADVANCED_FACE('',(#2753),#2764,.T.);
#2753 = FACE_BOUND('',#2754,.T.);
#2754 = EDGE_LOOP('',(#2755,#2761,#2762,#2763));
#2755 = ORIENTED_EDGE('',*,*,#2756,.F.);
#2756 = EDGE_CURVE('',#1528,#184,#2757,.T.);
#2757 = LINE('',#2758,#2759);
#2758 = CARTESIAN_POINT('',(0.189473934181,9.309884173242,0.));
#2759 = VECTOR('',#2760,1.);
#2760 = DIRECTION('',(0.,0.,1.));
#2761 = ORIENTED_EDGE('',*,*,#1527,.T.);
#2762 = ORIENTED_EDGE('',*,*,#2739,.T.);
#2763 = ORIENTED_EDGE('',*,*,#192,.T.);
#2764 = PLANE('',#2765);
#2765 = AXIS2_PLACEMENT_3D('',#2766,#2767,#2768);
#2766 = CARTESIAN_POINT('',(3.719408481465,7.124913129932,0.));
#2767 = DIRECTION('',(-0.526315164546,-0.850289566894,0.));
#2768 = DIRECTION('',(0.,0.,1.));
#2769 = ADVANCED_FACE('',(#2770),#2781,.T.);
#2770 = FACE_BOUND('',#2771,.T.);
#2771 = EDGE_LOOP('',(#2772,#2778,#2779,#2780));
#2772 = ORIENTED_EDGE('',*,*,#2773,.F.);
#2773 = EDGE_CURVE('',#1536,#176,#2774,.T.);
#2774 = LINE('',#2775,#2776);
#2775 = CARTESIAN_POINT('',(0.56,10.016606055597,0.));
#2776 = VECTOR('',#2777,1.);
#2777 = DIRECTION('',(0.,0.,1.));
#2778 = ORIENTED_EDGE('',*,*,#1535,.T.);
#2779 = ORIENTED_EDGE('',*,*,#2756,.T.);
#2780 = ORIENTED_EDGE('',*,*,#183,.T.);
#2781 = CYLINDRICAL_SURFACE('',#2782,0.4);
#2782 = AXIS2_PLACEMENT_3D('',#2783,#2784,#2785);
#2783 = CARTESIAN_POINT('',(0.4,9.65,0.));
#2784 = DIRECTION('',(0.,0.,1.));
#2785 = DIRECTION('',(0.4,0.916515138991,-0.));
#2786 = ADVANCED_FACE('',(#2787),#2798,.T.);
#2787 = FACE_BOUND('',#2788,.T.);
#2788 = EDGE_LOOP('',(#2789,#2795,#2796,#2797));
#2789 = ORIENTED_EDGE('',*,*,#2790,.F.);
#2790 = EDGE_CURVE('',#1545,#167,#2791,.T.);
#2791 = LINE('',#2792,#2793);
#2792 = CARTESIAN_POINT('',(2.24,9.283393944404,0.));
#2793 = VECTOR('',#2794,1.);
#2794 = DIRECTION('',(0.,0.,1.));
#2795 = ORIENTED_EDGE('',*,*,#1544,.T.);
#2796 = ORIENTED_EDGE('',*,*,#2773,.T.);
#2797 = ORIENTED_EDGE('',*,*,#175,.T.);
#2798 = PLANE('',#2799);
#2799 = AXIS2_PLACEMENT_3D('',#2800,#2801,#2802);
#2800 = CARTESIAN_POINT('',(0.56,10.016606055597,0.));
#2801 = DIRECTION('',(0.4,0.916515138991,0.));
#2802 = DIRECTION('',(0.,-0.,1.));
#2803 = ADVANCED_FACE('',(#2804),#2815,.F.);
#2804 = FACE_BOUND('',#2805,.F.);
#2805 = EDGE_LOOP('',(#2806,#2807,#2808,#2809));
#2806 = ORIENTED_EDGE('',*,*,#166,.F.);
#2807 = ORIENTED_EDGE('',*,*,#2790,.F.);
#2808 = ORIENTED_EDGE('',*,*,#1552,.F.);
#2809 = ORIENTED_EDGE('',*,*,#2810,.T.);
#2810 = EDGE_CURVE('',#1553,#159,#2811,.T.);
#2811 = LINE('',#2812,#2813);
#2812 = CARTESIAN_POINT('',(2.651804946153,9.960796185776,0.));
#2813 = VECTOR('',#2814,1.);
#2814 = DIRECTION('',(0.,0.,1.));
#2815 = CYLINDRICAL_SURFACE('',#2816,0.4);
#2816 = AXIS2_PLACEMENT_3D('',#2817,#2818,#2819);
#2817 = CARTESIAN_POINT('',(2.4,9.65,19.05));
#2818 = DIRECTION('',(0.,0.,1.));
#2819 = DIRECTION('',(0.4,0.916515138991,-0.));
#2820 = ADVANCED_FACE('',(#2821),#2832,.T.);
#2821 = FACE_BOUND('',#2822,.T.);
#2822 = EDGE_LOOP('',(#2823,#2829,#2830,#2831));
#2823 = ORIENTED_EDGE('',*,*,#2824,.F.);
#2824 = EDGE_CURVE('',#1562,#150,#2825,.T.);
#2825 = LINE('',#2826,#2827);
#2826 = CARTESIAN_POINT('',(0.148195053847,11.989203814224,0.));
#2827 = VECTOR('',#2828,1.);
#2828 = DIRECTION('',(0.,0.,1.));
#2829 = ORIENTED_EDGE('',*,*,#1561,.T.);
#2830 = ORIENTED_EDGE('',*,*,#2810,.T.);
#2831 = ORIENTED_EDGE('',*,*,#158,.T.);
#2832 = PLANE('',#2833);
#2833 = AXIS2_PLACEMENT_3D('',#2834,#2835,#2836);
#2834 = CARTESIAN_POINT('',(2.651804946153,9.960796185776,0.));
#2835 = DIRECTION('',(-0.629512365383,-0.77699046444,0.));
#2836 = DIRECTION('',(0.,0.,1.));
#2837 = ADVANCED_FACE('',(#2838),#2849,.T.);
#2838 = FACE_BOUND('',#2839,.T.);
#2839 = EDGE_LOOP('',(#2840,#2846,#2847,#2848));
#2840 = ORIENTED_EDGE('',*,*,#2841,.F.);
#2841 = EDGE_CURVE('',#1570,#142,#2842,.T.);
#2842 = LINE('',#2843,#2844);
#2843 = CARTESIAN_POINT('',(0.622555999248,12.632368511142,0.));
#2844 = VECTOR('',#2845,1.);
#2845 = DIRECTION('',(0.,0.,1.));
#2846 = ORIENTED_EDGE('',*,*,#1569,.T.);
#2847 = ORIENTED_EDGE('',*,*,#2824,.T.);
#2848 = ORIENTED_EDGE('',*,*,#149,.T.);
#2849 = CYLINDRICAL_SURFACE('',#2850,0.4);
#2850 = AXIS2_PLACEMENT_3D('',#2851,#2852,#2853);
#2851 = CARTESIAN_POINT('',(0.4,12.3,0.));
#2852 = DIRECTION('',(0.,0.,1.));
#2853 = DIRECTION('',(0.556389998119,0.830921277855,-0.));
#2854 = ADVANCED_FACE('',(#2855),#2866,.T.);
#2855 = FACE_BOUND('',#2856,.T.);
#2856 = EDGE_LOOP('',(#2857,#2863,#2864,#2865));
#2857 = ORIENTED_EDGE('',*,*,#2858,.F.);
#2858 = EDGE_CURVE('',#1579,#133,#2859,.T.);
#2859 = LINE('',#2860,#2861);
#2860 = CARTESIAN_POINT('',(4.527444000752,10.017631488858,0.));
#2861 = VECTOR('',#2862,1.);
#2862 = DIRECTION('',(0.,0.,1.));
#2863 = ORIENTED_EDGE('',*,*,#1578,.T.);
#2864 = ORIENTED_EDGE('',*,*,#2841,.T.);
#2865 = ORIENTED_EDGE('',*,*,#141,.T.);
#2866 = PLANE('',#2867);
#2867 = AXIS2_PLACEMENT_3D('',#2868,#2869,#2870);
#2868 = CARTESIAN_POINT('',(0.622555999248,12.632368511142,0.));
#2869 = DIRECTION('',(0.556389998119,0.830921277855,0.));
#2870 = DIRECTION('',(0.,0.,-1.));
#2871 = ADVANCED_FACE('',(#2872),#2883,.F.);
#2872 = FACE_BOUND('',#2873,.F.);
#2873 = EDGE_LOOP('',(#2874,#2875,#2876,#2877));
#2874 = ORIENTED_EDGE('',*,*,#132,.F.);
#2875 = ORIENTED_EDGE('',*,*,#2858,.F.);
#2876 = ORIENTED_EDGE('',*,*,#1586,.F.);
#2877 = ORIENTED_EDGE('',*,*,#2878,.T.);
#2878 = EDGE_CURVE('',#1587,#125,#2879,.T.);
#2879 = LINE('',#2880,#2881);
#2880 = CARTESIAN_POINT('',(5.106012596507,10.532359620334,0.));
#2881 = VECTOR('',#2882,1.);
#2882 = DIRECTION('',(0.,0.,1.));
#2883 = CYLINDRICAL_SURFACE('',#2884,0.4);
#2884 = AXIS2_PLACEMENT_3D('',#2885,#2886,#2887);
#2885 = CARTESIAN_POINT('',(4.75,10.35,19.05));
#2886 = DIRECTION('',(0.,0.,1.));
#2887 = DIRECTION('',(0.556389998119,0.830921277855,-0.));
#2888 = ADVANCED_FACE('',(#2889),#2900,.T.);
#2889 = FACE_BOUND('',#2890,.T.);
#2890 = EDGE_LOOP('',(#2891,#2897,#2898,#2899));
#2891 = ORIENTED_EDGE('',*,*,#2892,.F.);
#2892 = EDGE_CURVE('',#1596,#116,#2893,.T.);
#2893 = LINE('',#2894,#2895);
#2894 = CARTESIAN_POINT('',(4.293987403493,12.117640379666,0.));
#2895 = VECTOR('',#2896,1.);
#2896 = DIRECTION('',(0.,0.,1.));
#2897 = ORIENTED_EDGE('',*,*,#1595,.T.);
#2898 = ORIENTED_EDGE('',*,*,#2878,.T.);
#2899 = ORIENTED_EDGE('',*,*,#124,.T.);
#2900 = PLANE('',#2901);
#2901 = AXIS2_PLACEMENT_3D('',#2902,#2903,#2904);
#2902 = CARTESIAN_POINT('',(5.106012596507,10.532359620334,0.));
#2903 = DIRECTION('',(-0.890031491268,-0.455899050834,0.));
#2904 = DIRECTION('',(0.,0.,1.));
#2905 = ADVANCED_FACE('',(#2906),#2917,.T.);
#2906 = FACE_BOUND('',#2907,.T.);
#2907 = EDGE_LOOP('',(#2908,#2914,#2915,#2916));
#2908 = ORIENTED_EDGE('',*,*,#2909,.F.);
#2909 = EDGE_CURVE('',#1604,#108,#2910,.T.);
#2910 = LINE('',#2911,#2912);
#2911 = CARTESIAN_POINT('',(4.993112851141,12.505605377804,0.));
#2912 = VECTOR('',#2913,1.);
#2913 = DIRECTION('',(0.,0.,1.));
#2914 = ORIENTED_EDGE('',*,*,#1603,.T.);
#2915 = ORIENTED_EDGE('',*,*,#2892,.T.);
#2916 = ORIENTED_EDGE('',*,*,#115,.T.);
#2917 = CYLINDRICAL_SURFACE('',#2918,0.4);
#2918 = AXIS2_PLACEMENT_3D('',#2919,#2920,#2921);
#2919 = CARTESIAN_POINT('',(4.65,12.3,0.));
#2920 = DIRECTION('',(0.,0.,1.));
#2921 = DIRECTION('',(0.857782127853,0.51401344451,-0.));
#2922 = ADVANCED_FACE('',(#2923),#2934,.T.);
#2923 = FACE_BOUND('',#2924,.T.);
#2924 = EDGE_LOOP('',(#2925,#2931,#2932,#2933));
#2925 = ORIENTED_EDGE('',*,*,#2926,.F.);
#2926 = EDGE_CURVE('',#1613,#99,#2927,.T.);
#2927 = LINE('',#2928,#2929);
#2928 = CARTESIAN_POINT('',(7.306887148859,8.644394622196,0.));
#2929 = VECTOR('',#2930,1.);
#2930 = DIRECTION('',(0.,0.,1.));
#2931 = ORIENTED_EDGE('',*,*,#1612,.T.);
#2932 = ORIENTED_EDGE('',*,*,#2909,.T.);
#2933 = ORIENTED_EDGE('',*,*,#107,.T.);
#2934 = PLANE('',#2935);
#2935 = AXIS2_PLACEMENT_3D('',#2936,#2937,#2938);
#2936 = CARTESIAN_POINT('',(4.993112851141,12.505605377804,0.));
#2937 = DIRECTION('',(0.857782127853,0.51401344451,0.));
#2938 = DIRECTION('',(0.,0.,-1.));
#2939 = ADVANCED_FACE('',(#2940),#2946,.F.);
#2940 = FACE_BOUND('',#2941,.F.);
#2941 = EDGE_LOOP('',(#2942,#2943,#2944,#2945));
#2942 = ORIENTED_EDGE('',*,*,#98,.F.);
#2943 = ORIENTED_EDGE('',*,*,#2926,.F.);
#2944 = ORIENTED_EDGE('',*,*,#1620,.F.);
#2945 = ORIENTED_EDGE('',*,*,#1684,.T.);
#2946 = CYLINDRICAL_SURFACE('',#2947,0.4);
#2947 = AXIS2_PLACEMENT_3D('',#2948,#2949,#2950);
#2948 = CARTESIAN_POINT('',(7.65,8.85,19.05));
#2949 = DIRECTION('',(0.,0.,1.));
#2950 = DIRECTION('',(0.857782127853,0.51401344451,-0.));
#2951 = ( GEOMETRIC_REPRESENTATION_CONTEXT(3) 
GLOBAL_UNCERTAINTY_ASSIGNED_CONTEXT((#2955)) 
GLOBAL_UNIT_ASSIGNED_CONTEXT((#2952,#2953,#2954)) REPRESENTATION_CONTEXT
('Context #1','3D Context with UNIT and UNCERTAINTY') );
#2952 = ( LENGTH_UNIT() NAMED_UNIT(*) SI_UNIT(.MILLI.,.METRE.) );
#2953 = ( NAMED_UNIT(*) PLANE_ANGLE_UNIT() SI_UNIT($,.RADIAN.) );
#2954 = ( NAMED_UNIT(*) SI_UNIT($,.STERADIAN.) SOLID_ANGLE_UNIT() );
#2955 = UNCERTAINTY_MEASURE_WITH_UNIT(LENGTH_MEASURE(2.E-07),#2952,
  'distance_accuracy_value','confusion accuracy');
#2956 = CONTEXT_DEPENDENT_SHAPE_REPRESENTATION(#2957,#2959);
#2957 = ( REPRESENTATION_RELATIONSHIP('','',#40,#10) 
REPRESENTATION_RELATIONSHIP_WITH_TRANSFORMATION(#2958) 
SHAPE_REPRESENTATION_RELATIONSHIP() );
#2958 = ITEM_DEFINED_TRANSFORMATION('','',#11,#15);
#2959 = PRODUCT_DEFINITION_SHAPE('Placement','Placement of an item',
  #2960);
#2960 = NEXT_ASSEMBLY_USAGE_OCCURRENCE('1','001020022','',#5,#35,$);
#2961 = PRODUCT_RELATED_PRODUCT_CATEGORY('part',$,(#37));
#2962 = SHAPE_DEFINITION_REPRESENTATION(#2963,#2969);
#2963 = PRODUCT_DEFINITION_SHAPE('','',#2964);
#2964 = PRODUCT_DEFINITION('design','',#2965,#2968);
#2965 = PRODUCT_DEFINITION_FORMATION('','',#2966);
#2966 = PRODUCT('A9001B20100008S','A9001B20100008S','',(#2967));
#2967 = PRODUCT_CONTEXT('',#2,'mechanical');
#2968 = PRODUCT_DEFINITION_CONTEXT('part definition',#2,'design');
#2969 = ADVANCED_BREP_SHAPE_REPRESENTATION('',(#11,#2970),#5588);
#2970 = MANIFOLD_SOLID_BREP('',#2971);
#2971 = CLOSED_SHELL('',(#2972,#3028,#3060,#3094,#3150,#3182,#3216,#3280
    ,#4007,#4032,#4067,#4109,#4134,#4170,#4212,#4237,#4273,#4880,#4902,
    #4919,#4936,#4958,#4975,#4992,#5014,#5031,#5048,#5070,#5087,#5104,
    #5126,#5143,#5160,#5182,#5199,#5216,#5238,#5255,#5272,#5294,#5311,
    #5328,#5350,#5363,#5380,#5402,#5419,#5431,#5443,#5455,#5467,#5479,
    #5491,#5503,#5515,#5527,#5539,#5551,#5563,#5575));
#2972 = ADVANCED_FACE('',(#2973),#3023,.T.);
#2973 = FACE_BOUND('',#2974,.T.);
#2974 = EDGE_LOOP('',(#2975,#2992,#3001,#3016));
#2975 = ORIENTED_EDGE('',*,*,#2976,.T.);
#2976 = EDGE_CURVE('',#2977,#2979,#2981,.T.);
#2977 = VERTEX_POINT('',#2978);
#2978 = CARTESIAN_POINT('',(0.465287670943,9.412781935447,
    -0.838534508187));
#2979 = VERTEX_POINT('',#2980);
#2980 = CARTESIAN_POINT('',(0.358621004276,9.312781935447,
    -0.975448508506));
#2981 = B_SPLINE_CURVE_WITH_KNOTS('',3,(#2982,#2983,#2984,#2985,#2986,
    #2987,#2988,#2989,#2990,#2991),.UNSPECIFIED.,.F.,.F.,(4,2,2,2,4),(
    5.484773424596E-02,5.857335135474E-02,6.344097171504E-02,
    6.916408163826E-02,7.515245872788E-02),.UNSPECIFIED.);
#2982 = CARTESIAN_POINT('',(0.465287670943,9.412781935447,
    -0.838534508187));
#2983 = CARTESIAN_POINT('',(0.465287670943,9.412781935447,
    -0.850953231883));
#2984 = CARTESIAN_POINT('',(0.4626822701,9.410339372157,-0.865421450035)
  );
#2985 = CARTESIAN_POINT('',(0.454371081292,9.402547632649,
    -0.891702599689));
#2986 = CARTESIAN_POINT('',(0.446161317927,9.394850979494,-0.9075916199)
  );
#2987 = CARTESIAN_POINT('',(0.428292463132,9.378098928124,
    -0.933014732793));
#2988 = CARTESIAN_POINT('',(0.41480438031,9.365453850478,-0.946514267163
    ));
#2989 = CARTESIAN_POINT('',(0.38955309282,9.341780768457,-0.964568235069
    ));
#2990 = CARTESIAN_POINT('',(0.37298988326,9.326252759494,-0.97220443762)
  );
#2991 = CARTESIAN_POINT('',(0.358621004276,9.312781935447,
    -0.975448508506));
#2992 = ORIENTED_EDGE('',*,*,#2993,.T.);
#2993 = EDGE_CURVE('',#2979,#2994,#2996,.T.);
#2994 = VERTEX_POINT('',#2995);
#2995 = CARTESIAN_POINT('',(0.431726711608,9.312781935447,
    -0.956010227746));
#2996 = CIRCLE('',#2997,1.);
#2997 = AXIS2_PLACEMENT_3D('',#2998,#2999,#3000);
#2998 = CARTESIAN_POINT('',(0.138393378275,9.312781935447,0.));
#2999 = DIRECTION('',(-3.785798E-17,1.,9.695427E-17));
#3000 = DIRECTION('',(-0.363727292656,-1.040834142451E-16,0.931505478555
    ));
#3001 = ORIENTED_EDGE('',*,*,#3002,.T.);
#3002 = EDGE_CURVE('',#2994,#3003,#3005,.T.);
#3003 = VERTEX_POINT('',#3004);
#3004 = CARTESIAN_POINT('',(0.538393378275,9.412781935447,-0.80622577483
    ));
#3005 = B_SPLINE_CURVE_WITH_KNOTS('',3,(#3006,#3007,#3008,#3009,#3010,
    #3011,#3012,#3013,#3014,#3015),.UNSPECIFIED.,.F.,.F.,(4,2,2,2,4),(0.
    ,6.031503591588E-03,1.198618190696E-02,1.71462032307E-02,
    2.107504684099E-02),.UNSPECIFIED.);
#3006 = CARTESIAN_POINT('',(0.431726711608,9.312781935447,
    -0.956010227746));
#3007 = CARTESIAN_POINT('',(0.446039858919,9.326200511051,-0.95161851405
    ));
#3008 = CARTESIAN_POINT('',(0.462380139825,9.3415195244,-0.942652599754)
  );
#3009 = CARTESIAN_POINT('',(0.487523739677,9.365091649262,
    -0.922441919095));
#3010 = CARTESIAN_POINT('',(0.501057528529,9.37777957631,-0.907502569445
    ));
#3011 = CARTESIAN_POINT('',(0.519054958527,9.394652166934,
    -0.879861359071));
#3012 = CARTESIAN_POINT('',(0.527359690102,9.402437852785,
    -0.862644284689));
#3013 = CARTESIAN_POINT('',(0.535741530598,9.41029582825,-0.834611131058
    ));
#3014 = CARTESIAN_POINT('',(0.538393378275,9.412781935447,
    -0.819321920197));
#3015 = CARTESIAN_POINT('',(0.538393378275,9.412781935447,-0.80622577483
    ));
#3016 = ORIENTED_EDGE('',*,*,#3017,.T.);
#3017 = EDGE_CURVE('',#3003,#2977,#3018,.T.);
#3018 = CIRCLE('',#3019,0.9);
#3019 = AXIS2_PLACEMENT_3D('',#3020,#3021,#3022);
#3020 = CARTESIAN_POINT('',(0.138393378275,9.412781935447,0.));
#3021 = DIRECTION('',(4.016244E-17,-1.,-1.02856E-16));
#3022 = DIRECTION('',(-0.363727292656,-1.104191030699E-16,0.931505478555
    ));
#3023 = TOROIDAL_SURFACE('',#3024,0.9,0.1);
#3024 = AXIS2_PLACEMENT_3D('',#3025,#3026,#3027);
#3025 = CARTESIAN_POINT('',(0.138393378275,9.312781935447,0.));
#3026 = DIRECTION('',(0.,-1.,0.));
#3027 = DIRECTION('',(0.,0.,-1.));
#3028 = ADVANCED_FACE('',(#3029),#3055,.T.);
#3029 = FACE_BOUND('',#3030,.T.);
#3030 = EDGE_LOOP('',(#3031,#3032,#3040,#3049));
#3031 = ORIENTED_EDGE('',*,*,#3017,.F.);
#3032 = ORIENTED_EDGE('',*,*,#3033,.T.);
#3033 = EDGE_CURVE('',#3003,#3034,#3036,.T.);
#3034 = VERTEX_POINT('',#3035);
#3035 = CARTESIAN_POINT('',(0.538393378275,9.412781935447,
    -0.634428877022));
#3036 = LINE('',#3037,#3038);
#3037 = CARTESIAN_POINT('',(0.538393378275,9.412781935447,-0.80622577483
    ));
#3038 = VECTOR('',#3039,1.);
#3039 = DIRECTION('',(0.,0.,1.));
#3040 = ORIENTED_EDGE('',*,*,#3041,.T.);
#3041 = EDGE_CURVE('',#3034,#3042,#3044,.T.);
#3042 = VERTEX_POINT('',#3043);
#3043 = CARTESIAN_POINT('',(0.465287670943,9.412781935447,
    -0.675011200959));
#3044 = CIRCLE('',#3045,0.75);
#3045 = AXIS2_PLACEMENT_3D('',#3046,#3047,#3048);
#3046 = CARTESIAN_POINT('',(0.138393378275,9.412781935447,0.));
#3047 = DIRECTION('',(0.,-1.,0.));
#3048 = DIRECTION('',(1.,0.,0.));
#3049 = ORIENTED_EDGE('',*,*,#3050,.T.);
#3050 = EDGE_CURVE('',#3042,#2977,#3051,.T.);
#3051 = LINE('',#3052,#3053);
#3052 = CARTESIAN_POINT('',(0.465287670943,9.412781935447,
    -0.675011200959));
#3053 = VECTOR('',#3054,1.);
#3054 = DIRECTION('',(0.,0.,-1.));
#3055 = PLANE('',#3056);
#3056 = AXIS2_PLACEMENT_3D('',#3057,#3058,#3059);
#3057 = CARTESIAN_POINT('',(1.013393378275,9.412781935447,0.));
#3058 = DIRECTION('',(0.,1.,0.));
#3059 = DIRECTION('',(0.,-0.,1.));
#3060 = ADVANCED_FACE('',(#3061),#3089,.T.);
#3061 = FACE_BOUND('',#3062,.T.);
#3062 = EDGE_LOOP('',(#3063,#3064,#3073,#3081,#3088));
#3063 = ORIENTED_EDGE('',*,*,#3002,.F.);
#3064 = ORIENTED_EDGE('',*,*,#3065,.F.);
#3065 = EDGE_CURVE('',#3066,#2994,#3068,.T.);
#3066 = VERTEX_POINT('',#3067);
#3067 = CARTESIAN_POINT('',(-0.105972018175,8.808689376275,
    -0.969683223026));
#3068 = ELLIPSE('',#3069,1.370732012466,1.);
#3069 = AXIS2_PLACEMENT_3D('',#3070,#3071,#3072);
#3070 = CARTESIAN_POINT('',(0.138393378275,9.037781935447,0.));
#3071 = DIRECTION('',(0.683941128881,-0.72953720414,0.));
#3072 = DIRECTION('',(0.72953720414,0.683941128881,0.));
#3073 = ORIENTED_EDGE('',*,*,#3074,.F.);
#3074 = EDGE_CURVE('',#3075,#3066,#3077,.T.);
#3075 = VERTEX_POINT('',#3076);
#3076 = CARTESIAN_POINT('',(-0.105972018175,8.808689376275,
    -0.709073728901));
#3077 = LINE('',#3078,#3079);
#3078 = CARTESIAN_POINT('',(-0.105972018175,8.808689376275,
    -0.709073728901));
#3079 = VECTOR('',#3080,1.);
#3080 = DIRECTION('',(0.,0.,-1.));
#3081 = ORIENTED_EDGE('',*,*,#3082,.F.);
#3082 = EDGE_CURVE('',#3034,#3075,#3083,.T.);
#3083 = ELLIPSE('',#3084,1.02804900935,0.75);
#3084 = AXIS2_PLACEMENT_3D('',#3085,#3086,#3087);
#3085 = CARTESIAN_POINT('',(0.138393378275,9.037781935447,0.));
#3086 = DIRECTION('',(-0.683941128881,0.72953720414,0.));
#3087 = DIRECTION('',(0.72953720414,0.683941128881,0.));
#3088 = ORIENTED_EDGE('',*,*,#3033,.F.);
#3089 = PLANE('',#3090);
#3090 = AXIS2_PLACEMENT_3D('',#3091,#3092,#3093);
#3091 = CARTESIAN_POINT('',(-0.261606621725,8.662781935447,0.));
#3092 = DIRECTION('',(-0.683941128881,0.72953720414,0.));
#3093 = DIRECTION('',(0.,0.,1.));
#3094 = ADVANCED_FACE('',(#3095),#3145,.T.);
#3095 = FACE_BOUND('',#3096,.T.);
#3096 = EDGE_LOOP('',(#3097,#3114,#3123,#3138));
#3097 = ORIENTED_EDGE('',*,*,#3098,.T.);
#3098 = EDGE_CURVE('',#3099,#3101,#3103,.T.);
#3099 = VERTEX_POINT('',#3100);
#3100 = CARTESIAN_POINT('',(-0.174712329057,-0.487218064553,
    -0.949718282459));
#3101 = VERTEX_POINT('',#3102);
#3102 = CARTESIAN_POINT('',(-6.804566239025E-02,-0.587218064553,
    -0.876003951184));
#3103 = B_SPLINE_CURVE_WITH_KNOTS('',3,(#3104,#3105,#3106,#3107,#3108,
    #3109,#3110,#3111,#3112,#3113),.UNSPECIFIED.,.F.,.F.,(4,2,2,2,4),(0.
    ,6.024816507556E-03,1.067034513155E-02,1.440094128456E-02,
    1.77629417214E-02),.UNSPECIFIED.);
#3104 = CARTESIAN_POINT('',(-0.174712329057,-0.487218064553,
    -0.949718282459));
#3105 = CARTESIAN_POINT('',(-0.160467461707,-0.500572627693,
    -0.954414569084));
#3106 = CARTESIAN_POINT('',(-0.142934913148,-0.517009391967,
    -0.956208209079));
#3107 = CARTESIAN_POINT('',(-0.117230339002,-0.541107430229,
    -0.951347238652));
#3108 = CARTESIAN_POINT('',(-0.104308095349,-0.553222033654,
    -0.945730568643));
#3109 = CARTESIAN_POINT('',(-8.698148567685E-02,-0.569465730222,
    -0.931051313062));
#3110 = CARTESIAN_POINT('',(-7.91309626485E-02,-0.576825595561,
    -0.920713071777));
#3111 = CARTESIAN_POINT('',(-7.053024629785E-02,-0.584888767139,
    -0.900220229883));
#3112 = CARTESIAN_POINT('',(-6.804566239025E-02,-0.587218064553,
    -0.887210619306));
#3113 = CARTESIAN_POINT('',(-6.804566239025E-02,-0.587218064553,
    -0.876003951184));
#3114 = ORIENTED_EDGE('',*,*,#3115,.T.);
#3115 = EDGE_CURVE('',#3101,#3116,#3118,.T.);
#3116 = VERTEX_POINT('',#3117);
#3117 = CARTESIAN_POINT('',(5.060044941287E-03,-0.587218064553,
    -0.890068661521));
#3118 = CIRCLE('',#3119,0.9);
#3119 = AXIS2_PLACEMENT_3D('',#3120,#3121,#3122);
#3120 = CARTESIAN_POINT('',(0.138393378275,-0.587218064553,0.));
#3121 = DIRECTION('',(-8.773692E-18,1.,-5.085774E-17));
#3122 = DIRECTION('',(0.17000317885,5.160898554727E-17,0.985443513947));
#3123 = ORIENTED_EDGE('',*,*,#3124,.T.);
#3124 = EDGE_CURVE('',#3116,#3125,#3127,.T.);
#3125 = VERTEX_POINT('',#3126);
#3126 = CARTESIAN_POINT('',(-0.101606621725,-0.487218064553,
    -0.970772887961));
#3127 = B_SPLINE_CURVE_WITH_KNOTS('',3,(#3128,#3129,#3130,#3131,#3132,
    #3133,#3134,#3135,#3136,#3137),.UNSPECIFIED.,.F.,.F.,(4,2,2,2,4),(
    5.75427740436E-02,6.086775296774E-02,6.469406668588E-02,
    6.945003880228E-02,7.543088787474E-02),.UNSPECIFIED.);
#3128 = CARTESIAN_POINT('',(5.06004494128E-03,-0.587218064553,
    -0.890068661521));
#3129 = CARTESIAN_POINT('',(5.06004494128E-03,-0.587218064553,
    -0.901151924602));
#3130 = CARTESIAN_POINT('',(2.571811373095E-03,-0.584885345583,
    -0.914007074288));
#3131 = CARTESIAN_POINT('',(-5.908278302355E-03,-0.576935261512,
    -0.934818547691));
#3132 = CARTESIAN_POINT('',(-1.378482786328E-02,-0.569550996299,
    -0.945666746665));
#3133 = CARTESIAN_POINT('',(-3.115839163675E-02,-0.553263280261,
    -0.961518102399));
#3134 = CARTESIAN_POINT('',(-4.418334837819E-02,-0.541052383316,
    -0.968087183768));
#3135 = CARTESIAN_POINT('',(-6.984274752772E-02,-0.516996696613,
    -0.974705386588));
#3136 = CARTESIAN_POINT('',(-8.729338927479E-02,-0.500636719975,
    -0.974311486773));
#3137 = CARTESIAN_POINT('',(-0.101606621725,-0.487218064553,
    -0.970772887961));
#3138 = ORIENTED_EDGE('',*,*,#3139,.T.);
#3139 = EDGE_CURVE('',#3125,#3099,#3140,.T.);
#3140 = CIRCLE('',#3141,1.);
#3141 = AXIS2_PLACEMENT_3D('',#3142,#3143,#3144);
#3142 = CARTESIAN_POINT('',(0.138393378275,-0.487218064553,0.));
#3143 = DIRECTION('',(8.847255E-18,-1.,5.128416E-17));
#3144 = DIRECTION('',(0.17000317885,5.204170431433E-17,0.985443513947));
#3145 = TOROIDAL_SURFACE('',#3146,0.9,0.1);
#3146 = AXIS2_PLACEMENT_3D('',#3147,#3148,#3149);
#3147 = CARTESIAN_POINT('',(0.138393378275,-0.487218064553,0.));
#3148 = DIRECTION('',(0.,-1.,0.));
#3149 = DIRECTION('',(0.,0.,-1.));
#3150 = ADVANCED_FACE('',(#3151),#3177,.T.);
#3151 = FACE_BOUND('',#3152,.T.);
#3152 = EDGE_LOOP('',(#3153,#3154,#3162,#3171));
#3153 = ORIENTED_EDGE('',*,*,#3115,.F.);
#3154 = ORIENTED_EDGE('',*,*,#3155,.T.);
#3155 = EDGE_CURVE('',#3101,#3156,#3158,.T.);
#3156 = VERTEX_POINT('',#3157);
#3157 = CARTESIAN_POINT('',(-6.804566239025E-02,-0.587218064553,
    -0.721029071875));
#3158 = LINE('',#3159,#3160);
#3159 = CARTESIAN_POINT('',(-6.804566239025E-02,-0.587218064553,
    -0.876003951184));
#3160 = VECTOR('',#3161,1.);
#3161 = DIRECTION('',(0.,0.,1.));
#3162 = ORIENTED_EDGE('',*,*,#3163,.F.);
#3163 = EDGE_CURVE('',#3164,#3156,#3166,.T.);
#3164 = VERTEX_POINT('',#3165);
#3165 = CARTESIAN_POINT('',(5.060044941286E-03,-0.587218064553,
    -0.738052994183));
#3166 = CIRCLE('',#3167,0.75);
#3167 = AXIS2_PLACEMENT_3D('',#3168,#3169,#3170);
#3168 = CARTESIAN_POINT('',(0.138393378275,-0.587218064553,0.));
#3169 = DIRECTION('',(0.,-1.,0.));
#3170 = DIRECTION('',(1.,0.,0.));
#3171 = ORIENTED_EDGE('',*,*,#3172,.T.);
#3172 = EDGE_CURVE('',#3164,#3116,#3173,.T.);
#3173 = LINE('',#3174,#3175);
#3174 = CARTESIAN_POINT('',(5.060044941287E-03,-0.587218064553,
    -0.738052994183));
#3175 = VECTOR('',#3176,1.);
#3176 = DIRECTION('',(0.,0.,-1.));
#3177 = PLANE('',#3178);
#3178 = AXIS2_PLACEMENT_3D('',#3179,#3180,#3181);
#3179 = CARTESIAN_POINT('',(1.013393378275,-0.587218064553,0.));
#3180 = DIRECTION('',(0.,-1.,0.));
#3181 = DIRECTION('',(0.,0.,-1.));
#3182 = ADVANCED_FACE('',(#3183),#3211,.T.);
#3183 = FACE_BOUND('',#3184,.T.);
#3184 = EDGE_LOOP('',(#3185,#3186,#3195,#3203,#3210));
#3185 = ORIENTED_EDGE('',*,*,#3098,.F.);
#3186 = ORIENTED_EDGE('',*,*,#3187,.F.);
#3187 = EDGE_CURVE('',#3188,#3099,#3190,.T.);
#3188 = VERTEX_POINT('',#3189);
#3189 = CARTESIAN_POINT('',(-0.179077725507,-0.483125505381,
    -0.94826794645));
#3190 = ELLIPSE('',#3191,1.370732012466,1.);
#3191 = AXIS2_PLACEMENT_3D('',#3192,#3193,#3194);
#3192 = CARTESIAN_POINT('',(0.138393378275,-0.780754665176,0.));
#3193 = DIRECTION('',(-0.683941128881,-0.72953720414,0.));
#3194 = DIRECTION('',(0.72953720414,-0.683941128881,0.));
#3195 = ORIENTED_EDGE('',*,*,#3196,.F.);
#3196 = EDGE_CURVE('',#3197,#3188,#3199,.T.);
#3197 = VERTEX_POINT('',#3198);
#3198 = CARTESIAN_POINT('',(-0.179077725507,-0.483125505381,
    -0.679494001639));
#3199 = LINE('',#3200,#3201);
#3200 = CARTESIAN_POINT('',(-0.179077725507,-0.483125505381,
    -0.679494001639));
#3201 = VECTOR('',#3202,1.);
#3202 = DIRECTION('',(0.,0.,-1.));
#3203 = ORIENTED_EDGE('',*,*,#3204,.F.);
#3204 = EDGE_CURVE('',#3156,#3197,#3205,.T.);
#3205 = ELLIPSE('',#3206,1.02804900935,0.75);
#3206 = AXIS2_PLACEMENT_3D('',#3207,#3208,#3209);
#3207 = CARTESIAN_POINT('',(0.138393378275,-0.780754665176,0.));
#3208 = DIRECTION('',(0.683941128881,0.72953720414,0.));
#3209 = DIRECTION('',(0.72953720414,-0.683941128881,0.));
#3210 = ORIENTED_EDGE('',*,*,#3155,.F.);
#3211 = PLANE('',#3212);
#3212 = AXIS2_PLACEMENT_3D('',#3213,#3214,#3215);
#3213 = CARTESIAN_POINT('',(-0.334712329057,-0.337218064553,0.));
#3214 = DIRECTION('',(0.683941128881,0.72953720414,0.));
#3215 = DIRECTION('',(0.,0.,-1.));
#3216 = ADVANCED_FACE('',(#3217),#3275,.T.);
#3217 = FACE_BOUND('',#3218,.T.);
#3218 = EDGE_LOOP('',(#3219,#3241,#3249,#3269));
#3219 = ORIENTED_EDGE('',*,*,#3220,.T.);
#3220 = EDGE_CURVE('',#3221,#3223,#3225,.T.);
#3221 = VERTEX_POINT('',#3222);
#3222 = CARTESIAN_POINT('',(0.309653067393,7.766874494619,
    -0.985225922762));
#3223 = VERTEX_POINT('',#3224);
#3224 = CARTESIAN_POINT('',(0.309653067393,8.058689376275,
    -0.985225922762));
#3225 = B_SPLINE_CURVE_WITH_KNOTS('',3,(#3226,#3227,#3228,#3229,#3230,
    #3231,#3232,#3233,#3234,#3235,#3236,#3237,#3238,#3239,#3240),
  .UNSPECIFIED.,.F.,.F.,(4,2,2,3,2,2,4),(0.105150197393,0.105812679011,
    0.113370874797,0.120929070582,0.128487266368,0.136045462153,
    0.136707943771),.UNSPECIFIED.);
#3226 = CARTESIAN_POINT('',(0.309653067393,7.766874494619,
    -0.985225922762));
#3227 = CARTESIAN_POINT('',(0.311269231589,7.768389648553,
    -0.984944988439));
#3228 = CARTESIAN_POINT('',(0.312851770118,7.76992375502,-0.984665802287
    ));
#3229 = CARTESIAN_POINT('',(0.332059868724,7.789162722266,
    -0.981231441877));
#3230 = CARTESIAN_POINT('',(0.347411124394,7.811568952552,
    -0.977959857733));
#3231 = CARTESIAN_POINT('',(0.367812111687,7.860780964272,
    -0.973392437584));
#3232 = CARTESIAN_POINT('',(0.372864841617,7.887587949496,
    -0.972123002957));
#3233 = CARTESIAN_POINT('',(0.372864841617,7.912781935447,
    -0.972123002957));
#3234 = CARTESIAN_POINT('',(0.372864841617,7.937975921399,
    -0.972123002957));
#3235 = CARTESIAN_POINT('',(0.367812111687,7.964782906623,
    -0.973392437584));
#3236 = CARTESIAN_POINT('',(0.347411124394,8.013994918342,
    -0.977959857733));
#3237 = CARTESIAN_POINT('',(0.332059868724,8.036401148628,
    -0.981231441877));
#3238 = CARTESIAN_POINT('',(0.312851770118,8.055640115875,
    -0.984665802287));
#3239 = CARTESIAN_POINT('',(0.311269231589,8.057174222342,
    -0.984944988439));
#3240 = CARTESIAN_POINT('',(0.309653067393,8.058689376275,
    -0.985225922762));
#3241 = ORIENTED_EDGE('',*,*,#3242,.T.);
#3242 = EDGE_CURVE('',#3223,#3243,#3245,.T.);
#3243 = VERTEX_POINT('',#3244);
#3244 = CARTESIAN_POINT('',(0.309653067393,8.058689376275,
    -0.730184989494));
#3245 = LINE('',#3246,#3247);
#3246 = CARTESIAN_POINT('',(0.309653067393,8.058689376275,
    -0.985225922762));
#3247 = VECTOR('',#3248,1.);
#3248 = DIRECTION('',(0.,0.,1.));
#3249 = ORIENTED_EDGE('',*,*,#3250,.T.);
#3250 = EDGE_CURVE('',#3243,#3251,#3253,.T.);
#3251 = VERTEX_POINT('',#3252);
#3252 = CARTESIAN_POINT('',(0.309653067393,7.766874494619,
    -0.730184989494));
#3253 = B_SPLINE_CURVE_WITH_KNOTS('',3,(#3254,#3255,#3256,#3257,#3258,
    #3259,#3260,#3261,#3262,#3263,#3264,#3265,#3266,#3267,#3268),
  .UNSPECIFIED.,.F.,.F.,(4,2,2,3,2,2,4),(0.105407629036,0.106087146357,
    0.113666111282,0.121245076206,0.128824041131,0.136403006056,
    0.137082523377),.UNSPECIFIED.);
#3254 = CARTESIAN_POINT('',(0.309653067393,8.058689376275,
    -0.730184989494));
#3255 = CARTESIAN_POINT('',(0.311300668422,8.057144750311,
    -0.729798556407));
#3256 = CARTESIAN_POINT('',(0.312913263718,8.055580482125,
    -0.729414450196));
#3257 = CARTESIAN_POINT('',(0.332073943968,8.036364504558,-0.72478623063
    ));
#3258 = CARTESIAN_POINT('',(0.347391266143,8.014026033498,
    -0.720359367815));
#3259 = CARTESIAN_POINT('',(0.367783921024,7.964867625382,-0.71415029402
    ));
#3260 = CARTESIAN_POINT('',(0.372864841617,7.938045151863,
    -0.712406578351));
#3261 = CARTESIAN_POINT('',(0.372864841617,7.912781935447,
    -0.712406578351));
#3262 = CARTESIAN_POINT('',(0.372864841617,7.887518719032,
    -0.712406578351));
#3263 = CARTESIAN_POINT('',(0.367783921024,7.860696245512,-0.71415029402
    ));
#3264 = CARTESIAN_POINT('',(0.347391266143,7.811537837396,
    -0.720359367815));
#3265 = CARTESIAN_POINT('',(0.332073943968,7.789199366336,-0.72478623063
    ));
#3266 = CARTESIAN_POINT('',(0.312913263718,7.76998338877,-0.729414450196
    ));
#3267 = CARTESIAN_POINT('',(0.311300668422,7.768419120583,
    -0.729798556407));
#3268 = CARTESIAN_POINT('',(0.309653067393,7.766874494619,
    -0.730184989494));
#3269 = ORIENTED_EDGE('',*,*,#3270,.T.);
#3270 = EDGE_CURVE('',#3251,#3221,#3271,.T.);
#3271 = LINE('',#3272,#3273);
#3272 = CARTESIAN_POINT('',(0.309653067393,7.766874494619,
    -0.730184989494));
#3273 = VECTOR('',#3274,1.);
#3274 = DIRECTION('',(0.,0.,-1.));
#3275 = CYLINDRICAL_SURFACE('',#3276,0.2);
#3276 = AXIS2_PLACEMENT_3D('',#3277,#3278,#3279);
#3277 = CARTESIAN_POINT('',(0.172864841617,7.912781935447,0.));
#3278 = DIRECTION('',(0.,0.,-1.));
#3279 = DIRECTION('',(1.,0.,0.));
#3280 = ADVANCED_FACE('',(#3281),#4002,.F.);
#3281 = FACE_BOUND('',#3282,.F.);
#3282 = EDGE_LOOP('',(#3283,#3292,#3311,#3320,#3340,#3349,#3368,#3377,
    #3397,#3406,#3425,#3434,#3454,#3463,#3482,#3491,#3511,#3520,#3539,
    #3548,#3568,#3577,#3594,#3595,#3596,#3605,#3624,#3633,#3653,#3662,
    #3681,#3690,#3710,#3719,#3738,#3747,#3767,#3776,#3795,#3804,#3824,
    #3833,#3852,#3861,#3881,#3890,#3909,#3918,#3938,#3947,#3964,#3965,
    #3966,#3975,#3994,#4001));
#3283 = ORIENTED_EDGE('',*,*,#3284,.F.);
#3284 = EDGE_CURVE('',#3285,#3251,#3287,.T.);
#3285 = VERTEX_POINT('',#3286);
#3286 = CARTESIAN_POINT('',(-0.179077725507,7.308689376275,
    -0.679494001639));
#3287 = ELLIPSE('',#3288,1.02804900935,0.75);
#3288 = AXIS2_PLACEMENT_3D('',#3289,#3290,#3291);
#3289 = CARTESIAN_POINT('',(0.138393378275,7.60631853607,0.));
#3290 = DIRECTION('',(0.683941128881,-0.72953720414,0.));
#3291 = DIRECTION('',(0.72953720414,0.683941128881,0.));
#3292 = ORIENTED_EDGE('',*,*,#3293,.T.);
#3293 = EDGE_CURVE('',#3285,#3294,#3296,.T.);
#3294 = VERTEX_POINT('',#3295);
#3295 = CARTESIAN_POINT('',(-0.179077725507,7.016874494619,
    -0.679494001639));
#3296 = B_SPLINE_CURVE_WITH_KNOTS('',3,(#3297,#3298,#3299,#3300,#3301,
    #3302,#3303,#3304,#3305,#3306,#3307,#3308,#3309,#3310),
  .UNSPECIFIED.,.F.,.F.,(4,2,2,2,2,2,4),(-7.77748389416E-02,
    -7.682678601682E-02,-6.922206203352E-02,-6.161733805022E-02,
    -5.401261406692E-02,-4.640789008361E-02,-4.545983715884E-02),
  .UNSPECIFIED.);
#3297 = CARTESIAN_POINT('',(-0.179077725507,7.308689376275,
    -0.679494001639));
#3298 = CARTESIAN_POINT('',(-0.18129326733,7.306612305816,
    -0.678458862982));
#3299 = CARTESIAN_POINT('',(-0.183448018337,7.304497340673,
    -0.677438922337));
#3300 = CARTESIAN_POINT('',(-0.202317242152,7.285130390991,
    -0.668402808634));
#3301 = CARTESIAN_POINT('',(-0.217191318173,7.263289901435,
    -0.660433596988));
#3302 = CARTESIAN_POINT('',(-0.237168892092,7.214792454993,
    -0.649309388221));
#3303 = CARTESIAN_POINT('',(-0.242289499731,7.188131015392,
    -0.646204724831));
#3304 = CARTESIAN_POINT('',(-0.242289499731,7.137432855503,
    -0.646204724831));
#3305 = CARTESIAN_POINT('',(-0.237168892092,7.110771415901,
    -0.649309388221));
#3306 = CARTESIAN_POINT('',(-0.217191318173,7.062273969459,
    -0.660433596988));
#3307 = CARTESIAN_POINT('',(-0.202317242152,7.040433479903,
    -0.668402808634));
#3308 = CARTESIAN_POINT('',(-0.183448018337,7.021066530222,
    -0.677438922337));
#3309 = CARTESIAN_POINT('',(-0.18129326733,7.018951565079,
    -0.678458862982));
#3310 = CARTESIAN_POINT('',(-0.179077725507,7.016874494619,
    -0.679494001639));
#3311 = ORIENTED_EDGE('',*,*,#3312,.F.);
#3312 = EDGE_CURVE('',#3313,#3294,#3315,.T.);
#3313 = VERTEX_POINT('',#3314);
#3314 = CARTESIAN_POINT('',(0.309653067393,6.558689376275,
    -0.730184989494));
#3315 = ELLIPSE('',#3316,1.02804900935,0.75);
#3316 = AXIS2_PLACEMENT_3D('',#3317,#3318,#3319);
#3317 = CARTESIAN_POINT('',(0.138393378275,6.719245334824,0.));
#3318 = DIRECTION('',(0.683941128881,0.72953720414,0.));
#3319 = DIRECTION('',(0.72953720414,-0.683941128881,0.));
#3320 = ORIENTED_EDGE('',*,*,#3321,.T.);
#3321 = EDGE_CURVE('',#3313,#3322,#3324,.T.);
#3322 = VERTEX_POINT('',#3323);
#3323 = CARTESIAN_POINT('',(0.309653067393,6.266874494619,
    -0.730184989494));
#3324 = B_SPLINE_CURVE_WITH_KNOTS('',3,(#3325,#3326,#3327,#3328,#3329,
    #3330,#3331,#3332,#3333,#3334,#3335,#3336,#3337,#3338,#3339),
  .UNSPECIFIED.,.F.,.F.,(4,2,2,3,2,2,4),(-1.583744717044E-02,
    -1.515792984926E-02,-7.578964924629E-03,0.,7.578964924629E-03,
    1.515792984926E-02,1.583744717044E-02),.UNSPECIFIED.);
#3325 = CARTESIAN_POINT('',(0.309653067393,6.558689376275,
    -0.730184989494));
#3326 = CARTESIAN_POINT('',(0.311300668422,6.557144750311,
    -0.729798556407));
#3327 = CARTESIAN_POINT('',(0.312913263718,6.555580482125,
    -0.729414450196));
#3328 = CARTESIAN_POINT('',(0.332073943968,6.536364504558,-0.72478623063
    ));
#3329 = CARTESIAN_POINT('',(0.347391266143,6.514026033498,
    -0.720359367815));
#3330 = CARTESIAN_POINT('',(0.367783921024,6.464867625382,-0.71415029402
    ));
#3331 = CARTESIAN_POINT('',(0.372864841617,6.438045151863,
    -0.712406578351));
#3332 = CARTESIAN_POINT('',(0.372864841617,6.412781935447,
    -0.712406578351));
#3333 = CARTESIAN_POINT('',(0.372864841617,6.387518719032,
    -0.712406578351));
#3334 = CARTESIAN_POINT('',(0.367783921024,6.360696245512,
    -0.714150294019));
#3335 = CARTESIAN_POINT('',(0.347391266143,6.311537837396,
    -0.720359367815));
#3336 = CARTESIAN_POINT('',(0.332073943968,6.289199366336,-0.72478623063
    ));
#3337 = CARTESIAN_POINT('',(0.312913263718,6.26998338877,-0.729414450196
    ));
#3338 = CARTESIAN_POINT('',(0.311300668422,6.268419120583,
    -0.729798556407));
#3339 = CARTESIAN_POINT('',(0.309653067393,6.266874494619,
    -0.730184989494));
#3340 = ORIENTED_EDGE('',*,*,#3341,.F.);
#3341 = EDGE_CURVE('',#3342,#3322,#3344,.T.);
#3342 = VERTEX_POINT('',#3343);
#3343 = CARTESIAN_POINT('',(-0.179077725507,5.808689376275,
    -0.679494001639));
#3344 = ELLIPSE('',#3345,1.02804900935,0.75);
#3345 = AXIS2_PLACEMENT_3D('',#3346,#3347,#3348);
#3346 = CARTESIAN_POINT('',(0.138393378275,6.10631853607,0.));
#3347 = DIRECTION('',(0.683941128881,-0.72953720414,0.));
#3348 = DIRECTION('',(0.72953720414,0.683941128881,0.));
#3349 = ORIENTED_EDGE('',*,*,#3350,.T.);
#3350 = EDGE_CURVE('',#3342,#3351,#3353,.T.);
#3351 = VERTEX_POINT('',#3352);
#3352 = CARTESIAN_POINT('',(-0.179077725507,5.516874494619,
    -0.679494001639));
#3353 = B_SPLINE_CURVE_WITH_KNOTS('',3,(#3354,#3355,#3356,#3357,#3358,
    #3359,#3360,#3361,#3362,#3363,#3364,#3365,#3366,#3367),
  .UNSPECIFIED.,.F.,.F.,(4,2,2,2,2,2,4),(-7.77748389416E-02,
    -7.682678601682E-02,-6.922206203352E-02,-6.161733805022E-02,
    -5.401261406692E-02,-4.640789008361E-02,-4.545983715884E-02),
  .UNSPECIFIED.);
#3354 = CARTESIAN_POINT('',(-0.179077725507,5.808689376275,
    -0.679494001639));
#3355 = CARTESIAN_POINT('',(-0.18129326733,5.806612305816,
    -0.678458862982));
#3356 = CARTESIAN_POINT('',(-0.183448018337,5.804497340673,
    -0.677438922337));
#3357 = CARTESIAN_POINT('',(-0.202317242152,5.785130390991,
    -0.668402808634));
#3358 = CARTESIAN_POINT('',(-0.217191318173,5.763289901435,
    -0.660433596988));
#3359 = CARTESIAN_POINT('',(-0.237168892092,5.714792454993,
    -0.649309388221));
#3360 = CARTESIAN_POINT('',(-0.242289499731,5.688131015392,
    -0.646204724831));
#3361 = CARTESIAN_POINT('',(-0.242289499731,5.637432855503,
    -0.646204724831));
#3362 = CARTESIAN_POINT('',(-0.237168892092,5.610771415901,
    -0.649309388221));
#3363 = CARTESIAN_POINT('',(-0.217191318173,5.562273969459,
    -0.660433596988));
#3364 = CARTESIAN_POINT('',(-0.202317242152,5.540433479903,
    -0.668402808634));
#3365 = CARTESIAN_POINT('',(-0.183448018337,5.521066530222,
    -0.677438922337));
#3366 = CARTESIAN_POINT('',(-0.18129326733,5.518951565079,
    -0.678458862982));
#3367 = CARTESIAN_POINT('',(-0.179077725507,5.516874494619,
    -0.679494001639));
#3368 = ORIENTED_EDGE('',*,*,#3369,.F.);
#3369 = EDGE_CURVE('',#3370,#3351,#3372,.T.);
#3370 = VERTEX_POINT('',#3371);
#3371 = CARTESIAN_POINT('',(0.309653067393,5.058689376275,
    -0.730184989494));
#3372 = ELLIPSE('',#3373,1.02804900935,0.75);
#3373 = AXIS2_PLACEMENT_3D('',#3374,#3375,#3376);
#3374 = CARTESIAN_POINT('',(0.138393378275,5.219245334824,0.));
#3375 = DIRECTION('',(0.683941128881,0.72953720414,0.));
#3376 = DIRECTION('',(0.72953720414,-0.683941128881,0.));
#3377 = ORIENTED_EDGE('',*,*,#3378,.T.);
#3378 = EDGE_CURVE('',#3370,#3379,#3381,.T.);
#3379 = VERTEX_POINT('',#3380);
#3380 = CARTESIAN_POINT('',(0.309653067393,4.766874494619,
    -0.730184989494));
#3381 = B_SPLINE_CURVE_WITH_KNOTS('',3,(#3382,#3383,#3384,#3385,#3386,
    #3387,#3388,#3389,#3390,#3391,#3392,#3393,#3394,#3395,#3396),
  .UNSPECIFIED.,.F.,.F.,(4,2,2,3,2,2,4),(-1.583744717044E-02,
    -1.515792984926E-02,-7.578964924629E-03,0.,7.578964924629E-03,
    1.515792984926E-02,1.583744717044E-02),.UNSPECIFIED.);
#3382 = CARTESIAN_POINT('',(0.309653067393,5.058689376275,
    -0.730184989494));
#3383 = CARTESIAN_POINT('',(0.311300668422,5.057144750311,
    -0.729798556407));
#3384 = CARTESIAN_POINT('',(0.312913263718,5.055580482125,
    -0.729414450196));
#3385 = CARTESIAN_POINT('',(0.332073943968,5.036364504558,-0.72478623063
    ));
#3386 = CARTESIAN_POINT('',(0.347391266143,5.014026033498,
    -0.720359367815));
#3387 = CARTESIAN_POINT('',(0.367783921024,4.964867625382,
    -0.714150294019));
#3388 = CARTESIAN_POINT('',(0.372864841617,4.938045151863,
    -0.712406578351));
#3389 = CARTESIAN_POINT('',(0.372864841617,4.912781935447,
    -0.712406578351));
#3390 = CARTESIAN_POINT('',(0.372864841617,4.887518719032,
    -0.712406578351));
#3391 = CARTESIAN_POINT('',(0.367783921024,4.860696245512,
    -0.714150294019));
#3392 = CARTESIAN_POINT('',(0.347391266143,4.811537837396,
    -0.720359367815));
#3393 = CARTESIAN_POINT('',(0.332073943968,4.789199366336,-0.72478623063
    ));
#3394 = CARTESIAN_POINT('',(0.312913263718,4.76998338877,-0.729414450196
    ));
#3395 = CARTESIAN_POINT('',(0.311300668422,4.768419120583,
    -0.729798556407));
#3396 = CARTESIAN_POINT('',(0.309653067393,4.766874494619,
    -0.730184989494));
#3397 = ORIENTED_EDGE('',*,*,#3398,.F.);
#3398 = EDGE_CURVE('',#3399,#3379,#3401,.T.);
#3399 = VERTEX_POINT('',#3400);
#3400 = CARTESIAN_POINT('',(-0.179077725507,4.308689376275,
    -0.679494001639));
#3401 = ELLIPSE('',#3402,1.02804900935,0.75);
#3402 = AXIS2_PLACEMENT_3D('',#3403,#3404,#3405);
#3403 = CARTESIAN_POINT('',(0.138393378275,4.60631853607,0.));
#3404 = DIRECTION('',(0.683941128881,-0.72953720414,0.));
#3405 = DIRECTION('',(0.72953720414,0.683941128881,0.));
#3406 = ORIENTED_EDGE('',*,*,#3407,.T.);
#3407 = EDGE_CURVE('',#3399,#3408,#3410,.T.);
#3408 = VERTEX_POINT('',#3409);
#3409 = CARTESIAN_POINT('',(-0.179077725507,4.016874494619,
    -0.679494001639));
#3410 = B_SPLINE_CURVE_WITH_KNOTS('',3,(#3411,#3412,#3413,#3414,#3415,
    #3416,#3417,#3418,#3419,#3420,#3421,#3422,#3423,#3424),
  .UNSPECIFIED.,.F.,.F.,(4,2,2,2,2,2,4),(-7.77748389416E-02,
    -7.682678601682E-02,-6.922206203352E-02,-6.161733805022E-02,
    -5.401261406692E-02,-4.640789008361E-02,-4.545983715884E-02),
  .UNSPECIFIED.);
#3411 = CARTESIAN_POINT('',(-0.179077725507,4.308689376275,
    -0.679494001639));
#3412 = CARTESIAN_POINT('',(-0.18129326733,4.306612305816,
    -0.678458862982));
#3413 = CARTESIAN_POINT('',(-0.183448018337,4.304497340673,
    -0.677438922337));
#3414 = CARTESIAN_POINT('',(-0.202317242152,4.285130390991,
    -0.668402808634));
#3415 = CARTESIAN_POINT('',(-0.217191318173,4.263289901435,
    -0.660433596988));
#3416 = CARTESIAN_POINT('',(-0.237168892092,4.214792454993,
    -0.649309388221));
#3417 = CARTESIAN_POINT('',(-0.242289499731,4.188131015392,
    -0.646204724831));
#3418 = CARTESIAN_POINT('',(-0.242289499731,4.137432855503,
    -0.646204724831));
#3419 = CARTESIAN_POINT('',(-0.237168892092,4.110771415901,
    -0.649309388221));
#3420 = CARTESIAN_POINT('',(-0.217191318173,4.062273969459,
    -0.660433596988));
#3421 = CARTESIAN_POINT('',(-0.202317242152,4.040433479903,
    -0.668402808634));
#3422 = CARTESIAN_POINT('',(-0.183448018337,4.021066530222,
    -0.677438922337));
#3423 = CARTESIAN_POINT('',(-0.18129326733,4.018951565079,
    -0.678458862982));
#3424 = CARTESIAN_POINT('',(-0.179077725507,4.016874494619,
    -0.679494001639));
#3425 = ORIENTED_EDGE('',*,*,#3426,.F.);
#3426 = EDGE_CURVE('',#3427,#3408,#3429,.T.);
#3427 = VERTEX_POINT('',#3428);
#3428 = CARTESIAN_POINT('',(0.309653067393,3.558689376275,
    -0.730184989494));
#3429 = ELLIPSE('',#3430,1.02804900935,0.75);
#3430 = AXIS2_PLACEMENT_3D('',#3431,#3432,#3433);
#3431 = CARTESIAN_POINT('',(0.138393378275,3.719245334824,0.));
#3432 = DIRECTION('',(0.683941128881,0.72953720414,0.));
#3433 = DIRECTION('',(0.72953720414,-0.683941128881,0.));
#3434 = ORIENTED_EDGE('',*,*,#3435,.T.);
#3435 = EDGE_CURVE('',#3427,#3436,#3438,.T.);
#3436 = VERTEX_POINT('',#3437);
#3437 = CARTESIAN_POINT('',(0.309653067393,3.266874494619,
    -0.730184989494));
#3438 = B_SPLINE_CURVE_WITH_KNOTS('',3,(#3439,#3440,#3441,#3442,#3443,
    #3444,#3445,#3446,#3447,#3448,#3449,#3450,#3451,#3452,#3453),
  .UNSPECIFIED.,.F.,.F.,(4,2,2,3,2,2,4),(-1.583744717044E-02,
    -1.515792984926E-02,-7.578964924629E-03,0.,7.578964924629E-03,
    1.515792984926E-02,1.583744717044E-02),.UNSPECIFIED.);
#3439 = CARTESIAN_POINT('',(0.309653067393,3.558689376275,
    -0.730184989494));
#3440 = CARTESIAN_POINT('',(0.311300668422,3.557144750311,
    -0.729798556407));
#3441 = CARTESIAN_POINT('',(0.312913263718,3.555580482125,
    -0.729414450196));
#3442 = CARTESIAN_POINT('',(0.332073943968,3.536364504558,-0.72478623063
    ));
#3443 = CARTESIAN_POINT('',(0.347391266143,3.514026033498,
    -0.720359367815));
#3444 = CARTESIAN_POINT('',(0.367783921024,3.464867625382,
    -0.714150294019));
#3445 = CARTESIAN_POINT('',(0.372864841617,3.438045151863,
    -0.712406578351));
#3446 = CARTESIAN_POINT('',(0.372864841617,3.412781935447,
    -0.712406578351));
#3447 = CARTESIAN_POINT('',(0.372864841617,3.387518719032,
    -0.712406578351));
#3448 = CARTESIAN_POINT('',(0.367783921024,3.360696245512,
    -0.714150294019));
#3449 = CARTESIAN_POINT('',(0.347391266143,3.311537837396,
    -0.720359367815));
#3450 = CARTESIAN_POINT('',(0.332073943968,3.289199366336,-0.72478623063
    ));
#3451 = CARTESIAN_POINT('',(0.312913263718,3.26998338877,-0.729414450196
    ));
#3452 = CARTESIAN_POINT('',(0.311300668422,3.268419120583,
    -0.729798556407));
#3453 = CARTESIAN_POINT('',(0.309653067393,3.266874494619,
    -0.730184989494));
#3454 = ORIENTED_EDGE('',*,*,#3455,.F.);
#3455 = EDGE_CURVE('',#3456,#3436,#3458,.T.);
#3456 = VERTEX_POINT('',#3457);
#3457 = CARTESIAN_POINT('',(-0.179077725507,2.808689376275,
    -0.679494001639));
#3458 = ELLIPSE('',#3459,1.02804900935,0.75);
#3459 = AXIS2_PLACEMENT_3D('',#3460,#3461,#3462);
#3460 = CARTESIAN_POINT('',(0.138393378275,3.10631853607,0.));
#3461 = DIRECTION('',(0.683941128881,-0.72953720414,0.));
#3462 = DIRECTION('',(0.72953720414,0.683941128881,0.));
#3463 = ORIENTED_EDGE('',*,*,#3464,.T.);
#3464 = EDGE_CURVE('',#3456,#3465,#3467,.T.);
#3465 = VERTEX_POINT('',#3466);
#3466 = CARTESIAN_POINT('',(-0.179077725507,2.516874494619,
    -0.679494001639));
#3467 = B_SPLINE_CURVE_WITH_KNOTS('',3,(#3468,#3469,#3470,#3471,#3472,
    #3473,#3474,#3475,#3476,#3477,#3478,#3479,#3480,#3481),
  .UNSPECIFIED.,.F.,.F.,(4,2,2,2,2,2,4),(-7.77748389416E-02,
    -7.682678601682E-02,-6.922206203352E-02,-6.161733805022E-02,
    -5.401261406692E-02,-4.640789008361E-02,-4.545983715884E-02),
  .UNSPECIFIED.);
#3468 = CARTESIAN_POINT('',(-0.179077725507,2.808689376275,
    -0.679494001639));
#3469 = CARTESIAN_POINT('',(-0.18129326733,2.806612305816,
    -0.678458862982));
#3470 = CARTESIAN_POINT('',(-0.183448018337,2.804497340673,
    -0.677438922337));
#3471 = CARTESIAN_POINT('',(-0.202317242152,2.785130390991,
    -0.668402808634));
#3472 = CARTESIAN_POINT('',(-0.217191318173,2.763289901435,
    -0.660433596988));
#3473 = CARTESIAN_POINT('',(-0.237168892092,2.714792454993,
    -0.649309388221));
#3474 = CARTESIAN_POINT('',(-0.242289499731,2.688131015392,
    -0.646204724831));
#3475 = CARTESIAN_POINT('',(-0.242289499731,2.637432855503,
    -0.646204724831));
#3476 = CARTESIAN_POINT('',(-0.237168892092,2.610771415901,
    -0.649309388221));
#3477 = CARTESIAN_POINT('',(-0.217191318173,2.562273969459,
    -0.660433596988));
#3478 = CARTESIAN_POINT('',(-0.202317242152,2.540433479903,
    -0.668402808634));
#3479 = CARTESIAN_POINT('',(-0.183448018337,2.521066530222,
    -0.677438922337));
#3480 = CARTESIAN_POINT('',(-0.18129326733,2.518951565079,
    -0.678458862982));
#3481 = CARTESIAN_POINT('',(-0.179077725507,2.516874494619,
    -0.679494001639));
#3482 = ORIENTED_EDGE('',*,*,#3483,.F.);
#3483 = EDGE_CURVE('',#3484,#3465,#3486,.T.);
#3484 = VERTEX_POINT('',#3485);
#3485 = CARTESIAN_POINT('',(0.309653067393,2.058689376275,
    -0.730184989494));
#3486 = ELLIPSE('',#3487,1.02804900935,0.75);
#3487 = AXIS2_PLACEMENT_3D('',#3488,#3489,#3490);
#3488 = CARTESIAN_POINT('',(0.138393378275,2.219245334824,0.));
#3489 = DIRECTION('',(0.683941128881,0.72953720414,0.));
#3490 = DIRECTION('',(0.72953720414,-0.683941128881,0.));
#3491 = ORIENTED_EDGE('',*,*,#3492,.T.);
#3492 = EDGE_CURVE('',#3484,#3493,#3495,.T.);
#3493 = VERTEX_POINT('',#3494);
#3494 = CARTESIAN_POINT('',(0.309653067393,1.766874494619,
    -0.730184989494));
#3495 = B_SPLINE_CURVE_WITH_KNOTS('',3,(#3496,#3497,#3498,#3499,#3500,
    #3501,#3502,#3503,#3504,#3505,#3506,#3507,#3508,#3509,#3510),
  .UNSPECIFIED.,.F.,.F.,(4,2,2,3,2,2,4),(-1.583744717044E-02,
    -1.515792984926E-02,-7.578964924629E-03,0.,7.593661448487E-03,
    1.518732289698E-02,1.583792049388E-02),.UNSPECIFIED.);
#3496 = CARTESIAN_POINT('',(0.309653067393,2.058689376275,
    -0.730184989494));
#3497 = CARTESIAN_POINT('',(0.311300668422,2.057144750311,
    -0.729798556407));
#3498 = CARTESIAN_POINT('',(0.312913263718,2.055580482125,
    -0.729414450196));
#3499 = CARTESIAN_POINT('',(0.332073943968,2.036364504558,-0.72478623063
    ));
#3500 = CARTESIAN_POINT('',(0.347391266143,2.014026033498,
    -0.720359367815));
#3501 = CARTESIAN_POINT('',(0.367783921024,1.964867625382,
    -0.714150294019));
#3502 = CARTESIAN_POINT('',(0.372864841617,1.938045151863,
    -0.712406578351));
#3503 = CARTESIAN_POINT('',(0.372864841617,1.912781935447,
    -0.712406578351));
#3504 = CARTESIAN_POINT('',(0.372864841617,1.887469730619,
    -0.712406578351));
#3505 = CARTESIAN_POINT('',(0.367764421473,1.860599134502,
    -0.714157186539));
#3506 = CARTESIAN_POINT('',(0.347299699003,1.811367608287,
    -0.720386416738));
#3507 = CARTESIAN_POINT('',(0.331929745433,1.789004126789,
    -0.724826246441));
#3508 = CARTESIAN_POINT('',(0.312774562165,1.769848943521,
    -0.729447476343));
#3509 = CARTESIAN_POINT('',(0.311229884313,1.768352760482,
    -0.729815158316));
#3510 = CARTESIAN_POINT('',(0.309653067393,1.766874494619,
    -0.730184989494));
#3511 = ORIENTED_EDGE('',*,*,#3512,.F.);
#3512 = EDGE_CURVE('',#3513,#3493,#3515,.T.);
#3513 = VERTEX_POINT('',#3514);
#3514 = CARTESIAN_POINT('',(-0.179077725507,1.308689376275,
    -0.679494001639));
#3515 = ELLIPSE('',#3516,1.02804900935,0.75);
#3516 = AXIS2_PLACEMENT_3D('',#3517,#3518,#3519);
#3517 = CARTESIAN_POINT('',(0.138393378275,1.60631853607,0.));
#3518 = DIRECTION('',(0.683941128881,-0.72953720414,0.));
#3519 = DIRECTION('',(0.72953720414,0.683941128881,0.));
#3520 = ORIENTED_EDGE('',*,*,#3521,.T.);
#3521 = EDGE_CURVE('',#3513,#3522,#3524,.T.);
#3522 = VERTEX_POINT('',#3523);
#3523 = CARTESIAN_POINT('',(-0.179077725507,1.016874494619,
    -0.679494001639));
#3524 = B_SPLINE_CURVE_WITH_KNOTS('',3,(#3525,#3526,#3527,#3528,#3529,
    #3530,#3531,#3532,#3533,#3534,#3535,#3536,#3537,#3538),
  .UNSPECIFIED.,.F.,.F.,(4,2,2,2,2,2,4),(-7.778048534853E-02,
    -7.710353898983E-02,-6.936043852003E-02,-6.161733805022E-02,
    -5.401261406692E-02,-4.640789008361E-02,-4.545983715884E-02),
  .UNSPECIFIED.);
#3525 = CARTESIAN_POINT('',(-0.179077725507,1.308689376275,
    -0.679494001639));
#3526 = CARTESIAN_POINT('',(-0.180653830361,1.307211777974,
    -0.678757618762));
#3527 = CARTESIAN_POINT('',(-0.182198497616,1.305715650036,
    -0.678029242454));
#3528 = CARTESIAN_POINT('',(-0.201009630848,1.286904516804,
    -0.669083345461));
#3529 = CARTESIAN_POINT('',(-0.216353944329,1.264845383839,
    -0.660889551437));
#3530 = CARTESIAN_POINT('',(-0.236984326827,1.215691497275,
    -0.649423430964));
#3531 = CARTESIAN_POINT('',(-0.242289499731,1.188592270347,
    -0.646204724831));
#3532 = CARTESIAN_POINT('',(-0.242289499731,1.137432855503,
    -0.646204724831));
#3533 = CARTESIAN_POINT('',(-0.237168892092,1.110771415901,
    -0.649309388221));
#3534 = CARTESIAN_POINT('',(-0.217191318173,1.062273969459,
    -0.660433596988));
#3535 = CARTESIAN_POINT('',(-0.202317242152,1.040433479903,
    -0.668402808634));
#3536 = CARTESIAN_POINT('',(-0.183448018337,1.021066530222,
    -0.677438922337));
#3537 = CARTESIAN_POINT('',(-0.18129326733,1.018951565079,
    -0.678458862982));
#3538 = CARTESIAN_POINT('',(-0.179077725507,1.016874494619,
    -0.679494001639));
#3539 = ORIENTED_EDGE('',*,*,#3540,.F.);
#3540 = EDGE_CURVE('',#3541,#3522,#3543,.T.);
#3541 = VERTEX_POINT('',#3542);
#3542 = CARTESIAN_POINT('',(0.309653067393,0.558689376275,
    -0.730184989494));
#3543 = ELLIPSE('',#3544,1.02804900935,0.75);
#3544 = AXIS2_PLACEMENT_3D('',#3545,#3546,#3547);
#3545 = CARTESIAN_POINT('',(0.138393378275,0.719245334824,0.));
#3546 = DIRECTION('',(0.683941128881,0.72953720414,0.));
#3547 = DIRECTION('',(0.72953720414,-0.683941128881,0.));
#3548 = ORIENTED_EDGE('',*,*,#3549,.T.);
#3549 = EDGE_CURVE('',#3541,#3550,#3552,.T.);
#3550 = VERTEX_POINT('',#3551);
#3551 = CARTESIAN_POINT('',(0.309653067393,0.266874494619,
    -0.730184989494));
#3552 = B_SPLINE_CURVE_WITH_KNOTS('',3,(#3553,#3554,#3555,#3556,#3557,
    #3558,#3559,#3560,#3561,#3562,#3563,#3564,#3565,#3566,#3567),
  .UNSPECIFIED.,.F.,.F.,(4,2,2,3,2,2,4),(-1.583744717044E-02,
    -1.515792984926E-02,-7.578964924629E-03,0.,7.578964924629E-03,
    1.515792984926E-02,1.583744717044E-02),.UNSPECIFIED.);
#3553 = CARTESIAN_POINT('',(0.309653067393,0.558689376275,
    -0.730184989494));
#3554 = CARTESIAN_POINT('',(0.311300668422,0.557144750311,
    -0.729798556407));
#3555 = CARTESIAN_POINT('',(0.312913263718,0.555580482125,
    -0.729414450196));
#3556 = CARTESIAN_POINT('',(0.332073943968,0.536364504558,-0.72478623063
    ));
#3557 = CARTESIAN_POINT('',(0.347391266143,0.514026033498,
    -0.720359367815));
#3558 = CARTESIAN_POINT('',(0.367783921024,0.464867625382,
    -0.714150294019));
#3559 = CARTESIAN_POINT('',(0.372864841617,0.438045151863,
    -0.712406578351));
#3560 = CARTESIAN_POINT('',(0.372864841617,0.412781935447,
    -0.712406578351));
#3561 = CARTESIAN_POINT('',(0.372864841617,0.387518719032,
    -0.712406578351));
#3562 = CARTESIAN_POINT('',(0.367783921024,0.360696245512,
    -0.714150294019));
#3563 = CARTESIAN_POINT('',(0.347391266143,0.311537837396,
    -0.720359367815));
#3564 = CARTESIAN_POINT('',(0.332073943968,0.289199366336,-0.72478623063
    ));
#3565 = CARTESIAN_POINT('',(0.312913263718,0.26998338877,-0.729414450196
    ));
#3566 = CARTESIAN_POINT('',(0.311300668422,0.268419120583,
    -0.729798556407));
#3567 = CARTESIAN_POINT('',(0.309653067393,0.266874494619,
    -0.730184989494));
#3568 = ORIENTED_EDGE('',*,*,#3569,.F.);
#3569 = EDGE_CURVE('',#3570,#3550,#3572,.T.);
#3570 = VERTEX_POINT('',#3571);
#3571 = CARTESIAN_POINT('',(-0.179077725507,-0.191310623725,
    -0.679494001639));
#3572 = ELLIPSE('',#3573,1.02804900935,0.75);
#3573 = AXIS2_PLACEMENT_3D('',#3574,#3575,#3576);
#3574 = CARTESIAN_POINT('',(0.138393378275,0.10631853607,0.));
#3575 = DIRECTION('',(0.683941128881,-0.72953720414,0.));
#3576 = DIRECTION('',(0.72953720414,0.683941128881,0.));
#3577 = ORIENTED_EDGE('',*,*,#3578,.T.);
#3578 = EDGE_CURVE('',#3570,#3197,#3579,.T.);
#3579 = B_SPLINE_CURVE_WITH_KNOTS('',3,(#3580,#3581,#3582,#3583,#3584,
    #3585,#3586,#3587,#3588,#3589,#3590,#3591,#3592,#3593),
  .UNSPECIFIED.,.F.,.F.,(4,2,2,2,2,2,4),(-7.777658400009E-02,
    -7.682853107531E-02,-6.922380709201E-02,-6.161908310871E-02,
    -5.38759826389E-02,-4.613288216909E-02,-4.54559358104E-02),
  .UNSPECIFIED.);
#3580 = CARTESIAN_POINT('',(-0.179077725507,-0.191310623725,
    -0.679494001639));
#3581 = CARTESIAN_POINT('',(-0.18129326733,-0.193387694184,
    -0.678458862982));
#3582 = CARTESIAN_POINT('',(-0.183448018337,-0.195502659327,
    -0.677438922337));
#3583 = CARTESIAN_POINT('',(-0.202317242152,-0.214869609009,
    -0.668402808634));
#3584 = CARTESIAN_POINT('',(-0.217191318173,-0.236710098565,
    -0.660433596988));
#3585 = CARTESIAN_POINT('',(-0.237168892092,-0.285207545007,
    -0.649309388221));
#3586 = CARTESIAN_POINT('',(-0.242289499731,-0.311868984609,
    -0.646204724831));
#3587 = CARTESIAN_POINT('',(-0.242289499731,-0.363028399452,
    -0.646204724831));
#3588 = CARTESIAN_POINT('',(-0.236984326827,-0.39012762638,
    -0.649423430964));
#3589 = CARTESIAN_POINT('',(-0.216353944329,-0.439281512945,
    -0.660889551437));
#3590 = CARTESIAN_POINT('',(-0.201009630848,-0.46134064591,
    -0.669083345461));
#3591 = CARTESIAN_POINT('',(-0.182198497616,-0.480151779142,
    -0.678029242454));
#3592 = CARTESIAN_POINT('',(-0.180653830361,-0.48164790708,
    -0.678757618762));
#3593 = CARTESIAN_POINT('',(-0.179077725507,-0.483125505381,
    -0.679494001639));
#3594 = ORIENTED_EDGE('',*,*,#3204,.F.);
#3595 = ORIENTED_EDGE('',*,*,#3163,.F.);
#3596 = ORIENTED_EDGE('',*,*,#3597,.F.);
#3597 = EDGE_CURVE('',#3598,#3164,#3600,.T.);
#3598 = VERTEX_POINT('',#3599);
#3599 = CARTESIAN_POINT('',(-0.105972018175,-0.483125505381,
    -0.709073728901));
#3600 = ELLIPSE('',#3601,1.02804900935,0.75);
#3601 = AXIS2_PLACEMENT_3D('',#3602,#3603,#3604);
#3602 = CARTESIAN_POINT('',(0.138393378275,-0.712218064553,0.));
#3603 = DIRECTION('',(-0.683941128881,-0.72953720414,0.));
#3604 = DIRECTION('',(0.72953720414,-0.683941128881,0.));
#3605 = ORIENTED_EDGE('',*,*,#3606,.T.);
#3606 = EDGE_CURVE('',#3598,#3607,#3609,.T.);
#3607 = VERTEX_POINT('',#3608);
#3608 = CARTESIAN_POINT('',(-0.105972018175,-0.191310623725,
    -0.709073728901));
#3609 = B_SPLINE_CURVE_WITH_KNOTS('',3,(#3610,#3611,#3612,#3613,#3614,
    #3615,#3616,#3617,#3618,#3619,#3620,#3621,#3622,#3623),
  .UNSPECIFIED.,.F.,.F.,(4,2,2,2,2,2,4),(-7.690458609088E-02,
    -7.6243576514E-02,-6.859101236906E-02,-6.093844822411E-02,
    -5.334852743987E-02,-4.575860665562E-02,-4.497452681983E-02),
  .UNSPECIFIED.);
#3610 = CARTESIAN_POINT('',(-0.105972018175,-0.483125505381,
    -0.709073728901));
#3611 = CARTESIAN_POINT('',(-0.107548580522,-0.481647478181,
    -0.708530404184));
#3612 = CARTESIAN_POINT('',(-0.109093252893,-0.480151316534,
    -0.707992186668));
#3613 = CARTESIAN_POINT('',(-0.128108494375,-0.461136075051,
    -0.701299558491));
#3614 = CARTESIAN_POINT('',(-0.143469710297,-0.438894664842,
    -0.695097278472));
#3615 = CARTESIAN_POINT('',(-0.16400186499,-0.389691577982,
    -0.686439813326));
#3616 = CARTESIAN_POINT('',(-0.169183792399,-0.362726611703,
    -0.684029446793));
#3617 = CARTESIAN_POINT('',(-0.169183792399,-0.311918328605,
    -0.684029446793));
#3618 = CARTESIAN_POINT('',(-0.164085195284,-0.285155769627,
    -0.686400162961));
#3619 = CARTESIAN_POINT('',(-0.143855560275,-0.236258516641,
    -0.694938399361));
#3620 = CARTESIAN_POINT('',(-0.128714066397,-0.214120572988,
    -0.701062477224));
#3621 = CARTESIAN_POINT('',(-0.109674196083,-0.194849245517,
    -0.707789554531));
#3622 = CARTESIAN_POINT('',(-0.10784539617,-0.193066915595,
    -0.708428113731));
#3623 = CARTESIAN_POINT('',(-0.105972018175,-0.191310623725,
    -0.709073728901));
#3624 = ORIENTED_EDGE('',*,*,#3625,.F.);
#3625 = EDGE_CURVE('',#3626,#3607,#3628,.T.);
#3626 = VERTEX_POINT('',#3627);
#3627 = CARTESIAN_POINT('',(0.382758774725,0.266874494619,
    -0.709073728901));
#3628 = ELLIPSE('',#3629,1.02804900935,0.75);
#3629 = AXIS2_PLACEMENT_3D('',#3630,#3631,#3632);
#3630 = CARTESIAN_POINT('',(0.138393378275,3.778193544716E-02,0.));
#3631 = DIRECTION('',(-0.683941128881,0.72953720414,0.));
#3632 = DIRECTION('',(0.72953720414,0.683941128881,0.));
#3633 = ORIENTED_EDGE('',*,*,#3634,.T.);
#3634 = EDGE_CURVE('',#3626,#3635,#3637,.T.);
#3635 = VERTEX_POINT('',#3636);
#3636 = CARTESIAN_POINT('',(0.382758774725,0.558689376275,
    -0.709073728901));
#3637 = B_SPLINE_CURVE_WITH_KNOTS('',3,(#3638,#3639,#3640,#3641,#3642,
    #3643,#3644,#3645,#3646,#3647,#3648,#3649,#3650,#3651,#3652),
  .UNSPECIFIED.,.F.,.F.,(4,2,2,3,2,2,4),(-1.596392140428E-02,
    -1.517984156849E-02,-7.589920784245E-03,0.,7.589920784245E-03,
    1.517984156849E-02,1.596392140428E-02),.UNSPECIFIED.);
#3638 = CARTESIAN_POINT('',(0.382758774725,0.266874494619,
    -0.709073728901));
#3639 = CARTESIAN_POINT('',(0.384632152719,0.268630786489,
    -0.708428113731));
#3640 = CARTESIAN_POINT('',(0.386460952632,0.270413116412,
    -0.707789554531));
#3641 = CARTESIAN_POINT('',(0.405500822946,0.289684443882,
    -0.701062477224));
#3642 = CARTESIAN_POINT('',(0.420642316824,0.311822387535,
    -0.694938399361));
#3643 = CARTESIAN_POINT('',(0.440871951833,0.360719640521,
    -0.686400162961));
#3644 = CARTESIAN_POINT('',(0.445970548948,0.3874821995,-0.684029446793)
  );
#3645 = CARTESIAN_POINT('',(0.445970548948,0.412781935447,
    -0.684029446793));
#3646 = CARTESIAN_POINT('',(0.445970548948,0.438081671395,
    -0.684029446793));
#3647 = CARTESIAN_POINT('',(0.440871951833,0.464844230373,
    -0.686400162961));
#3648 = CARTESIAN_POINT('',(0.420642316824,0.513741483359,
    -0.694938399361));
#3649 = CARTESIAN_POINT('',(0.405500822946,0.535879427012,
    -0.701062477224));
#3650 = CARTESIAN_POINT('',(0.386460952632,0.555150754483,
    -0.707789554531));
#3651 = CARTESIAN_POINT('',(0.384632152719,0.556933084405,
    -0.708428113731));
#3652 = CARTESIAN_POINT('',(0.382758774725,0.558689376275,
    -0.709073728901));
#3653 = ORIENTED_EDGE('',*,*,#3654,.F.);
#3654 = EDGE_CURVE('',#3655,#3635,#3657,.T.);
#3655 = VERTEX_POINT('',#3656);
#3656 = CARTESIAN_POINT('',(-0.105972018175,1.016874494619,
    -0.709073728901));
#3657 = ELLIPSE('',#3658,1.02804900935,0.75);
#3658 = AXIS2_PLACEMENT_3D('',#3659,#3660,#3661);
#3659 = CARTESIAN_POINT('',(0.138393378275,0.787781935447,0.));
#3660 = DIRECTION('',(-0.683941128881,-0.72953720414,0.));
#3661 = DIRECTION('',(0.72953720414,-0.683941128881,0.));
#3662 = ORIENTED_EDGE('',*,*,#3663,.T.);
#3663 = EDGE_CURVE('',#3655,#3664,#3666,.T.);
#3664 = VERTEX_POINT('',#3665);
#3665 = CARTESIAN_POINT('',(-0.105972018175,1.308689376275,
    -0.709073728901));
#3666 = B_SPLINE_CURVE_WITH_KNOTS('',3,(#3667,#3668,#3669,#3670,#3671,
    #3672,#3673,#3674,#3675,#3676,#3677,#3678,#3679,#3680),
  .UNSPECIFIED.,.F.,.F.,(4,2,2,2,2,2,4),(-7.690276732781E-02,
    -7.611868749202E-02,-6.852876670778E-02,-6.093884592353E-02,
    -5.328628177859E-02,-4.563371763365E-02,-4.497270805677E-02),
  .UNSPECIFIED.);
#3667 = CARTESIAN_POINT('',(-0.105972018175,1.016874494619,
    -0.709073728901));
#3668 = CARTESIAN_POINT('',(-0.10784539617,1.018630786489,
    -0.708428113731));
#3669 = CARTESIAN_POINT('',(-0.109674196083,1.020413116412,
    -0.707789554531));
#3670 = CARTESIAN_POINT('',(-0.128714066397,1.039684443882,
    -0.701062477224));
#3671 = CARTESIAN_POINT('',(-0.143855560275,1.061822387535,
    -0.694938399361));
#3672 = CARTESIAN_POINT('',(-0.164085195284,1.110719640521,
    -0.686400162961));
#3673 = CARTESIAN_POINT('',(-0.169183792399,1.1374821995,-0.684029446793
    ));
#3674 = CARTESIAN_POINT('',(-0.169183792399,1.188290482597,
    -0.684029446793));
#3675 = CARTESIAN_POINT('',(-0.16400186499,1.215255448877,
    -0.686439813326));
#3676 = CARTESIAN_POINT('',(-0.143469710297,1.264458535736,
    -0.695097278472));
#3677 = CARTESIAN_POINT('',(-0.128108494375,1.286699945946,
    -0.701299558491));
#3678 = CARTESIAN_POINT('',(-0.109093252893,1.305715187428,
    -0.707992186668));
#3679 = CARTESIAN_POINT('',(-0.107548580522,1.307211349075,
    -0.708530404184));
#3680 = CARTESIAN_POINT('',(-0.105972018175,1.308689376275,
    -0.709073728901));
#3681 = ORIENTED_EDGE('',*,*,#3682,.F.);
#3682 = EDGE_CURVE('',#3683,#3664,#3685,.T.);
#3683 = VERTEX_POINT('',#3684);
#3684 = CARTESIAN_POINT('',(0.382758774725,1.766874494619,
    -0.709073728901));
#3685 = ELLIPSE('',#3686,1.02804900935,0.75);
#3686 = AXIS2_PLACEMENT_3D('',#3687,#3688,#3689);
#3687 = CARTESIAN_POINT('',(0.138393378275,1.537781935447,0.));
#3688 = DIRECTION('',(-0.683941128881,0.72953720414,0.));
#3689 = DIRECTION('',(0.72953720414,0.683941128881,0.));
#3690 = ORIENTED_EDGE('',*,*,#3691,.T.);
#3691 = EDGE_CURVE('',#3683,#3692,#3694,.T.);
#3692 = VERTEX_POINT('',#3693);
#3693 = CARTESIAN_POINT('',(0.382758774725,2.058689376275,
    -0.709073728901));
#3694 = B_SPLINE_CURVE_WITH_KNOTS('',3,(#3695,#3696,#3697,#3698,#3699,
    #3700,#3701,#3702,#3703,#3704,#3705,#3706,#3707,#3708,#3709),
  .UNSPECIFIED.,.F.,.F.,(4,2,2,3,2,2,4),(-1.596613786676E-02,
    -1.530512828988E-02,-7.652564144941E-03,0.,7.589920784245E-03,
    1.517984156849E-02,1.596392140428E-02),.UNSPECIFIED.);
#3695 = CARTESIAN_POINT('',(0.382758774725,1.766874494619,
    -0.709073728901));
#3696 = CARTESIAN_POINT('',(0.384335337071,1.768352521819,
    -0.708530404184));
#3697 = CARTESIAN_POINT('',(0.385880009442,1.769848683466,
    -0.707992186668));
#3698 = CARTESIAN_POINT('',(0.404895250924,1.788863924949,
    -0.701299558491));
#3699 = CARTESIAN_POINT('',(0.420256466847,1.811105335158,
    -0.695097278472));
#3700 = CARTESIAN_POINT('',(0.44078862154,1.860308422018,-0.686439813326
    ));
#3701 = CARTESIAN_POINT('',(0.445970548948,1.887273388297,
    -0.684029446793));
#3702 = CARTESIAN_POINT('',(0.445970548948,1.912781935447,
    -0.684029446793));
#3703 = CARTESIAN_POINT('',(0.445970548948,1.938081671395,
    -0.684029446793));
#3704 = CARTESIAN_POINT('',(0.440871951833,1.964844230373,
    -0.686400162961));
#3705 = CARTESIAN_POINT('',(0.420642316824,2.013741483359,
    -0.694938399361));
#3706 = CARTESIAN_POINT('',(0.405500822946,2.035879427012,
    -0.701062477224));
#3707 = CARTESIAN_POINT('',(0.386460952632,2.055150754483,
    -0.707789554531));
#3708 = CARTESIAN_POINT('',(0.384632152719,2.056933084405,
    -0.708428113731));
#3709 = CARTESIAN_POINT('',(0.382758774725,2.058689376275,
    -0.709073728901));
#3710 = ORIENTED_EDGE('',*,*,#3711,.F.);
#3711 = EDGE_CURVE('',#3712,#3692,#3714,.T.);
#3712 = VERTEX_POINT('',#3713);
#3713 = CARTESIAN_POINT('',(-0.105972018175,2.516874494619,
    -0.709073728901));
#3714 = ELLIPSE('',#3715,1.02804900935,0.75);
#3715 = AXIS2_PLACEMENT_3D('',#3716,#3717,#3718);
#3716 = CARTESIAN_POINT('',(0.138393378275,2.287781935447,0.));
#3717 = DIRECTION('',(-0.683941128881,-0.72953720414,0.));
#3718 = DIRECTION('',(0.72953720414,-0.683941128881,0.));
#3719 = ORIENTED_EDGE('',*,*,#3720,.T.);
#3720 = EDGE_CURVE('',#3712,#3721,#3723,.T.);
#3721 = VERTEX_POINT('',#3722);
#3722 = CARTESIAN_POINT('',(-0.105972018175,2.808689376275,
    -0.709073728901));
#3723 = B_SPLINE_CURVE_WITH_KNOTS('',3,(#3724,#3725,#3726,#3727,#3728,
    #3729,#3730,#3731,#3732,#3733,#3734,#3735,#3736,#3737),
  .UNSPECIFIED.,.F.,.F.,(4,2,2,2,2,2,4),(-7.69023696284E-02,
    -7.61182897926E-02,-6.852836900836E-02,-6.093844822411E-02,
    -5.334852743987E-02,-4.575860665562E-02,-4.497452681983E-02),
  .UNSPECIFIED.);
#3724 = CARTESIAN_POINT('',(-0.105972018175,2.516874494619,
    -0.709073728901));
#3725 = CARTESIAN_POINT('',(-0.10784539617,2.518630786489,
    -0.708428113731));
#3726 = CARTESIAN_POINT('',(-0.109674196083,2.520413116412,
    -0.707789554531));
#3727 = CARTESIAN_POINT('',(-0.128714066397,2.539684443882,
    -0.701062477224));
#3728 = CARTESIAN_POINT('',(-0.143855560275,2.561822387535,
    -0.694938399361));
#3729 = CARTESIAN_POINT('',(-0.164085195284,2.610719640521,
    -0.686400162961));
#3730 = CARTESIAN_POINT('',(-0.169183792399,2.6374821995,-0.684029446793
    ));
#3731 = CARTESIAN_POINT('',(-0.169183792399,2.688081671395,
    -0.684029446793));
#3732 = CARTESIAN_POINT('',(-0.164085195284,2.714844230373,
    -0.686400162961));
#3733 = CARTESIAN_POINT('',(-0.143855560275,2.763741483359,
    -0.694938399361));
#3734 = CARTESIAN_POINT('',(-0.128714066397,2.785879427012,
    -0.701062477224));
#3735 = CARTESIAN_POINT('',(-0.109674196083,2.805150754483,
    -0.707789554531));
#3736 = CARTESIAN_POINT('',(-0.10784539617,2.806933084405,
    -0.708428113731));
#3737 = CARTESIAN_POINT('',(-0.105972018175,2.808689376275,
    -0.709073728901));
#3738 = ORIENTED_EDGE('',*,*,#3739,.F.);
#3739 = EDGE_CURVE('',#3740,#3721,#3742,.T.);
#3740 = VERTEX_POINT('',#3741);
#3741 = CARTESIAN_POINT('',(0.382758774725,3.266874494619,
    -0.709073728901));
#3742 = ELLIPSE('',#3743,1.02804900935,0.75);
#3743 = AXIS2_PLACEMENT_3D('',#3744,#3745,#3746);
#3744 = CARTESIAN_POINT('',(0.138393378275,3.037781935447,0.));
#3745 = DIRECTION('',(-0.683941128881,0.72953720414,0.));
#3746 = DIRECTION('',(0.72953720414,0.683941128881,0.));
#3747 = ORIENTED_EDGE('',*,*,#3748,.T.);
#3748 = EDGE_CURVE('',#3740,#3749,#3751,.T.);
#3749 = VERTEX_POINT('',#3750);
#3750 = CARTESIAN_POINT('',(0.382758774725,3.558689376275,
    -0.709073728901));
#3751 = B_SPLINE_CURVE_WITH_KNOTS('',3,(#3752,#3753,#3754,#3755,#3756,
    #3757,#3758,#3759,#3760,#3761,#3762,#3763,#3764,#3765,#3766),
  .UNSPECIFIED.,.F.,.F.,(4,2,2,3,2,2,4),(-1.596392140428E-02,
    -1.517984156849E-02,-7.589920784245E-03,0.,7.589920784245E-03,
    1.517984156849E-02,1.596392140428E-02),.UNSPECIFIED.);
#3752 = CARTESIAN_POINT('',(0.382758774725,3.266874494619,
    -0.709073728901));
#3753 = CARTESIAN_POINT('',(0.384632152719,3.268630786489,
    -0.708428113731));
#3754 = CARTESIAN_POINT('',(0.386460952632,3.270413116412,
    -0.707789554531));
#3755 = CARTESIAN_POINT('',(0.405500822946,3.289684443882,
    -0.701062477224));
#3756 = CARTESIAN_POINT('',(0.420642316824,3.311822387535,
    -0.694938399361));
#3757 = CARTESIAN_POINT('',(0.440871951833,3.360719640521,
    -0.686400162961));
#3758 = CARTESIAN_POINT('',(0.445970548948,3.3874821995,-0.684029446793)
  );
#3759 = CARTESIAN_POINT('',(0.445970548948,3.412781935447,
    -0.684029446793));
#3760 = CARTESIAN_POINT('',(0.445970548948,3.438081671395,
    -0.684029446793));
#3761 = CARTESIAN_POINT('',(0.440871951833,3.464844230373,
    -0.686400162961));
#3762 = CARTESIAN_POINT('',(0.420642316824,3.513741483359,
    -0.694938399361));
#3763 = CARTESIAN_POINT('',(0.405500822946,3.535879427012,
    -0.701062477224));
#3764 = CARTESIAN_POINT('',(0.386460952632,3.555150754483,
    -0.707789554531));
#3765 = CARTESIAN_POINT('',(0.384632152719,3.556933084405,
    -0.708428113731));
#3766 = CARTESIAN_POINT('',(0.382758774725,3.558689376275,
    -0.709073728901));
#3767 = ORIENTED_EDGE('',*,*,#3768,.F.);
#3768 = EDGE_CURVE('',#3769,#3749,#3771,.T.);
#3769 = VERTEX_POINT('',#3770);
#3770 = CARTESIAN_POINT('',(-0.105972018175,4.016874494619,
    -0.709073728901));
#3771 = ELLIPSE('',#3772,1.02804900935,0.75);
#3772 = AXIS2_PLACEMENT_3D('',#3773,#3774,#3775);
#3773 = CARTESIAN_POINT('',(0.138393378275,3.787781935447,0.));
#3774 = DIRECTION('',(-0.683941128881,-0.72953720414,0.));
#3775 = DIRECTION('',(0.72953720414,-0.683941128881,0.));
#3776 = ORIENTED_EDGE('',*,*,#3777,.T.);
#3777 = EDGE_CURVE('',#3769,#3778,#3780,.T.);
#3778 = VERTEX_POINT('',#3779);
#3779 = CARTESIAN_POINT('',(-0.105972018175,4.308689376275,
    -0.709073728901));
#3780 = B_SPLINE_CURVE_WITH_KNOTS('',3,(#3781,#3782,#3783,#3784,#3785,
    #3786,#3787,#3788,#3789,#3790,#3791,#3792,#3793,#3794),
  .UNSPECIFIED.,.F.,.F.,(4,2,2,2,2,2,4),(-7.69023696284E-02,
    -7.61182897926E-02,-6.852836900836E-02,-6.093844822411E-02,
    -5.334852743987E-02,-4.575860665562E-02,-4.497452681983E-02),
  .UNSPECIFIED.);
#3781 = CARTESIAN_POINT('',(-0.105972018175,4.016874494619,
    -0.709073728901));
#3782 = CARTESIAN_POINT('',(-0.10784539617,4.018630786489,
    -0.708428113731));
#3783 = CARTESIAN_POINT('',(-0.109674196083,4.020413116412,
    -0.707789554531));
#3784 = CARTESIAN_POINT('',(-0.128714066397,4.039684443882,
    -0.701062477224));
#3785 = CARTESIAN_POINT('',(-0.143855560275,4.061822387535,
    -0.694938399361));
#3786 = CARTESIAN_POINT('',(-0.164085195284,4.110719640521,
    -0.686400162961));
#3787 = CARTESIAN_POINT('',(-0.169183792399,4.1374821995,-0.684029446793
    ));
#3788 = CARTESIAN_POINT('',(-0.169183792399,4.188081671395,
    -0.684029446793));
#3789 = CARTESIAN_POINT('',(-0.164085195284,4.214844230373,
    -0.686400162961));
#3790 = CARTESIAN_POINT('',(-0.143855560275,4.263741483359,
    -0.694938399361));
#3791 = CARTESIAN_POINT('',(-0.128714066397,4.285879427012,
    -0.701062477224));
#3792 = CARTESIAN_POINT('',(-0.109674196083,4.305150754483,
    -0.707789554531));
#3793 = CARTESIAN_POINT('',(-0.10784539617,4.306933084405,
    -0.708428113731));
#3794 = CARTESIAN_POINT('',(-0.105972018175,4.308689376275,
    -0.709073728901));
#3795 = ORIENTED_EDGE('',*,*,#3796,.F.);
#3796 = EDGE_CURVE('',#3797,#3778,#3799,.T.);
#3797 = VERTEX_POINT('',#3798);
#3798 = CARTESIAN_POINT('',(0.382758774725,4.766874494619,
    -0.709073728901));
#3799 = ELLIPSE('',#3800,1.02804900935,0.75);
#3800 = AXIS2_PLACEMENT_3D('',#3801,#3802,#3803);
#3801 = CARTESIAN_POINT('',(0.138393378275,4.537781935447,0.));
#3802 = DIRECTION('',(-0.683941128881,0.72953720414,0.));
#3803 = DIRECTION('',(0.72953720414,0.683941128881,0.));
#3804 = ORIENTED_EDGE('',*,*,#3805,.T.);
#3805 = EDGE_CURVE('',#3797,#3806,#3808,.T.);
#3806 = VERTEX_POINT('',#3807);
#3807 = CARTESIAN_POINT('',(0.382758774725,5.058689376275,
    -0.709073728901));
#3808 = B_SPLINE_CURVE_WITH_KNOTS('',3,(#3809,#3810,#3811,#3812,#3813,
    #3814,#3815,#3816,#3817,#3818,#3819,#3820,#3821,#3822,#3823),
  .UNSPECIFIED.,.F.,.F.,(4,2,2,3,2,2,4),(-1.596392140428E-02,
    -1.517984156849E-02,-7.589920784245E-03,0.,7.589920784245E-03,
    1.517984156849E-02,1.596392140428E-02),.UNSPECIFIED.);
#3809 = CARTESIAN_POINT('',(0.382758774725,4.766874494619,
    -0.709073728901));
#3810 = CARTESIAN_POINT('',(0.384632152719,4.768630786489,
    -0.708428113731));
#3811 = CARTESIAN_POINT('',(0.386460952632,4.770413116412,
    -0.707789554531));
#3812 = CARTESIAN_POINT('',(0.405500822946,4.789684443882,
    -0.701062477224));
#3813 = CARTESIAN_POINT('',(0.420642316824,4.811822387535,
    -0.694938399361));
#3814 = CARTESIAN_POINT('',(0.440871951833,4.860719640521,
    -0.686400162961));
#3815 = CARTESIAN_POINT('',(0.445970548948,4.8874821995,-0.684029446793)
  );
#3816 = CARTESIAN_POINT('',(0.445970548948,4.912781935447,
    -0.684029446793));
#3817 = CARTESIAN_POINT('',(0.445970548948,4.938081671395,
    -0.684029446793));
#3818 = CARTESIAN_POINT('',(0.440871951833,4.964844230373,
    -0.686400162961));
#3819 = CARTESIAN_POINT('',(0.420642316824,5.013741483359,
    -0.694938399361));
#3820 = CARTESIAN_POINT('',(0.405500822946,5.035879427012,
    -0.701062477224));
#3821 = CARTESIAN_POINT('',(0.386460952632,5.055150754483,
    -0.707789554531));
#3822 = CARTESIAN_POINT('',(0.384632152719,5.056933084405,
    -0.708428113731));
#3823 = CARTESIAN_POINT('',(0.382758774725,5.058689376275,
    -0.709073728901));
#3824 = ORIENTED_EDGE('',*,*,#3825,.F.);
#3825 = EDGE_CURVE('',#3826,#3806,#3828,.T.);
#3826 = VERTEX_POINT('',#3827);
#3827 = CARTESIAN_POINT('',(-0.105972018175,5.516874494619,
    -0.709073728901));
#3828 = ELLIPSE('',#3829,1.02804900935,0.75);
#3829 = AXIS2_PLACEMENT_3D('',#3830,#3831,#3832);
#3830 = CARTESIAN_POINT('',(0.138393378275,5.287781935447,0.));
#3831 = DIRECTION('',(-0.683941128881,-0.72953720414,0.));
#3832 = DIRECTION('',(0.72953720414,-0.683941128881,0.));
#3833 = ORIENTED_EDGE('',*,*,#3834,.T.);
#3834 = EDGE_CURVE('',#3826,#3835,#3837,.T.);
#3835 = VERTEX_POINT('',#3836);
#3836 = CARTESIAN_POINT('',(-0.105972018175,5.808689376275,
    -0.709073728901));
#3837 = B_SPLINE_CURVE_WITH_KNOTS('',3,(#3838,#3839,#3840,#3841,#3842,
    #3843,#3844,#3845,#3846,#3847,#3848,#3849,#3850,#3851),
  .UNSPECIFIED.,.F.,.F.,(4,2,2,2,2,2,4),(-7.69023696284E-02,
    -7.61182897926E-02,-6.852836900836E-02,-6.093844822411E-02,
    -5.334852743987E-02,-4.575860665562E-02,-4.497452681983E-02),
  .UNSPECIFIED.);
#3838 = CARTESIAN_POINT('',(-0.105972018175,5.516874494619,
    -0.709073728901));
#3839 = CARTESIAN_POINT('',(-0.10784539617,5.518630786489,
    -0.708428113731));
#3840 = CARTESIAN_POINT('',(-0.109674196083,5.520413116412,
    -0.707789554531));
#3841 = CARTESIAN_POINT('',(-0.128714066397,5.539684443882,
    -0.701062477224));
#3842 = CARTESIAN_POINT('',(-0.143855560275,5.561822387535,
    -0.694938399361));
#3843 = CARTESIAN_POINT('',(-0.164085195284,5.610719640521,
    -0.686400162961));
#3844 = CARTESIAN_POINT('',(-0.169183792399,5.6374821995,-0.684029446793
    ));
#3845 = CARTESIAN_POINT('',(-0.169183792399,5.688081671395,
    -0.684029446793));
#3846 = CARTESIAN_POINT('',(-0.164085195284,5.714844230373,
    -0.686400162961));
#3847 = CARTESIAN_POINT('',(-0.143855560275,5.763741483359,
    -0.694938399361));
#3848 = CARTESIAN_POINT('',(-0.128714066397,5.785879427012,
    -0.701062477224));
#3849 = CARTESIAN_POINT('',(-0.109674196083,5.805150754483,
    -0.707789554531));
#3850 = CARTESIAN_POINT('',(-0.10784539617,5.806933084405,
    -0.708428113731));
#3851 = CARTESIAN_POINT('',(-0.105972018175,5.808689376275,
    -0.709073728901));
#3852 = ORIENTED_EDGE('',*,*,#3853,.F.);
#3853 = EDGE_CURVE('',#3854,#3835,#3856,.T.);
#3854 = VERTEX_POINT('',#3855);
#3855 = CARTESIAN_POINT('',(0.382758774725,6.266874494619,
    -0.709073728901));
#3856 = ELLIPSE('',#3857,1.02804900935,0.75);
#3857 = AXIS2_PLACEMENT_3D('',#3858,#3859,#3860);
#3858 = CARTESIAN_POINT('',(0.138393378275,6.037781935447,0.));
#3859 = DIRECTION('',(-0.683941128881,0.72953720414,0.));
#3860 = DIRECTION('',(0.72953720414,0.683941128881,0.));
#3861 = ORIENTED_EDGE('',*,*,#3862,.T.);
#3862 = EDGE_CURVE('',#3854,#3863,#3865,.T.);
#3863 = VERTEX_POINT('',#3864);
#3864 = CARTESIAN_POINT('',(0.382758774725,6.558689376275,
    -0.709073728901));
#3865 = B_SPLINE_CURVE_WITH_KNOTS('',3,(#3866,#3867,#3868,#3869,#3870,
    #3871,#3872,#3873,#3874,#3875,#3876,#3877,#3878,#3879,#3880),
  .UNSPECIFIED.,.F.,.F.,(4,2,2,3,2,2,4),(-1.596392140428E-02,
    -1.517984156849E-02,-7.589920784245E-03,0.,7.589920784245E-03,
    1.517984156849E-02,1.596392140428E-02),.UNSPECIFIED.);
#3866 = CARTESIAN_POINT('',(0.382758774725,6.266874494619,
    -0.709073728901));
#3867 = CARTESIAN_POINT('',(0.384632152719,6.268630786489,
    -0.708428113731));
#3868 = CARTESIAN_POINT('',(0.386460952632,6.270413116412,
    -0.707789554531));
#3869 = CARTESIAN_POINT('',(0.405500822946,6.289684443882,
    -0.701062477224));
#3870 = CARTESIAN_POINT('',(0.420642316824,6.311822387535,
    -0.694938399361));
#3871 = CARTESIAN_POINT('',(0.440871951833,6.360719640521,
    -0.686400162961));
#3872 = CARTESIAN_POINT('',(0.445970548948,6.3874821995,-0.684029446793)
  );
#3873 = CARTESIAN_POINT('',(0.445970548948,6.412781935447,
    -0.684029446793));
#3874 = CARTESIAN_POINT('',(0.445970548948,6.438081671395,
    -0.684029446793));
#3875 = CARTESIAN_POINT('',(0.440871951833,6.464844230373,
    -0.686400162961));
#3876 = CARTESIAN_POINT('',(0.420642316824,6.513741483359,
    -0.694938399361));
#3877 = CARTESIAN_POINT('',(0.405500822946,6.535879427012,
    -0.701062477224));
#3878 = CARTESIAN_POINT('',(0.386460952632,6.555150754483,
    -0.707789554531));
#3879 = CARTESIAN_POINT('',(0.384632152719,6.556933084405,
    -0.708428113731));
#3880 = CARTESIAN_POINT('',(0.382758774725,6.558689376275,
    -0.709073728901));
#3881 = ORIENTED_EDGE('',*,*,#3882,.F.);
#3882 = EDGE_CURVE('',#3883,#3863,#3885,.T.);
#3883 = VERTEX_POINT('',#3884);
#3884 = CARTESIAN_POINT('',(-0.105972018175,7.016874494619,
    -0.709073728901));
#3885 = ELLIPSE('',#3886,1.02804900935,0.75);
#3886 = AXIS2_PLACEMENT_3D('',#3887,#3888,#3889);
#3887 = CARTESIAN_POINT('',(0.138393378275,6.787781935447,0.));
#3888 = DIRECTION('',(-0.683941128881,-0.72953720414,0.));
#3889 = DIRECTION('',(0.72953720414,-0.683941128881,0.));
#3890 = ORIENTED_EDGE('',*,*,#3891,.T.);
#3891 = EDGE_CURVE('',#3883,#3892,#3894,.T.);
#3892 = VERTEX_POINT('',#3893);
#3893 = CARTESIAN_POINT('',(-0.105972018175,7.308689376275,
    -0.709073728901));
#3894 = B_SPLINE_CURVE_WITH_KNOTS('',3,(#3895,#3896,#3897,#3898,#3899,
    #3900,#3901,#3902,#3903,#3904,#3905,#3906,#3907,#3908),
  .UNSPECIFIED.,.F.,.F.,(4,2,2,2,2,2,4),(-7.69023696284E-02,
    -7.61182897926E-02,-6.852836900836E-02,-6.093844822411E-02,
    -5.334852743987E-02,-4.575860665562E-02,-4.497452681983E-02),
  .UNSPECIFIED.);
#3895 = CARTESIAN_POINT('',(-0.105972018175,7.016874494619,
    -0.709073728901));
#3896 = CARTESIAN_POINT('',(-0.10784539617,7.018630786489,
    -0.708428113731));
#3897 = CARTESIAN_POINT('',(-0.109674196083,7.020413116412,
    -0.707789554531));
#3898 = CARTESIAN_POINT('',(-0.128714066397,7.039684443882,
    -0.701062477224));
#3899 = CARTESIAN_POINT('',(-0.143855560275,7.061822387535,
    -0.694938399361));
#3900 = CARTESIAN_POINT('',(-0.164085195284,7.110719640521,
    -0.686400162961));
#3901 = CARTESIAN_POINT('',(-0.169183792399,7.1374821995,-0.684029446793
    ));
#3902 = CARTESIAN_POINT('',(-0.169183792399,7.188081671395,
    -0.684029446793));
#3903 = CARTESIAN_POINT('',(-0.164085195284,7.214844230373,
    -0.686400162961));
#3904 = CARTESIAN_POINT('',(-0.143855560275,7.263741483359,
    -0.694938399361));
#3905 = CARTESIAN_POINT('',(-0.128714066397,7.285879427012,
    -0.701062477224));
#3906 = CARTESIAN_POINT('',(-0.109674196083,7.305150754483,
    -0.707789554531));
#3907 = CARTESIAN_POINT('',(-0.10784539617,7.306933084405,
    -0.708428113731));
#3908 = CARTESIAN_POINT('',(-0.105972018175,7.308689376275,
    -0.709073728901));
#3909 = ORIENTED_EDGE('',*,*,#3910,.F.);
#3910 = EDGE_CURVE('',#3911,#3892,#3913,.T.);
#3911 = VERTEX_POINT('',#3912);
#3912 = CARTESIAN_POINT('',(0.382758774725,7.766874494619,
    -0.709073728901));
#3913 = ELLIPSE('',#3914,1.02804900935,0.75);
#3914 = AXIS2_PLACEMENT_3D('',#3915,#3916,#3917);
#3915 = CARTESIAN_POINT('',(0.138393378275,7.537781935447,0.));
#3916 = DIRECTION('',(-0.683941128881,0.72953720414,0.));
#3917 = DIRECTION('',(0.72953720414,0.683941128881,0.));
#3918 = ORIENTED_EDGE('',*,*,#3919,.T.);
#3919 = EDGE_CURVE('',#3911,#3920,#3922,.T.);
#3920 = VERTEX_POINT('',#3921);
#3921 = CARTESIAN_POINT('',(0.382758774725,8.058689376275,
    -0.709073728901));
#3922 = B_SPLINE_CURVE_WITH_KNOTS('',3,(#3923,#3924,#3925,#3926,#3927,
    #3928,#3929,#3930,#3931,#3932,#3933,#3934,#3935,#3936,#3937),
  .UNSPECIFIED.,.F.,.F.,(4,2,2,3,2,2,4),(-1.596392140428E-02,
    -1.517984156849E-02,-7.589920784245E-03,0.,7.589920784245E-03,
    1.517984156849E-02,1.596392140428E-02),.UNSPECIFIED.);
#3923 = CARTESIAN_POINT('',(0.382758774725,7.766874494619,
    -0.709073728901));
#3924 = CARTESIAN_POINT('',(0.384632152719,7.768630786489,
    -0.708428113731));
#3925 = CARTESIAN_POINT('',(0.386460952632,7.770413116412,
    -0.707789554531));
#3926 = CARTESIAN_POINT('',(0.405500822946,7.789684443882,
    -0.701062477224));
#3927 = CARTESIAN_POINT('',(0.420642316824,7.811822387535,
    -0.694938399361));
#3928 = CARTESIAN_POINT('',(0.440871951833,7.860719640521,
    -0.686400162961));
#3929 = CARTESIAN_POINT('',(0.445970548948,7.8874821995,-0.684029446793)
  );
#3930 = CARTESIAN_POINT('',(0.445970548948,7.912781935447,
    -0.684029446793));
#3931 = CARTESIAN_POINT('',(0.445970548948,7.938081671395,
    -0.684029446793));
#3932 = CARTESIAN_POINT('',(0.440871951833,7.964844230373,
    -0.686400162961));
#3933 = CARTESIAN_POINT('',(0.420642316824,8.013741483359,
    -0.694938399361));
#3934 = CARTESIAN_POINT('',(0.405500822946,8.035879427012,
    -0.701062477224));
#3935 = CARTESIAN_POINT('',(0.386460952632,8.055150754483,
    -0.707789554531));
#3936 = CARTESIAN_POINT('',(0.384632152719,8.056933084405,
    -0.708428113731));
#3937 = CARTESIAN_POINT('',(0.382758774725,8.058689376275,
    -0.709073728901));
#3938 = ORIENTED_EDGE('',*,*,#3939,.F.);
#3939 = EDGE_CURVE('',#3940,#3920,#3942,.T.);
#3940 = VERTEX_POINT('',#3941);
#3941 = CARTESIAN_POINT('',(-0.105972018175,8.516874494619,
    -0.709073728901));
#3942 = ELLIPSE('',#3943,1.02804900935,0.75);
#3943 = AXIS2_PLACEMENT_3D('',#3944,#3945,#3946);
#3944 = CARTESIAN_POINT('',(0.138393378275,8.287781935447,0.));
#3945 = DIRECTION('',(-0.683941128881,-0.72953720414,0.));
#3946 = DIRECTION('',(0.72953720414,-0.683941128881,0.));
#3947 = ORIENTED_EDGE('',*,*,#3948,.T.);
#3948 = EDGE_CURVE('',#3940,#3075,#3949,.T.);
#3949 = B_SPLINE_CURVE_WITH_KNOTS('',3,(#3950,#3951,#3952,#3953,#3954,
    #3955,#3956,#3957,#3958,#3959,#3960,#3961,#3962,#3963),
  .UNSPECIFIED.,.F.,.F.,(4,2,2,2,2,2,4),(-7.69023696284E-02,
    -7.61182897926E-02,-6.852836900836E-02,-6.093844822411E-02,
    -5.334852743987E-02,-4.575860665562E-02,-4.497452681983E-02),
  .UNSPECIFIED.);
#3950 = CARTESIAN_POINT('',(-0.105972018175,8.516874494619,
    -0.709073728901));
#3951 = CARTESIAN_POINT('',(-0.10784539617,8.518630786489,
    -0.708428113731));
#3952 = CARTESIAN_POINT('',(-0.109674196083,8.520413116412,
    -0.707789554531));
#3953 = CARTESIAN_POINT('',(-0.128714066397,8.539684443882,
    -0.701062477224));
#3954 = CARTESIAN_POINT('',(-0.143855560275,8.561822387535,
    -0.694938399361));
#3955 = CARTESIAN_POINT('',(-0.164085195284,8.610719640521,
    -0.686400162961));
#3956 = CARTESIAN_POINT('',(-0.169183792399,8.6374821995,-0.684029446793
    ));
#3957 = CARTESIAN_POINT('',(-0.169183792399,8.688081671395,
    -0.684029446793));
#3958 = CARTESIAN_POINT('',(-0.164085195284,8.714844230373,
    -0.686400162961));
#3959 = CARTESIAN_POINT('',(-0.143855560275,8.763741483359,
    -0.694938399361));
#3960 = CARTESIAN_POINT('',(-0.128714066397,8.785879427012,
    -0.701062477224));
#3961 = CARTESIAN_POINT('',(-0.109674196083,8.805150754483,
    -0.707789554531));
#3962 = CARTESIAN_POINT('',(-0.10784539617,8.806933084405,
    -0.708428113731));
#3963 = CARTESIAN_POINT('',(-0.105972018175,8.808689376275,
    -0.709073728901));
#3964 = ORIENTED_EDGE('',*,*,#3082,.F.);
#3965 = ORIENTED_EDGE('',*,*,#3041,.T.);
#3966 = ORIENTED_EDGE('',*,*,#3967,.F.);
#3967 = EDGE_CURVE('',#3968,#3042,#3970,.T.);
#3968 = VERTEX_POINT('',#3969);
#3969 = CARTESIAN_POINT('',(-0.179077725507,8.808689376275,
    -0.679494001639));
#3970 = ELLIPSE('',#3971,1.02804900935,0.75);
#3971 = AXIS2_PLACEMENT_3D('',#3972,#3973,#3974);
#3972 = CARTESIAN_POINT('',(0.138393378275,9.10631853607,0.));
#3973 = DIRECTION('',(0.683941128881,-0.72953720414,0.));
#3974 = DIRECTION('',(0.72953720414,0.683941128881,0.));
#3975 = ORIENTED_EDGE('',*,*,#3976,.T.);
#3976 = EDGE_CURVE('',#3968,#3977,#3979,.T.);
#3977 = VERTEX_POINT('',#3978);
#3978 = CARTESIAN_POINT('',(-0.179077725507,8.516874494619,
    -0.679494001639));
#3979 = B_SPLINE_CURVE_WITH_KNOTS('',3,(#3980,#3981,#3982,#3983,#3984,
    #3985,#3986,#3987,#3988,#3989,#3990,#3991,#3992,#3993),
  .UNSPECIFIED.,.F.,.F.,(4,2,2,2,2,2,4),(-7.77748389416E-02,
    -7.682678601682E-02,-6.922206203352E-02,-6.161733805022E-02,
    -5.401261406692E-02,-4.640789008361E-02,-4.545983715884E-02),
  .UNSPECIFIED.);
#3980 = CARTESIAN_POINT('',(-0.179077725507,8.808689376275,
    -0.679494001639));
#3981 = CARTESIAN_POINT('',(-0.18129326733,8.806612305816,
    -0.678458862982));
#3982 = CARTESIAN_POINT('',(-0.183448018337,8.804497340673,
    -0.677438922337));
#3983 = CARTESIAN_POINT('',(-0.202317242152,8.785130390991,
    -0.668402808634));
#3984 = CARTESIAN_POINT('',(-0.217191318173,8.763289901435,
    -0.660433596988));
#3985 = CARTESIAN_POINT('',(-0.237168892092,8.714792454993,
    -0.649309388221));
#3986 = CARTESIAN_POINT('',(-0.242289499731,8.688131015392,
    -0.646204724831));
#3987 = CARTESIAN_POINT('',(-0.242289499731,8.637432855503,
    -0.646204724831));
#3988 = CARTESIAN_POINT('',(-0.237168892092,8.610771415901,
    -0.649309388221));
#3989 = CARTESIAN_POINT('',(-0.217191318173,8.562273969459,
    -0.660433596988));
#3990 = CARTESIAN_POINT('',(-0.202317242152,8.540433479903,
    -0.668402808634));
#3991 = CARTESIAN_POINT('',(-0.183448018337,8.521066530222,
    -0.677438922337));
#3992 = CARTESIAN_POINT('',(-0.18129326733,8.518951565079,
    -0.678458862982));
#3993 = CARTESIAN_POINT('',(-0.179077725507,8.516874494619,
    -0.679494001639));
#3994 = ORIENTED_EDGE('',*,*,#3995,.F.);
#3995 = EDGE_CURVE('',#3243,#3977,#3996,.T.);
#3996 = ELLIPSE('',#3997,1.02804900935,0.75);
#3997 = AXIS2_PLACEMENT_3D('',#3998,#3999,#4000);
#3998 = CARTESIAN_POINT('',(0.138393378275,8.219245334824,0.));
#3999 = DIRECTION('',(0.683941128881,0.72953720414,0.));
#4000 = DIRECTION('',(0.72953720414,-0.683941128881,0.));
#4001 = ORIENTED_EDGE('',*,*,#3250,.T.);
#4002 = CYLINDRICAL_SURFACE('',#4003,0.75);
#4003 = AXIS2_PLACEMENT_3D('',#4004,#4005,#4006);
#4004 = CARTESIAN_POINT('',(0.138393378275,4.412781935447,0.));
#4005 = DIRECTION('',(3.532528E-16,-1.,5.70205E-16));
#4006 = DIRECTION('',(1.,3.532528E-16,-2.01426512824E-31));
#4007 = ADVANCED_FACE('',(#4008),#4027,.T.);
#4008 = FACE_BOUND('',#4009,.T.);
#4009 = EDGE_LOOP('',(#4010,#4011,#4020,#4026));
#4010 = ORIENTED_EDGE('',*,*,#3242,.F.);
#4011 = ORIENTED_EDGE('',*,*,#4012,.F.);
#4012 = EDGE_CURVE('',#4013,#3223,#4015,.T.);
#4013 = VERTEX_POINT('',#4014);
#4014 = CARTESIAN_POINT('',(-0.179077725507,8.516874494619,
    -0.94826794645));
#4015 = ELLIPSE('',#4016,1.370732012466,1.);
#4016 = AXIS2_PLACEMENT_3D('',#4017,#4018,#4019);
#4017 = CARTESIAN_POINT('',(0.138393378275,8.219245334824,0.));
#4018 = DIRECTION('',(-0.683941128881,-0.72953720414,0.));
#4019 = DIRECTION('',(0.72953720414,-0.683941128881,0.));
#4020 = ORIENTED_EDGE('',*,*,#4021,.F.);
#4021 = EDGE_CURVE('',#3977,#4013,#4022,.T.);
#4022 = LINE('',#4023,#4024);
#4023 = CARTESIAN_POINT('',(-0.179077725507,8.516874494619,
    -0.679494001639));
#4024 = VECTOR('',#4025,1.);
#4025 = DIRECTION('',(0.,0.,-1.));
#4026 = ORIENTED_EDGE('',*,*,#3995,.F.);
#4027 = PLANE('',#4028);
#4028 = AXIS2_PLACEMENT_3D('',#4029,#4030,#4031);
#4029 = CARTESIAN_POINT('',(-0.334712329057,8.662781935447,0.));
#4030 = DIRECTION('',(0.683941128881,0.72953720414,0.));
#4031 = DIRECTION('',(0.,0.,-1.));
#4032 = ADVANCED_FACE('',(#4033),#4062,.F.);
#4033 = FACE_BOUND('',#4034,.F.);
#4034 = EDGE_LOOP('',(#4035,#4043,#4060,#4061));
#4035 = ORIENTED_EDGE('',*,*,#4036,.F.);
#4036 = EDGE_CURVE('',#4037,#3968,#4039,.T.);
#4037 = VERTEX_POINT('',#4038);
#4038 = CARTESIAN_POINT('',(-0.179077725507,8.808689376275,
    -0.94826794645));
#4039 = LINE('',#4040,#4041);
#4040 = CARTESIAN_POINT('',(-0.179077725507,8.808689376275,
    -0.94826794645));
#4041 = VECTOR('',#4042,1.);
#4042 = DIRECTION('',(0.,0.,1.));
#4043 = ORIENTED_EDGE('',*,*,#4044,.F.);
#4044 = EDGE_CURVE('',#4013,#4037,#4045,.T.);
#4045 = B_SPLINE_CURVE_WITH_KNOTS('',3,(#4046,#4047,#4048,#4049,#4050,
    #4051,#4052,#4053,#4054,#4055,#4056,#4057,#4058,#4059),
  .UNSPECIFIED.,.F.,.F.,(4,2,2,2,2,2,4),(4.50464759049E-02,
    4.584979465293E-02,5.341616642707E-02,6.09825382012E-02,
    6.854890997533E-02,7.611528174946E-02,7.69186004975E-02),
  .UNSPECIFIED.);
#4046 = CARTESIAN_POINT('',(-0.179077725507,8.516874494619,
    -0.94826794645));
#4047 = CARTESIAN_POINT('',(-0.181000498535,8.518677094333,
    -0.947624220298));
#4048 = CARTESIAN_POINT('',(-0.182876817633,8.520507599474,
    -0.946989542341));
#4049 = CARTESIAN_POINT('',(-0.201925103127,8.539826572309,
    -0.940486270354));
#4050 = CARTESIAN_POINT('',(-0.217042641554,8.561971849499,
    -0.934754615089));
#4051 = CARTESIAN_POINT('',(-0.237220421335,8.610838289352,
    -0.926849167947));
#4052 = CARTESIAN_POINT('',(-0.242289499731,8.6375606962,-0.924705653921
    ));
#4053 = CARTESIAN_POINT('',(-0.242289499731,8.688003174694,
    -0.924705653921));
#4054 = CARTESIAN_POINT('',(-0.237220421335,8.714725581543,
    -0.926849167947));
#4055 = CARTESIAN_POINT('',(-0.217042641554,8.763592021395,
    -0.934754615089));
#4056 = CARTESIAN_POINT('',(-0.201925103127,8.785737298586,
    -0.940486270354));
#4057 = CARTESIAN_POINT('',(-0.182876817633,8.805056271421,
    -0.946989542341));
#4058 = CARTESIAN_POINT('',(-0.181000498535,8.806886776562,
    -0.947624220298));
#4059 = CARTESIAN_POINT('',(-0.179077725507,8.808689376275,
    -0.94826794645));
#4060 = ORIENTED_EDGE('',*,*,#4021,.F.);
#4061 = ORIENTED_EDGE('',*,*,#3976,.F.);
#4062 = CYLINDRICAL_SURFACE('',#4063,0.2);
#4063 = AXIS2_PLACEMENT_3D('',#4064,#4065,#4066);
#4064 = CARTESIAN_POINT('',(-4.228949973077E-02,8.662781935447,
    -0.481674404393));
#4065 = DIRECTION('',(0.,0.,-1.));
#4066 = DIRECTION('',(-1.,0.,0.));
#4067 = ADVANCED_FACE('',(#4068),#4104,.T.);
#4068 = FACE_BOUND('',#4069,.T.);
#4069 = EDGE_LOOP('',(#4070,#4091,#4097,#4098));
#4070 = ORIENTED_EDGE('',*,*,#4071,.T.);
#4071 = EDGE_CURVE('',#4072,#4074,#4076,.T.);
#4072 = VERTEX_POINT('',#4073);
#4073 = CARTESIAN_POINT('',(-0.105972018175,7.308689376275,
    -0.969683223026));
#4074 = VERTEX_POINT('',#4075);
#4075 = CARTESIAN_POINT('',(-0.105972018175,7.016874494619,
    -0.969683223026));
#4076 = B_SPLINE_CURVE_WITH_KNOTS('',3,(#4077,#4078,#4079,#4080,#4081,
    #4082,#4083,#4084,#4085,#4086,#4087,#4088,#4089,#4090),
  .UNSPECIFIED.,.F.,.F.,(4,2,2,2,2,2,4),(4.478849309994E-02,
    4.550739170809E-02,5.30698098872E-02,6.063222806632E-02,
    6.819464624543E-02,7.575706442454E-02,7.647596303269E-02),
  .UNSPECIFIED.);
#4077 = CARTESIAN_POINT('',(-0.105972018175,7.308689376275,
    -0.969683223026));
#4078 = CARTESIAN_POINT('',(-0.10771214136,7.307058010789,
    -0.969244702608));
#4079 = CARTESIAN_POINT('',(-0.109413632811,7.305404342564,
    -0.968810935921));
#4080 = CARTESIAN_POINT('',(-0.128554875347,7.286135198005,
    -0.963879890369));
#4081 = CARTESIAN_POINT('',(-0.143811336217,7.26383653908,-0.95940470363
    ));
#4082 = CARTESIAN_POINT('',(-0.164123032514,7.214764569437,
    -0.953212247972));
#4083 = CARTESIAN_POINT('',(-0.169183792399,7.187989996044,
    -0.951523139015));
#4084 = CARTESIAN_POINT('',(-0.169183792399,7.13757387485,
    -0.951523139015));
#4085 = CARTESIAN_POINT('',(-0.164123032514,7.110799301457,
    -0.953212247972));
#4086 = CARTESIAN_POINT('',(-0.143811336217,7.061727331815,
    -0.95940470363));
#4087 = CARTESIAN_POINT('',(-0.128554875347,7.03942867289,
    -0.963879890369));
#4088 = CARTESIAN_POINT('',(-0.109413632811,7.02015952833,
    -0.968810935921));
#4089 = CARTESIAN_POINT('',(-0.10771214136,7.018505860105,
    -0.969244702608));
#4090 = CARTESIAN_POINT('',(-0.105972018175,7.016874494619,
    -0.969683223026));
#4091 = ORIENTED_EDGE('',*,*,#4092,.T.);
#4092 = EDGE_CURVE('',#4074,#3883,#4093,.T.);
#4093 = LINE('',#4094,#4095);
#4094 = CARTESIAN_POINT('',(-0.105972018175,7.016874494619,
    -0.969683223026));
#4095 = VECTOR('',#4096,1.);
#4096 = DIRECTION('',(0.,0.,1.));
#4097 = ORIENTED_EDGE('',*,*,#3891,.T.);
#4098 = ORIENTED_EDGE('',*,*,#4099,.T.);
#4099 = EDGE_CURVE('',#3892,#4072,#4100,.T.);
#4100 = LINE('',#4101,#4102);
#4101 = CARTESIAN_POINT('',(-0.105972018175,7.308689376275,
    -0.709073728901));
#4102 = VECTOR('',#4103,1.);
#4103 = DIRECTION('',(0.,0.,-1.));
#4104 = CYLINDRICAL_SURFACE('',#4105,0.2);
#4105 = AXIS2_PLACEMENT_3D('',#4106,#4107,#4108);
#4106 = CARTESIAN_POINT('',(3.081620760077E-02,7.162781935447,0.));
#4107 = DIRECTION('',(0.,0.,-1.));
#4108 = DIRECTION('',(-1.,0.,0.));
#4109 = ADVANCED_FACE('',(#4110),#4129,.T.);
#4110 = FACE_BOUND('',#4111,.T.);
#4111 = EDGE_LOOP('',(#4112,#4113,#4122,#4128));
#4112 = ORIENTED_EDGE('',*,*,#4092,.F.);
#4113 = ORIENTED_EDGE('',*,*,#4114,.F.);
#4114 = EDGE_CURVE('',#4115,#4074,#4117,.T.);
#4115 = VERTEX_POINT('',#4116);
#4116 = CARTESIAN_POINT('',(0.382758774725,6.558689376275,
    -0.969683223026));
#4117 = ELLIPSE('',#4118,1.370732012466,1.);
#4118 = AXIS2_PLACEMENT_3D('',#4119,#4120,#4121);
#4119 = CARTESIAN_POINT('',(0.138393378275,6.787781935447,0.));
#4120 = DIRECTION('',(0.683941128881,0.72953720414,0.));
#4121 = DIRECTION('',(0.72953720414,-0.683941128881,0.));
#4122 = ORIENTED_EDGE('',*,*,#4123,.F.);
#4123 = EDGE_CURVE('',#3863,#4115,#4124,.T.);
#4124 = LINE('',#4125,#4126);
#4125 = CARTESIAN_POINT('',(0.382758774725,6.558689376275,
    -0.709073728901));
#4126 = VECTOR('',#4127,1.);
#4127 = DIRECTION('',(0.,0.,-1.));
#4128 = ORIENTED_EDGE('',*,*,#3882,.F.);
#4129 = PLANE('',#4130);
#4130 = AXIS2_PLACEMENT_3D('',#4131,#4132,#4133);
#4131 = CARTESIAN_POINT('',(0.538393378275,6.412781935447,0.));
#4132 = DIRECTION('',(-0.683941128881,-0.72953720414,0.));
#4133 = DIRECTION('',(0.,0.,1.));
#4134 = ADVANCED_FACE('',(#4135),#4165,.F.);
#4135 = FACE_BOUND('',#4136,.F.);
#4136 = EDGE_LOOP('',(#4137,#4145,#4163,#4164));
#4137 = ORIENTED_EDGE('',*,*,#4138,.F.);
#4138 = EDGE_CURVE('',#4139,#3854,#4141,.T.);
#4139 = VERTEX_POINT('',#4140);
#4140 = CARTESIAN_POINT('',(0.382758774725,6.266874494619,
    -0.969683223026));
#4141 = LINE('',#4142,#4143);
#4142 = CARTESIAN_POINT('',(0.382758774725,6.266874494619,
    -0.969683223026));
#4143 = VECTOR('',#4144,1.);
#4144 = DIRECTION('',(0.,0.,1.));
#4145 = ORIENTED_EDGE('',*,*,#4146,.F.);
#4146 = EDGE_CURVE('',#4115,#4139,#4147,.T.);
#4147 = B_SPLINE_CURVE_WITH_KNOTS('',3,(#4148,#4149,#4150,#4151,#4152,
    #4153,#4154,#4155,#4156,#4157,#4158,#4159,#4160,#4161,#4162),
  .UNSPECIFIED.,.F.,.F.,(4,2,2,3,2,2,4),(0.105420721166,0.106139619774,
    0.113702037954,0.121264456133,0.128826874312,0.136389292491,
    0.137108191099),.UNSPECIFIED.);
#4148 = CARTESIAN_POINT('',(0.382758774725,6.558689376275,
    -0.969683223026));
#4149 = CARTESIAN_POINT('',(0.38449889791,6.557058010789,-0.969244702608
    ));
#4150 = CARTESIAN_POINT('',(0.38620038936,6.555404342564,-0.968810935921
    ));
#4151 = CARTESIAN_POINT('',(0.405341631896,6.536135198005,
    -0.963879890369));
#4152 = CARTESIAN_POINT('',(0.420598092766,6.51383653908,-0.95940470363)
  );
#4153 = CARTESIAN_POINT('',(0.440909789063,6.464764569437,
    -0.953212247972));
#4154 = CARTESIAN_POINT('',(0.445970548948,6.437989996044,
    -0.951523139015));
#4155 = CARTESIAN_POINT('',(0.445970548948,6.412781935447,
    -0.951523139015));
#4156 = CARTESIAN_POINT('',(0.445970548948,6.38757387485,-0.951523139015
    ));
#4157 = CARTESIAN_POINT('',(0.440909789063,6.360799301457,
    -0.953212247972));
#4158 = CARTESIAN_POINT('',(0.420598092766,6.311727331815,-0.95940470363
    ));
#4159 = CARTESIAN_POINT('',(0.405341631896,6.28942867289,-0.963879890369
    ));
#4160 = CARTESIAN_POINT('',(0.38620038936,6.27015952833,-0.968810935921)
  );
#4161 = CARTESIAN_POINT('',(0.38449889791,6.268505860105,-0.969244702608
    ));
#4162 = CARTESIAN_POINT('',(0.382758774725,6.266874494619,
    -0.969683223026));
#4163 = ORIENTED_EDGE('',*,*,#4123,.F.);
#4164 = ORIENTED_EDGE('',*,*,#3862,.F.);
#4165 = CYLINDRICAL_SURFACE('',#4166,0.2);
#4166 = AXIS2_PLACEMENT_3D('',#4167,#4168,#4169);
#4167 = CARTESIAN_POINT('',(0.245970548948,6.412781935447,
    -0.491977373121));
#4168 = DIRECTION('',(0.,0.,-1.));
#4169 = DIRECTION('',(1.,0.,0.));
#4170 = ADVANCED_FACE('',(#4171),#4207,.F.);
#4171 = FACE_BOUND('',#4172,.F.);
#4172 = EDGE_LOOP('',(#4173,#4181,#4200,#4206));
#4173 = ORIENTED_EDGE('',*,*,#4174,.F.);
#4174 = EDGE_CURVE('',#4175,#3285,#4177,.T.);
#4175 = VERTEX_POINT('',#4176);
#4176 = CARTESIAN_POINT('',(-0.179077725507,7.308689376275,
    -0.94826794645));
#4177 = LINE('',#4178,#4179);
#4178 = CARTESIAN_POINT('',(-0.179077725507,7.308689376275,
    -0.94826794645));
#4179 = VECTOR('',#4180,1.);
#4180 = DIRECTION('',(0.,0.,1.));
#4181 = ORIENTED_EDGE('',*,*,#4182,.F.);
#4182 = EDGE_CURVE('',#4183,#4175,#4185,.T.);
#4183 = VERTEX_POINT('',#4184);
#4184 = CARTESIAN_POINT('',(-0.179077725507,7.016874494619,
    -0.94826794645));
#4185 = B_SPLINE_CURVE_WITH_KNOTS('',3,(#4186,#4187,#4188,#4189,#4190,
    #4191,#4192,#4193,#4194,#4195,#4196,#4197,#4198,#4199),
  .UNSPECIFIED.,.F.,.F.,(4,2,2,2,2,2,4),(4.50464759049E-02,
    4.584979465293E-02,5.341616642707E-02,6.09825382012E-02,
    6.854890997533E-02,7.611528174946E-02,7.69186004975E-02),
  .UNSPECIFIED.);
#4186 = CARTESIAN_POINT('',(-0.179077725507,7.016874494619,
    -0.94826794645));
#4187 = CARTESIAN_POINT('',(-0.181000498535,7.018677094333,
    -0.947624220298));
#4188 = CARTESIAN_POINT('',(-0.182876817633,7.020507599474,
    -0.946989542341));
#4189 = CARTESIAN_POINT('',(-0.201925103127,7.039826572309,
    -0.940486270354));
#4190 = CARTESIAN_POINT('',(-0.217042641554,7.061971849499,
    -0.934754615089));
#4191 = CARTESIAN_POINT('',(-0.237220421335,7.110838289352,
    -0.926849167947));
#4192 = CARTESIAN_POINT('',(-0.242289499731,7.1375606962,-0.924705653921
    ));
#4193 = CARTESIAN_POINT('',(-0.242289499731,7.188003174694,
    -0.924705653921));
#4194 = CARTESIAN_POINT('',(-0.237220421335,7.214725581543,
    -0.926849167947));
#4195 = CARTESIAN_POINT('',(-0.217042641554,7.263592021395,
    -0.934754615089));
#4196 = CARTESIAN_POINT('',(-0.201925103127,7.285737298586,
    -0.940486270354));
#4197 = CARTESIAN_POINT('',(-0.182876817633,7.305056271421,
    -0.946989542341));
#4198 = CARTESIAN_POINT('',(-0.181000498535,7.306886776562,
    -0.947624220298));
#4199 = CARTESIAN_POINT('',(-0.179077725507,7.308689376275,
    -0.94826794645));
#4200 = ORIENTED_EDGE('',*,*,#4201,.F.);
#4201 = EDGE_CURVE('',#3294,#4183,#4202,.T.);
#4202 = LINE('',#4203,#4204);
#4203 = CARTESIAN_POINT('',(-0.179077725507,7.016874494619,
    -0.679494001639));
#4204 = VECTOR('',#4205,1.);
#4205 = DIRECTION('',(0.,0.,-1.));
#4206 = ORIENTED_EDGE('',*,*,#3293,.F.);
#4207 = CYLINDRICAL_SURFACE('',#4208,0.2);
#4208 = AXIS2_PLACEMENT_3D('',#4209,#4210,#4211);
#4209 = CARTESIAN_POINT('',(-4.228949973077E-02,7.162781935447,
    -0.481674712893));
#4210 = DIRECTION('',(0.,0.,-1.));
#4211 = DIRECTION('',(-1.,0.,0.));
#4212 = ADVANCED_FACE('',(#4213),#4232,.T.);
#4213 = FACE_BOUND('',#4214,.T.);
#4214 = EDGE_LOOP('',(#4215,#4216,#4217,#4225));
#4215 = ORIENTED_EDGE('',*,*,#4201,.F.);
#4216 = ORIENTED_EDGE('',*,*,#3312,.F.);
#4217 = ORIENTED_EDGE('',*,*,#4218,.F.);
#4218 = EDGE_CURVE('',#4219,#3313,#4221,.T.);
#4219 = VERTEX_POINT('',#4220);
#4220 = CARTESIAN_POINT('',(0.309653067393,6.558689376275,
    -0.985225922762));
#4221 = LINE('',#4222,#4223);
#4222 = CARTESIAN_POINT('',(0.309653067393,6.558689376275,
    -0.985225922762));
#4223 = VECTOR('',#4224,1.);
#4224 = DIRECTION('',(0.,0.,1.));
#4225 = ORIENTED_EDGE('',*,*,#4226,.F.);
#4226 = EDGE_CURVE('',#4183,#4219,#4227,.T.);
#4227 = ELLIPSE('',#4228,1.370732012466,1.);
#4228 = AXIS2_PLACEMENT_3D('',#4229,#4230,#4231);
#4229 = CARTESIAN_POINT('',(0.138393378275,6.719245334824,0.));
#4230 = DIRECTION('',(-0.683941128881,-0.72953720414,0.));
#4231 = DIRECTION('',(0.72953720414,-0.683941128881,0.));
#4232 = PLANE('',#4233);
#4233 = AXIS2_PLACEMENT_3D('',#4234,#4235,#4236);
#4234 = CARTESIAN_POINT('',(-0.334712329057,7.162781935447,0.));
#4235 = DIRECTION('',(0.683941128881,0.72953720414,0.));
#4236 = DIRECTION('',(0.,0.,-1.));
#4237 = ADVANCED_FACE('',(#4238),#4268,.T.);
#4238 = FACE_BOUND('',#4239,.T.);
#4239 = EDGE_LOOP('',(#4240,#4260,#4261,#4262));
#4240 = ORIENTED_EDGE('',*,*,#4241,.T.);
#4241 = EDGE_CURVE('',#4242,#4219,#4244,.T.);
#4242 = VERTEX_POINT('',#4243);
#4243 = CARTESIAN_POINT('',(0.309653067393,6.266874494619,
    -0.985225922762));
#4244 = B_SPLINE_CURVE_WITH_KNOTS('',3,(#4245,#4246,#4247,#4248,#4249,
    #4250,#4251,#4252,#4253,#4254,#4255,#4256,#4257,#4258,#4259),
  .UNSPECIFIED.,.F.,.F.,(4,2,2,3,2,2,4),(0.105150197393,0.105812679011,
    0.113370874797,0.120929070582,0.128487266368,0.136045462153,
    0.136707943771),.UNSPECIFIED.);
#4245 = CARTESIAN_POINT('',(0.309653067393,6.266874494619,
    -0.985225922762));
#4246 = CARTESIAN_POINT('',(0.311269231589,6.268389648553,
    -0.984944988439));
#4247 = CARTESIAN_POINT('',(0.312851770118,6.26992375502,-0.984665802287
    ));
#4248 = CARTESIAN_POINT('',(0.332059868724,6.289162722266,
    -0.981231441877));
#4249 = CARTESIAN_POINT('',(0.347411124394,6.311568952552,
    -0.977959857733));
#4250 = CARTESIAN_POINT('',(0.367812111687,6.360780964272,
    -0.973392437584));
#4251 = CARTESIAN_POINT('',(0.372864841617,6.387587949496,
    -0.972123002957));
#4252 = CARTESIAN_POINT('',(0.372864841617,6.412781935447,
    -0.972123002957));
#4253 = CARTESIAN_POINT('',(0.372864841617,6.437975921399,
    -0.972123002957));
#4254 = CARTESIAN_POINT('',(0.367812111687,6.464782906623,
    -0.973392437584));
#4255 = CARTESIAN_POINT('',(0.347411124394,6.513994918342,
    -0.977959857733));
#4256 = CARTESIAN_POINT('',(0.332059868724,6.536401148628,
    -0.981231441877));
#4257 = CARTESIAN_POINT('',(0.312851770118,6.555640115875,
    -0.984665802287));
#4258 = CARTESIAN_POINT('',(0.311269231589,6.557174222342,
    -0.984944988439));
#4259 = CARTESIAN_POINT('',(0.309653067393,6.558689376275,
    -0.985225922762));
#4260 = ORIENTED_EDGE('',*,*,#4218,.T.);
#4261 = ORIENTED_EDGE('',*,*,#3321,.T.);
#4262 = ORIENTED_EDGE('',*,*,#4263,.T.);
#4263 = EDGE_CURVE('',#3322,#4242,#4264,.T.);
#4264 = LINE('',#4265,#4266);
#4265 = CARTESIAN_POINT('',(0.309653067393,6.266874494619,
    -0.730184989494));
#4266 = VECTOR('',#4267,1.);
#4267 = DIRECTION('',(0.,0.,-1.));
#4268 = CYLINDRICAL_SURFACE('',#4269,0.2);
#4269 = AXIS2_PLACEMENT_3D('',#4270,#4271,#4272);
#4270 = CARTESIAN_POINT('',(0.172864841617,6.412781935447,0.));
#4271 = DIRECTION('',(0.,0.,-1.));
#4272 = DIRECTION('',(1.,0.,0.));
#4273 = ADVANCED_FACE('',(#4274),#4875,.T.);
#4274 = FACE_BOUND('',#4275,.T.);
#4275 = EDGE_LOOP('',(#4276,#4277,#4284,#4285,#4286,#4287,#4294,#4295,
    #4296,#4297,#4306,#4325,#4334,#4354,#4363,#4382,#4391,#4411,#4420,
    #4439,#4448,#4468,#4477,#4496,#4505,#4525,#4534,#4551,#4552,#4553,
    #4562,#4581,#4590,#4610,#4619,#4638,#4647,#4667,#4676,#4695,#4704,
    #4724,#4733,#4752,#4761,#4781,#4790,#4809,#4816,#4817,#4818,#4819,
    #4828,#4848,#4857,#4874));
#4276 = ORIENTED_EDGE('',*,*,#2993,.F.);
#4277 = ORIENTED_EDGE('',*,*,#4278,.T.);
#4278 = EDGE_CURVE('',#2979,#4037,#4279,.T.);
#4279 = ELLIPSE('',#4280,1.370732012466,1.);
#4280 = AXIS2_PLACEMENT_3D('',#4281,#4282,#4283);
#4281 = CARTESIAN_POINT('',(0.138393378275,9.10631853607,0.));
#4282 = DIRECTION('',(-0.683941128881,0.72953720414,0.));
#4283 = DIRECTION('',(0.72953720414,0.683941128881,0.));
#4284 = ORIENTED_EDGE('',*,*,#4044,.F.);
#4285 = ORIENTED_EDGE('',*,*,#4012,.T.);
#4286 = ORIENTED_EDGE('',*,*,#3220,.F.);
#4287 = ORIENTED_EDGE('',*,*,#4288,.T.);
#4288 = EDGE_CURVE('',#3221,#4175,#4289,.T.);
#4289 = ELLIPSE('',#4290,1.370732012466,1.);
#4290 = AXIS2_PLACEMENT_3D('',#4291,#4292,#4293);
#4291 = CARTESIAN_POINT('',(0.138393378275,7.60631853607,0.));
#4292 = DIRECTION('',(-0.683941128881,0.72953720414,0.));
#4293 = DIRECTION('',(0.72953720414,0.683941128881,0.));
#4294 = ORIENTED_EDGE('',*,*,#4182,.F.);
#4295 = ORIENTED_EDGE('',*,*,#4226,.T.);
#4296 = ORIENTED_EDGE('',*,*,#4241,.F.);
#4297 = ORIENTED_EDGE('',*,*,#4298,.T.);
#4298 = EDGE_CURVE('',#4242,#4299,#4301,.T.);
#4299 = VERTEX_POINT('',#4300);
#4300 = CARTESIAN_POINT('',(-0.179077725507,5.808689376275,
    -0.94826794645));
#4301 = ELLIPSE('',#4302,1.370732012466,1.);
#4302 = AXIS2_PLACEMENT_3D('',#4303,#4304,#4305);
#4303 = CARTESIAN_POINT('',(0.138393378275,6.10631853607,0.));
#4304 = DIRECTION('',(-0.683941128881,0.72953720414,0.));
#4305 = DIRECTION('',(0.72953720414,0.683941128881,0.));
#4306 = ORIENTED_EDGE('',*,*,#4307,.F.);
#4307 = EDGE_CURVE('',#4308,#4299,#4310,.T.);
#4308 = VERTEX_POINT('',#4309);
#4309 = CARTESIAN_POINT('',(-0.179077725507,5.516874494619,
    -0.94826794645));
#4310 = B_SPLINE_CURVE_WITH_KNOTS('',3,(#4311,#4312,#4313,#4314,#4315,
    #4316,#4317,#4318,#4319,#4320,#4321,#4322,#4323,#4324),
  .UNSPECIFIED.,.F.,.F.,(4,2,2,2,2,2,4),(-7.69186004975E-02,
    -7.611528174946E-02,-6.854890997533E-02,-6.09825382012E-02,
    -5.341616642707E-02,-4.584979465293E-02,-4.50464759049E-02),
  .UNSPECIFIED.);
#4311 = CARTESIAN_POINT('',(-0.179077725507,5.516874494619,
    -0.94826794645));
#4312 = CARTESIAN_POINT('',(-0.181000498535,5.518677094333,
    -0.947624220298));
#4313 = CARTESIAN_POINT('',(-0.182876817633,5.520507599474,
    -0.946989542341));
#4314 = CARTESIAN_POINT('',(-0.201925103127,5.539826572309,
    -0.940486270354));
#4315 = CARTESIAN_POINT('',(-0.217042641554,5.561971849499,
    -0.934754615089));
#4316 = CARTESIAN_POINT('',(-0.237220421335,5.610838289352,
    -0.926849167947));
#4317 = CARTESIAN_POINT('',(-0.242289499731,5.6375606962,-0.924705653921
    ));
#4318 = CARTESIAN_POINT('',(-0.242289499731,5.688003174694,
    -0.924705653921));
#4319 = CARTESIAN_POINT('',(-0.237220421335,5.714725581543,
    -0.926849167947));
#4320 = CARTESIAN_POINT('',(-0.217042641554,5.763592021395,
    -0.934754615089));
#4321 = CARTESIAN_POINT('',(-0.201925103127,5.785737298586,
    -0.940486270354));
#4322 = CARTESIAN_POINT('',(-0.182876817633,5.805056271421,
    -0.946989542341));
#4323 = CARTESIAN_POINT('',(-0.181000498535,5.806886776562,
    -0.947624220298));
#4324 = CARTESIAN_POINT('',(-0.179077725507,5.808689376275,
    -0.94826794645));
#4325 = ORIENTED_EDGE('',*,*,#4326,.T.);
#4326 = EDGE_CURVE('',#4308,#4327,#4329,.T.);
#4327 = VERTEX_POINT('',#4328);
#4328 = CARTESIAN_POINT('',(0.309653067393,5.058689376275,
    -0.985225922762));
#4329 = ELLIPSE('',#4330,1.370732012466,1.);
#4330 = AXIS2_PLACEMENT_3D('',#4331,#4332,#4333);
#4331 = CARTESIAN_POINT('',(0.138393378275,5.219245334824,0.));
#4332 = DIRECTION('',(-0.683941128881,-0.72953720414,0.));
#4333 = DIRECTION('',(0.72953720414,-0.683941128881,0.));
#4334 = ORIENTED_EDGE('',*,*,#4335,.F.);
#4335 = EDGE_CURVE('',#4336,#4327,#4338,.T.);
#4336 = VERTEX_POINT('',#4337);
#4337 = CARTESIAN_POINT('',(0.309653067393,4.766874494619,
    -0.985225922762));
#4338 = B_SPLINE_CURVE_WITH_KNOTS('',3,(#4339,#4340,#4341,#4342,#4343,
    #4344,#4345,#4346,#4347,#4348,#4349,#4350,#4351,#4352,#4353),
  .UNSPECIFIED.,.F.,.F.,(4,2,2,3,2,2,4),(-1.577887318932E-02,
    -1.511639157099E-02,-7.558195785496E-03,0.,7.558195785496E-03,
    1.511639157099E-02,1.577887318932E-02),.UNSPECIFIED.);
#4339 = CARTESIAN_POINT('',(0.309653067393,4.766874494619,
    -0.985225922762));
#4340 = CARTESIAN_POINT('',(0.311269231589,4.768389648553,
    -0.984944988439));
#4341 = CARTESIAN_POINT('',(0.312851770118,4.76992375502,-0.984665802287
    ));
#4342 = CARTESIAN_POINT('',(0.332059868724,4.789162722266,
    -0.981231441877));
#4343 = CARTESIAN_POINT('',(0.347411124394,4.811568952552,
    -0.977959857733));
#4344 = CARTESIAN_POINT('',(0.367812111687,4.860780964272,
    -0.973392437584));
#4345 = CARTESIAN_POINT('',(0.372864841617,4.887587949496,
    -0.972123002957));
#4346 = CARTESIAN_POINT('',(0.372864841617,4.912781935447,
    -0.972123002957));
#4347 = CARTESIAN_POINT('',(0.372864841617,4.937975921399,
    -0.972123002957));
#4348 = CARTESIAN_POINT('',(0.367812111687,4.964782906623,
    -0.973392437584));
#4349 = CARTESIAN_POINT('',(0.347411124394,5.013994918342,
    -0.977959857733));
#4350 = CARTESIAN_POINT('',(0.332059868724,5.036401148628,
    -0.981231441877));
#4351 = CARTESIAN_POINT('',(0.312851770118,5.055640115875,
    -0.984665802287));
#4352 = CARTESIAN_POINT('',(0.311269231589,5.057174222342,
    -0.984944988439));
#4353 = CARTESIAN_POINT('',(0.309653067393,5.058689376275,
    -0.985225922762));
#4354 = ORIENTED_EDGE('',*,*,#4355,.T.);
#4355 = EDGE_CURVE('',#4336,#4356,#4358,.T.);
#4356 = VERTEX_POINT('',#4357);
#4357 = CARTESIAN_POINT('',(-0.179077725507,4.308689376275,
    -0.94826794645));
#4358 = ELLIPSE('',#4359,1.370732012466,1.);
#4359 = AXIS2_PLACEMENT_3D('',#4360,#4361,#4362);
#4360 = CARTESIAN_POINT('',(0.138393378275,4.60631853607,0.));
#4361 = DIRECTION('',(-0.683941128881,0.72953720414,0.));
#4362 = DIRECTION('',(0.72953720414,0.683941128881,0.));
#4363 = ORIENTED_EDGE('',*,*,#4364,.F.);
#4364 = EDGE_CURVE('',#4365,#4356,#4367,.T.);
#4365 = VERTEX_POINT('',#4366);
#4366 = CARTESIAN_POINT('',(-0.179077725507,4.016874494619,
    -0.94826794645));
#4367 = B_SPLINE_CURVE_WITH_KNOTS('',3,(#4368,#4369,#4370,#4371,#4372,
    #4373,#4374,#4375,#4376,#4377,#4378,#4379,#4380,#4381),
  .UNSPECIFIED.,.F.,.F.,(4,2,2,2,2,2,4),(-7.69186004975E-02,
    -7.611528174946E-02,-6.854890997533E-02,-6.09825382012E-02,
    -5.341616642707E-02,-4.584979465293E-02,-4.50464759049E-02),
  .UNSPECIFIED.);
#4368 = CARTESIAN_POINT('',(-0.179077725507,4.016874494619,
    -0.94826794645));
#4369 = CARTESIAN_POINT('',(-0.181000498535,4.018677094333,
    -0.947624220298));
#4370 = CARTESIAN_POINT('',(-0.182876817633,4.020507599474,
    -0.946989542341));
#4371 = CARTESIAN_POINT('',(-0.201925103127,4.039826572309,
    -0.940486270354));
#4372 = CARTESIAN_POINT('',(-0.217042641554,4.061971849499,
    -0.934754615089));
#4373 = CARTESIAN_POINT('',(-0.237220421335,4.110838289352,
    -0.926849167947));
#4374 = CARTESIAN_POINT('',(-0.242289499731,4.1375606962,-0.924705653921
    ));
#4375 = CARTESIAN_POINT('',(-0.242289499731,4.188003174694,
    -0.924705653921));
#4376 = CARTESIAN_POINT('',(-0.237220421335,4.214725581543,
    -0.926849167947));
#4377 = CARTESIAN_POINT('',(-0.217042641554,4.263592021395,
    -0.934754615089));
#4378 = CARTESIAN_POINT('',(-0.201925103127,4.285737298586,
    -0.940486270354));
#4379 = CARTESIAN_POINT('',(-0.182876817633,4.305056271421,
    -0.946989542341));
#4380 = CARTESIAN_POINT('',(-0.181000498535,4.306886776562,
    -0.947624220298));
#4381 = CARTESIAN_POINT('',(-0.179077725507,4.308689376275,
    -0.94826794645));
#4382 = ORIENTED_EDGE('',*,*,#4383,.T.);
#4383 = EDGE_CURVE('',#4365,#4384,#4386,.T.);
#4384 = VERTEX_POINT('',#4385);
#4385 = CARTESIAN_POINT('',(0.309653067393,3.558689376275,
    -0.985225922762));
#4386 = ELLIPSE('',#4387,1.370732012466,1.);
#4387 = AXIS2_PLACEMENT_3D('',#4388,#4389,#4390);
#4388 = CARTESIAN_POINT('',(0.138393378275,3.719245334824,0.));
#4389 = DIRECTION('',(-0.683941128881,-0.72953720414,0.));
#4390 = DIRECTION('',(0.72953720414,-0.683941128881,0.));
#4391 = ORIENTED_EDGE('',*,*,#4392,.F.);
#4392 = EDGE_CURVE('',#4393,#4384,#4395,.T.);
#4393 = VERTEX_POINT('',#4394);
#4394 = CARTESIAN_POINT('',(0.309653067393,3.266874494619,
    -0.985225922762));
#4395 = B_SPLINE_CURVE_WITH_KNOTS('',3,(#4396,#4397,#4398,#4399,#4400,
    #4401,#4402,#4403,#4404,#4405,#4406,#4407,#4408,#4409,#4410),
  .UNSPECIFIED.,.F.,.F.,(4,2,2,3,2,2,4),(-1.577887318932E-02,
    -1.511639157099E-02,-7.558195785496E-03,0.,7.558195785496E-03,
    1.511639157099E-02,1.577887318932E-02),.UNSPECIFIED.);
#4396 = CARTESIAN_POINT('',(0.309653067393,3.266874494619,
    -0.985225922762));
#4397 = CARTESIAN_POINT('',(0.311269231589,3.268389648553,
    -0.984944988439));
#4398 = CARTESIAN_POINT('',(0.312851770118,3.26992375502,-0.984665802287
    ));
#4399 = CARTESIAN_POINT('',(0.332059868724,3.289162722266,
    -0.981231441877));
#4400 = CARTESIAN_POINT('',(0.347411124394,3.311568952552,
    -0.977959857733));
#4401 = CARTESIAN_POINT('',(0.367812111687,3.360780964272,
    -0.973392437584));
#4402 = CARTESIAN_POINT('',(0.372864841617,3.387587949496,
    -0.972123002957));
#4403 = CARTESIAN_POINT('',(0.372864841617,3.412781935447,
    -0.972123002957));
#4404 = CARTESIAN_POINT('',(0.372864841617,3.437975921399,
    -0.972123002957));
#4405 = CARTESIAN_POINT('',(0.367812111687,3.464782906623,
    -0.973392437584));
#4406 = CARTESIAN_POINT('',(0.347411124394,3.513994918342,
    -0.977959857733));
#4407 = CARTESIAN_POINT('',(0.332059868724,3.536401148628,
    -0.981231441877));
#4408 = CARTESIAN_POINT('',(0.312851770118,3.555640115875,
    -0.984665802287));
#4409 = CARTESIAN_POINT('',(0.311269231589,3.557174222342,
    -0.984944988439));
#4410 = CARTESIAN_POINT('',(0.309653067393,3.558689376275,
    -0.985225922762));
#4411 = ORIENTED_EDGE('',*,*,#4412,.T.);
#4412 = EDGE_CURVE('',#4393,#4413,#4415,.T.);
#4413 = VERTEX_POINT('',#4414);
#4414 = CARTESIAN_POINT('',(-0.179077725507,2.808689376275,
    -0.94826794645));
#4415 = ELLIPSE('',#4416,1.370732012466,1.);
#4416 = AXIS2_PLACEMENT_3D('',#4417,#4418,#4419);
#4417 = CARTESIAN_POINT('',(0.138393378275,3.10631853607,0.));
#4418 = DIRECTION('',(-0.683941128881,0.72953720414,0.));
#4419 = DIRECTION('',(0.72953720414,0.683941128881,0.));
#4420 = ORIENTED_EDGE('',*,*,#4421,.F.);
#4421 = EDGE_CURVE('',#4422,#4413,#4424,.T.);
#4422 = VERTEX_POINT('',#4423);
#4423 = CARTESIAN_POINT('',(-0.179077725507,2.516874494619,
    -0.94826794645));
#4424 = B_SPLINE_CURVE_WITH_KNOTS('',3,(#4425,#4426,#4427,#4428,#4429,
    #4430,#4431,#4432,#4433,#4434,#4435,#4436,#4437,#4438),
  .UNSPECIFIED.,.F.,.F.,(4,2,2,2,2,2,4),(-7.69186004975E-02,
    -7.611528174946E-02,-6.854890997533E-02,-6.09825382012E-02,
    -5.341616642707E-02,-4.584979465293E-02,-4.50464759049E-02),
  .UNSPECIFIED.);
#4425 = CARTESIAN_POINT('',(-0.179077725507,2.516874494619,
    -0.94826794645));
#4426 = CARTESIAN_POINT('',(-0.181000498535,2.518677094333,
    -0.947624220298));
#4427 = CARTESIAN_POINT('',(-0.182876817633,2.520507599474,
    -0.946989542341));
#4428 = CARTESIAN_POINT('',(-0.201925103127,2.539826572309,
    -0.940486270354));
#4429 = CARTESIAN_POINT('',(-0.217042641554,2.561971849499,
    -0.934754615089));
#4430 = CARTESIAN_POINT('',(-0.237220421335,2.610838289352,
    -0.926849167947));
#4431 = CARTESIAN_POINT('',(-0.242289499731,2.6375606962,-0.924705653921
    ));
#4432 = CARTESIAN_POINT('',(-0.242289499731,2.688003174694,
    -0.924705653921));
#4433 = CARTESIAN_POINT('',(-0.237220421335,2.714725581543,
    -0.926849167947));
#4434 = CARTESIAN_POINT('',(-0.217042641554,2.763592021395,
    -0.934754615089));
#4435 = CARTESIAN_POINT('',(-0.201925103127,2.785737298586,
    -0.940486270354));
#4436 = CARTESIAN_POINT('',(-0.182876817633,2.805056271421,
    -0.946989542341));
#4437 = CARTESIAN_POINT('',(-0.181000498535,2.806886776562,
    -0.947624220298));
#4438 = CARTESIAN_POINT('',(-0.179077725507,2.808689376275,
    -0.94826794645));
#4439 = ORIENTED_EDGE('',*,*,#4440,.T.);
#4440 = EDGE_CURVE('',#4422,#4441,#4443,.T.);
#4441 = VERTEX_POINT('',#4442);
#4442 = CARTESIAN_POINT('',(0.309653067393,2.058689376275,
    -0.985225922762));
#4443 = ELLIPSE('',#4444,1.370732012466,1.);
#4444 = AXIS2_PLACEMENT_3D('',#4445,#4446,#4447);
#4445 = CARTESIAN_POINT('',(0.138393378275,2.219245334824,0.));
#4446 = DIRECTION('',(-0.683941128881,-0.72953720414,0.));
#4447 = DIRECTION('',(0.72953720414,-0.683941128881,0.));
#4448 = ORIENTED_EDGE('',*,*,#4449,.F.);
#4449 = EDGE_CURVE('',#4450,#4441,#4452,.T.);
#4450 = VERTEX_POINT('',#4451);
#4451 = CARTESIAN_POINT('',(0.309653067393,1.766874494619,
    -0.985225922762));
#4452 = B_SPLINE_CURVE_WITH_KNOTS('',3,(#4453,#4454,#4455,#4456,#4457,
    #4458,#4459,#4460,#4461,#4462,#4463,#4464,#4465,#4466,#4467),
  .UNSPECIFIED.,.F.,.F.,(4,2,2,3,2,2,4),(-1.577887318932E-02,
    -1.511639157099E-02,-7.558195785496E-03,0.,7.566326741551E-03,
    1.51326534831E-02,1.577912036932E-02),.UNSPECIFIED.);
#4453 = CARTESIAN_POINT('',(0.309653067393,1.766874494619,
    -0.985225922762));
#4454 = CARTESIAN_POINT('',(0.311269231589,1.768389648553,
    -0.984944988439));
#4455 = CARTESIAN_POINT('',(0.312851770118,1.76992375502,-0.984665802287
    ));
#4456 = CARTESIAN_POINT('',(0.332059868724,1.789162722266,
    -0.981231441877));
#4457 = CARTESIAN_POINT('',(0.347411124394,1.811568952552,
    -0.977959857733));
#4458 = CARTESIAN_POINT('',(0.367812111687,1.860780964272,
    -0.973392437584));
#4459 = CARTESIAN_POINT('',(0.372864841617,1.887587949496,
    -0.972123002957));
#4460 = CARTESIAN_POINT('',(0.372864841617,1.912781935447,
    -0.972123002957));
#4461 = CARTESIAN_POINT('',(0.372864841617,1.938003024586,
    -0.972123002957));
#4462 = CARTESIAN_POINT('',(0.36780134078,1.96483683506,-0.973395224881)
  );
#4463 = CARTESIAN_POINT('',(0.347360198934,2.01408969342,-0.977970933238
    ));
#4464 = CARTESIAN_POINT('',(0.331979540626,2.036509948912,
    -0.981247902777));
#4465 = CARTESIAN_POINT('',(0.312774478813,2.055715010726,
    -0.984679435161));
#4466 = CARTESIAN_POINT('',(0.311229796449,2.057211192785,
    -0.984951843364));
#4467 = CARTESIAN_POINT('',(0.309653067393,2.058689376275,
    -0.985225922762));
#4468 = ORIENTED_EDGE('',*,*,#4469,.T.);
#4469 = EDGE_CURVE('',#4450,#4470,#4472,.T.);
#4470 = VERTEX_POINT('',#4471);
#4471 = CARTESIAN_POINT('',(-0.179077725507,1.308689376275,
    -0.94826794645));
#4472 = ELLIPSE('',#4473,1.370732012466,1.);
#4473 = AXIS2_PLACEMENT_3D('',#4474,#4475,#4476);
#4474 = CARTESIAN_POINT('',(0.138393378275,1.60631853607,0.));
#4475 = DIRECTION('',(-0.683941128881,0.72953720414,0.));
#4476 = DIRECTION('',(0.72953720414,0.683941128881,0.));
#4477 = ORIENTED_EDGE('',*,*,#4478,.F.);
#4478 = EDGE_CURVE('',#4479,#4470,#4481,.T.);
#4479 = VERTEX_POINT('',#4480);
#4480 = CARTESIAN_POINT('',(-0.179077725507,1.016874494619,
    -0.94826794645));
#4481 = B_SPLINE_CURVE_WITH_KNOTS('',3,(#4482,#4483,#4484,#4485,#4486,
    #4487,#4488,#4489,#4490,#4491,#4492,#4493,#4494,#4495),
  .UNSPECIFIED.,.F.,.F.,(4,2,2,2,2,2,4),(-7.692108916158E-02,
    -7.626121456106E-02,-6.862187638113E-02,-6.09825382012E-02,
    -5.341616642707E-02,-4.584979465293E-02,-4.50464759049E-02),
  .UNSPECIFIED.);
#4482 = CARTESIAN_POINT('',(-0.179077725507,1.016874494619,
    -0.94826794645));
#4483 = CARTESIAN_POINT('',(-0.180653985679,1.01835223853,
    -0.947740229512));
#4484 = CARTESIAN_POINT('',(-0.182198664444,1.019848387686,
    -0.947218714756));
#4485 = CARTESIAN_POINT('',(-0.201217428331,1.038867151572,
    -0.940747818873));
#4486 = CARTESIAN_POINT('',(-0.216592054502,1.061133480911,
    -0.93492776854));
#4487 = CARTESIAN_POINT('',(-0.23712339729,1.110358038966,
    -0.926890983595));
#4488 = CARTESIAN_POINT('',(-0.242289499731,1.137317474847,
    -0.924705653921));
#4489 = CARTESIAN_POINT('',(-0.242289499731,1.188003174694,
    -0.924705653921));
#4490 = CARTESIAN_POINT('',(-0.237220421335,1.214725581543,
    -0.926849167947));
#4491 = CARTESIAN_POINT('',(-0.217042641554,1.263592021395,
    -0.934754615089));
#4492 = CARTESIAN_POINT('',(-0.201925103127,1.285737298586,
    -0.940486270354));
#4493 = CARTESIAN_POINT('',(-0.182876817633,1.305056271421,
    -0.946989542341));
#4494 = CARTESIAN_POINT('',(-0.181000498535,1.306886776562,
    -0.947624220298));
#4495 = CARTESIAN_POINT('',(-0.179077725507,1.308689376275,
    -0.94826794645));
#4496 = ORIENTED_EDGE('',*,*,#4497,.T.);
#4497 = EDGE_CURVE('',#4479,#4498,#4500,.T.);
#4498 = VERTEX_POINT('',#4499);
#4499 = CARTESIAN_POINT('',(0.309653067393,0.558689376275,
    -0.985225922762));
#4500 = ELLIPSE('',#4501,1.370732012466,1.);
#4501 = AXIS2_PLACEMENT_3D('',#4502,#4503,#4504);
#4502 = CARTESIAN_POINT('',(0.138393378275,0.719245334824,0.));
#4503 = DIRECTION('',(-0.683941128881,-0.72953720414,0.));
#4504 = DIRECTION('',(0.72953720414,-0.683941128881,0.));
#4505 = ORIENTED_EDGE('',*,*,#4506,.F.);
#4506 = EDGE_CURVE('',#4507,#4498,#4509,.T.);
#4507 = VERTEX_POINT('',#4508);
#4508 = CARTESIAN_POINT('',(0.309653067393,0.266874494619,
    -0.985225922762));
#4509 = B_SPLINE_CURVE_WITH_KNOTS('',3,(#4510,#4511,#4512,#4513,#4514,
    #4515,#4516,#4517,#4518,#4519,#4520,#4521,#4522,#4523,#4524),
  .UNSPECIFIED.,.F.,.F.,(4,2,2,3,2,2,4),(-1.577912036932E-02,
    -1.51326534831E-02,-7.566326741551E-03,0.,7.558195785496E-03,
    1.511639157099E-02,1.577887318932E-02),.UNSPECIFIED.);
#4510 = CARTESIAN_POINT('',(0.309653067393,0.266874494619,
    -0.985225922762));
#4511 = CARTESIAN_POINT('',(0.311229796449,0.268352678109,
    -0.984951843364));
#4512 = CARTESIAN_POINT('',(0.312774478813,0.269848860168,
    -0.984679435161));
#4513 = CARTESIAN_POINT('',(0.331979540626,0.289053921982,
    -0.981247902777));
#4514 = CARTESIAN_POINT('',(0.347360198934,0.311474177474,
    -0.977970933238));
#4515 = CARTESIAN_POINT('',(0.36780134078,0.360727035834,-0.973395224881
    ));
#4516 = CARTESIAN_POINT('',(0.372864841617,0.387560846309,
    -0.972123002957));
#4517 = CARTESIAN_POINT('',(0.372864841617,0.412781935447,
    -0.972123002957));
#4518 = CARTESIAN_POINT('',(0.372864841617,0.437975921399,
    -0.972123002957));
#4519 = CARTESIAN_POINT('',(0.367812111687,0.464782906623,
    -0.973392437584));
#4520 = CARTESIAN_POINT('',(0.347411124394,0.513994918342,
    -0.977959857733));
#4521 = CARTESIAN_POINT('',(0.332059868724,0.536401148628,
    -0.981231441877));
#4522 = CARTESIAN_POINT('',(0.312851770118,0.555640115875,
    -0.984665802287));
#4523 = CARTESIAN_POINT('',(0.311269231589,0.557174222342,
    -0.984944988439));
#4524 = CARTESIAN_POINT('',(0.309653067393,0.558689376275,
    -0.985225922762));
#4525 = ORIENTED_EDGE('',*,*,#4526,.T.);
#4526 = EDGE_CURVE('',#4507,#4527,#4529,.T.);
#4527 = VERTEX_POINT('',#4528);
#4528 = CARTESIAN_POINT('',(-0.179077725507,-0.191310623725,
    -0.94826794645));
#4529 = ELLIPSE('',#4530,1.370732012466,1.);
#4530 = AXIS2_PLACEMENT_3D('',#4531,#4532,#4533);
#4531 = CARTESIAN_POINT('',(0.138393378275,0.10631853607,0.));
#4532 = DIRECTION('',(-0.683941128881,0.72953720414,0.));
#4533 = DIRECTION('',(0.72953720414,0.683941128881,0.));
#4534 = ORIENTED_EDGE('',*,*,#4535,.F.);
#4535 = EDGE_CURVE('',#3188,#4527,#4536,.T.);
#4536 = B_SPLINE_CURVE_WITH_KNOTS('',3,(#4537,#4538,#4539,#4540,#4541,
    #4542,#4543,#4544,#4545,#4546,#4547,#4548,#4549,#4550),
  .UNSPECIFIED.,.F.,.F.,(4,2,2,2,2,2,4),(-7.691900862638E-02,
    -7.611568987834E-02,-6.854931810421E-02,-6.098294633008E-02,
    -5.334360815015E-02,-4.570426997021E-02,-4.50443953697E-02),
  .UNSPECIFIED.);
#4537 = CARTESIAN_POINT('',(-0.179077725507,-0.483125505381,
    -0.94826794645));
#4538 = CARTESIAN_POINT('',(-0.181000498535,-0.481322905667,
    -0.947624220298));
#4539 = CARTESIAN_POINT('',(-0.182876817633,-0.479492400526,
    -0.946989542341));
#4540 = CARTESIAN_POINT('',(-0.201925103127,-0.460173427691,
    -0.940486270354));
#4541 = CARTESIAN_POINT('',(-0.217042641554,-0.438028150501,
    -0.934754615089));
#4542 = CARTESIAN_POINT('',(-0.237220421335,-0.389161710648,
    -0.926849167947));
#4543 = CARTESIAN_POINT('',(-0.242289499731,-0.3624393038,
    -0.924705653921));
#4544 = CARTESIAN_POINT('',(-0.242289499731,-0.311753603953,
    -0.924705653921));
#4545 = CARTESIAN_POINT('',(-0.23712339729,-0.284794168071,
    -0.926890983595));
#4546 = CARTESIAN_POINT('',(-0.216592054502,-0.235569610017,
    -0.93492776854));
#4547 = CARTESIAN_POINT('',(-0.201217428331,-0.213303280678,
    -0.940747818873));
#4548 = CARTESIAN_POINT('',(-0.182198664444,-0.194284516792,
    -0.947218714756));
#4549 = CARTESIAN_POINT('',(-0.180653985679,-0.192788367636,
    -0.947740229512));
#4550 = CARTESIAN_POINT('',(-0.179077725507,-0.191310623725,
    -0.94826794645));
#4551 = ORIENTED_EDGE('',*,*,#3187,.T.);
#4552 = ORIENTED_EDGE('',*,*,#3139,.F.);
#4553 = ORIENTED_EDGE('',*,*,#4554,.T.);
#4554 = EDGE_CURVE('',#3125,#4555,#4557,.T.);
#4555 = VERTEX_POINT('',#4556);
#4556 = CARTESIAN_POINT('',(-0.105972018175,-0.483125505381,
    -0.969683223026));
#4557 = ELLIPSE('',#4558,1.370732012466,1.);
#4558 = AXIS2_PLACEMENT_3D('',#4559,#4560,#4561);
#4559 = CARTESIAN_POINT('',(0.138393378275,-0.712218064553,0.));
#4560 = DIRECTION('',(0.683941128881,0.72953720414,0.));
#4561 = DIRECTION('',(0.72953720414,-0.683941128881,0.));
#4562 = ORIENTED_EDGE('',*,*,#4563,.F.);
#4563 = EDGE_CURVE('',#4564,#4555,#4566,.T.);
#4564 = VERTEX_POINT('',#4565);
#4565 = CARTESIAN_POINT('',(-0.105972018175,-0.191310623725,
    -0.969683223026));
#4566 = B_SPLINE_CURVE_WITH_KNOTS('',3,(#4567,#4568,#4569,#4570,#4571,
    #4572,#4573,#4574,#4575,#4576,#4577,#4578,#4579,#4580),
  .UNSPECIFIED.,.F.,.F.,(4,2,2,2,2,2,4),(-7.647704683612E-02,
    -7.582509437246E-02,-6.822866121939E-02,-6.063222806632E-02,
    -5.30698098872E-02,-4.550739170809E-02,-4.478849309994E-02),
  .UNSPECIFIED.);
#4567 = CARTESIAN_POINT('',(-0.105972018175,-0.191310623725,
    -0.969683223026));
#4568 = CARTESIAN_POINT('',(-0.107548582189,-0.192788652487,
    -0.969285920401));
#4569 = CARTESIAN_POINT('',(-0.109093262178,-0.194284821857,
    -0.968892563541));
#4570 = CARTESIAN_POINT('',(-0.12822137843,-0.213412938109,
    -0.963974800227));
#4571 = CARTESIAN_POINT('',(-0.143599530305,-0.235769334991,
    -0.959467827329));
#4572 = CARTESIAN_POINT('',(-0.164077897905,-0.285010542952,
    -0.953227663881));
#4573 = CARTESIAN_POINT('',(-0.169183792399,-0.311896620709,
    -0.951523139015));
#4574 = CARTESIAN_POINT('',(-0.169183792399,-0.36242612515,
    -0.951523139015));
#4575 = CARTESIAN_POINT('',(-0.164123032514,-0.389200698543,
    -0.953212247972));
#4576 = CARTESIAN_POINT('',(-0.143811336217,-0.438272668185,
    -0.95940470363));
#4577 = CARTESIAN_POINT('',(-0.128554875347,-0.46057132711,
    -0.963879890369));
#4578 = CARTESIAN_POINT('',(-0.109413632811,-0.47984047167,
    -0.968810935921));
#4579 = CARTESIAN_POINT('',(-0.10771214136,-0.481494139895,
    -0.969244702608));
#4580 = CARTESIAN_POINT('',(-0.105972018175,-0.483125505381,
    -0.969683223026));
#4581 = ORIENTED_EDGE('',*,*,#4582,.T.);
#4582 = EDGE_CURVE('',#4564,#4583,#4585,.T.);
#4583 = VERTEX_POINT('',#4584);
#4584 = CARTESIAN_POINT('',(0.382758774725,0.266874494619,
    -0.969683223026));
#4585 = ELLIPSE('',#4586,1.370732012466,1.);
#4586 = AXIS2_PLACEMENT_3D('',#4587,#4588,#4589);
#4587 = CARTESIAN_POINT('',(0.138393378275,3.778193544716E-02,0.));
#4588 = DIRECTION('',(0.683941128881,-0.72953720414,0.));
#4589 = DIRECTION('',(0.72953720414,0.683941128881,0.));
#4590 = ORIENTED_EDGE('',*,*,#4591,.F.);
#4591 = EDGE_CURVE('',#4592,#4583,#4594,.T.);
#4592 = VERTEX_POINT('',#4593);
#4593 = CARTESIAN_POINT('',(0.382758774725,0.558689376275,
    -0.969683223026));
#4594 = B_SPLINE_CURVE_WITH_KNOTS('',3,(#4595,#4596,#4597,#4598,#4599,
    #4600,#4601,#4602,#4603,#4604,#4605,#4606,#4607,#4608,#4609),
  .UNSPECIFIED.,.F.,.F.,(4,2,2,3,2,2,4),(-1.584373496637E-02,
    -1.512483635822E-02,-7.562418179112E-03,0.,7.596433153072E-03,
    1.519286630614E-02,1.584481876981E-02),.UNSPECIFIED.);
#4595 = CARTESIAN_POINT('',(0.382758774725,0.558689376275,
    -0.969683223026));
#4596 = CARTESIAN_POINT('',(0.38449889791,0.557058010789,-0.969244702608
    ));
#4597 = CARTESIAN_POINT('',(0.38620038936,0.555404342564,-0.968810935921
    ));
#4598 = CARTESIAN_POINT('',(0.405341631896,0.536135198005,
    -0.963879890369));
#4599 = CARTESIAN_POINT('',(0.420598092766,0.51383653908,-0.95940470363)
  );
#4600 = CARTESIAN_POINT('',(0.440909789063,0.464764569437,
    -0.953212247972));
#4601 = CARTESIAN_POINT('',(0.445970548948,0.437989996044,
    -0.951523139015));
#4602 = CARTESIAN_POINT('',(0.445970548948,0.412781935447,
    -0.951523139015));
#4603 = CARTESIAN_POINT('',(0.445970548948,0.387460491604,
    -0.951523139015));
#4604 = CARTESIAN_POINT('',(0.440864654454,0.360574413847,
    -0.953227663881));
#4605 = CARTESIAN_POINT('',(0.420386286854,0.311333205885,
    -0.959467827329));
#4606 = CARTESIAN_POINT('',(0.405008134979,0.288976809003,
    -0.963974800227));
#4607 = CARTESIAN_POINT('',(0.385880018728,0.269848692752,
    -0.968892563541));
#4608 = CARTESIAN_POINT('',(0.384335338738,0.268352523382,
    -0.969285920401));
#4609 = CARTESIAN_POINT('',(0.382758774725,0.266874494619,
    -0.969683223026));
#4610 = ORIENTED_EDGE('',*,*,#4611,.T.);
#4611 = EDGE_CURVE('',#4592,#4612,#4614,.T.);
#4612 = VERTEX_POINT('',#4613);
#4613 = CARTESIAN_POINT('',(-0.105972018175,1.016874494619,
    -0.969683223026));
#4614 = ELLIPSE('',#4615,1.370732012466,1.);
#4615 = AXIS2_PLACEMENT_3D('',#4616,#4617,#4618);
#4616 = CARTESIAN_POINT('',(0.138393378275,0.787781935447,0.));
#4617 = DIRECTION('',(0.683941128881,0.72953720414,0.));
#4618 = DIRECTION('',(0.72953720414,-0.683941128881,0.));
#4619 = ORIENTED_EDGE('',*,*,#4620,.F.);
#4620 = EDGE_CURVE('',#4621,#4612,#4623,.T.);
#4621 = VERTEX_POINT('',#4622);
#4622 = CARTESIAN_POINT('',(-0.105972018175,1.308689376275,
    -0.969683223026));
#4623 = B_SPLINE_CURVE_WITH_KNOTS('',3,(#4624,#4625,#4626,#4627,#4628,
    #4629,#4630,#4631,#4632,#4633,#4634,#4635,#4636,#4637),
  .UNSPECIFIED.,.F.,.F.,(4,2,2,2,2,2,4),(-7.647606646974E-02,
    -7.575716786159E-02,-6.819474968248E-02,-6.063233150337E-02,
    -5.30358983503E-02,-4.543946519723E-02,-4.478751273356E-02),
  .UNSPECIFIED.);
#4624 = CARTESIAN_POINT('',(-0.105972018175,1.308689376275,
    -0.969683223026));
#4625 = CARTESIAN_POINT('',(-0.10771214136,1.307058010789,
    -0.969244702608));
#4626 = CARTESIAN_POINT('',(-0.109413632811,1.305404342564,
    -0.968810935921));
#4627 = CARTESIAN_POINT('',(-0.128554875347,1.286135198005,
    -0.963879890369));
#4628 = CARTESIAN_POINT('',(-0.143811336217,1.26383653908,-0.95940470363
    ));
#4629 = CARTESIAN_POINT('',(-0.164123032514,1.214764569437,
    -0.953212247972));
#4630 = CARTESIAN_POINT('',(-0.169183792399,1.187989996044,
    -0.951523139015));
#4631 = CARTESIAN_POINT('',(-0.169183792399,1.137460491604,
    -0.951523139015));
#4632 = CARTESIAN_POINT('',(-0.164077897905,1.110574413847,
    -0.953227663881));
#4633 = CARTESIAN_POINT('',(-0.143599530305,1.061333205885,
    -0.959467827329));
#4634 = CARTESIAN_POINT('',(-0.12822137843,1.038976809003,
    -0.963974800227));
#4635 = CARTESIAN_POINT('',(-0.109093262178,1.019848692752,
    -0.968892563541));
#4636 = CARTESIAN_POINT('',(-0.107548582189,1.018352523382,
    -0.969285920401));
#4637 = CARTESIAN_POINT('',(-0.105972018175,1.016874494619,
    -0.969683223026));
#4638 = ORIENTED_EDGE('',*,*,#4639,.T.);
#4639 = EDGE_CURVE('',#4621,#4640,#4642,.T.);
#4640 = VERTEX_POINT('',#4641);
#4641 = CARTESIAN_POINT('',(0.382758774725,1.766874494619,
    -0.969683223026));
#4642 = ELLIPSE('',#4643,1.370732012466,1.);
#4643 = AXIS2_PLACEMENT_3D('',#4644,#4645,#4646);
#4644 = CARTESIAN_POINT('',(0.138393378275,1.537781935447,0.));
#4645 = DIRECTION('',(0.683941128881,-0.72953720414,0.));
#4646 = DIRECTION('',(0.72953720414,0.683941128881,0.));
#4647 = ORIENTED_EDGE('',*,*,#4648,.F.);
#4648 = EDGE_CURVE('',#4649,#4640,#4651,.T.);
#4649 = VERTEX_POINT('',#4650);
#4650 = CARTESIAN_POINT('',(0.382758774725,2.058689376275,
    -0.969683223026));
#4651 = B_SPLINE_CURVE_WITH_KNOTS('',3,(#4652,#4653,#4654,#4655,#4656,
    #4657,#4658,#4659,#4660,#4661,#4662,#4663,#4664,#4665,#4666),
  .UNSPECIFIED.,.F.,.F.,(4,2,2,3,2,2,4),(-1.584481876981E-02,
    -1.519286630614E-02,-7.596433153072E-03,0.,7.562418179112E-03,
    1.512483635822E-02,1.584373496637E-02),.UNSPECIFIED.);
#4652 = CARTESIAN_POINT('',(0.382758774725,2.058689376275,
    -0.969683223026));
#4653 = CARTESIAN_POINT('',(0.384335338738,2.057211347513,
    -0.969285920401));
#4654 = CARTESIAN_POINT('',(0.385880018728,2.055715178143,
    -0.968892563541));
#4655 = CARTESIAN_POINT('',(0.405008134979,2.036587061891,
    -0.963974800227));
#4656 = CARTESIAN_POINT('',(0.420386286854,2.014230665009,
    -0.959467827329));
#4657 = CARTESIAN_POINT('',(0.440864654454,1.964989457048,
    -0.953227663881));
#4658 = CARTESIAN_POINT('',(0.445970548948,1.938103379291,
    -0.951523139015));
#4659 = CARTESIAN_POINT('',(0.445970548948,1.912781935447,
    -0.951523139015));
#4660 = CARTESIAN_POINT('',(0.445970548948,1.88757387485,-0.951523139015
    ));
#4661 = CARTESIAN_POINT('',(0.440909789063,1.860799301457,
    -0.953212247972));
#4662 = CARTESIAN_POINT('',(0.420598092766,1.811727331815,-0.95940470363
    ));
#4663 = CARTESIAN_POINT('',(0.405341631896,1.78942867289,-0.963879890369
    ));
#4664 = CARTESIAN_POINT('',(0.38620038936,1.77015952833,-0.968810935921)
  );
#4665 = CARTESIAN_POINT('',(0.38449889791,1.768505860105,-0.969244702608
    ));
#4666 = CARTESIAN_POINT('',(0.382758774725,1.766874494619,
    -0.969683223026));
#4667 = ORIENTED_EDGE('',*,*,#4668,.T.);
#4668 = EDGE_CURVE('',#4649,#4669,#4671,.T.);
#4669 = VERTEX_POINT('',#4670);
#4670 = CARTESIAN_POINT('',(-0.105972018175,2.516874494619,
    -0.969683223026));
#4671 = ELLIPSE('',#4672,1.370732012466,1.);
#4672 = AXIS2_PLACEMENT_3D('',#4673,#4674,#4675);
#4673 = CARTESIAN_POINT('',(0.138393378275,2.287781935447,0.));
#4674 = DIRECTION('',(0.683941128881,0.72953720414,0.));
#4675 = DIRECTION('',(0.72953720414,-0.683941128881,0.));
#4676 = ORIENTED_EDGE('',*,*,#4677,.F.);
#4677 = EDGE_CURVE('',#4678,#4669,#4680,.T.);
#4678 = VERTEX_POINT('',#4679);
#4679 = CARTESIAN_POINT('',(-0.105972018175,2.808689376275,
    -0.969683223026));
#4680 = B_SPLINE_CURVE_WITH_KNOTS('',3,(#4681,#4682,#4683,#4684,#4685,
    #4686,#4687,#4688,#4689,#4690,#4691,#4692,#4693,#4694),
  .UNSPECIFIED.,.F.,.F.,(4,2,2,2,2,2,4),(-7.647596303269E-02,
    -7.575706442454E-02,-6.819464624543E-02,-6.063222806632E-02,
    -5.30698098872E-02,-4.550739170809E-02,-4.478849309994E-02),
  .UNSPECIFIED.);
#4681 = CARTESIAN_POINT('',(-0.105972018175,2.808689376275,
    -0.969683223026));
#4682 = CARTESIAN_POINT('',(-0.10771214136,2.807058010789,
    -0.969244702608));
#4683 = CARTESIAN_POINT('',(-0.109413632811,2.805404342564,
    -0.968810935921));
#4684 = CARTESIAN_POINT('',(-0.128554875347,2.786135198005,
    -0.963879890369));
#4685 = CARTESIAN_POINT('',(-0.143811336217,2.76383653908,-0.95940470363
    ));
#4686 = CARTESIAN_POINT('',(-0.164123032514,2.714764569437,
    -0.953212247972));
#4687 = CARTESIAN_POINT('',(-0.169183792399,2.687989996044,
    -0.951523139015));
#4688 = CARTESIAN_POINT('',(-0.169183792399,2.63757387485,
    -0.951523139015));
#4689 = CARTESIAN_POINT('',(-0.164123032514,2.610799301457,
    -0.953212247972));
#4690 = CARTESIAN_POINT('',(-0.143811336217,2.561727331815,
    -0.95940470363));
#4691 = CARTESIAN_POINT('',(-0.128554875347,2.53942867289,
    -0.963879890369));
#4692 = CARTESIAN_POINT('',(-0.109413632811,2.52015952833,
    -0.968810935921));
#4693 = CARTESIAN_POINT('',(-0.10771214136,2.518505860105,
    -0.969244702608));
#4694 = CARTESIAN_POINT('',(-0.105972018175,2.516874494619,
    -0.969683223026));
#4695 = ORIENTED_EDGE('',*,*,#4696,.T.);
#4696 = EDGE_CURVE('',#4678,#4697,#4699,.T.);
#4697 = VERTEX_POINT('',#4698);
#4698 = CARTESIAN_POINT('',(0.382758774725,3.266874494619,
    -0.969683223026));
#4699 = ELLIPSE('',#4700,1.370732012466,1.);
#4700 = AXIS2_PLACEMENT_3D('',#4701,#4702,#4703);
#4701 = CARTESIAN_POINT('',(0.138393378275,3.037781935447,0.));
#4702 = DIRECTION('',(0.683941128881,-0.72953720414,0.));
#4703 = DIRECTION('',(0.72953720414,0.683941128881,0.));
#4704 = ORIENTED_EDGE('',*,*,#4705,.F.);
#4705 = EDGE_CURVE('',#4706,#4697,#4708,.T.);
#4706 = VERTEX_POINT('',#4707);
#4707 = CARTESIAN_POINT('',(0.382758774725,3.558689376275,
    -0.969683223026));
#4708 = B_SPLINE_CURVE_WITH_KNOTS('',3,(#4709,#4710,#4711,#4712,#4713,
    #4714,#4715,#4716,#4717,#4718,#4719,#4720,#4721,#4722,#4723),
  .UNSPECIFIED.,.F.,.F.,(4,2,2,3,2,2,4),(-1.584373496637E-02,
    -1.512483635822E-02,-7.562418179112E-03,0.,7.562418179112E-03,
    1.512483635822E-02,1.584373496637E-02),.UNSPECIFIED.);
#4709 = CARTESIAN_POINT('',(0.382758774725,3.558689376275,
    -0.969683223026));
#4710 = CARTESIAN_POINT('',(0.38449889791,3.557058010789,-0.969244702608
    ));
#4711 = CARTESIAN_POINT('',(0.38620038936,3.555404342564,-0.968810935921
    ));
#4712 = CARTESIAN_POINT('',(0.405341631896,3.536135198005,
    -0.963879890369));
#4713 = CARTESIAN_POINT('',(0.420598092766,3.51383653908,-0.95940470363)
  );
#4714 = CARTESIAN_POINT('',(0.440909789063,3.464764569437,
    -0.953212247972));
#4715 = CARTESIAN_POINT('',(0.445970548948,3.437989996044,
    -0.951523139015));
#4716 = CARTESIAN_POINT('',(0.445970548948,3.412781935447,
    -0.951523139015));
#4717 = CARTESIAN_POINT('',(0.445970548948,3.38757387485,-0.951523139015
    ));
#4718 = CARTESIAN_POINT('',(0.440909789063,3.360799301457,
    -0.953212247972));
#4719 = CARTESIAN_POINT('',(0.420598092766,3.311727331815,-0.95940470363
    ));
#4720 = CARTESIAN_POINT('',(0.405341631896,3.28942867289,-0.963879890369
    ));
#4721 = CARTESIAN_POINT('',(0.38620038936,3.27015952833,-0.968810935921)
  );
#4722 = CARTESIAN_POINT('',(0.38449889791,3.268505860105,-0.969244702608
    ));
#4723 = CARTESIAN_POINT('',(0.382758774725,3.266874494619,
    -0.969683223026));
#4724 = ORIENTED_EDGE('',*,*,#4725,.T.);
#4725 = EDGE_CURVE('',#4706,#4726,#4728,.T.);
#4726 = VERTEX_POINT('',#4727);
#4727 = CARTESIAN_POINT('',(-0.105972018175,4.016874494619,
    -0.969683223026));
#4728 = ELLIPSE('',#4729,1.370732012466,1.);
#4729 = AXIS2_PLACEMENT_3D('',#4730,#4731,#4732);
#4730 = CARTESIAN_POINT('',(0.138393378275,3.787781935447,0.));
#4731 = DIRECTION('',(0.683941128881,0.72953720414,0.));
#4732 = DIRECTION('',(0.72953720414,-0.683941128881,0.));
#4733 = ORIENTED_EDGE('',*,*,#4734,.F.);
#4734 = EDGE_CURVE('',#4735,#4726,#4737,.T.);
#4735 = VERTEX_POINT('',#4736);
#4736 = CARTESIAN_POINT('',(-0.105972018175,4.308689376275,
    -0.969683223026));
#4737 = B_SPLINE_CURVE_WITH_KNOTS('',3,(#4738,#4739,#4740,#4741,#4742,
    #4743,#4744,#4745,#4746,#4747,#4748,#4749,#4750,#4751),
  .UNSPECIFIED.,.F.,.F.,(4,2,2,2,2,2,4),(-7.647596303269E-02,
    -7.575706442454E-02,-6.819464624543E-02,-6.063222806632E-02,
    -5.30698098872E-02,-4.550739170809E-02,-4.478849309994E-02),
  .UNSPECIFIED.);
#4738 = CARTESIAN_POINT('',(-0.105972018175,4.308689376275,
    -0.969683223026));
#4739 = CARTESIAN_POINT('',(-0.10771214136,4.307058010789,
    -0.969244702608));
#4740 = CARTESIAN_POINT('',(-0.109413632811,4.305404342564,
    -0.968810935921));
#4741 = CARTESIAN_POINT('',(-0.128554875347,4.286135198005,
    -0.963879890369));
#4742 = CARTESIAN_POINT('',(-0.143811336217,4.26383653908,-0.95940470363
    ));
#4743 = CARTESIAN_POINT('',(-0.164123032514,4.214764569437,
    -0.953212247972));
#4744 = CARTESIAN_POINT('',(-0.169183792399,4.187989996044,
    -0.951523139015));
#4745 = CARTESIAN_POINT('',(-0.169183792399,4.13757387485,
    -0.951523139015));
#4746 = CARTESIAN_POINT('',(-0.164123032514,4.110799301457,
    -0.953212247972));
#4747 = CARTESIAN_POINT('',(-0.143811336217,4.061727331815,
    -0.95940470363));
#4748 = CARTESIAN_POINT('',(-0.128554875347,4.03942867289,
    -0.963879890369));
#4749 = CARTESIAN_POINT('',(-0.109413632811,4.02015952833,
    -0.968810935921));
#4750 = CARTESIAN_POINT('',(-0.10771214136,4.018505860105,
    -0.969244702608));
#4751 = CARTESIAN_POINT('',(-0.105972018175,4.016874494619,
    -0.969683223026));
#4752 = ORIENTED_EDGE('',*,*,#4753,.T.);
#4753 = EDGE_CURVE('',#4735,#4754,#4756,.T.);
#4754 = VERTEX_POINT('',#4755);
#4755 = CARTESIAN_POINT('',(0.382758774725,4.766874494619,
    -0.969683223026));
#4756 = ELLIPSE('',#4757,1.370732012466,1.);
#4757 = AXIS2_PLACEMENT_3D('',#4758,#4759,#4760);
#4758 = CARTESIAN_POINT('',(0.138393378275,4.537781935447,0.));
#4759 = DIRECTION('',(0.683941128881,-0.72953720414,0.));
#4760 = DIRECTION('',(0.72953720414,0.683941128881,0.));
#4761 = ORIENTED_EDGE('',*,*,#4762,.F.);
#4762 = EDGE_CURVE('',#4763,#4754,#4765,.T.);
#4763 = VERTEX_POINT('',#4764);
#4764 = CARTESIAN_POINT('',(0.382758774725,5.058689376275,
    -0.969683223026));
#4765 = B_SPLINE_CURVE_WITH_KNOTS('',3,(#4766,#4767,#4768,#4769,#4770,
    #4771,#4772,#4773,#4774,#4775,#4776,#4777,#4778,#4779,#4780),
  .UNSPECIFIED.,.F.,.F.,(4,2,2,3,2,2,4),(-1.584373496637E-02,
    -1.512483635822E-02,-7.562418179112E-03,0.,7.562418179112E-03,
    1.512483635822E-02,1.584373496637E-02),.UNSPECIFIED.);
#4766 = CARTESIAN_POINT('',(0.382758774725,5.058689376275,
    -0.969683223026));
#4767 = CARTESIAN_POINT('',(0.38449889791,5.057058010789,-0.969244702608
    ));
#4768 = CARTESIAN_POINT('',(0.38620038936,5.055404342564,-0.968810935921
    ));
#4769 = CARTESIAN_POINT('',(0.405341631896,5.036135198005,
    -0.963879890369));
#4770 = CARTESIAN_POINT('',(0.420598092766,5.01383653908,-0.95940470363)
  );
#4771 = CARTESIAN_POINT('',(0.440909789063,4.964764569437,
    -0.953212247972));
#4772 = CARTESIAN_POINT('',(0.445970548948,4.937989996044,
    -0.951523139015));
#4773 = CARTESIAN_POINT('',(0.445970548948,4.912781935447,
    -0.951523139015));
#4774 = CARTESIAN_POINT('',(0.445970548948,4.88757387485,-0.951523139015
    ));
#4775 = CARTESIAN_POINT('',(0.440909789063,4.860799301457,
    -0.953212247972));
#4776 = CARTESIAN_POINT('',(0.420598092766,4.811727331815,-0.95940470363
    ));
#4777 = CARTESIAN_POINT('',(0.405341631896,4.78942867289,-0.963879890369
    ));
#4778 = CARTESIAN_POINT('',(0.38620038936,4.77015952833,-0.968810935921)
  );
#4779 = CARTESIAN_POINT('',(0.38449889791,4.768505860105,-0.969244702608
    ));
#4780 = CARTESIAN_POINT('',(0.382758774725,4.766874494619,
    -0.969683223026));
#4781 = ORIENTED_EDGE('',*,*,#4782,.T.);
#4782 = EDGE_CURVE('',#4763,#4783,#4785,.T.);
#4783 = VERTEX_POINT('',#4784);
#4784 = CARTESIAN_POINT('',(-0.105972018175,5.516874494619,
    -0.969683223026));
#4785 = ELLIPSE('',#4786,1.370732012466,1.);
#4786 = AXIS2_PLACEMENT_3D('',#4787,#4788,#4789);
#4787 = CARTESIAN_POINT('',(0.138393378275,5.287781935447,0.));
#4788 = DIRECTION('',(0.683941128881,0.72953720414,0.));
#4789 = DIRECTION('',(0.72953720414,-0.683941128881,0.));
#4790 = ORIENTED_EDGE('',*,*,#4791,.F.);
#4791 = EDGE_CURVE('',#4792,#4783,#4794,.T.);
#4792 = VERTEX_POINT('',#4793);
#4793 = CARTESIAN_POINT('',(-0.105972018175,5.808689376275,
    -0.969683223026));
#4794 = B_SPLINE_CURVE_WITH_KNOTS('',3,(#4795,#4796,#4797,#4798,#4799,
    #4800,#4801,#4802,#4803,#4804,#4805,#4806,#4807,#4808),
  .UNSPECIFIED.,.F.,.F.,(4,2,2,2,2,2,4),(-7.647596303269E-02,
    -7.575706442454E-02,-6.819464624543E-02,-6.063222806632E-02,
    -5.30698098872E-02,-4.550739170809E-02,-4.478849309994E-02),
  .UNSPECIFIED.);
#4795 = CARTESIAN_POINT('',(-0.105972018175,5.808689376275,
    -0.969683223026));
#4796 = CARTESIAN_POINT('',(-0.10771214136,5.807058010789,
    -0.969244702608));
#4797 = CARTESIAN_POINT('',(-0.109413632811,5.805404342564,
    -0.968810935921));
#4798 = CARTESIAN_POINT('',(-0.128554875347,5.786135198005,
    -0.963879890369));
#4799 = CARTESIAN_POINT('',(-0.143811336217,5.76383653908,-0.95940470363
    ));
#4800 = CARTESIAN_POINT('',(-0.164123032514,5.714764569437,
    -0.953212247972));
#4801 = CARTESIAN_POINT('',(-0.169183792399,5.687989996044,
    -0.951523139015));
#4802 = CARTESIAN_POINT('',(-0.169183792399,5.63757387485,
    -0.951523139015));
#4803 = CARTESIAN_POINT('',(-0.164123032514,5.610799301457,
    -0.953212247972));
#4804 = CARTESIAN_POINT('',(-0.143811336217,5.561727331815,
    -0.95940470363));
#4805 = CARTESIAN_POINT('',(-0.128554875347,5.53942867289,
    -0.963879890369));
#4806 = CARTESIAN_POINT('',(-0.109413632811,5.52015952833,
    -0.968810935921));
#4807 = CARTESIAN_POINT('',(-0.10771214136,5.518505860105,
    -0.969244702608));
#4808 = CARTESIAN_POINT('',(-0.105972018175,5.516874494619,
    -0.969683223026));
#4809 = ORIENTED_EDGE('',*,*,#4810,.T.);
#4810 = EDGE_CURVE('',#4792,#4139,#4811,.T.);
#4811 = ELLIPSE('',#4812,1.370732012466,1.);
#4812 = AXIS2_PLACEMENT_3D('',#4813,#4814,#4815);
#4813 = CARTESIAN_POINT('',(0.138393378275,6.037781935447,0.));
#4814 = DIRECTION('',(0.683941128881,-0.72953720414,0.));
#4815 = DIRECTION('',(0.72953720414,0.683941128881,0.));
#4816 = ORIENTED_EDGE('',*,*,#4146,.F.);
#4817 = ORIENTED_EDGE('',*,*,#4114,.T.);
#4818 = ORIENTED_EDGE('',*,*,#4071,.F.);
#4819 = ORIENTED_EDGE('',*,*,#4820,.T.);
#4820 = EDGE_CURVE('',#4072,#4821,#4823,.T.);
#4821 = VERTEX_POINT('',#4822);
#4822 = CARTESIAN_POINT('',(0.382758774725,7.766874494619,
    -0.969683223026));
#4823 = ELLIPSE('',#4824,1.370732012466,1.);
#4824 = AXIS2_PLACEMENT_3D('',#4825,#4826,#4827);
#4825 = CARTESIAN_POINT('',(0.138393378275,7.537781935447,0.));
#4826 = DIRECTION('',(0.683941128881,-0.72953720414,0.));
#4827 = DIRECTION('',(0.72953720414,0.683941128881,0.));
#4828 = ORIENTED_EDGE('',*,*,#4829,.F.);
#4829 = EDGE_CURVE('',#4830,#4821,#4832,.T.);
#4830 = VERTEX_POINT('',#4831);
#4831 = CARTESIAN_POINT('',(0.382758774725,8.058689376275,
    -0.969683223026));
#4832 = B_SPLINE_CURVE_WITH_KNOTS('',3,(#4833,#4834,#4835,#4836,#4837,
    #4838,#4839,#4840,#4841,#4842,#4843,#4844,#4845,#4846,#4847),
  .UNSPECIFIED.,.F.,.F.,(4,2,2,3,2,2,4),(-1.584373496637E-02,
    -1.512483635822E-02,-7.562418179112E-03,0.,7.562418179112E-03,
    1.512483635822E-02,1.584373496637E-02),.UNSPECIFIED.);
#4833 = CARTESIAN_POINT('',(0.382758774725,8.058689376275,
    -0.969683223026));
#4834 = CARTESIAN_POINT('',(0.38449889791,8.057058010789,-0.969244702608
    ));
#4835 = CARTESIAN_POINT('',(0.38620038936,8.055404342564,-0.968810935921
    ));
#4836 = CARTESIAN_POINT('',(0.405341631896,8.036135198005,
    -0.963879890369));
#4837 = CARTESIAN_POINT('',(0.420598092766,8.01383653908,-0.95940470363)
  );
#4838 = CARTESIAN_POINT('',(0.440909789063,7.964764569437,
    -0.953212247972));
#4839 = CARTESIAN_POINT('',(0.445970548948,7.937989996044,
    -0.951523139015));
#4840 = CARTESIAN_POINT('',(0.445970548948,7.912781935447,
    -0.951523139015));
#4841 = CARTESIAN_POINT('',(0.445970548948,7.88757387485,-0.951523139015
    ));
#4842 = CARTESIAN_POINT('',(0.440909789063,7.860799301457,
    -0.953212247972));
#4843 = CARTESIAN_POINT('',(0.420598092766,7.811727331815,-0.95940470363
    ));
#4844 = CARTESIAN_POINT('',(0.405341631896,7.78942867289,-0.963879890369
    ));
#4845 = CARTESIAN_POINT('',(0.38620038936,7.77015952833,-0.968810935921)
  );
#4846 = CARTESIAN_POINT('',(0.38449889791,7.768505860105,-0.969244702608
    ));
#4847 = CARTESIAN_POINT('',(0.382758774725,7.766874494619,
    -0.969683223026));
#4848 = ORIENTED_EDGE('',*,*,#4849,.T.);
#4849 = EDGE_CURVE('',#4830,#4850,#4852,.T.);
#4850 = VERTEX_POINT('',#4851);
#4851 = CARTESIAN_POINT('',(-0.105972018175,8.516874494619,
    -0.969683223026));
#4852 = ELLIPSE('',#4853,1.370732012466,1.);
#4853 = AXIS2_PLACEMENT_3D('',#4854,#4855,#4856);
#4854 = CARTESIAN_POINT('',(0.138393378275,8.287781935447,0.));
#4855 = DIRECTION('',(0.683941128881,0.72953720414,0.));
#4856 = DIRECTION('',(0.72953720414,-0.683941128881,0.));
#4857 = ORIENTED_EDGE('',*,*,#4858,.F.);
#4858 = EDGE_CURVE('',#3066,#4850,#4859,.T.);
#4859 = B_SPLINE_CURVE_WITH_KNOTS('',3,(#4860,#4861,#4862,#4863,#4864,
    #4865,#4866,#4867,#4868,#4869,#4870,#4871,#4872,#4873),
  .UNSPECIFIED.,.F.,.F.,(4,2,2,2,2,2,4),(-7.647596303269E-02,
    -7.575706442454E-02,-6.819464624543E-02,-6.063222806632E-02,
    -5.30698098872E-02,-4.550739170809E-02,-4.478849309994E-02),
  .UNSPECIFIED.);
#4860 = CARTESIAN_POINT('',(-0.105972018175,8.808689376275,
    -0.969683223026));
#4861 = CARTESIAN_POINT('',(-0.10771214136,8.807058010789,
    -0.969244702608));
#4862 = CARTESIAN_POINT('',(-0.109413632811,8.805404342564,
    -0.968810935921));
#4863 = CARTESIAN_POINT('',(-0.128554875347,8.786135198005,
    -0.963879890369));
#4864 = CARTESIAN_POINT('',(-0.143811336217,8.76383653908,-0.95940470363
    ));
#4865 = CARTESIAN_POINT('',(-0.164123032514,8.714764569437,
    -0.953212247972));
#4866 = CARTESIAN_POINT('',(-0.169183792399,8.687989996044,
    -0.951523139015));
#4867 = CARTESIAN_POINT('',(-0.169183792399,8.63757387485,
    -0.951523139015));
#4868 = CARTESIAN_POINT('',(-0.164123032514,8.610799301457,
    -0.953212247972));
#4869 = CARTESIAN_POINT('',(-0.143811336217,8.561727331815,
    -0.95940470363));
#4870 = CARTESIAN_POINT('',(-0.128554875347,8.53942867289,
    -0.963879890369));
#4871 = CARTESIAN_POINT('',(-0.109413632811,8.52015952833,
    -0.968810935921));
#4872 = CARTESIAN_POINT('',(-0.10771214136,8.518505860105,
    -0.969244702608));
#4873 = CARTESIAN_POINT('',(-0.105972018175,8.516874494619,
    -0.969683223026));
#4874 = ORIENTED_EDGE('',*,*,#3065,.T.);
#4875 = CYLINDRICAL_SURFACE('',#4876,1.);
#4876 = AXIS2_PLACEMENT_3D('',#4877,#4878,#4879);
#4877 = CARTESIAN_POINT('',(0.138393378275,4.412781935447,0.));
#4878 = DIRECTION('',(0.,-1.,0.));
#4879 = DIRECTION('',(1.,0.,0.));
#4880 = ADVANCED_FACE('',(#4881),#4897,.T.);
#4881 = FACE_BOUND('',#4882,.T.);
#4882 = EDGE_LOOP('',(#4883,#4884,#4890,#4891));
#4883 = ORIENTED_EDGE('',*,*,#4791,.T.);
#4884 = ORIENTED_EDGE('',*,*,#4885,.T.);
#4885 = EDGE_CURVE('',#4783,#3826,#4886,.T.);
#4886 = LINE('',#4887,#4888);
#4887 = CARTESIAN_POINT('',(-0.105972018175,5.516874494619,
    -0.969683223026));
#4888 = VECTOR('',#4889,1.);
#4889 = DIRECTION('',(0.,0.,1.));
#4890 = ORIENTED_EDGE('',*,*,#3834,.T.);
#4891 = ORIENTED_EDGE('',*,*,#4892,.T.);
#4892 = EDGE_CURVE('',#3835,#4792,#4893,.T.);
#4893 = LINE('',#4894,#4895);
#4894 = CARTESIAN_POINT('',(-0.105972018175,5.808689376275,
    -0.709073728901));
#4895 = VECTOR('',#4896,1.);
#4896 = DIRECTION('',(0.,0.,-1.));
#4897 = CYLINDRICAL_SURFACE('',#4898,0.2);
#4898 = AXIS2_PLACEMENT_3D('',#4899,#4900,#4901);
#4899 = CARTESIAN_POINT('',(3.081620760077E-02,5.662781935447,0.));
#4900 = DIRECTION('',(0.,0.,-1.));
#4901 = DIRECTION('',(-1.,0.,0.));
#4902 = ADVANCED_FACE('',(#4903),#4914,.T.);
#4903 = FACE_BOUND('',#4904,.T.);
#4904 = EDGE_LOOP('',(#4905,#4906,#4907,#4913));
#4905 = ORIENTED_EDGE('',*,*,#4885,.F.);
#4906 = ORIENTED_EDGE('',*,*,#4782,.F.);
#4907 = ORIENTED_EDGE('',*,*,#4908,.F.);
#4908 = EDGE_CURVE('',#3806,#4763,#4909,.T.);
#4909 = LINE('',#4910,#4911);
#4910 = CARTESIAN_POINT('',(0.382758774725,5.058689376275,
    -0.709073728901));
#4911 = VECTOR('',#4912,1.);
#4912 = DIRECTION('',(0.,0.,-1.));
#4913 = ORIENTED_EDGE('',*,*,#3825,.F.);
#4914 = PLANE('',#4915);
#4915 = AXIS2_PLACEMENT_3D('',#4916,#4917,#4918);
#4916 = CARTESIAN_POINT('',(0.538393378275,4.912781935447,0.));
#4917 = DIRECTION('',(-0.683941128881,-0.72953720414,0.));
#4918 = DIRECTION('',(0.,0.,1.));
#4919 = ADVANCED_FACE('',(#4920),#4931,.F.);
#4920 = FACE_BOUND('',#4921,.F.);
#4921 = EDGE_LOOP('',(#4922,#4928,#4929,#4930));
#4922 = ORIENTED_EDGE('',*,*,#4923,.F.);
#4923 = EDGE_CURVE('',#4754,#3797,#4924,.T.);
#4924 = LINE('',#4925,#4926);
#4925 = CARTESIAN_POINT('',(0.382758774725,4.766874494619,
    -0.969683223026));
#4926 = VECTOR('',#4927,1.);
#4927 = DIRECTION('',(0.,0.,1.));
#4928 = ORIENTED_EDGE('',*,*,#4762,.F.);
#4929 = ORIENTED_EDGE('',*,*,#4908,.F.);
#4930 = ORIENTED_EDGE('',*,*,#3805,.F.);
#4931 = CYLINDRICAL_SURFACE('',#4932,0.2);
#4932 = AXIS2_PLACEMENT_3D('',#4933,#4934,#4935);
#4933 = CARTESIAN_POINT('',(0.245970548948,4.912781935447,
    -0.491977373121));
#4934 = DIRECTION('',(0.,0.,-1.));
#4935 = DIRECTION('',(1.,0.,0.));
#4936 = ADVANCED_FACE('',(#4937),#4953,.F.);
#4937 = FACE_BOUND('',#4938,.F.);
#4938 = EDGE_LOOP('',(#4939,#4945,#4946,#4952));
#4939 = ORIENTED_EDGE('',*,*,#4940,.F.);
#4940 = EDGE_CURVE('',#4299,#3342,#4941,.T.);
#4941 = LINE('',#4942,#4943);
#4942 = CARTESIAN_POINT('',(-0.179077725507,5.808689376275,
    -0.94826794645));
#4943 = VECTOR('',#4944,1.);
#4944 = DIRECTION('',(0.,0.,1.));
#4945 = ORIENTED_EDGE('',*,*,#4307,.F.);
#4946 = ORIENTED_EDGE('',*,*,#4947,.F.);
#4947 = EDGE_CURVE('',#3351,#4308,#4948,.T.);
#4948 = LINE('',#4949,#4950);
#4949 = CARTESIAN_POINT('',(-0.179077725507,5.516874494619,
    -0.679494001639));
#4950 = VECTOR('',#4951,1.);
#4951 = DIRECTION('',(0.,0.,-1.));
#4952 = ORIENTED_EDGE('',*,*,#3350,.F.);
#4953 = CYLINDRICAL_SURFACE('',#4954,0.2);
#4954 = AXIS2_PLACEMENT_3D('',#4955,#4956,#4957);
#4955 = CARTESIAN_POINT('',(-4.228949973077E-02,5.662781935447,
    -0.481674712893));
#4956 = DIRECTION('',(0.,0.,-1.));
#4957 = DIRECTION('',(-1.,0.,0.));
#4958 = ADVANCED_FACE('',(#4959),#4970,.T.);
#4959 = FACE_BOUND('',#4960,.T.);
#4960 = EDGE_LOOP('',(#4961,#4962,#4963,#4969));
#4961 = ORIENTED_EDGE('',*,*,#4947,.F.);
#4962 = ORIENTED_EDGE('',*,*,#3369,.F.);
#4963 = ORIENTED_EDGE('',*,*,#4964,.F.);
#4964 = EDGE_CURVE('',#4327,#3370,#4965,.T.);
#4965 = LINE('',#4966,#4967);
#4966 = CARTESIAN_POINT('',(0.309653067393,5.058689376275,
    -0.985225922762));
#4967 = VECTOR('',#4968,1.);
#4968 = DIRECTION('',(0.,0.,1.));
#4969 = ORIENTED_EDGE('',*,*,#4326,.F.);
#4970 = PLANE('',#4971);
#4971 = AXIS2_PLACEMENT_3D('',#4972,#4973,#4974);
#4972 = CARTESIAN_POINT('',(-0.334712329057,5.662781935447,0.));
#4973 = DIRECTION('',(0.683941128881,0.72953720414,0.));
#4974 = DIRECTION('',(0.,0.,-1.));
#4975 = ADVANCED_FACE('',(#4976),#4987,.T.);
#4976 = FACE_BOUND('',#4977,.T.);
#4977 = EDGE_LOOP('',(#4978,#4979,#4980,#4981));
#4978 = ORIENTED_EDGE('',*,*,#4335,.T.);
#4979 = ORIENTED_EDGE('',*,*,#4964,.T.);
#4980 = ORIENTED_EDGE('',*,*,#3378,.T.);
#4981 = ORIENTED_EDGE('',*,*,#4982,.T.);
#4982 = EDGE_CURVE('',#3379,#4336,#4983,.T.);
#4983 = LINE('',#4984,#4985);
#4984 = CARTESIAN_POINT('',(0.309653067393,4.766874494619,
    -0.730184989494));
#4985 = VECTOR('',#4986,1.);
#4986 = DIRECTION('',(0.,0.,-1.));
#4987 = CYLINDRICAL_SURFACE('',#4988,0.2);
#4988 = AXIS2_PLACEMENT_3D('',#4989,#4990,#4991);
#4989 = CARTESIAN_POINT('',(0.172864841617,4.912781935447,0.));
#4990 = DIRECTION('',(0.,0.,-1.));
#4991 = DIRECTION('',(1.,0.,0.));
#4992 = ADVANCED_FACE('',(#4993),#5009,.T.);
#4993 = FACE_BOUND('',#4994,.T.);
#4994 = EDGE_LOOP('',(#4995,#4996,#5002,#5003));
#4995 = ORIENTED_EDGE('',*,*,#4734,.T.);
#4996 = ORIENTED_EDGE('',*,*,#4997,.T.);
#4997 = EDGE_CURVE('',#4726,#3769,#4998,.T.);
#4998 = LINE('',#4999,#5000);
#4999 = CARTESIAN_POINT('',(-0.105972018175,4.016874494619,
    -0.969683223026));
#5000 = VECTOR('',#5001,1.);
#5001 = DIRECTION('',(0.,0.,1.));
#5002 = ORIENTED_EDGE('',*,*,#3777,.T.);
#5003 = ORIENTED_EDGE('',*,*,#5004,.T.);
#5004 = EDGE_CURVE('',#3778,#4735,#5005,.T.);
#5005 = LINE('',#5006,#5007);
#5006 = CARTESIAN_POINT('',(-0.105972018175,4.308689376275,
    -0.709073728901));
#5007 = VECTOR('',#5008,1.);
#5008 = DIRECTION('',(0.,0.,-1.));
#5009 = CYLINDRICAL_SURFACE('',#5010,0.2);
#5010 = AXIS2_PLACEMENT_3D('',#5011,#5012,#5013);
#5011 = CARTESIAN_POINT('',(3.081620760077E-02,4.162781935447,0.));
#5012 = DIRECTION('',(0.,0.,-1.));
#5013 = DIRECTION('',(-1.,0.,0.));
#5014 = ADVANCED_FACE('',(#5015),#5026,.T.);
#5015 = FACE_BOUND('',#5016,.T.);
#5016 = EDGE_LOOP('',(#5017,#5018,#5019,#5025));
#5017 = ORIENTED_EDGE('',*,*,#4997,.F.);
#5018 = ORIENTED_EDGE('',*,*,#4725,.F.);
#5019 = ORIENTED_EDGE('',*,*,#5020,.F.);
#5020 = EDGE_CURVE('',#3749,#4706,#5021,.T.);
#5021 = LINE('',#5022,#5023);
#5022 = CARTESIAN_POINT('',(0.382758774725,3.558689376275,
    -0.709073728901));
#5023 = VECTOR('',#5024,1.);
#5024 = DIRECTION('',(0.,0.,-1.));
#5025 = ORIENTED_EDGE('',*,*,#3768,.F.);
#5026 = PLANE('',#5027);
#5027 = AXIS2_PLACEMENT_3D('',#5028,#5029,#5030);
#5028 = CARTESIAN_POINT('',(0.538393378275,3.412781935447,0.));
#5029 = DIRECTION('',(-0.683941128881,-0.72953720414,0.));
#5030 = DIRECTION('',(0.,0.,1.));
#5031 = ADVANCED_FACE('',(#5032),#5043,.F.);
#5032 = FACE_BOUND('',#5033,.F.);
#5033 = EDGE_LOOP('',(#5034,#5040,#5041,#5042));
#5034 = ORIENTED_EDGE('',*,*,#5035,.F.);
#5035 = EDGE_CURVE('',#4697,#3740,#5036,.T.);
#5036 = LINE('',#5037,#5038);
#5037 = CARTESIAN_POINT('',(0.382758774725,3.266874494619,
    -0.969683223026));
#5038 = VECTOR('',#5039,1.);
#5039 = DIRECTION('',(0.,0.,1.));
#5040 = ORIENTED_EDGE('',*,*,#4705,.F.);
#5041 = ORIENTED_EDGE('',*,*,#5020,.F.);
#5042 = ORIENTED_EDGE('',*,*,#3748,.F.);
#5043 = CYLINDRICAL_SURFACE('',#5044,0.2);
#5044 = AXIS2_PLACEMENT_3D('',#5045,#5046,#5047);
#5045 = CARTESIAN_POINT('',(0.245970548948,3.412781935447,
    -0.491977373121));
#5046 = DIRECTION('',(0.,0.,-1.));
#5047 = DIRECTION('',(1.,0.,0.));
#5048 = ADVANCED_FACE('',(#5049),#5065,.F.);
#5049 = FACE_BOUND('',#5050,.F.);
#5050 = EDGE_LOOP('',(#5051,#5057,#5058,#5064));
#5051 = ORIENTED_EDGE('',*,*,#5052,.F.);
#5052 = EDGE_CURVE('',#4356,#3399,#5053,.T.);
#5053 = LINE('',#5054,#5055);
#5054 = CARTESIAN_POINT('',(-0.179077725507,4.308689376275,
    -0.94826794645));
#5055 = VECTOR('',#5056,1.);
#5056 = DIRECTION('',(0.,0.,1.));
#5057 = ORIENTED_EDGE('',*,*,#4364,.F.);
#5058 = ORIENTED_EDGE('',*,*,#5059,.F.);
#5059 = EDGE_CURVE('',#3408,#4365,#5060,.T.);
#5060 = LINE('',#5061,#5062);
#5061 = CARTESIAN_POINT('',(-0.179077725507,4.016874494619,
    -0.679494001639));
#5062 = VECTOR('',#5063,1.);
#5063 = DIRECTION('',(0.,0.,-1.));
#5064 = ORIENTED_EDGE('',*,*,#3407,.F.);
#5065 = CYLINDRICAL_SURFACE('',#5066,0.2);
#5066 = AXIS2_PLACEMENT_3D('',#5067,#5068,#5069);
#5067 = CARTESIAN_POINT('',(-4.228949973076E-02,4.162781935447,
    -0.481674712893));
#5068 = DIRECTION('',(0.,0.,-1.));
#5069 = DIRECTION('',(-1.,0.,0.));
#5070 = ADVANCED_FACE('',(#5071),#5082,.T.);
#5071 = FACE_BOUND('',#5072,.T.);
#5072 = EDGE_LOOP('',(#5073,#5074,#5075,#5081));
#5073 = ORIENTED_EDGE('',*,*,#5059,.F.);
#5074 = ORIENTED_EDGE('',*,*,#3426,.F.);
#5075 = ORIENTED_EDGE('',*,*,#5076,.F.);
#5076 = EDGE_CURVE('',#4384,#3427,#5077,.T.);
#5077 = LINE('',#5078,#5079);
#5078 = CARTESIAN_POINT('',(0.309653067393,3.558689376275,
    -0.985225922762));
#5079 = VECTOR('',#5080,1.);
#5080 = DIRECTION('',(0.,0.,1.));
#5081 = ORIENTED_EDGE('',*,*,#4383,.F.);
#5082 = PLANE('',#5083);
#5083 = AXIS2_PLACEMENT_3D('',#5084,#5085,#5086);
#5084 = CARTESIAN_POINT('',(-0.334712329057,4.162781935447,0.));
#5085 = DIRECTION('',(0.683941128881,0.72953720414,0.));
#5086 = DIRECTION('',(0.,0.,-1.));
#5087 = ADVANCED_FACE('',(#5088),#5099,.T.);
#5088 = FACE_BOUND('',#5089,.T.);
#5089 = EDGE_LOOP('',(#5090,#5091,#5092,#5093));
#5090 = ORIENTED_EDGE('',*,*,#4392,.T.);
#5091 = ORIENTED_EDGE('',*,*,#5076,.T.);
#5092 = ORIENTED_EDGE('',*,*,#3435,.T.);
#5093 = ORIENTED_EDGE('',*,*,#5094,.T.);
#5094 = EDGE_CURVE('',#3436,#4393,#5095,.T.);
#5095 = LINE('',#5096,#5097);
#5096 = CARTESIAN_POINT('',(0.309653067393,3.266874494619,
    -0.730184989494));
#5097 = VECTOR('',#5098,1.);
#5098 = DIRECTION('',(0.,0.,-1.));
#5099 = CYLINDRICAL_SURFACE('',#5100,0.2);
#5100 = AXIS2_PLACEMENT_3D('',#5101,#5102,#5103);
#5101 = CARTESIAN_POINT('',(0.172864841617,3.412781935447,0.));
#5102 = DIRECTION('',(0.,0.,-1.));
#5103 = DIRECTION('',(1.,0.,0.));
#5104 = ADVANCED_FACE('',(#5105),#5121,.T.);
#5105 = FACE_BOUND('',#5106,.T.);
#5106 = EDGE_LOOP('',(#5107,#5108,#5114,#5115));
#5107 = ORIENTED_EDGE('',*,*,#4677,.T.);
#5108 = ORIENTED_EDGE('',*,*,#5109,.T.);
#5109 = EDGE_CURVE('',#4669,#3712,#5110,.T.);
#5110 = LINE('',#5111,#5112);
#5111 = CARTESIAN_POINT('',(-0.105972018175,2.516874494619,
    -0.969683223026));
#5112 = VECTOR('',#5113,1.);
#5113 = DIRECTION('',(0.,0.,1.));
#5114 = ORIENTED_EDGE('',*,*,#3720,.T.);
#5115 = ORIENTED_EDGE('',*,*,#5116,.T.);
#5116 = EDGE_CURVE('',#3721,#4678,#5117,.T.);
#5117 = LINE('',#5118,#5119);
#5118 = CARTESIAN_POINT('',(-0.105972018175,2.808689376275,
    -0.709073728901));
#5119 = VECTOR('',#5120,1.);
#5120 = DIRECTION('',(0.,0.,-1.));
#5121 = CYLINDRICAL_SURFACE('',#5122,0.2);
#5122 = AXIS2_PLACEMENT_3D('',#5123,#5124,#5125);
#5123 = CARTESIAN_POINT('',(3.081620760077E-02,2.662781935447,0.));
#5124 = DIRECTION('',(0.,0.,-1.));
#5125 = DIRECTION('',(-1.,0.,0.));
#5126 = ADVANCED_FACE('',(#5127),#5138,.T.);
#5127 = FACE_BOUND('',#5128,.T.);
#5128 = EDGE_LOOP('',(#5129,#5130,#5131,#5137));
#5129 = ORIENTED_EDGE('',*,*,#5109,.F.);
#5130 = ORIENTED_EDGE('',*,*,#4668,.F.);
#5131 = ORIENTED_EDGE('',*,*,#5132,.F.);
#5132 = EDGE_CURVE('',#3692,#4649,#5133,.T.);
#5133 = LINE('',#5134,#5135);
#5134 = CARTESIAN_POINT('',(0.382758774725,2.058689376275,
    -0.709073728901));
#5135 = VECTOR('',#5136,1.);
#5136 = DIRECTION('',(0.,0.,-1.));
#5137 = ORIENTED_EDGE('',*,*,#3711,.F.);
#5138 = PLANE('',#5139);
#5139 = AXIS2_PLACEMENT_3D('',#5140,#5141,#5142);
#5140 = CARTESIAN_POINT('',(0.538393378275,1.912781935447,0.));
#5141 = DIRECTION('',(-0.683941128881,-0.72953720414,0.));
#5142 = DIRECTION('',(0.,0.,1.));
#5143 = ADVANCED_FACE('',(#5144),#5155,.F.);
#5144 = FACE_BOUND('',#5145,.F.);
#5145 = EDGE_LOOP('',(#5146,#5152,#5153,#5154));
#5146 = ORIENTED_EDGE('',*,*,#5147,.F.);
#5147 = EDGE_CURVE('',#4640,#3683,#5148,.T.);
#5148 = LINE('',#5149,#5150);
#5149 = CARTESIAN_POINT('',(0.382758774725,1.766874494619,
    -0.969683223026));
#5150 = VECTOR('',#5151,1.);
#5151 = DIRECTION('',(0.,0.,1.));
#5152 = ORIENTED_EDGE('',*,*,#4648,.F.);
#5153 = ORIENTED_EDGE('',*,*,#5132,.F.);
#5154 = ORIENTED_EDGE('',*,*,#3691,.F.);
#5155 = CYLINDRICAL_SURFACE('',#5156,0.2);
#5156 = AXIS2_PLACEMENT_3D('',#5157,#5158,#5159);
#5157 = CARTESIAN_POINT('',(0.245970548948,1.912781935447,
    -0.491977373121));
#5158 = DIRECTION('',(0.,0.,-1.));
#5159 = DIRECTION('',(1.,0.,0.));
#5160 = ADVANCED_FACE('',(#5161),#5177,.F.);
#5161 = FACE_BOUND('',#5162,.F.);
#5162 = EDGE_LOOP('',(#5163,#5169,#5170,#5176));
#5163 = ORIENTED_EDGE('',*,*,#5164,.F.);
#5164 = EDGE_CURVE('',#4413,#3456,#5165,.T.);
#5165 = LINE('',#5166,#5167);
#5166 = CARTESIAN_POINT('',(-0.179077725507,2.808689376275,
    -0.94826794645));
#5167 = VECTOR('',#5168,1.);
#5168 = DIRECTION('',(0.,0.,1.));
#5169 = ORIENTED_EDGE('',*,*,#4421,.F.);
#5170 = ORIENTED_EDGE('',*,*,#5171,.F.);
#5171 = EDGE_CURVE('',#3465,#4422,#5172,.T.);
#5172 = LINE('',#5173,#5174);
#5173 = CARTESIAN_POINT('',(-0.179077725507,2.516874494619,
    -0.679494001639));
#5174 = VECTOR('',#5175,1.);
#5175 = DIRECTION('',(0.,0.,-1.));
#5176 = ORIENTED_EDGE('',*,*,#3464,.F.);
#5177 = CYLINDRICAL_SURFACE('',#5178,0.2);
#5178 = AXIS2_PLACEMENT_3D('',#5179,#5180,#5181);
#5179 = CARTESIAN_POINT('',(-4.228949973076E-02,2.662781935447,
    -0.481674712893));
#5180 = DIRECTION('',(0.,0.,-1.));
#5181 = DIRECTION('',(-1.,0.,0.));
#5182 = ADVANCED_FACE('',(#5183),#5194,.T.);
#5183 = FACE_BOUND('',#5184,.T.);
#5184 = EDGE_LOOP('',(#5185,#5186,#5187,#5193));
#5185 = ORIENTED_EDGE('',*,*,#5171,.F.);
#5186 = ORIENTED_EDGE('',*,*,#3483,.F.);
#5187 = ORIENTED_EDGE('',*,*,#5188,.F.);
#5188 = EDGE_CURVE('',#4441,#3484,#5189,.T.);
#5189 = LINE('',#5190,#5191);
#5190 = CARTESIAN_POINT('',(0.309653067393,2.058689376275,
    -0.985225922762));
#5191 = VECTOR('',#5192,1.);
#5192 = DIRECTION('',(0.,0.,1.));
#5193 = ORIENTED_EDGE('',*,*,#4440,.F.);
#5194 = PLANE('',#5195);
#5195 = AXIS2_PLACEMENT_3D('',#5196,#5197,#5198);
#5196 = CARTESIAN_POINT('',(-0.334712329057,2.662781935447,0.));
#5197 = DIRECTION('',(0.683941128881,0.72953720414,0.));
#5198 = DIRECTION('',(0.,0.,-1.));
#5199 = ADVANCED_FACE('',(#5200),#5211,.T.);
#5200 = FACE_BOUND('',#5201,.T.);
#5201 = EDGE_LOOP('',(#5202,#5203,#5204,#5205));
#5202 = ORIENTED_EDGE('',*,*,#4449,.T.);
#5203 = ORIENTED_EDGE('',*,*,#5188,.T.);
#5204 = ORIENTED_EDGE('',*,*,#3492,.T.);
#5205 = ORIENTED_EDGE('',*,*,#5206,.T.);
#5206 = EDGE_CURVE('',#3493,#4450,#5207,.T.);
#5207 = LINE('',#5208,#5209);
#5208 = CARTESIAN_POINT('',(0.309653067393,1.766874494619,
    -0.730184989494));
#5209 = VECTOR('',#5210,1.);
#5210 = DIRECTION('',(0.,0.,-1.));
#5211 = CYLINDRICAL_SURFACE('',#5212,0.2);
#5212 = AXIS2_PLACEMENT_3D('',#5213,#5214,#5215);
#5213 = CARTESIAN_POINT('',(0.172864841617,1.912781935447,0.));
#5214 = DIRECTION('',(0.,0.,-1.));
#5215 = DIRECTION('',(1.,0.,0.));
#5216 = ADVANCED_FACE('',(#5217),#5233,.T.);
#5217 = FACE_BOUND('',#5218,.T.);
#5218 = EDGE_LOOP('',(#5219,#5220,#5226,#5227));
#5219 = ORIENTED_EDGE('',*,*,#4620,.T.);
#5220 = ORIENTED_EDGE('',*,*,#5221,.T.);
#5221 = EDGE_CURVE('',#4612,#3655,#5222,.T.);
#5222 = LINE('',#5223,#5224);
#5223 = CARTESIAN_POINT('',(-0.105972018175,1.016874494619,
    -0.969683223026));
#5224 = VECTOR('',#5225,1.);
#5225 = DIRECTION('',(0.,0.,1.));
#5226 = ORIENTED_EDGE('',*,*,#3663,.T.);
#5227 = ORIENTED_EDGE('',*,*,#5228,.T.);
#5228 = EDGE_CURVE('',#3664,#4621,#5229,.T.);
#5229 = LINE('',#5230,#5231);
#5230 = CARTESIAN_POINT('',(-0.105972018175,1.308689376275,
    -0.709073728901));
#5231 = VECTOR('',#5232,1.);
#5232 = DIRECTION('',(0.,0.,-1.));
#5233 = CYLINDRICAL_SURFACE('',#5234,0.2);
#5234 = AXIS2_PLACEMENT_3D('',#5235,#5236,#5237);
#5235 = CARTESIAN_POINT('',(3.081620760077E-02,1.162781935447,0.));
#5236 = DIRECTION('',(0.,0.,-1.));
#5237 = DIRECTION('',(-1.,0.,0.));
#5238 = ADVANCED_FACE('',(#5239),#5250,.T.);
#5239 = FACE_BOUND('',#5240,.T.);
#5240 = EDGE_LOOP('',(#5241,#5242,#5243,#5249));
#5241 = ORIENTED_EDGE('',*,*,#5221,.F.);
#5242 = ORIENTED_EDGE('',*,*,#4611,.F.);
#5243 = ORIENTED_EDGE('',*,*,#5244,.F.);
#5244 = EDGE_CURVE('',#3635,#4592,#5245,.T.);
#5245 = LINE('',#5246,#5247);
#5246 = CARTESIAN_POINT('',(0.382758774725,0.558689376275,
    -0.709073728901));
#5247 = VECTOR('',#5248,1.);
#5248 = DIRECTION('',(0.,0.,-1.));
#5249 = ORIENTED_EDGE('',*,*,#3654,.F.);
#5250 = PLANE('',#5251);
#5251 = AXIS2_PLACEMENT_3D('',#5252,#5253,#5254);
#5252 = CARTESIAN_POINT('',(0.538393378275,0.412781935447,0.));
#5253 = DIRECTION('',(-0.683941128881,-0.72953720414,0.));
#5254 = DIRECTION('',(0.,0.,1.));
#5255 = ADVANCED_FACE('',(#5256),#5267,.F.);
#5256 = FACE_BOUND('',#5257,.F.);
#5257 = EDGE_LOOP('',(#5258,#5264,#5265,#5266));
#5258 = ORIENTED_EDGE('',*,*,#5259,.F.);
#5259 = EDGE_CURVE('',#4583,#3626,#5260,.T.);
#5260 = LINE('',#5261,#5262);
#5261 = CARTESIAN_POINT('',(0.382758774725,0.266874494619,
    -0.969683223026));
#5262 = VECTOR('',#5263,1.);
#5263 = DIRECTION('',(0.,0.,1.));
#5264 = ORIENTED_EDGE('',*,*,#4591,.F.);
#5265 = ORIENTED_EDGE('',*,*,#5244,.F.);
#5266 = ORIENTED_EDGE('',*,*,#3634,.F.);
#5267 = CYLINDRICAL_SURFACE('',#5268,0.2);
#5268 = AXIS2_PLACEMENT_3D('',#5269,#5270,#5271);
#5269 = CARTESIAN_POINT('',(0.245970548948,0.412781935447,
    -0.491977163792));
#5270 = DIRECTION('',(0.,0.,-1.));
#5271 = DIRECTION('',(1.,0.,0.));
#5272 = ADVANCED_FACE('',(#5273),#5289,.F.);
#5273 = FACE_BOUND('',#5274,.F.);
#5274 = EDGE_LOOP('',(#5275,#5281,#5282,#5288));
#5275 = ORIENTED_EDGE('',*,*,#5276,.F.);
#5276 = EDGE_CURVE('',#4470,#3513,#5277,.T.);
#5277 = LINE('',#5278,#5279);
#5278 = CARTESIAN_POINT('',(-0.179077725507,1.308689376275,
    -0.94826794645));
#5279 = VECTOR('',#5280,1.);
#5280 = DIRECTION('',(0.,0.,1.));
#5281 = ORIENTED_EDGE('',*,*,#4478,.F.);
#5282 = ORIENTED_EDGE('',*,*,#5283,.F.);
#5283 = EDGE_CURVE('',#3522,#4479,#5284,.T.);
#5284 = LINE('',#5285,#5286);
#5285 = CARTESIAN_POINT('',(-0.179077725507,1.016874494619,
    -0.679494001639));
#5286 = VECTOR('',#5287,1.);
#5287 = DIRECTION('',(0.,0.,-1.));
#5288 = ORIENTED_EDGE('',*,*,#3521,.F.);
#5289 = CYLINDRICAL_SURFACE('',#5290,0.2);
#5290 = AXIS2_PLACEMENT_3D('',#5291,#5292,#5293);
#5291 = CARTESIAN_POINT('',(-4.228949973076E-02,1.162781935447,
    -0.481673888125));
#5292 = DIRECTION('',(0.,0.,-1.));
#5293 = DIRECTION('',(-1.,0.,0.));
#5294 = ADVANCED_FACE('',(#5295),#5306,.T.);
#5295 = FACE_BOUND('',#5296,.T.);
#5296 = EDGE_LOOP('',(#5297,#5298,#5299,#5305));
#5297 = ORIENTED_EDGE('',*,*,#5283,.F.);
#5298 = ORIENTED_EDGE('',*,*,#3540,.F.);
#5299 = ORIENTED_EDGE('',*,*,#5300,.F.);
#5300 = EDGE_CURVE('',#4498,#3541,#5301,.T.);
#5301 = LINE('',#5302,#5303);
#5302 = CARTESIAN_POINT('',(0.309653067393,0.558689376275,
    -0.985225922762));
#5303 = VECTOR('',#5304,1.);
#5304 = DIRECTION('',(0.,0.,1.));
#5305 = ORIENTED_EDGE('',*,*,#4497,.F.);
#5306 = PLANE('',#5307);
#5307 = AXIS2_PLACEMENT_3D('',#5308,#5309,#5310);
#5308 = CARTESIAN_POINT('',(-0.334712329057,1.162781935447,0.));
#5309 = DIRECTION('',(0.683941128881,0.72953720414,0.));
#5310 = DIRECTION('',(0.,0.,-1.));
#5311 = ADVANCED_FACE('',(#5312),#5323,.T.);
#5312 = FACE_BOUND('',#5313,.T.);
#5313 = EDGE_LOOP('',(#5314,#5315,#5316,#5317));
#5314 = ORIENTED_EDGE('',*,*,#4506,.T.);
#5315 = ORIENTED_EDGE('',*,*,#5300,.T.);
#5316 = ORIENTED_EDGE('',*,*,#3549,.T.);
#5317 = ORIENTED_EDGE('',*,*,#5318,.T.);
#5318 = EDGE_CURVE('',#3550,#4507,#5319,.T.);
#5319 = LINE('',#5320,#5321);
#5320 = CARTESIAN_POINT('',(0.309653067393,0.266874494619,
    -0.730184989494));
#5321 = VECTOR('',#5322,1.);
#5322 = DIRECTION('',(0.,0.,-1.));
#5323 = CYLINDRICAL_SURFACE('',#5324,0.2);
#5324 = AXIS2_PLACEMENT_3D('',#5325,#5326,#5327);
#5325 = CARTESIAN_POINT('',(0.172864841617,0.412781935447,0.));
#5326 = DIRECTION('',(0.,0.,-1.));
#5327 = DIRECTION('',(1.,0.,0.));
#5328 = ADVANCED_FACE('',(#5329),#5345,.T.);
#5329 = FACE_BOUND('',#5330,.T.);
#5330 = EDGE_LOOP('',(#5331,#5332,#5338,#5339));
#5331 = ORIENTED_EDGE('',*,*,#4563,.T.);
#5332 = ORIENTED_EDGE('',*,*,#5333,.T.);
#5333 = EDGE_CURVE('',#4555,#3598,#5334,.T.);
#5334 = LINE('',#5335,#5336);
#5335 = CARTESIAN_POINT('',(-0.105972018175,-0.483125505381,
    -0.969683223026));
#5336 = VECTOR('',#5337,1.);
#5337 = DIRECTION('',(0.,0.,1.));
#5338 = ORIENTED_EDGE('',*,*,#3606,.T.);
#5339 = ORIENTED_EDGE('',*,*,#5340,.T.);
#5340 = EDGE_CURVE('',#3607,#4564,#5341,.T.);
#5341 = LINE('',#5342,#5343);
#5342 = CARTESIAN_POINT('',(-0.105972018175,-0.191310623725,
    -0.709073728901));
#5343 = VECTOR('',#5344,1.);
#5344 = DIRECTION('',(0.,0.,-1.));
#5345 = CYLINDRICAL_SURFACE('',#5346,0.2);
#5346 = AXIS2_PLACEMENT_3D('',#5347,#5348,#5349);
#5347 = CARTESIAN_POINT('',(3.081620760077E-02,-0.337218064553,0.));
#5348 = DIRECTION('',(0.,0.,-1.));
#5349 = DIRECTION('',(-1.,0.,0.));
#5350 = ADVANCED_FACE('',(#5351),#5358,.T.);
#5351 = FACE_BOUND('',#5352,.T.);
#5352 = EDGE_LOOP('',(#5353,#5354,#5355,#5356,#5357));
#5353 = ORIENTED_EDGE('',*,*,#3124,.F.);
#5354 = ORIENTED_EDGE('',*,*,#3172,.F.);
#5355 = ORIENTED_EDGE('',*,*,#3597,.F.);
#5356 = ORIENTED_EDGE('',*,*,#5333,.F.);
#5357 = ORIENTED_EDGE('',*,*,#4554,.F.);
#5358 = PLANE('',#5359);
#5359 = AXIS2_PLACEMENT_3D('',#5360,#5361,#5362);
#5360 = CARTESIAN_POINT('',(0.538393378275,-1.087218064553,0.));
#5361 = DIRECTION('',(-0.683941128881,-0.72953720414,0.));
#5362 = DIRECTION('',(0.,0.,1.));
#5363 = ADVANCED_FACE('',(#5364),#5375,.F.);
#5364 = FACE_BOUND('',#5365,.F.);
#5365 = EDGE_LOOP('',(#5366,#5372,#5373,#5374));
#5366 = ORIENTED_EDGE('',*,*,#5367,.F.);
#5367 = EDGE_CURVE('',#4527,#3570,#5368,.T.);
#5368 = LINE('',#5369,#5370);
#5369 = CARTESIAN_POINT('',(-0.179077725507,-0.191310623725,
    -0.94826794645));
#5370 = VECTOR('',#5371,1.);
#5371 = DIRECTION('',(0.,0.,1.));
#5372 = ORIENTED_EDGE('',*,*,#4535,.F.);
#5373 = ORIENTED_EDGE('',*,*,#3196,.F.);
#5374 = ORIENTED_EDGE('',*,*,#3578,.F.);
#5375 = CYLINDRICAL_SURFACE('',#5376,0.2);
#5376 = AXIS2_PLACEMENT_3D('',#5377,#5378,#5379);
#5377 = CARTESIAN_POINT('',(-4.228949973076E-02,-0.337218064553,
    -0.481673888125));
#5378 = DIRECTION('',(0.,0.,-1.));
#5379 = DIRECTION('',(-1.,0.,0.));
#5380 = ADVANCED_FACE('',(#5381),#5397,.F.);
#5381 = FACE_BOUND('',#5382,.F.);
#5382 = EDGE_LOOP('',(#5383,#5389,#5390,#5396));
#5383 = ORIENTED_EDGE('',*,*,#5384,.F.);
#5384 = EDGE_CURVE('',#4821,#3911,#5385,.T.);
#5385 = LINE('',#5386,#5387);
#5386 = CARTESIAN_POINT('',(0.382758774725,7.766874494619,
    -0.969683223026));
#5387 = VECTOR('',#5388,1.);
#5388 = DIRECTION('',(0.,0.,1.));
#5389 = ORIENTED_EDGE('',*,*,#4829,.F.);
#5390 = ORIENTED_EDGE('',*,*,#5391,.F.);
#5391 = EDGE_CURVE('',#3920,#4830,#5392,.T.);
#5392 = LINE('',#5393,#5394);
#5393 = CARTESIAN_POINT('',(0.382758774725,8.058689376275,
    -0.709073728901));
#5394 = VECTOR('',#5395,1.);
#5395 = DIRECTION('',(0.,0.,-1.));
#5396 = ORIENTED_EDGE('',*,*,#3919,.F.);
#5397 = CYLINDRICAL_SURFACE('',#5398,0.2);
#5398 = AXIS2_PLACEMENT_3D('',#5399,#5400,#5401);
#5399 = CARTESIAN_POINT('',(0.245970548948,7.912781935447,
    -0.491977373121));
#5400 = DIRECTION('',(0.,0.,-1.));
#5401 = DIRECTION('',(1.,0.,0.));
#5402 = ADVANCED_FACE('',(#5403),#5414,.T.);
#5403 = FACE_BOUND('',#5404,.T.);
#5404 = EDGE_LOOP('',(#5405,#5406,#5407,#5413));
#5405 = ORIENTED_EDGE('',*,*,#5391,.F.);
#5406 = ORIENTED_EDGE('',*,*,#3939,.F.);
#5407 = ORIENTED_EDGE('',*,*,#5408,.F.);
#5408 = EDGE_CURVE('',#4850,#3940,#5409,.T.);
#5409 = LINE('',#5410,#5411);
#5410 = CARTESIAN_POINT('',(-0.105972018175,8.516874494619,
    -0.969683223026));
#5411 = VECTOR('',#5412,1.);
#5412 = DIRECTION('',(0.,0.,1.));
#5413 = ORIENTED_EDGE('',*,*,#4849,.F.);
#5414 = PLANE('',#5415);
#5415 = AXIS2_PLACEMENT_3D('',#5416,#5417,#5418);
#5416 = CARTESIAN_POINT('',(0.538393378275,7.912781935447,0.));
#5417 = DIRECTION('',(-0.683941128881,-0.72953720414,0.));
#5418 = DIRECTION('',(0.,0.,1.));
#5419 = ADVANCED_FACE('',(#5420),#5426,.T.);
#5420 = FACE_BOUND('',#5421,.T.);
#5421 = EDGE_LOOP('',(#5422,#5423,#5424,#5425));
#5422 = ORIENTED_EDGE('',*,*,#4858,.T.);
#5423 = ORIENTED_EDGE('',*,*,#5408,.T.);
#5424 = ORIENTED_EDGE('',*,*,#3948,.T.);
#5425 = ORIENTED_EDGE('',*,*,#3074,.T.);
#5426 = CYLINDRICAL_SURFACE('',#5427,0.2);
#5427 = AXIS2_PLACEMENT_3D('',#5428,#5429,#5430);
#5428 = CARTESIAN_POINT('',(3.081620760077E-02,8.662781935447,0.));
#5429 = DIRECTION('',(0.,0.,-1.));
#5430 = DIRECTION('',(-1.,0.,0.));
#5431 = ADVANCED_FACE('',(#5432),#5438,.T.);
#5432 = FACE_BOUND('',#5433,.T.);
#5433 = EDGE_LOOP('',(#5434,#5435,#5436,#5437));
#5434 = ORIENTED_EDGE('',*,*,#5318,.F.);
#5435 = ORIENTED_EDGE('',*,*,#3569,.F.);
#5436 = ORIENTED_EDGE('',*,*,#5367,.F.);
#5437 = ORIENTED_EDGE('',*,*,#4526,.F.);
#5438 = PLANE('',#5439);
#5439 = AXIS2_PLACEMENT_3D('',#5440,#5441,#5442);
#5440 = CARTESIAN_POINT('',(0.465287670943,0.412781935447,0.));
#5441 = DIRECTION('',(0.683941128881,-0.72953720414,0.));
#5442 = DIRECTION('',(0.,0.,-1.));
#5443 = ADVANCED_FACE('',(#5444),#5450,.T.);
#5444 = FACE_BOUND('',#5445,.T.);
#5445 = EDGE_LOOP('',(#5446,#5447,#5448,#5449));
#5446 = ORIENTED_EDGE('',*,*,#5259,.F.);
#5447 = ORIENTED_EDGE('',*,*,#4582,.F.);
#5448 = ORIENTED_EDGE('',*,*,#5340,.F.);
#5449 = ORIENTED_EDGE('',*,*,#3625,.F.);
#5450 = PLANE('',#5451);
#5451 = AXIS2_PLACEMENT_3D('',#5452,#5453,#5454);
#5452 = CARTESIAN_POINT('',(-0.261606621725,-0.337218064553,0.));
#5453 = DIRECTION('',(-0.683941128881,0.72953720414,0.));
#5454 = DIRECTION('',(0.,0.,1.));
#5455 = ADVANCED_FACE('',(#5456),#5462,.T.);
#5456 = FACE_BOUND('',#5457,.T.);
#5457 = EDGE_LOOP('',(#5458,#5459,#5460,#5461));
#5458 = ORIENTED_EDGE('',*,*,#5206,.F.);
#5459 = ORIENTED_EDGE('',*,*,#3512,.F.);
#5460 = ORIENTED_EDGE('',*,*,#5276,.F.);
#5461 = ORIENTED_EDGE('',*,*,#4469,.F.);
#5462 = PLANE('',#5463);
#5463 = AXIS2_PLACEMENT_3D('',#5464,#5465,#5466);
#5464 = CARTESIAN_POINT('',(0.465287670943,1.912781935447,0.));
#5465 = DIRECTION('',(0.683941128881,-0.72953720414,0.));
#5466 = DIRECTION('',(0.,0.,-1.));
#5467 = ADVANCED_FACE('',(#5468),#5474,.T.);
#5468 = FACE_BOUND('',#5469,.T.);
#5469 = EDGE_LOOP('',(#5470,#5471,#5472,#5473));
#5470 = ORIENTED_EDGE('',*,*,#5147,.F.);
#5471 = ORIENTED_EDGE('',*,*,#4639,.F.);
#5472 = ORIENTED_EDGE('',*,*,#5228,.F.);
#5473 = ORIENTED_EDGE('',*,*,#3682,.F.);
#5474 = PLANE('',#5475);
#5475 = AXIS2_PLACEMENT_3D('',#5476,#5477,#5478);
#5476 = CARTESIAN_POINT('',(-0.261606621725,1.162781935447,0.));
#5477 = DIRECTION('',(-0.683941128881,0.72953720414,0.));
#5478 = DIRECTION('',(0.,0.,1.));
#5479 = ADVANCED_FACE('',(#5480),#5486,.T.);
#5480 = FACE_BOUND('',#5481,.T.);
#5481 = EDGE_LOOP('',(#5482,#5483,#5484,#5485));
#5482 = ORIENTED_EDGE('',*,*,#5094,.F.);
#5483 = ORIENTED_EDGE('',*,*,#3455,.F.);
#5484 = ORIENTED_EDGE('',*,*,#5164,.F.);
#5485 = ORIENTED_EDGE('',*,*,#4412,.F.);
#5486 = PLANE('',#5487);
#5487 = AXIS2_PLACEMENT_3D('',#5488,#5489,#5490);
#5488 = CARTESIAN_POINT('',(0.465287670943,3.412781935447,0.));
#5489 = DIRECTION('',(0.683941128881,-0.72953720414,0.));
#5490 = DIRECTION('',(0.,0.,-1.));
#5491 = ADVANCED_FACE('',(#5492),#5498,.T.);
#5492 = FACE_BOUND('',#5493,.T.);
#5493 = EDGE_LOOP('',(#5494,#5495,#5496,#5497));
#5494 = ORIENTED_EDGE('',*,*,#5035,.F.);
#5495 = ORIENTED_EDGE('',*,*,#4696,.F.);
#5496 = ORIENTED_EDGE('',*,*,#5116,.F.);
#5497 = ORIENTED_EDGE('',*,*,#3739,.F.);
#5498 = PLANE('',#5499);
#5499 = AXIS2_PLACEMENT_3D('',#5500,#5501,#5502);
#5500 = CARTESIAN_POINT('',(-0.261606621725,2.662781935447,0.));
#5501 = DIRECTION('',(-0.683941128881,0.72953720414,0.));
#5502 = DIRECTION('',(0.,0.,1.));
#5503 = ADVANCED_FACE('',(#5504),#5510,.T.);
#5504 = FACE_BOUND('',#5505,.T.);
#5505 = EDGE_LOOP('',(#5506,#5507,#5508,#5509));
#5506 = ORIENTED_EDGE('',*,*,#4982,.F.);
#5507 = ORIENTED_EDGE('',*,*,#3398,.F.);
#5508 = ORIENTED_EDGE('',*,*,#5052,.F.);
#5509 = ORIENTED_EDGE('',*,*,#4355,.F.);
#5510 = PLANE('',#5511);
#5511 = AXIS2_PLACEMENT_3D('',#5512,#5513,#5514);
#5512 = CARTESIAN_POINT('',(0.465287670943,4.912781935447,0.));
#5513 = DIRECTION('',(0.683941128881,-0.72953720414,0.));
#5514 = DIRECTION('',(0.,0.,-1.));
#5515 = ADVANCED_FACE('',(#5516),#5522,.T.);
#5516 = FACE_BOUND('',#5517,.T.);
#5517 = EDGE_LOOP('',(#5518,#5519,#5520,#5521));
#5518 = ORIENTED_EDGE('',*,*,#4923,.F.);
#5519 = ORIENTED_EDGE('',*,*,#4753,.F.);
#5520 = ORIENTED_EDGE('',*,*,#5004,.F.);
#5521 = ORIENTED_EDGE('',*,*,#3796,.F.);
#5522 = PLANE('',#5523);
#5523 = AXIS2_PLACEMENT_3D('',#5524,#5525,#5526);
#5524 = CARTESIAN_POINT('',(-0.261606621725,4.162781935447,0.));
#5525 = DIRECTION('',(-0.683941128881,0.72953720414,0.));
#5526 = DIRECTION('',(0.,0.,1.));
#5527 = ADVANCED_FACE('',(#5528),#5534,.T.);
#5528 = FACE_BOUND('',#5529,.T.);
#5529 = EDGE_LOOP('',(#5530,#5531,#5532,#5533));
#5530 = ORIENTED_EDGE('',*,*,#4263,.F.);
#5531 = ORIENTED_EDGE('',*,*,#3341,.F.);
#5532 = ORIENTED_EDGE('',*,*,#4940,.F.);
#5533 = ORIENTED_EDGE('',*,*,#4298,.F.);
#5534 = PLANE('',#5535);
#5535 = AXIS2_PLACEMENT_3D('',#5536,#5537,#5538);
#5536 = CARTESIAN_POINT('',(0.465287670943,6.412781935447,0.));
#5537 = DIRECTION('',(0.683941128881,-0.72953720414,0.));
#5538 = DIRECTION('',(0.,0.,-1.));
#5539 = ADVANCED_FACE('',(#5540),#5546,.T.);
#5540 = FACE_BOUND('',#5541,.T.);
#5541 = EDGE_LOOP('',(#5542,#5543,#5544,#5545));
#5542 = ORIENTED_EDGE('',*,*,#4138,.F.);
#5543 = ORIENTED_EDGE('',*,*,#4810,.F.);
#5544 = ORIENTED_EDGE('',*,*,#4892,.F.);
#5545 = ORIENTED_EDGE('',*,*,#3853,.F.);
#5546 = PLANE('',#5547);
#5547 = AXIS2_PLACEMENT_3D('',#5548,#5549,#5550);
#5548 = CARTESIAN_POINT('',(-0.261606621725,5.662781935447,0.));
#5549 = DIRECTION('',(-0.683941128881,0.72953720414,0.));
#5550 = DIRECTION('',(0.,0.,1.));
#5551 = ADVANCED_FACE('',(#5552),#5558,.T.);
#5552 = FACE_BOUND('',#5553,.T.);
#5553 = EDGE_LOOP('',(#5554,#5555,#5556,#5557));
#5554 = ORIENTED_EDGE('',*,*,#3270,.F.);
#5555 = ORIENTED_EDGE('',*,*,#3284,.F.);
#5556 = ORIENTED_EDGE('',*,*,#4174,.F.);
#5557 = ORIENTED_EDGE('',*,*,#4288,.F.);
#5558 = PLANE('',#5559);
#5559 = AXIS2_PLACEMENT_3D('',#5560,#5561,#5562);
#5560 = CARTESIAN_POINT('',(0.465287670943,7.912781935447,0.));
#5561 = DIRECTION('',(0.683941128881,-0.72953720414,0.));
#5562 = DIRECTION('',(0.,0.,-1.));
#5563 = ADVANCED_FACE('',(#5564),#5570,.T.);
#5564 = FACE_BOUND('',#5565,.T.);
#5565 = EDGE_LOOP('',(#5566,#5567,#5568,#5569));
#5566 = ORIENTED_EDGE('',*,*,#4099,.F.);
#5567 = ORIENTED_EDGE('',*,*,#3910,.F.);
#5568 = ORIENTED_EDGE('',*,*,#5384,.F.);
#5569 = ORIENTED_EDGE('',*,*,#4820,.F.);
#5570 = PLANE('',#5571);
#5571 = AXIS2_PLACEMENT_3D('',#5572,#5573,#5574);
#5572 = CARTESIAN_POINT('',(-0.261606621725,7.162781935447,0.));
#5573 = DIRECTION('',(-0.683941128881,0.72953720414,0.));
#5574 = DIRECTION('',(0.,0.,1.));
#5575 = ADVANCED_FACE('',(#5576),#5583,.T.);
#5576 = FACE_BOUND('',#5577,.T.);
#5577 = EDGE_LOOP('',(#5578,#5579,#5580,#5581,#5582));
#5578 = ORIENTED_EDGE('',*,*,#2976,.F.);
#5579 = ORIENTED_EDGE('',*,*,#3050,.F.);
#5580 = ORIENTED_EDGE('',*,*,#3967,.F.);
#5581 = ORIENTED_EDGE('',*,*,#4036,.F.);
#5582 = ORIENTED_EDGE('',*,*,#4278,.F.);
#5583 = PLANE('',#5584);
#5584 = AXIS2_PLACEMENT_3D('',#5585,#5586,#5587);
#5585 = CARTESIAN_POINT('',(0.465287670943,9.412781935447,0.));
#5586 = DIRECTION('',(0.683941128881,-0.72953720414,0.));
#5587 = DIRECTION('',(0.,0.,-1.));
#5588 = ( GEOMETRIC_REPRESENTATION_CONTEXT(3) 
GLOBAL_UNCERTAINTY_ASSIGNED_CONTEXT((#5592)) 
GLOBAL_UNIT_ASSIGNED_CONTEXT((#5589,#5590,#5591)) REPRESENTATION_CONTEXT
('Context #1','3D Context with UNIT and UNCERTAINTY') );
#5589 = ( LENGTH_UNIT() NAMED_UNIT(*) SI_UNIT(.MILLI.,.METRE.) );
#5590 = ( NAMED_UNIT(*) PLANE_ANGLE_UNIT() SI_UNIT($,.RADIAN.) );
#5591 = ( NAMED_UNIT(*) SI_UNIT($,.STERADIAN.) SOLID_ANGLE_UNIT() );
#5592 = UNCERTAINTY_MEASURE_WITH_UNIT(LENGTH_MEASURE(2.E-03),#5589,
  'distance_accuracy_value','confusion accuracy');
#5593 = CONTEXT_DEPENDENT_SHAPE_REPRESENTATION(#5594,#5596);
#5594 = ( REPRESENTATION_RELATIONSHIP('','',#2969,#10) 
REPRESENTATION_RELATIONSHIP_WITH_TRANSFORMATION(#5595) 
SHAPE_REPRESENTATION_RELATIONSHIP() );
#5595 = ITEM_DEFINED_TRANSFORMATION('','',#11,#19);
#5596 = PRODUCT_DEFINITION_SHAPE('Placement','Placement of an item',
  #5597);
#5597 = NEXT_ASSEMBLY_USAGE_OCCURRENCE('2','A9001B20100008S','',#5,#2964
  ,$);
#5598 = PRODUCT_RELATED_PRODUCT_CATEGORY('part',$,(#2966));
#5599 = CONTEXT_DEPENDENT_SHAPE_REPRESENTATION(#5600,#5602);
#5600 = ( REPRESENTATION_RELATIONSHIP('','',#2969,#10) 
REPRESENTATION_RELATIONSHIP_WITH_TRANSFORMATION(#5601) 
SHAPE_REPRESENTATION_RELATIONSHIP() );
#5601 = ITEM_DEFINED_TRANSFORMATION('','',#11,#23);
#5602 = PRODUCT_DEFINITION_SHAPE('Placement','Placement of an item',
  #5603);
#5603 = NEXT_ASSEMBLY_USAGE_OCCURRENCE('3','A9001B20100008S001','',#5,
  #2964,$);
#5604 = SHAPE_DEFINITION_REPRESENTATION(#5602,#5605);
#5605 = SHAPE_REPRESENTATION('',(#23),#5588);
#5606 = MECHANICAL_DESIGN_GEOMETRIC_PRESENTATION_REPRESENTATION('',(
    #5607),#2951);
#5607 = STYLED_ITEM('color',(#5608),#41);
#5608 = PRESENTATION_STYLE_ASSIGNMENT((#5609,#5615));
#5609 = SURFACE_STYLE_USAGE(.BOTH.,#5610);
#5610 = SURFACE_SIDE_STYLE('',(#5611));
#5611 = SURFACE_STYLE_FILL_AREA(#5612);
#5612 = FILL_AREA_STYLE('',(#5613));
#5613 = FILL_AREA_STYLE_COLOUR('',#5614);
#5614 = COLOUR_RGB('',0.300000011149,0.300000011149,0.300000011149);
#5615 = CURVE_STYLE('',#5616,POSITIVE_LENGTH_MEASURE(0.1),#5617);
#5616 = DRAUGHTING_PRE_DEFINED_CURVE_FONT('continuous');
#5617 = COLOUR_RGB('',9.803921802644E-02,9.803921802644E-02,
  9.803921802644E-02);
#5618 = MECHANICAL_DESIGN_GEOMETRIC_PRESENTATION_REPRESENTATION('',(
    #5619,#5629),#5588);
#5619 = STYLED_ITEM('color',(#5620),#2970);
#5620 = PRESENTATION_STYLE_ASSIGNMENT((#5621,#5627));
#5621 = SURFACE_STYLE_USAGE(.BOTH.,#5622);
#5622 = SURFACE_SIDE_STYLE('',(#5623));
#5623 = SURFACE_STYLE_FILL_AREA(#5624);
#5624 = FILL_AREA_STYLE('',(#5625));
#5625 = FILL_AREA_STYLE_COLOUR('',#5626);
#5626 = COLOUR_RGB('',0.749019635948,0.60392159809,0.227450982423);
#5627 = CURVE_STYLE('',#5628,POSITIVE_LENGTH_MEASURE(0.1),#5617);
#5628 = DRAUGHTING_PRE_DEFINED_CURVE_FONT('continuous');
#5629 = OVER_RIDING_STYLED_ITEM('overriding color',(#5630),#2970,#5619);
#5630 = PRESENTATION_STYLE_BY_CONTEXT((#5631,#5637),#5605);
#5631 = SURFACE_STYLE_USAGE(.BOTH.,#5632);
#5632 = SURFACE_SIDE_STYLE('',(#5633));
#5633 = SURFACE_STYLE_FILL_AREA(#5634);
#5634 = FILL_AREA_STYLE('',(#5635));
#5635 = FILL_AREA_STYLE_COLOUR('',#5636);
#5636 = COLOUR_RGB('',0.749019635948,0.60392159809,0.227450982423);
#5637 = CURVE_STYLE('',#5638,POSITIVE_LENGTH_MEASURE(0.1),#5639);
#5638 = DRAUGHTING_PRE_DEFINED_CURVE_FONT('continuous');
#5639 = COLOUR_RGB('',9.803921802644E-02,9.803921802644E-02,
  9.803921802644E-02);
ENDSEC;
END-ISO-10303-21;
